state,name,type,is_blf,company,district,scale_hectares,decision_maker,phone,phone_raw,is_mobile,email,hq_city,hq_address,status,tier,tech_score,score_signals,disqualification_reason,primary_channel,available_channels,engagement_hook
Assam,FATEMABAD TEA ESTATE,Organized Estate,No,FATEMABAD TEA ESTATE,Baksa,Organized Plantation,,,,No,,Baksa,"Baksa, Assam",Uncertain / Backlog,Tier 3,2,No email listed (paper-dominant),Low signal density,1-Page Postal Letter,1-Page Postal Dispatch,"Namaskar,

When green leaf trucks move from field divisions to the factory at Fatemabad Tea Estate, what percentage difference are you typically seeing between the field scale and factory weighbridge?

Most independent estates in Baksa tell us they only catch leaf discrepancies and proxy hazira 10 to 14 days later when the fortnightly muster roll reaches the office.

Are you able to see your daily leaf reconciliation and worker count on your phone before the evening shift, or is your team still compiling it on paper?"
Assam,MENOKA TEA ESTATE,Organized Estate,No,MENOKA TEA ESTATE,Baksa,Organized Plantation,,,,No,,Baksa,"Baksa, Assam",Uncertain / Backlog,Tier 3,2,No email listed (paper-dominant),Low signal density,1-Page Postal Letter,1-Page Postal Dispatch,"Namaskar,

When green leaf trucks move from field divisions to the factory at Menoka Tea Estate, what percentage difference are you typically seeing between the field scale and factory weighbridge?

Most independent estates in Baksa tell us they only catch leaf discrepancies and proxy hazira 10 to 14 days later when the fortnightly muster roll reaches the office.

Are you able to see your daily leaf reconciliation and worker count on your phone before the evening shift, or is your team still compiling it on paper?"
Assam,BEHALI TEA ESTATE,Organized Estate,No,McLeod Russel India Limited,Biswanath,Organized Plantation,,,,No,,Kolkata,"Four Mangoe Lane, Surendra Mohan Ghosh Sarani, Kolkata 700001",Disqualified,Disqualified,3,No email listed (paper-dominant) | Kolkata HQ,Conglomerate keyword match (MCLEOD RUSSEL),1-Page Postal Letter,1-Page Postal Dispatch,"Namaskar,

When green leaf trucks move from field divisions to the factory at Behali Tea Estate, what percentage difference are you typically seeing between the field scale and factory weighbridge?

Most independent estates in Biswanath tell us they only catch leaf discrepancies and proxy hazira 10 to 14 days later when the fortnightly muster roll reaches the office.

Are you able to see your daily leaf reconciliation and worker count on your phone before the evening shift, or is your team still compiling it on paper?"
Assam,BORGAON T.E,Organized Estate,No,BORGAON T.E,Biswanath,Organized Plantation,,,,No,,Biswanath,"Biswanath, Assam",Uncertain / Backlog,Tier 3,2,No email listed (paper-dominant),Low signal density,1-Page Postal Letter,1-Page Postal Dispatch,"Namaskar,

When green leaf trucks move from field divisions to the factory at Borgaon T.E, what percentage difference are you typically seeing between the field scale and factory weighbridge?

Most independent estates in Biswanath tell us they only catch leaf discrepancies and proxy hazira 10 to 14 days later when the fortnightly muster roll reaches the office.

Are you able to see your daily leaf reconciliation and worker count on your phone before the evening shift, or is your team still compiling it on paper?"
Assam,DHULLIE TEA ESTATE,Organized Estate,No,McLeod Russel India Limited,Biswanath,Organized Plantation,,,,No,,Kolkata,"Four Mangoe Lane, Surendra Mohan Ghosh Sarani, Kolkata 700001",Disqualified,Disqualified,3,No email listed (paper-dominant) | Kolkata HQ,Conglomerate keyword match (MCLEOD RUSSEL),1-Page Postal Letter,1-Page Postal Dispatch,"Namaskar,

When green leaf trucks move from field divisions to the factory at Dhullie Tea Estate, what percentage difference are you typically seeing between the field scale and factory weighbridge?

Most independent estates in Biswanath tell us they only catch leaf discrepancies and proxy hazira 10 to 14 days later when the fortnightly muster roll reaches the office.

Are you able to see your daily leaf reconciliation and worker count on your phone before the evening shift, or is your team still compiling it on paper?"
Assam,KETTELA TEA ESTATE,Organized Estate,No,KETTELA TEA ESTATE,Biswanath,Organized Plantation,,,,No,,Biswanath,"Biswanath, Assam",Uncertain / Backlog,Tier 3,2,No email listed (paper-dominant),Low signal density,1-Page Postal Letter,1-Page Postal Dispatch,"Namaskar,

When green leaf trucks move from field divisions to the factory at Kettela Tea Estate, what percentage difference are you typically seeing between the field scale and factory weighbridge?

Most independent estates in Biswanath tell us they only catch leaf discrepancies and proxy hazira 10 to 14 days later when the fortnightly muster roll reaches the office.

Are you able to see your daily leaf reconciliation and worker count on your phone before the evening shift, or is your team still compiling it on paper?"
Assam,MAJULIGHUR,Organized Estate,No,Amalgamated Plantations Private Limited (Tata),Biswanath,Organized Plantation,,,,No,,Guwahati,"1st Floor, GS Road, Christian Basti, Guwahati, Assam 781005",Disqualified,Disqualified,3,No email listed (paper-dominant) | Guwahati HQ,Conglomerate keyword match (AMALGAMATED PLANTATIONS),1-Page Postal Letter,1-Page Postal Dispatch,"Namaskar,

When green leaf trucks move from field divisions to the factory at Majulighur, what percentage difference are you typically seeing between the field scale and factory weighbridge?

Most independent estates in Biswanath tell us they only catch leaf discrepancies and proxy hazira 10 to 14 days later when the fortnightly muster roll reaches the office.

Are you able to see your daily leaf reconciliation and worker count on your phone before the evening shift, or is your team still compiling it on paper?"
Assam,MAHALUXMI TEA ESTATE,Organized Estate,No,MAHALUXMI TEA ESTATE,Biswanath,Organized Plantation,,,,No,,Biswanath,"Biswanath, Assam",Disqualified,Disqualified,2,No email listed (paper-dominant),Conglomerate keyword match (LUXMI TEA),1-Page Postal Letter,1-Page Postal Dispatch,"Namaskar,

When green leaf trucks move from field divisions to the factory at Mahaluxmi Tea Estate, what percentage difference are you typically seeing between the field scale and factory weighbridge?

Most independent estates in Biswanath tell us they only catch leaf discrepancies and proxy hazira 10 to 14 days later when the fortnightly muster roll reaches the office.

Are you able to see your daily leaf reconciliation and worker count on your phone before the evening shift, or is your team still compiling it on paper?"
Assam,GINGIA,Organized Estate,No,GINGIA,Biswanath,Organized Plantation,,,,No,,Biswanath,"Biswanath, Assam",Uncertain / Backlog,Tier 3,2,No email listed (paper-dominant),Low signal density,1-Page Postal Letter,1-Page Postal Dispatch,"Namaskar,

When green leaf trucks move from field divisions to the factory at Gingia, what percentage difference are you typically seeing between the field scale and factory weighbridge?

Most independent estates in Biswanath tell us they only catch leaf discrepancies and proxy hazira 10 to 14 days later when the fortnightly muster roll reaches the office.

Are you able to see your daily leaf reconciliation and worker count on your phone before the evening shift, or is your team still compiling it on paper?"
Assam,HALEM,Organized Estate,No,McLeod Russel India Limited,Biswanath,Organized Plantation,,,,No,,Kolkata,"Four Mangoe Lane, Surendra Mohan Ghosh Sarani, Kolkata 700001",Disqualified,Disqualified,3,No email listed (paper-dominant) | Kolkata HQ,Conglomerate keyword match (MCLEOD RUSSEL),1-Page Postal Letter,1-Page Postal Dispatch,"Namaskar,

When green leaf trucks move from field divisions to the factory at Halem, what percentage difference are you typically seeing between the field scale and factory weighbridge?

Most independent estates in Biswanath tell us they only catch leaf discrepancies and proxy hazira 10 to 14 days later when the fortnightly muster roll reaches the office.

Are you able to see your daily leaf reconciliation and worker count on your phone before the evening shift, or is your team still compiling it on paper?"
Assam,MONABARIE,Organized Estate,No,McLeod Russel India Limited,Biswanath,Organized Plantation,,,,No,,Kolkata,"Four Mangoe Lane, Surendra Mohan Ghosh Sarani, Kolkata 700001",Disqualified,Disqualified,3,No email listed (paper-dominant) | Kolkata HQ,Conglomerate keyword match (MCLEOD RUSSEL),1-Page Postal Letter,1-Page Postal Dispatch,"Namaskar,

When green leaf trucks move from field divisions to the factory at Monabarie, what percentage difference are you typically seeing between the field scale and factory weighbridge?

Most independent estates in Biswanath tell us they only catch leaf discrepancies and proxy hazira 10 to 14 days later when the fortnightly muster roll reaches the office.

Are you able to see your daily leaf reconciliation and worker count on your phone before the evening shift, or is your team still compiling it on paper?"
Assam,MIJICAJAN,Organized Estate,No,McLeod Russel India Limited,Biswanath,Organized Plantation,,,,No,,Kolkata,"Four Mangoe Lane, Surendra Mohan Ghosh Sarani, Kolkata 700001",Disqualified,Disqualified,3,No email listed (paper-dominant) | Kolkata HQ,Conglomerate keyword match (MCLEOD RUSSEL),1-Page Postal Letter,1-Page Postal Dispatch,"Namaskar,

When green leaf trucks move from field divisions to the factory at Mijicajan, what percentage difference are you typically seeing between the field scale and factory weighbridge?

Most independent estates in Biswanath tell us they only catch leaf discrepancies and proxy hazira 10 to 14 days later when the fortnightly muster roll reaches the office.

Are you able to see your daily leaf reconciliation and worker count on your phone before the evening shift, or is your team still compiling it on paper?"
Assam,NEWPURUPBARI,Organized Estate,No,NEWPURUPBARI,Biswanath,Organized Plantation,,,,No,,Biswanath,"Biswanath, Assam",Uncertain / Backlog,Tier 3,2,No email listed (paper-dominant),Low signal density,1-Page Postal Letter,1-Page Postal Dispatch,"Namaskar,

When green leaf trucks move from field divisions to the factory at Newpurupbari, what percentage difference are you typically seeing between the field scale and factory weighbridge?

Most independent estates in Biswanath tell us they only catch leaf discrepancies and proxy hazira 10 to 14 days later when the fortnightly muster roll reaches the office.

Are you able to see your daily leaf reconciliation and worker count on your phone before the evening shift, or is your team still compiling it on paper?"
Assam,NIRMALA T.E,Organized Estate,No,NIRMALA T.E,Biswanath,Organized Plantation,,,,No,,Biswanath,"Biswanath, Assam",Uncertain / Backlog,Tier 3,2,No email listed (paper-dominant),Low signal density,1-Page Postal Letter,1-Page Postal Dispatch,"Namaskar,

When green leaf trucks move from field divisions to the factory at Nirmala T.E, what percentage difference are you typically seeing between the field scale and factory weighbridge?

Most independent estates in Biswanath tell us they only catch leaf discrepancies and proxy hazira 10 to 14 days later when the fortnightly muster roll reaches the office.

Are you able to see your daily leaf reconciliation and worker count on your phone before the evening shift, or is your team still compiling it on paper?"
Assam,NYA GOGRA T.E,Organized Estate,No,McLeod Russel India Limited,Biswanath,Organized Plantation,,,,No,,Kolkata,"Four Mangoe Lane, Surendra Mohan Ghosh Sarani, Kolkata 700001",Disqualified,Disqualified,3,No email listed (paper-dominant) | Kolkata HQ,Conglomerate keyword match (MCLEOD RUSSEL),1-Page Postal Letter,1-Page Postal Dispatch,"Namaskar,

When green leaf trucks move from field divisions to the factory at Nya Gogra T.E, what percentage difference are you typically seeing between the field scale and factory weighbridge?

Most independent estates in Biswanath tell us they only catch leaf discrepancies and proxy hazira 10 to 14 days later when the fortnightly muster roll reaches the office.

Are you able to see your daily leaf reconciliation and worker count on your phone before the evening shift, or is your team still compiling it on paper?"
Assam,PERTABGHUR TEA ESTATE,Organized Estate,No,McLeod Russel India Limited,Biswanath,Organized Plantation,,,,No,,Kolkata,"Four Mangoe Lane, Surendra Mohan Ghosh Sarani, Kolkata 700001",Disqualified,Disqualified,3,No email listed (paper-dominant) | Kolkata HQ,Conglomerate keyword match (MCLEOD RUSSEL),1-Page Postal Letter,1-Page Postal Dispatch,"Namaskar,

When green leaf trucks move from field divisions to the factory at Pertabghur Tea Estate, what percentage difference are you typically seeing between the field scale and factory weighbridge?

Most independent estates in Biswanath tell us they only catch leaf discrepancies and proxy hazira 10 to 14 days later when the fortnightly muster roll reaches the office.

Are you able to see your daily leaf reconciliation and worker count on your phone before the evening shift, or is your team still compiling it on paper?"
Assam,TEZALPATTY TEA ESTATE,Organized Estate,No,TEZALPATTY TEA ESTATE,Biswanath,Organized Plantation,,,,No,,Biswanath,"Biswanath, Assam",Uncertain / Backlog,Tier 3,2,No email listed (paper-dominant),Low signal density,1-Page Postal Letter,1-Page Postal Dispatch,"Namaskar,

When green leaf trucks move from field divisions to the factory at Tezalpatty Tea Estate, what percentage difference are you typically seeing between the field scale and factory weighbridge?

Most independent estates in Biswanath tell us they only catch leaf discrepancies and proxy hazira 10 to 14 days later when the fortnightly muster roll reaches the office.

Are you able to see your daily leaf reconciliation and worker count on your phone before the evening shift, or is your team still compiling it on paper?"
Assam,SRILA TE,Organized Estate,No,SRILA TE,Cachar,Organized Plantation,,,,No,,Cachar,"Cachar, Assam",Uncertain / Backlog,Tier 3,2,No email listed (paper-dominant),Low signal density,1-Page Postal Letter,1-Page Postal Dispatch,"Namaskar,

When green leaf trucks move from field divisions to the factory at Srila Te, what percentage difference are you typically seeing between the field scale and factory weighbridge?

Most independent estates in Cachar tell us they only catch leaf discrepancies and proxy hazira 10 to 14 days later when the fortnightly muster roll reaches the office.

Are you able to see your daily leaf reconciliation and worker count on your phone before the evening shift, or is your team still compiling it on paper?"
Assam,SUBONG TEA(PRITHVI TEA CO PVT LTD),Organized Estate,No,SUBONG TEA(PRITHVI TEA CO PVT LTD),Cachar,Organized Plantation,,,,No,,Cachar,"Cachar, Assam",Uncertain / Backlog,Tier 3,2,No email listed (paper-dominant),Low signal density,1-Page Postal Letter,1-Page Postal Dispatch,"Namaskar,

When green leaf trucks move from field divisions to the factory at Subong Tea(Prithvi Tea Co Pvt Ltd), what percentage difference are you typically seeing between the field scale and factory weighbridge?

Most independent estates in Cachar tell us they only catch leaf discrepancies and proxy hazira 10 to 14 days later when the fortnightly muster roll reaches the office.

Are you able to see your daily leaf reconciliation and worker count on your phone before the evening shift, or is your team still compiling it on paper?"
Assam,PATHECHERRA TEA ESTATE,Organized Estate,No,PATHECHERRA TEA ESTATE,Cachar,Organized Plantation,,,,No,,Cachar,"Cachar, Assam",Uncertain / Backlog,Tier 3,2,No email listed (paper-dominant),Low signal density,1-Page Postal Letter,1-Page Postal Dispatch,"Namaskar,

When green leaf trucks move from field divisions to the factory at Pathecherra Tea Estate, what percentage difference are you typically seeing between the field scale and factory weighbridge?

Most independent estates in Cachar tell us they only catch leaf discrepancies and proxy hazira 10 to 14 days later when the fortnightly muster roll reaches the office.

Are you able to see your daily leaf reconciliation and worker count on your phone before the evening shift, or is your team still compiling it on paper?"
Assam,PALLORBUND,Organized Estate,No,PALLORBUND,Cachar,Organized Plantation,,,,No,,Cachar,"Cachar, Assam",Uncertain / Backlog,Tier 3,2,No email listed (paper-dominant),Low signal density,1-Page Postal Letter,1-Page Postal Dispatch,"Namaskar,

When green leaf trucks move from field divisions to the factory at Pallorbund, what percentage difference are you typically seeing between the field scale and factory weighbridge?

Most independent estates in Cachar tell us they only catch leaf discrepancies and proxy hazira 10 to 14 days later when the fortnightly muster roll reaches the office.

Are you able to see your daily leaf reconciliation and worker count on your phone before the evening shift, or is your team still compiling it on paper?"
Assam,RUKNI TE,Organized Estate,No,RUKNI TE,Cachar,Organized Plantation,,,,No,,Cachar,"Cachar, Assam",Uncertain / Backlog,Tier 3,2,No email listed (paper-dominant),Low signal density,1-Page Postal Letter,1-Page Postal Dispatch,"Namaskar,

When green leaf trucks move from field divisions to the factory at Rukni Te, what percentage difference are you typically seeing between the field scale and factory weighbridge?

Most independent estates in Cachar tell us they only catch leaf discrepancies and proxy hazira 10 to 14 days later when the fortnightly muster roll reaches the office.

Are you able to see your daily leaf reconciliation and worker count on your phone before the evening shift, or is your team still compiling it on paper?"
Assam,ROSEKANDY TE,Organized Estate,No,ROSEKANDY TE,Cachar,Organized Plantation,,,,No,,Cachar,"Cachar, Assam",Uncertain / Backlog,Tier 3,2,No email listed (paper-dominant),Low signal density,1-Page Postal Letter,1-Page Postal Dispatch,"Namaskar,

When green leaf trucks move from field divisions to the factory at Rosekandy Te, what percentage difference are you typically seeing between the field scale and factory weighbridge?

Most independent estates in Cachar tell us they only catch leaf discrepancies and proxy hazira 10 to 14 days later when the fortnightly muster roll reaches the office.

Are you able to see your daily leaf reconciliation and worker count on your phone before the evening shift, or is your team still compiling it on paper?"
Assam,RUTTONPORE TE,Organized Estate,No,RUTTONPORE TE,Cachar,Organized Plantation,,,,No,,Cachar,"Cachar, Assam",Uncertain / Backlog,Tier 3,2,No email listed (paper-dominant),Low signal density,1-Page Postal Letter,1-Page Postal Dispatch,"Namaskar,

When green leaf trucks move from field divisions to the factory at Ruttonpore Te, what percentage difference are you typically seeing between the field scale and factory weighbridge?

Most independent estates in Cachar tell us they only catch leaf discrepancies and proxy hazira 10 to 14 days later when the fortnightly muster roll reaches the office.

Are you able to see your daily leaf reconciliation and worker count on your phone before the evening shift, or is your team still compiling it on paper?"
Assam,RAHMAN NAGAR,Organized Estate,No,RAHMAN NAGAR,Cachar,Organized Plantation,,,,No,,Cachar,"Cachar, Assam",Uncertain / Backlog,Tier 3,2,No email listed (paper-dominant),Low signal density,1-Page Postal Letter,1-Page Postal Dispatch,"Namaskar,

When green leaf trucks move from field divisions to the factory at Rahman Nagar, what percentage difference are you typically seeing between the field scale and factory weighbridge?

Most independent estates in Cachar tell us they only catch leaf discrepancies and proxy hazira 10 to 14 days later when the fortnightly muster roll reaches the office.

Are you able to see your daily leaf reconciliation and worker count on your phone before the evening shift, or is your team still compiling it on paper?"
Assam,RAMPORE TE,Organized Estate,No,RAMPORE TE,Cachar,Organized Plantation,,,,No,,Cachar,"Cachar, Assam",Uncertain / Backlog,Tier 3,2,No email listed (paper-dominant),Low signal density,1-Page Postal Letter,1-Page Postal Dispatch,"Namaskar,

When green leaf trucks move from field divisions to the factory at Rampore Te, what percentage difference are you typically seeing between the field scale and factory weighbridge?

Most independent estates in Cachar tell us they only catch leaf discrepancies and proxy hazira 10 to 14 days later when the fortnightly muster roll reaches the office.

Are you able to see your daily leaf reconciliation and worker count on your phone before the evening shift, or is your team still compiling it on paper?"
Assam,POLOI TE,Organized Estate,No,POLOI TE,Cachar,Organized Plantation,,,,No,,Cachar,"Cachar, Assam",Uncertain / Backlog,Tier 3,2,No email listed (paper-dominant),Low signal density,1-Page Postal Letter,1-Page Postal Dispatch,"Namaskar,

When green leaf trucks move from field divisions to the factory at Poloi Te, what percentage difference are you typically seeing between the field scale and factory weighbridge?

Most independent estates in Cachar tell us they only catch leaf discrepancies and proxy hazira 10 to 14 days later when the fortnightly muster roll reaches the office.

Are you able to see your daily leaf reconciliation and worker count on your phone before the evening shift, or is your team still compiling it on paper?"
Assam,URRUNABUND TE,Organized Estate,No,URRUNABUND TE,Cachar,Organized Plantation,,,,No,,Cachar,"Cachar, Assam",Uncertain / Backlog,Tier 3,2,No email listed (paper-dominant),Low signal density,1-Page Postal Letter,1-Page Postal Dispatch,"Namaskar,

When green leaf trucks move from field divisions to the factory at Urrunabund Te, what percentage difference are you typically seeing between the field scale and factory weighbridge?

Most independent estates in Cachar tell us they only catch leaf discrepancies and proxy hazira 10 to 14 days later when the fortnightly muster roll reaches the office.

Are you able to see your daily leaf reconciliation and worker count on your phone before the evening shift, or is your team still compiling it on paper?"
Assam,WEST JALINGA TE,Organized Estate,No,WEST JALINGA TE,Cachar,Organized Plantation,,,,No,,Cachar,"Cachar, Assam",Uncertain / Backlog,Tier 3,2,No email listed (paper-dominant),Low signal density,1-Page Postal Letter,1-Page Postal Dispatch,"Namaskar,

When green leaf trucks move from field divisions to the factory at West Jalinga Te, what percentage difference are you typically seeing between the field scale and factory weighbridge?

Most independent estates in Cachar tell us they only catch leaf discrepancies and proxy hazira 10 to 14 days later when the fortnightly muster roll reaches the office.

Are you able to see your daily leaf reconciliation and worker count on your phone before the evening shift, or is your team still compiling it on paper?"
Assam,SILCURI,Organized Estate,No,SILCURI,Cachar,Organized Plantation,,,,No,,Cachar,"Cachar, Assam",Uncertain / Backlog,Tier 3,2,No email listed (paper-dominant),Low signal density,1-Page Postal Letter,1-Page Postal Dispatch,"Namaskar,

When green leaf trucks move from field divisions to the factory at Silcuri, what percentage difference are you typically seeing between the field scale and factory weighbridge?

Most independent estates in Cachar tell us they only catch leaf discrepancies and proxy hazira 10 to 14 days later when the fortnightly muster roll reaches the office.

Are you able to see your daily leaf reconciliation and worker count on your phone before the evening shift, or is your team still compiling it on paper?"
Assam,HILARA TE,Organized Estate,No,HILARA TE,Cachar,Organized Plantation,,,,No,,Cachar,"Cachar, Assam",Uncertain / Backlog,Tier 3,2,No email listed (paper-dominant),Low signal density,1-Page Postal Letter,1-Page Postal Dispatch,"Namaskar,

When green leaf trucks move from field divisions to the factory at Hilara Te, what percentage difference are you typically seeing between the field scale and factory weighbridge?

Most independent estates in Cachar tell us they only catch leaf discrepancies and proxy hazira 10 to 14 days later when the fortnightly muster roll reaches the office.

Are you able to see your daily leaf reconciliation and worker count on your phone before the evening shift, or is your team still compiling it on paper?"
Assam,IRINGMARA TEA ESTATE,Organized Estate,No,IRINGMARA TEA ESTATE,Cachar,Organized Plantation,,,,No,,Cachar,"Cachar, Assam",Uncertain / Backlog,Tier 3,2,No email listed (paper-dominant),Low signal density,1-Page Postal Letter,1-Page Postal Dispatch,"Namaskar,

When green leaf trucks move from field divisions to the factory at Iringmara Tea Estate, what percentage difference are you typically seeing between the field scale and factory weighbridge?

Most independent estates in Cachar tell us they only catch leaf discrepancies and proxy hazira 10 to 14 days later when the fortnightly muster roll reaches the office.

Are you able to see your daily leaf reconciliation and worker count on your phone before the evening shift, or is your team still compiling it on paper?"
Assam,INDRAGARH TE,Organized Estate,No,INDRAGARH TE,Cachar,Organized Plantation,,,,No,,Cachar,"Cachar, Assam",Uncertain / Backlog,Tier 3,2,No email listed (paper-dominant),Low signal density,1-Page Postal Letter,1-Page Postal Dispatch,"Namaskar,

When green leaf trucks move from field divisions to the factory at Indragarh Te, what percentage difference are you typically seeing between the field scale and factory weighbridge?

Most independent estates in Cachar tell us they only catch leaf discrepancies and proxy hazira 10 to 14 days later when the fortnightly muster roll reaches the office.

Are you able to see your daily leaf reconciliation and worker count on your phone before the evening shift, or is your team still compiling it on paper?"
Assam,JATINGA VALLEY TE,Organized Estate,No,JATINGA VALLEY TE,Cachar,Organized Plantation,,,,No,,Cachar,"Cachar, Assam",Uncertain / Backlog,Tier 3,2,No email listed (paper-dominant),Low signal density,1-Page Postal Letter,1-Page Postal Dispatch,"Namaskar,

When green leaf trucks move from field divisions to the factory at Jatinga Valley Te, what percentage difference are you typically seeing between the field scale and factory weighbridge?

Most independent estates in Cachar tell us they only catch leaf discrepancies and proxy hazira 10 to 14 days later when the fortnightly muster roll reaches the office.

Are you able to see your daily leaf reconciliation and worker count on your phone before the evening shift, or is your team still compiling it on paper?"
Assam,JELLALPORE TEA ESTATE,Organized Estate,No,JELLALPORE TEA ESTATE,Cachar,Organized Plantation,,,,No,,Cachar,"Cachar, Assam",Uncertain / Backlog,Tier 3,2,No email listed (paper-dominant),Low signal density,1-Page Postal Letter,1-Page Postal Dispatch,"Namaskar,

When green leaf trucks move from field divisions to the factory at Jellalpore Tea Estate, what percentage difference are you typically seeing between the field scale and factory weighbridge?

Most independent estates in Cachar tell us they only catch leaf discrepancies and proxy hazira 10 to 14 days later when the fortnightly muster roll reaches the office.

Are you able to see your daily leaf reconciliation and worker count on your phone before the evening shift, or is your team still compiling it on paper?"
Assam,JHIRIGHAT TE,Organized Estate,No,JHIRIGHAT TE,Cachar,Organized Plantation,,,,No,,Cachar,"Cachar, Assam",Uncertain / Backlog,Tier 3,2,No email listed (paper-dominant),Low signal density,1-Page Postal Letter,1-Page Postal Dispatch,"Namaskar,

When green leaf trucks move from field divisions to the factory at Jhirighat Te, what percentage difference are you typically seeing between the field scale and factory weighbridge?

Most independent estates in Cachar tell us they only catch leaf discrepancies and proxy hazira 10 to 14 days later when the fortnightly muster roll reaches the office.

Are you able to see your daily leaf reconciliation and worker count on your phone before the evening shift, or is your team still compiling it on paper?"
Assam,MONIIERKHAL TE,Organized Estate,No,MONIIERKHAL TE,Cachar,Organized Plantation,,,,No,,Cachar,"Cachar, Assam",Uncertain / Backlog,Tier 3,2,No email listed (paper-dominant),Low signal density,1-Page Postal Letter,1-Page Postal Dispatch,"Namaskar,

When green leaf trucks move from field divisions to the factory at Moniierkhal Te, what percentage difference are you typically seeing between the field scale and factory weighbridge?

Most independent estates in Cachar tell us they only catch leaf discrepancies and proxy hazira 10 to 14 days later when the fortnightly muster roll reaches the office.

Are you able to see your daily leaf reconciliation and worker count on your phone before the evening shift, or is your team still compiling it on paper?"
Assam,HATTICHERRA TE,Organized Estate,No,HATTICHERRA TE,Cachar,Organized Plantation,,,,No,,Cachar,"Cachar, Assam",Uncertain / Backlog,Tier 3,2,No email listed (paper-dominant),Low signal density,1-Page Postal Letter,1-Page Postal Dispatch,"Namaskar,

When green leaf trucks move from field divisions to the factory at Hatticherra Te, what percentage difference are you typically seeing between the field scale and factory weighbridge?

Most independent estates in Cachar tell us they only catch leaf discrepancies and proxy hazira 10 to 14 days later when the fortnightly muster roll reaches the office.

Are you able to see your daily leaf reconciliation and worker count on your phone before the evening shift, or is your team still compiling it on paper?"
Assam,DWARBUND TE,Organized Estate,No,DWARBUND TE,Cachar,Organized Plantation,,,,No,,Cachar,"Cachar, Assam",Uncertain / Backlog,Tier 3,2,No email listed (paper-dominant),Low signal density,1-Page Postal Letter,1-Page Postal Dispatch,"Namaskar,

When green leaf trucks move from field divisions to the factory at Dwarbund Te, what percentage difference are you typically seeing between the field scale and factory weighbridge?

Most independent estates in Cachar tell us they only catch leaf discrepancies and proxy hazira 10 to 14 days later when the fortnightly muster roll reaches the office.

Are you able to see your daily leaf reconciliation and worker count on your phone before the evening shift, or is your team still compiling it on paper?"
Assam,DILKHOOSH TE,Organized Estate,No,DILKHOOSH TE,Cachar,Organized Plantation,,,,No,,Cachar,"Cachar, Assam",Uncertain / Backlog,Tier 3,2,No email listed (paper-dominant),Low signal density,1-Page Postal Letter,1-Page Postal Dispatch,"Namaskar,

When green leaf trucks move from field divisions to the factory at Dilkhoosh Te, what percentage difference are you typically seeing between the field scale and factory weighbridge?

Most independent estates in Cachar tell us they only catch leaf discrepancies and proxy hazira 10 to 14 days later when the fortnightly muster roll reaches the office.

Are you able to see your daily leaf reconciliation and worker count on your phone before the evening shift, or is your team still compiling it on paper?"
Assam,DOOLOOGRAM TE,Organized Estate,No,DOOLOOGRAM TE,Cachar,Organized Plantation,,,,No,,Cachar,"Cachar, Assam",Uncertain / Backlog,Tier 3,2,No email listed (paper-dominant),Low signal density,1-Page Postal Letter,1-Page Postal Dispatch,"Namaskar,

When green leaf trucks move from field divisions to the factory at Dooloogram Te, what percentage difference are you typically seeing between the field scale and factory weighbridge?

Most independent estates in Cachar tell us they only catch leaf discrepancies and proxy hazira 10 to 14 days later when the fortnightly muster roll reaches the office.

Are you able to see your daily leaf reconciliation and worker count on your phone before the evening shift, or is your team still compiling it on paper?"
Assam,DOLOO TE,Organized Estate,No,DOLOO TE,Cachar,Organized Plantation,,,,No,,Cachar,"Cachar, Assam",Uncertain / Backlog,Tier 3,2,No email listed (paper-dominant),Low signal density,1-Page Postal Letter,1-Page Postal Dispatch,"Namaskar,

When green leaf trucks move from field divisions to the factory at Doloo Te, what percentage difference are you typically seeing between the field scale and factory weighbridge?

Most independent estates in Cachar tell us they only catch leaf discrepancies and proxy hazira 10 to 14 days later when the fortnightly muster roll reaches the office.

Are you able to see your daily leaf reconciliation and worker count on your phone before the evening shift, or is your team still compiling it on paper?"
Assam,MADOORA TE,Organized Estate,No,MADOORA TE,Cachar,Organized Plantation,,,,No,,Cachar,"Cachar, Assam",Uncertain / Backlog,Tier 3,2,No email listed (paper-dominant),Low signal density,1-Page Postal Letter,1-Page Postal Dispatch,"Namaskar,

When green leaf trucks move from field divisions to the factory at Madoora Te, what percentage difference are you typically seeing between the field scale and factory weighbridge?

Most independent estates in Cachar tell us they only catch leaf discrepancies and proxy hazira 10 to 14 days later when the fortnightly muster roll reaches the office.

Are you able to see your daily leaf reconciliation and worker count on your phone before the evening shift, or is your team still compiling it on paper?"
Assam,MARTYCHERRA TE,Organized Estate,No,MARTYCHERRA TE,Cachar,Organized Plantation,,,,No,,Cachar,"Cachar, Assam",Uncertain / Backlog,Tier 3,2,No email listed (paper-dominant),Low signal density,1-Page Postal Letter,1-Page Postal Dispatch,"Namaskar,

When green leaf trucks move from field divisions to the factory at Martycherra Te, what percentage difference are you typically seeing between the field scale and factory weighbridge?

Most independent estates in Cachar tell us they only catch leaf discrepancies and proxy hazira 10 to 14 days later when the fortnightly muster roll reaches the office.

Are you able to see your daily leaf reconciliation and worker count on your phone before the evening shift, or is your team still compiling it on paper?"
Assam,LARSINGAH TE,Organized Estate,No,LARSINGAH TE,Cachar,Organized Plantation,,,,No,,Cachar,"Cachar, Assam",Uncertain / Backlog,Tier 3,2,No email listed (paper-dominant),Low signal density,1-Page Postal Letter,1-Page Postal Dispatch,"Namaskar,

When green leaf trucks move from field divisions to the factory at Larsingah Te, what percentage difference are you typically seeing between the field scale and factory weighbridge?

Most independent estates in Cachar tell us they only catch leaf discrepancies and proxy hazira 10 to 14 days later when the fortnightly muster roll reaches the office.

Are you able to see your daily leaf reconciliation and worker count on your phone before the evening shift, or is your team still compiling it on paper?"
Assam,LABAC,Organized Estate,No,LABAC,Cachar,Organized Plantation,,,,No,,Cachar,"Cachar, Assam",Uncertain / Backlog,Tier 3,2,No email listed (paper-dominant),Low signal density,1-Page Postal Letter,1-Page Postal Dispatch,"Namaskar,

When green leaf trucks move from field divisions to the factory at Labac, what percentage difference are you typically seeing between the field scale and factory weighbridge?

Most independent estates in Cachar tell us they only catch leaf discrepancies and proxy hazira 10 to 14 days later when the fortnightly muster roll reaches the office.

Are you able to see your daily leaf reconciliation and worker count on your phone before the evening shift, or is your team still compiling it on paper?"
Assam,LAKHIPORE,Organized Estate,No,LAKHIPORE,Cachar,Organized Plantation,,,,No,,Cachar,"Cachar, Assam",Uncertain / Backlog,Tier 3,2,No email listed (paper-dominant),Low signal density,1-Page Postal Letter,1-Page Postal Dispatch,"Namaskar,

When green leaf trucks move from field divisions to the factory at Lakhipore, what percentage difference are you typically seeing between the field scale and factory weighbridge?

Most independent estates in Cachar tell us they only catch leaf discrepancies and proxy hazira 10 to 14 days later when the fortnightly muster roll reaches the office.

Are you able to see your daily leaf reconciliation and worker count on your phone before the evening shift, or is your team still compiling it on paper?"
Assam,KOOMBER TEA ESTATE,Organized Estate,No,KOOMBER TEA ESTATE,Cachar,Organized Plantation,,,,No,,Cachar,"Cachar, Assam",Uncertain / Backlog,Tier 3,2,No email listed (paper-dominant),Low signal density,1-Page Postal Letter,1-Page Postal Dispatch,"Namaskar,

When green leaf trucks move from field divisions to the factory at Koomber Tea Estate, what percentage difference are you typically seeing between the field scale and factory weighbridge?

Most independent estates in Cachar tell us they only catch leaf discrepancies and proxy hazira 10 to 14 days later when the fortnightly muster roll reaches the office.

Are you able to see your daily leaf reconciliation and worker count on your phone before the evening shift, or is your team still compiling it on paper?"
Assam,KAILASHPUR TE,Organized Estate,No,KAILASHPUR TE,Cachar,Organized Plantation,,,,No,,Cachar,"Cachar, Assam",Uncertain / Backlog,Tier 3,2,No email listed (paper-dominant),Low signal density,1-Page Postal Letter,1-Page Postal Dispatch,"Namaskar,

When green leaf trucks move from field divisions to the factory at Kailashpur Te, what percentage difference are you typically seeing between the field scale and factory weighbridge?

Most independent estates in Cachar tell us they only catch leaf discrepancies and proxy hazira 10 to 14 days later when the fortnightly muster roll reaches the office.

Are you able to see your daily leaf reconciliation and worker count on your phone before the evening shift, or is your team still compiling it on paper?"
Assam,KALLINECHERRA,Organized Estate,No,KALLINECHERRA,Cachar,Organized Plantation,,,,No,,Cachar,"Cachar, Assam",Uncertain / Backlog,Tier 3,2,No email listed (paper-dominant),Low signal density,1-Page Postal Letter,1-Page Postal Dispatch,"Namaskar,

When green leaf trucks move from field divisions to the factory at Kallinecherra, what percentage difference are you typically seeing between the field scale and factory weighbridge?

Most independent estates in Cachar tell us they only catch leaf discrepancies and proxy hazira 10 to 14 days later when the fortnightly muster roll reaches the office.

Are you able to see your daily leaf reconciliation and worker count on your phone before the evening shift, or is your team still compiling it on paper?"
Assam,KALLINE TE,Organized Estate,No,KALLINE TE,Cachar,Organized Plantation,,,,No,,Cachar,"Cachar, Assam",Uncertain / Backlog,Tier 3,2,No email listed (paper-dominant),Low signal density,1-Page Postal Letter,1-Page Postal Dispatch,"Namaskar,

When green leaf trucks move from field divisions to the factory at Kalline Te, what percentage difference are you typically seeing between the field scale and factory weighbridge?

Most independent estates in Cachar tell us they only catch leaf discrepancies and proxy hazira 10 to 14 days later when the fortnightly muster roll reaches the office.

Are you able to see your daily leaf reconciliation and worker count on your phone before the evening shift, or is your team still compiling it on paper?"
Assam,KHOREEL TEA ESTATE,Organized Estate,No,KHOREEL TEA ESTATE,Cachar,Organized Plantation,,,,No,,Cachar,"Cachar, Assam",Uncertain / Backlog,Tier 3,2,No email listed (paper-dominant),Low signal density,1-Page Postal Letter,1-Page Postal Dispatch,"Namaskar,

When green leaf trucks move from field divisions to the factory at Khoreel Tea Estate, what percentage difference are you typically seeing between the field scale and factory weighbridge?

Most independent estates in Cachar tell us they only catch leaf discrepancies and proxy hazira 10 to 14 days later when the fortnightly muster roll reaches the office.

Are you able to see your daily leaf reconciliation and worker count on your phone before the evening shift, or is your team still compiling it on paper?"
Assam,BICRAMPORE T.E.,Organized Estate,No,BICRAMPORE T.E.,Cachar,Organized Plantation,,,,No,,Cachar,"Cachar, Assam",Uncertain / Backlog,Tier 3,2,No email listed (paper-dominant),Low signal density,1-Page Postal Letter,1-Page Postal Dispatch,"Namaskar,

When green leaf trucks move from field divisions to the factory at Bicrampore T.E., what percentage difference are you typically seeing between the field scale and factory weighbridge?

Most independent estates in Cachar tell us they only catch leaf discrepancies and proxy hazira 10 to 14 days later when the fortnightly muster roll reaches the office.

Are you able to see your daily leaf reconciliation and worker count on your phone before the evening shift, or is your team still compiling it on paper?"
Assam,BINNAKANDY T.E,Organized Estate,No,BINNAKANDY T.E,Cachar,Organized Plantation,,,,No,,Cachar,"Cachar, Assam",Uncertain / Backlog,Tier 3,2,No email listed (paper-dominant),Low signal density,1-Page Postal Letter,1-Page Postal Dispatch,"Namaskar,

When green leaf trucks move from field divisions to the factory at Binnakandy T.E, what percentage difference are you typically seeing between the field scale and factory weighbridge?

Most independent estates in Cachar tell us they only catch leaf discrepancies and proxy hazira 10 to 14 days later when the fortnightly muster roll reaches the office.

Are you able to see your daily leaf reconciliation and worker count on your phone before the evening shift, or is your team still compiling it on paper?"
Assam,BOROKAI T.E,Organized Estate,No,BOROKAI T.E,Cachar,Organized Plantation,,,,No,,Cachar,"Cachar, Assam",Uncertain / Backlog,Tier 3,2,No email listed (paper-dominant),Low signal density,1-Page Postal Letter,1-Page Postal Dispatch,"Namaskar,

When green leaf trucks move from field divisions to the factory at Borokai T.E, what percentage difference are you typically seeing between the field scale and factory weighbridge?

Most independent estates in Cachar tell us they only catch leaf discrepancies and proxy hazira 10 to 14 days later when the fortnightly muster roll reaches the office.

Are you able to see your daily leaf reconciliation and worker count on your phone before the evening shift, or is your team still compiling it on paper?"
Assam,BOROJALINGAH T.E.,Organized Estate,No,BOROJALINGAH T.E.,Cachar,Organized Plantation,,,,No,,Cachar,"Cachar, Assam",Uncertain / Backlog,Tier 3,2,No email listed (paper-dominant),Low signal density,1-Page Postal Letter,1-Page Postal Dispatch,"Namaskar,

When green leaf trucks move from field divisions to the factory at Borojalingah T.E., what percentage difference are you typically seeing between the field scale and factory weighbridge?

Most independent estates in Cachar tell us they only catch leaf discrepancies and proxy hazira 10 to 14 days later when the fortnightly muster roll reaches the office.

Are you able to see your daily leaf reconciliation and worker count on your phone before the evening shift, or is your team still compiling it on paper?"
Assam,BURTOLL T.E,Organized Estate,No,BURTOLL T.E,Cachar,Organized Plantation,,,,No,,Cachar,"Cachar, Assam",Uncertain / Backlog,Tier 3,2,No email listed (paper-dominant),Low signal density,1-Page Postal Letter,1-Page Postal Dispatch,"Namaskar,

When green leaf trucks move from field divisions to the factory at Burtoll T.E, what percentage difference are you typically seeing between the field scale and factory weighbridge?

Most independent estates in Cachar tell us they only catch leaf discrepancies and proxy hazira 10 to 14 days later when the fortnightly muster roll reaches the office.

Are you able to see your daily leaf reconciliation and worker count on your phone before the evening shift, or is your team still compiling it on paper?"
Assam,CHANDIGHAT T.E.,Organized Estate,No,CHANDIGHAT T.E.,Cachar,Organized Plantation,,,,No,,Cachar,"Cachar, Assam",Uncertain / Backlog,Tier 3,2,No email listed (paper-dominant),Low signal density,1-Page Postal Letter,1-Page Postal Dispatch,"Namaskar,

When green leaf trucks move from field divisions to the factory at Chandighat T.E., what percentage difference are you typically seeing between the field scale and factory weighbridge?

Most independent estates in Cachar tell us they only catch leaf discrepancies and proxy hazira 10 to 14 days later when the fortnightly muster roll reaches the office.

Are you able to see your daily leaf reconciliation and worker count on your phone before the evening shift, or is your team still compiling it on paper?"
Assam,COOMBERGRAM,Organized Estate,No,COOMBERGRAM,Cachar,Organized Plantation,,,,No,,Cachar,"Cachar, Assam",Uncertain / Backlog,Tier 3,2,No email listed (paper-dominant),Low signal density,1-Page Postal Letter,1-Page Postal Dispatch,"Namaskar,

When green leaf trucks move from field divisions to the factory at Coombergram, what percentage difference are you typically seeing between the field scale and factory weighbridge?

Most independent estates in Cachar tell us they only catch leaf discrepancies and proxy hazira 10 to 14 days later when the fortnightly muster roll reaches the office.

Are you able to see your daily leaf reconciliation and worker count on your phone before the evening shift, or is your team still compiling it on paper?"
Assam,CRAIGPARK T.E.,Organized Estate,No,CRAIGPARK T.E.,Cachar,Organized Plantation,,,,No,,Cachar,"Cachar, Assam",Uncertain / Backlog,Tier 3,2,No email listed (paper-dominant),Low signal density,1-Page Postal Letter,1-Page Postal Dispatch,"Namaskar,

When green leaf trucks move from field divisions to the factory at Craigpark T.E., what percentage difference are you typically seeing between the field scale and factory weighbridge?

Most independent estates in Cachar tell us they only catch leaf discrepancies and proxy hazira 10 to 14 days later when the fortnightly muster roll reaches the office.

Are you able to see your daily leaf reconciliation and worker count on your phone before the evening shift, or is your team still compiling it on paper?"
Assam,DEGUBBER T.E,Organized Estate,No,DEGUBBER T.E,Cachar,Organized Plantation,,,,No,,Cachar,"Cachar, Assam",Uncertain / Backlog,Tier 3,2,No email listed (paper-dominant),Low signal density,1-Page Postal Letter,1-Page Postal Dispatch,"Namaskar,

When green leaf trucks move from field divisions to the factory at Degubber T.E, what percentage difference are you typically seeing between the field scale and factory weighbridge?

Most independent estates in Cachar tell us they only catch leaf discrepancies and proxy hazira 10 to 14 days later when the fortnightly muster roll reaches the office.

Are you able to see your daily leaf reconciliation and worker count on your phone before the evening shift, or is your team still compiling it on paper?"
Assam,DERBY T.E,Organized Estate,No,DERBY T.E,Cachar,Organized Plantation,,,,No,,Cachar,"Cachar, Assam",Uncertain / Backlog,Tier 3,2,No email listed (paper-dominant),Low signal density,1-Page Postal Letter,1-Page Postal Dispatch,"Namaskar,

When green leaf trucks move from field divisions to the factory at Derby T.E, what percentage difference are you typically seeing between the field scale and factory weighbridge?

Most independent estates in Cachar tell us they only catch leaf discrepancies and proxy hazira 10 to 14 days later when the fortnightly muster roll reaches the office.

Are you able to see your daily leaf reconciliation and worker count on your phone before the evening shift, or is your team still compiling it on paper?"
Assam,DEWAN TE,Organized Estate,No,DEWAN TE,Cachar,Organized Plantation,,,,No,,Cachar,"Cachar, Assam",Uncertain / Backlog,Tier 3,2,No email listed (paper-dominant),Low signal density,1-Page Postal Letter,1-Page Postal Dispatch,"Namaskar,

When green leaf trucks move from field divisions to the factory at Dewan Te, what percentage difference are you typically seeing between the field scale and factory weighbridge?

Most independent estates in Cachar tell us they only catch leaf discrepancies and proxy hazira 10 to 14 days later when the fortnightly muster roll reaches the office.

Are you able to see your daily leaf reconciliation and worker count on your phone before the evening shift, or is your team still compiling it on paper?"
Assam,BENODNAGAR T.E,Organized Estate,No,BENODNAGAR T.E,Cachar,Organized Plantation,,,,No,,Cachar,"Cachar, Assam",Uncertain / Backlog,Tier 3,2,No email listed (paper-dominant),Low signal density,1-Page Postal Letter,1-Page Postal Dispatch,"Namaskar,

When green leaf trucks move from field divisions to the factory at Benodnagar T.E, what percentage difference are you typically seeing between the field scale and factory weighbridge?

Most independent estates in Cachar tell us they only catch leaf discrepancies and proxy hazira 10 to 14 days later when the fortnightly muster roll reaches the office.

Are you able to see your daily leaf reconciliation and worker count on your phone before the evening shift, or is your team still compiling it on paper?"
Assam,BHUBANDHAR TEA ESTATE,Organized Estate,No,BHUBANDHAR TEA ESTATE,Cachar,Organized Plantation,,,,No,,Cachar,"Cachar, Assam",Uncertain / Backlog,Tier 3,2,No email listed (paper-dominant),Low signal density,1-Page Postal Letter,1-Page Postal Dispatch,"Namaskar,

When green leaf trucks move from field divisions to the factory at Bhubandhar Tea Estate, what percentage difference are you typically seeing between the field scale and factory weighbridge?

Most independent estates in Cachar tell us they only catch leaf discrepancies and proxy hazira 10 to 14 days later when the fortnightly muster roll reaches the office.

Are you able to see your daily leaf reconciliation and worker count on your phone before the evening shift, or is your team still compiling it on paper?"
Assam,BHUVANVALLEY,Organized Estate,No,BHUVANVALLEY,Cachar,Organized Plantation,,,,No,,Cachar,"Cachar, Assam",Uncertain / Backlog,Tier 3,2,No email listed (paper-dominant),Low signal density,1-Page Postal Letter,1-Page Postal Dispatch,"Namaskar,

When green leaf trucks move from field divisions to the factory at Bhuvanvalley, what percentage difference are you typically seeing between the field scale and factory weighbridge?

Most independent estates in Cachar tell us they only catch leaf discrepancies and proxy hazira 10 to 14 days later when the fortnightly muster roll reaches the office.

Are you able to see your daily leaf reconciliation and worker count on your phone before the evening shift, or is your team still compiling it on paper?"
Assam,BAJRANGPUR,Organized Estate,No,BAJRANGPUR,Cachar,Organized Plantation,,,,No,,Cachar,"Cachar, Assam",Uncertain / Backlog,Tier 3,2,No email listed (paper-dominant),Low signal density,1-Page Postal Letter,1-Page Postal Dispatch,"Namaskar,

When green leaf trucks move from field divisions to the factory at Bajrangpur, what percentage difference are you typically seeing between the field scale and factory weighbridge?

Most independent estates in Cachar tell us they only catch leaf discrepancies and proxy hazira 10 to 14 days later when the fortnightly muster roll reaches the office.

Are you able to see your daily leaf reconciliation and worker count on your phone before the evening shift, or is your team still compiling it on paper?"
Assam,BALACHERRA TE,Organized Estate,No,BALACHERRA TE,Cachar,Organized Plantation,,,,No,,Cachar,"Cachar, Assam",Uncertain / Backlog,Tier 3,2,No email listed (paper-dominant),Low signal density,1-Page Postal Letter,1-Page Postal Dispatch,"Namaskar,

When green leaf trucks move from field divisions to the factory at Balacherra Te, what percentage difference are you typically seeing between the field scale and factory weighbridge?

Most independent estates in Cachar tell us they only catch leaf discrepancies and proxy hazira 10 to 14 days later when the fortnightly muster roll reaches the office.

Are you able to see your daily leaf reconciliation and worker count on your phone before the evening shift, or is your team still compiling it on paper?"
Assam,ALYNEE & NARAINDHAR,Organized Estate,No,ALYNEE & NARAINDHAR,Cachar,Organized Plantation,,,,No,,Cachar,"Cachar, Assam",Uncertain / Backlog,Tier 3,2,No email listed (paper-dominant),Low signal density,1-Page Postal Letter,1-Page Postal Dispatch,"Namaskar,

When green leaf trucks move from field divisions to the factory at Alynee & Naraindhar, what percentage difference are you typically seeing between the field scale and factory weighbridge?

Most independent estates in Cachar tell us they only catch leaf discrepancies and proxy hazira 10 to 14 days later when the fortnightly muster roll reaches the office.

Are you able to see your daily leaf reconciliation and worker count on your phone before the evening shift, or is your team still compiling it on paper?"
Assam,AMRANAGAR TEA ESTATE,Organized Estate,No,AMRANAGAR TEA ESTATE,Cachar,Organized Plantation,,,,No,,Cachar,"Cachar, Assam",Uncertain / Backlog,Tier 3,2,No email listed (paper-dominant),Low signal density,1-Page Postal Letter,1-Page Postal Dispatch,"Namaskar,

When green leaf trucks move from field divisions to the factory at Amranagar Tea Estate, what percentage difference are you typically seeing between the field scale and factory weighbridge?

Most independent estates in Cachar tell us they only catch leaf discrepancies and proxy hazira 10 to 14 days later when the fortnightly muster roll reaches the office.

Are you able to see your daily leaf reconciliation and worker count on your phone before the evening shift, or is your team still compiling it on paper?"
Assam,ARCUTTIPORE TE,Organized Estate,No,ARCUTTIPORE TE,Cachar,Organized Plantation,,,,No,,Cachar,"Cachar, Assam",Uncertain / Backlog,Tier 3,2,No email listed (paper-dominant),Low signal density,1-Page Postal Letter,1-Page Postal Dispatch,"Namaskar,

When green leaf trucks move from field divisions to the factory at Arcuttipore Te, what percentage difference are you typically seeing between the field scale and factory weighbridge?

Most independent estates in Cachar tell us they only catch leaf discrepancies and proxy hazira 10 to 14 days later when the fortnightly muster roll reaches the office.

Are you able to see your daily leaf reconciliation and worker count on your phone before the evening shift, or is your team still compiling it on paper?"
Assam,AIDEOBARI TEA ESTATE,Organized Estate,No,AIDEOBARI TEA ESTATE,Charaideo,Organized Plantation,,,,No,,Charaideo,"Charaideo, Assam",Uncertain / Backlog,Tier 3,2,No email listed (paper-dominant),Low signal density,1-Page Postal Letter,1-Page Postal Dispatch,"Namaskar,

When green leaf trucks move from field divisions to the factory at Aideobari Tea Estate, what percentage difference are you typically seeing between the field scale and factory weighbridge?

Most independent estates in Charaideo tell us they only catch leaf discrepancies and proxy hazira 10 to 14 days later when the fortnightly muster roll reaches the office.

Are you able to see your daily leaf reconciliation and worker count on your phone before the evening shift, or is your team still compiling it on paper?"
Assam,AIDEOPUKHURI TEA ESTATE,Organized Estate,No,AIDEOPUKHURI TEA ESTATE,Charaideo,Organized Plantation,,,,No,,Charaideo,"Charaideo, Assam",Uncertain / Backlog,Tier 3,2,No email listed (paper-dominant),Low signal density,1-Page Postal Letter,1-Page Postal Dispatch,"Namaskar,

When green leaf trucks move from field divisions to the factory at Aideopukhuri Tea Estate, what percentage difference are you typically seeing between the field scale and factory weighbridge?

Most independent estates in Charaideo tell us they only catch leaf discrepancies and proxy hazira 10 to 14 days later when the fortnightly muster roll reaches the office.

Are you able to see your daily leaf reconciliation and worker count on your phone before the evening shift, or is your team still compiling it on paper?"
Assam,BEHUBOR TE,Organized Estate,No,BEHUBOR TE,Charaideo,Organized Plantation,,,,No,,Charaideo,"Charaideo, Assam",Uncertain / Backlog,Tier 3,2,No email listed (paper-dominant),Low signal density,1-Page Postal Letter,1-Page Postal Dispatch,"Namaskar,

When green leaf trucks move from field divisions to the factory at Behubor Te, what percentage difference are you typically seeing between the field scale and factory weighbridge?

Most independent estates in Charaideo tell us they only catch leaf discrepancies and proxy hazira 10 to 14 days later when the fortnightly muster roll reaches the office.

Are you able to see your daily leaf reconciliation and worker count on your phone before the evening shift, or is your team still compiling it on paper?"
Assam,BEZBARUAH TEA ESTATE,Organized Estate,No,BEZBARUAH TEA ESTATE,Charaideo,Organized Plantation,,,,No,,Charaideo,"Charaideo, Assam",Uncertain / Backlog,Tier 3,2,No email listed (paper-dominant),Low signal density,1-Page Postal Letter,1-Page Postal Dispatch,"Namaskar,

When green leaf trucks move from field divisions to the factory at Bezbaruah Tea Estate, what percentage difference are you typically seeing between the field scale and factory weighbridge?

Most independent estates in Charaideo tell us they only catch leaf discrepancies and proxy hazira 10 to 14 days later when the fortnightly muster roll reaches the office.

Are you able to see your daily leaf reconciliation and worker count on your phone before the evening shift, or is your team still compiling it on paper?"
Assam,BHUYANKHAT,Organized Estate,No,BHUYANKHAT,Charaideo,Organized Plantation,,,,No,,Charaideo,"Charaideo, Assam",Uncertain / Backlog,Tier 3,2,No email listed (paper-dominant),Low signal density,1-Page Postal Letter,1-Page Postal Dispatch,"Namaskar,

When green leaf trucks move from field divisions to the factory at Bhuyankhat, what percentage difference are you typically seeing between the field scale and factory weighbridge?

Most independent estates in Charaideo tell us they only catch leaf discrepancies and proxy hazira 10 to 14 days later when the fortnightly muster roll reaches the office.

Are you able to see your daily leaf reconciliation and worker count on your phone before the evening shift, or is your team still compiling it on paper?"
Assam,BARASALI TE,Organized Estate,No,BARASALI TE,Charaideo,Organized Plantation,,,,No,,Charaideo,"Charaideo, Assam",Uncertain / Backlog,Tier 3,2,No email listed (paper-dominant),Low signal density,1-Page Postal Letter,1-Page Postal Dispatch,"Namaskar,

When green leaf trucks move from field divisions to the factory at Barasali Te, what percentage difference are you typically seeing between the field scale and factory weighbridge?

Most independent estates in Charaideo tell us they only catch leaf discrepancies and proxy hazira 10 to 14 days later when the fortnightly muster roll reaches the office.

Are you able to see your daily leaf reconciliation and worker count on your phone before the evening shift, or is your team still compiling it on paper?"
Assam,BARUAKHAT,Organized Estate,No,BARUAKHAT,Charaideo,Organized Plantation,,,,No,,Charaideo,"Charaideo, Assam",Uncertain / Backlog,Tier 3,2,No email listed (paper-dominant),Low signal density,1-Page Postal Letter,1-Page Postal Dispatch,"Namaskar,

When green leaf trucks move from field divisions to the factory at Baruakhat, what percentage difference are you typically seeing between the field scale and factory weighbridge?

Most independent estates in Charaideo tell us they only catch leaf discrepancies and proxy hazira 10 to 14 days later when the fortnightly muster roll reaches the office.

Are you able to see your daily leaf reconciliation and worker count on your phone before the evening shift, or is your team still compiling it on paper?"
Assam,DEEPLING TEA ESTATE,Organized Estate,No,DEEPLING TEA ESTATE,Charaideo,Organized Plantation,,,,No,,Charaideo,"Charaideo, Assam",Uncertain / Backlog,Tier 3,2,No email listed (paper-dominant),Low signal density,1-Page Postal Letter,1-Page Postal Dispatch,"Namaskar,

When green leaf trucks move from field divisions to the factory at Deepling Tea Estate, what percentage difference are you typically seeing between the field scale and factory weighbridge?

Most independent estates in Charaideo tell us they only catch leaf discrepancies and proxy hazira 10 to 14 days later when the fortnightly muster roll reaches the office.

Are you able to see your daily leaf reconciliation and worker count on your phone before the evening shift, or is your team still compiling it on paper?"
Assam,BORPATRA TEA GARDEN,Organized Estate,No,BORPATRA TEA GARDEN,Charaideo,Organized Plantation,,,,No,,Charaideo,"Charaideo, Assam",Uncertain / Backlog,Tier 3,2,No email listed (paper-dominant),Low signal density,1-Page Postal Letter,1-Page Postal Dispatch,"Namaskar,

When green leaf trucks move from field divisions to the factory at Borpatra Tea Garden, what percentage difference are you typically seeing between the field scale and factory weighbridge?

Most independent estates in Charaideo tell us they only catch leaf discrepancies and proxy hazira 10 to 14 days later when the fortnightly muster roll reaches the office.

Are you able to see your daily leaf reconciliation and worker count on your phone before the evening shift, or is your team still compiling it on paper?"
Assam,BORTIMON TE,Organized Estate,No,BORTIMON TE,Charaideo,Organized Plantation,,,,No,,Charaideo,"Charaideo, Assam",Uncertain / Backlog,Tier 3,2,No email listed (paper-dominant),Low signal density,1-Page Postal Letter,1-Page Postal Dispatch,"Namaskar,

When green leaf trucks move from field divisions to the factory at Bortimon Te, what percentage difference are you typically seeing between the field scale and factory weighbridge?

Most independent estates in Charaideo tell us they only catch leaf discrepancies and proxy hazira 10 to 14 days later when the fortnightly muster roll reaches the office.

Are you able to see your daily leaf reconciliation and worker count on your phone before the evening shift, or is your team still compiling it on paper?"
Assam,BORHAT TEA ESTATE,Organized Estate,No,BORHAT TEA ESTATE,Charaideo,Organized Plantation,,,,No,,Charaideo,"Charaideo, Assam",Uncertain / Backlog,Tier 3,2,No email listed (paper-dominant),Low signal density,1-Page Postal Letter,1-Page Postal Dispatch,"Namaskar,

When green leaf trucks move from field divisions to the factory at Borhat Tea Estate, what percentage difference are you typically seeing between the field scale and factory weighbridge?

Most independent estates in Charaideo tell us they only catch leaf discrepancies and proxy hazira 10 to 14 days later when the fortnightly muster roll reaches the office.

Are you able to see your daily leaf reconciliation and worker count on your phone before the evening shift, or is your team still compiling it on paper?"
Assam,CHERIDEO PURBUT T.E,Organized Estate,No,CHERIDEO PURBUT T.E,Charaideo,Organized Plantation,,,,No,,Charaideo,"Charaideo, Assam",Uncertain / Backlog,Tier 3,2,No email listed (paper-dominant),Low signal density,1-Page Postal Letter,1-Page Postal Dispatch,"Namaskar,

When green leaf trucks move from field divisions to the factory at Cherideo Purbut T.E, what percentage difference are you typically seeing between the field scale and factory weighbridge?

Most independent estates in Charaideo tell us they only catch leaf discrepancies and proxy hazira 10 to 14 days later when the fortnightly muster roll reaches the office.

Are you able to see your daily leaf reconciliation and worker count on your phone before the evening shift, or is your team still compiling it on paper?"
Assam,BEMOLAPUR,Organized Estate,No,BEMOLAPUR,Charaideo,Organized Plantation,,,,No,,Charaideo,"Charaideo, Assam",Uncertain / Backlog,Tier 3,2,No email listed (paper-dominant),Low signal density,1-Page Postal Letter,1-Page Postal Dispatch,"Namaskar,

When green leaf trucks move from field divisions to the factory at Bemolapur, what percentage difference are you typically seeing between the field scale and factory weighbridge?

Most independent estates in Charaideo tell us they only catch leaf discrepancies and proxy hazira 10 to 14 days later when the fortnightly muster roll reaches the office.

Are you able to see your daily leaf reconciliation and worker count on your phone before the evening shift, or is your team still compiling it on paper?"
Assam,NAHORHABI TEA ESTATE,Organized Estate,No,NAHORHABI TEA ESTATE,Charaideo,Organized Plantation,,,,No,,Charaideo,"Charaideo, Assam",Uncertain / Backlog,Tier 3,2,No email listed (paper-dominant),Low signal density,1-Page Postal Letter,1-Page Postal Dispatch,"Namaskar,

When green leaf trucks move from field divisions to the factory at Nahorhabi Tea Estate, what percentage difference are you typically seeing between the field scale and factory weighbridge?

Most independent estates in Charaideo tell us they only catch leaf discrepancies and proxy hazira 10 to 14 days later when the fortnightly muster roll reaches the office.

Are you able to see your daily leaf reconciliation and worker count on your phone before the evening shift, or is your team still compiling it on paper?"
Assam,KHAGORIJAN TE,Organized Estate,No,KHAGORIJAN TE,Charaideo,Organized Plantation,,,,No,,Charaideo,"Charaideo, Assam",Uncertain / Backlog,Tier 3,2,No email listed (paper-dominant),Low signal density,1-Page Postal Letter,1-Page Postal Dispatch,"Namaskar,

When green leaf trucks move from field divisions to the factory at Khagorijan Te, what percentage difference are you typically seeing between the field scale and factory weighbridge?

Most independent estates in Charaideo tell us they only catch leaf discrepancies and proxy hazira 10 to 14 days later when the fortnightly muster roll reaches the office.

Are you able to see your daily leaf reconciliation and worker count on your phone before the evening shift, or is your team still compiling it on paper?"
Assam,KHONA TE,Organized Estate,No,KHONA TE,Charaideo,Organized Plantation,,,,No,,Charaideo,"Charaideo, Assam",Uncertain / Backlog,Tier 3,2,No email listed (paper-dominant),Low signal density,1-Page Postal Letter,1-Page Postal Dispatch,"Namaskar,

When green leaf trucks move from field divisions to the factory at Khona Te, what percentage difference are you typically seeing between the field scale and factory weighbridge?

Most independent estates in Charaideo tell us they only catch leaf discrepancies and proxy hazira 10 to 14 days later when the fortnightly muster roll reaches the office.

Are you able to see your daily leaf reconciliation and worker count on your phone before the evening shift, or is your team still compiling it on paper?"
Assam,MAJIDPUR TEA GARDEN,Organized Estate,No,MAJIDPUR TEA GARDEN,Charaideo,Organized Plantation,,,,No,,Charaideo,"Charaideo, Assam",Uncertain / Backlog,Tier 3,2,No email listed (paper-dominant),Low signal density,1-Page Postal Letter,1-Page Postal Dispatch,"Namaskar,

When green leaf trucks move from field divisions to the factory at Majidpur Tea Garden, what percentage difference are you typically seeing between the field scale and factory weighbridge?

Most independent estates in Charaideo tell us they only catch leaf discrepancies and proxy hazira 10 to 14 days later when the fortnightly muster roll reaches the office.

Are you able to see your daily leaf reconciliation and worker count on your phone before the evening shift, or is your team still compiling it on paper?"
Assam,KOLAKATA TEA GARDEN,Organized Estate,No,KOLAKATA TEA GARDEN,Charaideo,Organized Plantation,,,,No,,Charaideo,"Charaideo, Assam",Uncertain / Backlog,Tier 3,2,No email listed (paper-dominant),Low signal density,1-Page Postal Letter,1-Page Postal Dispatch,"Namaskar,

When green leaf trucks move from field divisions to the factory at Kolakata Tea Garden, what percentage difference are you typically seeing between the field scale and factory weighbridge?

Most independent estates in Charaideo tell us they only catch leaf discrepancies and proxy hazira 10 to 14 days later when the fortnightly muster roll reaches the office.

Are you able to see your daily leaf reconciliation and worker count on your phone before the evening shift, or is your team still compiling it on paper?"
Assam,LAKILY TEA ESTATE,Organized Estate,No,LAKILY TEA ESTATE,Charaideo,Organized Plantation,,,,No,,Charaideo,"Charaideo, Assam",Uncertain / Backlog,Tier 3,2,No email listed (paper-dominant),Low signal density,1-Page Postal Letter,1-Page Postal Dispatch,"Namaskar,

When green leaf trucks move from field divisions to the factory at Lakily Tea Estate, what percentage difference are you typically seeing between the field scale and factory weighbridge?

Most independent estates in Charaideo tell us they only catch leaf discrepancies and proxy hazira 10 to 14 days later when the fortnightly muster roll reaches the office.

Are you able to see your daily leaf reconciliation and worker count on your phone before the evening shift, or is your team still compiling it on paper?"
Assam,LAKSHMIJAN,Organized Estate,No,LAKSHMIJAN,Charaideo,Organized Plantation,,,,No,,Charaideo,"Charaideo, Assam",Uncertain / Backlog,Tier 3,2,No email listed (paper-dominant),Low signal density,1-Page Postal Letter,1-Page Postal Dispatch,"Namaskar,

When green leaf trucks move from field divisions to the factory at Lakshmijan, what percentage difference are you typically seeing between the field scale and factory weighbridge?

Most independent estates in Charaideo tell us they only catch leaf discrepancies and proxy hazira 10 to 14 days later when the fortnightly muster roll reaches the office.

Are you able to see your daily leaf reconciliation and worker count on your phone before the evening shift, or is your team still compiling it on paper?"
Assam,LUKWAH TE,Organized Estate,No,LUKWAH TE,Charaideo,Organized Plantation,,,,No,,Charaideo,"Charaideo, Assam",Uncertain / Backlog,Tier 3,2,No email listed (paper-dominant),Low signal density,1-Page Postal Letter,1-Page Postal Dispatch,"Namaskar,

When green leaf trucks move from field divisions to the factory at Lukwah Te, what percentage difference are you typically seeing between the field scale and factory weighbridge?

Most independent estates in Charaideo tell us they only catch leaf discrepancies and proxy hazira 10 to 14 days later when the fortnightly muster roll reaches the office.

Are you able to see your daily leaf reconciliation and worker count on your phone before the evening shift, or is your team still compiling it on paper?"
Assam,MAJIDPUR B TEA GARDEN,Organized Estate,No,MAJIDPUR B TEA GARDEN,Charaideo,Organized Plantation,,,,No,,Charaideo,"Charaideo, Assam",Uncertain / Backlog,Tier 3,2,No email listed (paper-dominant),Low signal density,1-Page Postal Letter,1-Page Postal Dispatch,"Namaskar,

When green leaf trucks move from field divisions to the factory at Majidpur B Tea Garden, what percentage difference are you typically seeing between the field scale and factory weighbridge?

Most independent estates in Charaideo tell us they only catch leaf discrepancies and proxy hazira 10 to 14 days later when the fortnightly muster roll reaches the office.

Are you able to see your daily leaf reconciliation and worker count on your phone before the evening shift, or is your team still compiling it on paper?"
Assam,DUBBA,Organized Estate,No,DUBBA,Charaideo,Organized Plantation,,,,No,,Charaideo,"Charaideo, Assam",Uncertain / Backlog,Tier 3,2,No email listed (paper-dominant),Low signal density,1-Page Postal Letter,1-Page Postal Dispatch,"Namaskar,

When green leaf trucks move from field divisions to the factory at Dubba, what percentage difference are you typically seeing between the field scale and factory weighbridge?

Most independent estates in Charaideo tell us they only catch leaf discrepancies and proxy hazira 10 to 14 days later when the fortnightly muster roll reaches the office.

Are you able to see your daily leaf reconciliation and worker count on your phone before the evening shift, or is your team still compiling it on paper?"
Assam,GHORAJAN,Organized Estate,No,Sitaram Budhkaran Choukhany & Co.,Charaideo,148.87,Vikash Choukhany,,,No,info@ghograjan.com,Charaideo,Lahoal Dibrugarh Assam 786010,Disqualified,Disqualified,4,Custom domain (@ghograjan.com) | Mid-tier acreage sweet spot (148.87 Ha),Multi-garden group (3 gardens),1-Page Postal Letter,1-Page Postal Dispatch + Email,"Namaskar Vikash-ji,

When green leaf trucks move from field divisions to the factory at Ghorajan, what percentage difference are you typically seeing between the field scale and factory weighbridge?

Most independent estates in Charaideo tell us they only catch leaf discrepancies and proxy hazira 10 to 14 days later when the fortnightly muster roll reaches the office.

Are you able to see your daily leaf reconciliation and worker count on your phone before the evening shift, or is your team still compiling it on paper?"
Assam,GUWATING,Organized Estate,No,GUWATING,Charaideo,Organized Plantation,,,,No,,Charaideo,"Charaideo, Assam",Uncertain / Backlog,Tier 3,2,No email listed (paper-dominant),Low signal density,1-Page Postal Letter,1-Page Postal Dispatch,"Namaskar,

When green leaf trucks move from field divisions to the factory at Guwating, what percentage difference are you typically seeing between the field scale and factory weighbridge?

Most independent estates in Charaideo tell us they only catch leaf discrepancies and proxy hazira 10 to 14 days later when the fortnightly muster roll reaches the office.

Are you able to see your daily leaf reconciliation and worker count on your phone before the evening shift, or is your team still compiling it on paper?"
Assam,"HAJUA-KHOOMTAIE G54, G52 (RC-631)",Organized Estate,No,"HAJUA-KHOOMTAIE G54, G52 (RC-631)",Charaideo,Organized Plantation,,,,No,,Charaideo,"Charaideo, Assam",Uncertain / Backlog,Tier 3,2,No email listed (paper-dominant),Low signal density,1-Page Postal Letter,1-Page Postal Dispatch,"Namaskar,

When green leaf trucks move from field divisions to the factory at Hajua-Khoomtaie G54, G52 (Rc-631), what percentage difference are you typically seeing between the field scale and factory weighbridge?

Most independent estates in Charaideo tell us they only catch leaf discrepancies and proxy hazira 10 to 14 days later when the fortnightly muster roll reaches the office.

Are you able to see your daily leaf reconciliation and worker count on your phone before the evening shift, or is your team still compiling it on paper?"
Assam,HINGRIJAN TEA ESTATE,Organized Estate,No,HINGRIJAN TEA ESTATE,Charaideo,Organized Plantation,,,,No,,Charaideo,"Charaideo, Assam",Uncertain / Backlog,Tier 3,2,No email listed (paper-dominant),Low signal density,1-Page Postal Letter,1-Page Postal Dispatch,"Namaskar,

When green leaf trucks move from field divisions to the factory at Hingrijan Tea Estate, what percentage difference are you typically seeing between the field scale and factory weighbridge?

Most independent estates in Charaideo tell us they only catch leaf discrepancies and proxy hazira 10 to 14 days later when the fortnightly muster roll reaches the office.

Are you able to see your daily leaf reconciliation and worker count on your phone before the evening shift, or is your team still compiling it on paper?"
Assam,HINGRAJAN,Organized Estate,No,HINGRAJAN,Charaideo,Organized Plantation,,,,No,,Charaideo,"Charaideo, Assam",Uncertain / Backlog,Tier 3,2,No email listed (paper-dominant),Low signal density,1-Page Postal Letter,1-Page Postal Dispatch,"Namaskar,

When green leaf trucks move from field divisions to the factory at Hingrajan, what percentage difference are you typically seeing between the field scale and factory weighbridge?

Most independent estates in Charaideo tell us they only catch leaf discrepancies and proxy hazira 10 to 14 days later when the fortnightly muster roll reaches the office.

Are you able to see your daily leaf reconciliation and worker count on your phone before the evening shift, or is your team still compiling it on paper?"
Assam,JABOKA TE Q10,Organized Estate,No,JABOKA TE Q10,Charaideo,Organized Plantation,,,,No,,Charaideo,"Charaideo, Assam",Uncertain / Backlog,Tier 3,2,No email listed (paper-dominant),Low signal density,1-Page Postal Letter,1-Page Postal Dispatch,"Namaskar,

When green leaf trucks move from field divisions to the factory at Jaboka Te Q10, what percentage difference are you typically seeing between the field scale and factory weighbridge?

Most independent estates in Charaideo tell us they only catch leaf discrepancies and proxy hazira 10 to 14 days later when the fortnightly muster roll reaches the office.

Are you able to see your daily leaf reconciliation and worker count on your phone before the evening shift, or is your team still compiling it on paper?"
Assam,MAJIDPUR (A) PART II TEA ESTATE,Organized Estate,No,MAJIDPUR (A) PART II TEA ESTATE,Charaideo,Organized Plantation,,,,No,,Charaideo,"Charaideo, Assam",Uncertain / Backlog,Tier 3,2,No email listed (paper-dominant),Low signal density,1-Page Postal Letter,1-Page Postal Dispatch,"Namaskar,

When green leaf trucks move from field divisions to the factory at Majidpur (A) Part Ii Tea Estate, what percentage difference are you typically seeing between the field scale and factory weighbridge?

Most independent estates in Charaideo tell us they only catch leaf discrepancies and proxy hazira 10 to 14 days later when the fortnightly muster roll reaches the office.

Are you able to see your daily leaf reconciliation and worker count on your phone before the evening shift, or is your team still compiling it on paper?"
Assam,MUTTRAPORE TE Q,Organized Estate,No,MUTTRAPORE TE Q,Charaideo,Organized Plantation,,,,No,,Charaideo,"Charaideo, Assam",Uncertain / Backlog,Tier 3,2,No email listed (paper-dominant),Low signal density,1-Page Postal Letter,1-Page Postal Dispatch,"Namaskar,

When green leaf trucks move from field divisions to the factory at Muttrapore Te Q, what percentage difference are you typically seeing between the field scale and factory weighbridge?

Most independent estates in Charaideo tell us they only catch leaf discrepancies and proxy hazira 10 to 14 days later when the fortnightly muster roll reaches the office.

Are you able to see your daily leaf reconciliation and worker count on your phone before the evening shift, or is your team still compiling it on paper?"
Assam,MUKTABARI TEA ESTATE,Organized Estate,No,MUKTABARI TEA ESTATE,Charaideo,Organized Plantation,,,,No,,Charaideo,"Charaideo, Assam",Uncertain / Backlog,Tier 3,2,No email listed (paper-dominant),Low signal density,1-Page Postal Letter,1-Page Postal Dispatch,"Namaskar,

When green leaf trucks move from field divisions to the factory at Muktabari Tea Estate, what percentage difference are you typically seeing between the field scale and factory weighbridge?

Most independent estates in Charaideo tell us they only catch leaf discrepancies and proxy hazira 10 to 14 days later when the fortnightly muster roll reaches the office.

Are you able to see your daily leaf reconciliation and worker count on your phone before the evening shift, or is your team still compiling it on paper?"
Assam,NAGAHAT TE,Organized Estate,No,NAGAHAT TE,Charaideo,Organized Plantation,,,,No,,Charaideo,"Charaideo, Assam",Uncertain / Backlog,Tier 3,2,No email listed (paper-dominant),Low signal density,1-Page Postal Letter,1-Page Postal Dispatch,"Namaskar,

When green leaf trucks move from field divisions to the factory at Nagahat Te, what percentage difference are you typically seeing between the field scale and factory weighbridge?

Most independent estates in Charaideo tell us they only catch leaf discrepancies and proxy hazira 10 to 14 days later when the fortnightly muster roll reaches the office.

Are you able to see your daily leaf reconciliation and worker count on your phone before the evening shift, or is your team still compiling it on paper?"
Assam,NAMDANG,Organized Estate,No,NAMDANG,Charaideo,Organized Plantation,,,,No,,Charaideo,"Charaideo, Assam",Uncertain / Backlog,Tier 3,2,No email listed (paper-dominant),Low signal density,1-Page Postal Letter,1-Page Postal Dispatch,"Namaskar,

When green leaf trucks move from field divisions to the factory at Namdang, what percentage difference are you typically seeing between the field scale and factory weighbridge?

Most independent estates in Charaideo tell us they only catch leaf discrepancies and proxy hazira 10 to 14 days later when the fortnightly muster roll reaches the office.

Are you able to see your daily leaf reconciliation and worker count on your phone before the evening shift, or is your team still compiling it on paper?"
Assam,NAPUK TE,Organized Estate,No,NAPUK TE,Charaideo,Organized Plantation,,,,No,,Charaideo,"Charaideo, Assam",Uncertain / Backlog,Tier 3,2,No email listed (paper-dominant),Low signal density,1-Page Postal Letter,1-Page Postal Dispatch,"Namaskar,

When green leaf trucks move from field divisions to the factory at Napuk Te, what percentage difference are you typically seeing between the field scale and factory weighbridge?

Most independent estates in Charaideo tell us they only catch leaf discrepancies and proxy hazira 10 to 14 days later when the fortnightly muster roll reaches the office.

Are you able to see your daily leaf reconciliation and worker count on your phone before the evening shift, or is your team still compiling it on paper?"
Assam,SHREELUXMI TEA ESTATE,Organized Estate,No,SHREELUXMI TEA ESTATE,Charaideo,Organized Plantation,,,,No,,Charaideo,"Charaideo, Assam",Disqualified,Disqualified,2,No email listed (paper-dominant),Conglomerate keyword match (LUXMI TEA),1-Page Postal Letter,1-Page Postal Dispatch,"Namaskar,

When green leaf trucks move from field divisions to the factory at Shreeluxmi Tea Estate, what percentage difference are you typically seeing between the field scale and factory weighbridge?

Most independent estates in Charaideo tell us they only catch leaf discrepancies and proxy hazira 10 to 14 days later when the fortnightly muster roll reaches the office.

Are you able to see your daily leaf reconciliation and worker count on your phone before the evening shift, or is your team still compiling it on paper?"
Assam,SHANTIPUR,Organized Estate,No,SHANTIPUR,Charaideo,Organized Plantation,,,,No,,Charaideo,"Charaideo, Assam",Uncertain / Backlog,Tier 3,2,No email listed (paper-dominant),Low signal density,1-Page Postal Letter,1-Page Postal Dispatch,"Namaskar,

When green leaf trucks move from field divisions to the factory at Shantipur, what percentage difference are you typically seeing between the field scale and factory weighbridge?

Most independent estates in Charaideo tell us they only catch leaf discrepancies and proxy hazira 10 to 14 days later when the fortnightly muster roll reaches the office.

Are you able to see your daily leaf reconciliation and worker count on your phone before the evening shift, or is your team still compiling it on paper?"
Assam,SARUMATHURA TE,Organized Estate,No,SARUMATHURA TE,Charaideo,Organized Plantation,,,,No,,Charaideo,"Charaideo, Assam",Uncertain / Backlog,Tier 3,2,No email listed (paper-dominant),Low signal density,1-Page Postal Letter,1-Page Postal Dispatch,"Namaskar,

When green leaf trucks move from field divisions to the factory at Sarumathura Te, what percentage difference are you typically seeing between the field scale and factory weighbridge?

Most independent estates in Charaideo tell us they only catch leaf discrepancies and proxy hazira 10 to 14 days later when the fortnightly muster roll reaches the office.

Are you able to see your daily leaf reconciliation and worker count on your phone before the evening shift, or is your team still compiling it on paper?"
Assam,SALKATHONI,Organized Estate,No,SALKATHONI,Charaideo,Organized Plantation,,,,No,,Charaideo,"Charaideo, Assam",Uncertain / Backlog,Tier 3,2,No email listed (paper-dominant),Low signal density,1-Page Postal Letter,1-Page Postal Dispatch,"Namaskar,

When green leaf trucks move from field divisions to the factory at Salkathoni, what percentage difference are you typically seeing between the field scale and factory weighbridge?

Most independent estates in Charaideo tell us they only catch leaf discrepancies and proxy hazira 10 to 14 days later when the fortnightly muster roll reaches the office.

Are you able to see your daily leaf reconciliation and worker count on your phone before the evening shift, or is your team still compiling it on paper?"
Assam,RATANPUR TE,Organized Estate,No,RATANPUR TE,Charaideo,Organized Plantation,,,,No,,Charaideo,"Charaideo, Assam",Uncertain / Backlog,Tier 3,2,No email listed (paper-dominant),Low signal density,1-Page Postal Letter,1-Page Postal Dispatch,"Namaskar,

When green leaf trucks move from field divisions to the factory at Ratanpur Te, what percentage difference are you typically seeing between the field scale and factory weighbridge?

Most independent estates in Charaideo tell us they only catch leaf discrepancies and proxy hazira 10 to 14 days later when the fortnightly muster roll reaches the office.

Are you able to see your daily leaf reconciliation and worker count on your phone before the evening shift, or is your team still compiling it on paper?"
Assam,RANGCHALLI,Organized Estate,No,RANGCHALLI,Charaideo,Organized Plantation,,,,No,,Charaideo,"Charaideo, Assam",Uncertain / Backlog,Tier 3,2,No email listed (paper-dominant),Low signal density,1-Page Postal Letter,1-Page Postal Dispatch,"Namaskar,

When green leaf trucks move from field divisions to the factory at Rangchalli, what percentage difference are you typically seeing between the field scale and factory weighbridge?

Most independent estates in Charaideo tell us they only catch leaf discrepancies and proxy hazira 10 to 14 days later when the fortnightly muster roll reaches the office.

Are you able to see your daily leaf reconciliation and worker count on your phone before the evening shift, or is your team still compiling it on paper?"
Assam,RAIDANG,Organized Estate,No,RAIDANG,Charaideo,Organized Plantation,,,,No,,Charaideo,"Charaideo, Assam",Uncertain / Backlog,Tier 3,2,No email listed (paper-dominant),Low signal density,1-Page Postal Letter,1-Page Postal Dispatch,"Namaskar,

When green leaf trucks move from field divisions to the factory at Raidang, what percentage difference are you typically seeing between the field scale and factory weighbridge?

Most independent estates in Charaideo tell us they only catch leaf discrepancies and proxy hazira 10 to 14 days later when the fortnightly muster roll reaches the office.

Are you able to see your daily leaf reconciliation and worker count on your phone before the evening shift, or is your team still compiling it on paper?"
Assam,RONGBARI,Organized Estate,No,RONGBARI,Charaideo,Organized Plantation,,,,No,,Charaideo,"Charaideo, Assam",Uncertain / Backlog,Tier 3,2,No email listed (paper-dominant),Low signal density,1-Page Postal Letter,1-Page Postal Dispatch,"Namaskar,

When green leaf trucks move from field divisions to the factory at Rongbari, what percentage difference are you typically seeing between the field scale and factory weighbridge?

Most independent estates in Charaideo tell us they only catch leaf discrepancies and proxy hazira 10 to 14 days later when the fortnightly muster roll reaches the office.

Are you able to see your daily leaf reconciliation and worker count on your phone before the evening shift, or is your team still compiling it on paper?"
Assam,OUGURIJAN,Organized Estate,No,OUGURIJAN,Charaideo,Organized Plantation,,,,No,,Charaideo,"Charaideo, Assam",Uncertain / Backlog,Tier 3,2,No email listed (paper-dominant),Low signal density,1-Page Postal Letter,1-Page Postal Dispatch,"Namaskar,

When green leaf trucks move from field divisions to the factory at Ougurijan, what percentage difference are you typically seeing between the field scale and factory weighbridge?

Most independent estates in Charaideo tell us they only catch leaf discrepancies and proxy hazira 10 to 14 days later when the fortnightly muster roll reaches the office.

Are you able to see your daily leaf reconciliation and worker count on your phone before the evening shift, or is your team still compiling it on paper?"
Assam,SUFFRY TEA ESTATE Q,Organized Estate,No,SUFFRY TEA ESTATE Q,Charaideo,Organized Plantation,,,,No,,Charaideo,"Charaideo, Assam",Uncertain / Backlog,Tier 3,2,No email listed (paper-dominant),Low signal density,1-Page Postal Letter,1-Page Postal Dispatch,"Namaskar,

When green leaf trucks move from field divisions to the factory at Suffry Tea Estate Q, what percentage difference are you typically seeing between the field scale and factory weighbridge?

Most independent estates in Charaideo tell us they only catch leaf discrepancies and proxy hazira 10 to 14 days later when the fortnightly muster roll reaches the office.

Are you able to see your daily leaf reconciliation and worker count on your phone before the evening shift, or is your team still compiling it on paper?"
Assam,SUNDARPUR TEA ESTATE,Organized Estate,No,SUNDARPUR TEA ESTATE,Charaideo,Organized Plantation,,,,No,,Charaideo,"Charaideo, Assam",Uncertain / Backlog,Tier 3,2,No email listed (paper-dominant),Low signal density,1-Page Postal Letter,1-Page Postal Dispatch,"Namaskar,

When green leaf trucks move from field divisions to the factory at Sundarpur Tea Estate, what percentage difference are you typically seeing between the field scale and factory weighbridge?

Most independent estates in Charaideo tell us they only catch leaf discrepancies and proxy hazira 10 to 14 days later when the fortnightly muster roll reaches the office.

Are you able to see your daily leaf reconciliation and worker count on your phone before the evening shift, or is your team still compiling it on paper?"
Assam,SUNTOK TEA ESTATE,Organized Estate,No,SUNTOK TEA ESTATE,Charaideo,Organized Plantation,,,,No,,Charaideo,"Charaideo, Assam",Uncertain / Backlog,Tier 3,2,No email listed (paper-dominant),Low signal density,1-Page Postal Letter,1-Page Postal Dispatch,"Namaskar,

When green leaf trucks move from field divisions to the factory at Suntok Tea Estate, what percentage difference are you typically seeing between the field scale and factory weighbridge?

Most independent estates in Charaideo tell us they only catch leaf discrepancies and proxy hazira 10 to 14 days later when the fortnightly muster roll reaches the office.

Are you able to see your daily leaf reconciliation and worker count on your phone before the evening shift, or is your team still compiling it on paper?"
Assam,TAIRAI,Organized Estate,No,TAIRAI,Charaideo,Organized Plantation,,,,No,,Charaideo,"Charaideo, Assam",Uncertain / Backlog,Tier 3,2,No email listed (paper-dominant),Low signal density,1-Page Postal Letter,1-Page Postal Dispatch,"Namaskar,

When green leaf trucks move from field divisions to the factory at Tairai, what percentage difference are you typically seeing between the field scale and factory weighbridge?

Most independent estates in Charaideo tell us they only catch leaf discrepancies and proxy hazira 10 to 14 days later when the fortnightly muster roll reaches the office.

Are you able to see your daily leaf reconciliation and worker count on your phone before the evening shift, or is your team still compiling it on paper?"
Assam,SOONITPUR TEA ESTATE,Organized Estate,No,SOONITPUR TEA ESTATE,Charaideo,Organized Plantation,,,,No,,Charaideo,"Charaideo, Assam",Uncertain / Backlog,Tier 3,2,No email listed (paper-dominant),Low signal density,1-Page Postal Letter,1-Page Postal Dispatch,"Namaskar,

When green leaf trucks move from field divisions to the factory at Soonitpur Tea Estate, what percentage difference are you typically seeing between the field scale and factory weighbridge?

Most independent estates in Charaideo tell us they only catch leaf discrepancies and proxy hazira 10 to 14 days later when the fortnightly muster roll reaches the office.

Are you able to see your daily leaf reconciliation and worker count on your phone before the evening shift, or is your team still compiling it on paper?"
Assam,SONARIE,Organized Estate,No,SONARIE,Charaideo,Organized Plantation,,,,No,,Charaideo,"Charaideo, Assam",Uncertain / Backlog,Tier 3,2,No email listed (paper-dominant),Low signal density,1-Page Postal Letter,1-Page Postal Dispatch,"Namaskar,

When green leaf trucks move from field divisions to the factory at Sonarie, what percentage difference are you typically seeing between the field scale and factory weighbridge?

Most independent estates in Charaideo tell us they only catch leaf discrepancies and proxy hazira 10 to 14 days later when the fortnightly muster roll reaches the office.

Are you able to see your daily leaf reconciliation and worker count on your phone before the evening shift, or is your team still compiling it on paper?"
Assam,TINGALIBAM T.E,Organized Estate,No,TINGALIBAM T.E,Charaideo,Organized Plantation,,,,No,,Charaideo,"Charaideo, Assam",Uncertain / Backlog,Tier 3,2,No email listed (paper-dominant),Low signal density,1-Page Postal Letter,1-Page Postal Dispatch,"Namaskar,

When green leaf trucks move from field divisions to the factory at Tingalibam T.E, what percentage difference are you typically seeing between the field scale and factory weighbridge?

Most independent estates in Charaideo tell us they only catch leaf discrepancies and proxy hazira 10 to 14 days later when the fortnightly muster roll reaches the office.

Are you able to see your daily leaf reconciliation and worker count on your phone before the evening shift, or is your team still compiling it on paper?"
Assam,TIMON TE,Organized Estate,No,TIMON TE,Charaideo,Organized Plantation,,,,No,,Charaideo,"Charaideo, Assam",Uncertain / Backlog,Tier 3,2,No email listed (paper-dominant),Low signal density,1-Page Postal Letter,1-Page Postal Dispatch,"Namaskar,

When green leaf trucks move from field divisions to the factory at Timon Te, what percentage difference are you typically seeing between the field scale and factory weighbridge?

Most independent estates in Charaideo tell us they only catch leaf discrepancies and proxy hazira 10 to 14 days later when the fortnightly muster roll reaches the office.

Are you able to see your daily leaf reconciliation and worker count on your phone before the evening shift, or is your team still compiling it on paper?"
Assam,TONGANI TEA ESTATE,Organized Estate,No,TONGANI TEA ESTATE,Darrang,Organized Plantation,,,,No,,Darrang,"Darrang, Assam",Uncertain / Backlog,Tier 3,2,No email listed (paper-dominant),Low signal density,1-Page Postal Letter,1-Page Postal Dispatch,"Namaskar,

When green leaf trucks move from field divisions to the factory at Tongani Tea Estate, what percentage difference are you typically seeing between the field scale and factory weighbridge?

Most independent estates in Darrang tell us they only catch leaf discrepancies and proxy hazira 10 to 14 days later when the fortnightly muster roll reaches the office.

Are you able to see your daily leaf reconciliation and worker count on your phone before the evening shift, or is your team still compiling it on paper?"
Assam,CHIKONMATI,Organized Estate,No,CHIKONMATI,Darrang,Organized Plantation,,,,No,,Darrang,"Darrang, Assam",Uncertain / Backlog,Tier 3,2,No email listed (paper-dominant),Low signal density,1-Page Postal Letter,1-Page Postal Dispatch,"Namaskar,

When green leaf trucks move from field divisions to the factory at Chikonmati, what percentage difference are you typically seeing between the field scale and factory weighbridge?

Most independent estates in Darrang tell us they only catch leaf discrepancies and proxy hazira 10 to 14 days later when the fortnightly muster roll reaches the office.

Are you able to see your daily leaf reconciliation and worker count on your phone before the evening shift, or is your team still compiling it on paper?"
Assam,BARGARA,Organized Estate,No,BARGARA,Darrang,Organized Plantation,,,,No,,Darrang,"Darrang, Assam",Uncertain / Backlog,Tier 3,2,No email listed (paper-dominant),Low signal density,1-Page Postal Letter,1-Page Postal Dispatch,"Namaskar,

When green leaf trucks move from field divisions to the factory at Bargara, what percentage difference are you typically seeing between the field scale and factory weighbridge?

Most independent estates in Darrang tell us they only catch leaf discrepancies and proxy hazira 10 to 14 days later when the fortnightly muster roll reaches the office.

Are you able to see your daily leaf reconciliation and worker count on your phone before the evening shift, or is your team still compiling it on paper?"
Assam,CHOIBARI TEA ESTATE,Organized Estate,No,CHOIBARI TEA ESTATE,Dhubri,Organized Plantation,,,,No,,Dhubri,"Dhubri, Assam",Disqualified,Disqualified,2,No email listed (paper-dominant),Current GardenSuite client (CHOIBARI),1-Page Postal Letter,1-Page Postal Dispatch,"Namaskar,

When green leaf trucks move from field divisions to the factory at Choibari Tea Estate, what percentage difference are you typically seeing between the field scale and factory weighbridge?

Most independent estates in Dhubri tell us they only catch leaf discrepancies and proxy hazira 10 to 14 days later when the fortnightly muster roll reaches the office.

Are you able to see your daily leaf reconciliation and worker count on your phone before the evening shift, or is your team still compiling it on paper?"
Assam,CHAPAR,Organized Estate,No,CHAPAR,Dhubri,Organized Plantation,,,,No,,Dhubri,"Dhubri, Assam",Disqualified,Disqualified,2,No email listed (paper-dominant),Current GardenSuite client (CHAPAR),1-Page Postal Letter,1-Page Postal Dispatch,"Namaskar,

When green leaf trucks move from field divisions to the factory at Chapar, what percentage difference are you typically seeing between the field scale and factory weighbridge?

Most independent estates in Dhubri tell us they only catch leaf discrepancies and proxy hazira 10 to 14 days later when the fortnightly muster roll reaches the office.

Are you able to see your daily leaf reconciliation and worker count on your phone before the evening shift, or is your team still compiling it on paper?"
Assam,KRISHNAKALI TEA ESTATE,Organized Estate,No,KRISHNAKALI TEA ESTATE,Dhubri,Organized Plantation,,,,No,,Dhubri,"Dhubri, Assam",Uncertain / Backlog,Tier 3,2,No email listed (paper-dominant),Low signal density,1-Page Postal Letter,1-Page Postal Dispatch,"Namaskar,

When green leaf trucks move from field divisions to the factory at Krishnakali Tea Estate, what percentage difference are you typically seeing between the field scale and factory weighbridge?

Most independent estates in Dhubri tell us they only catch leaf discrepancies and proxy hazira 10 to 14 days later when the fortnightly muster roll reaches the office.

Are you able to see your daily leaf reconciliation and worker count on your phone before the evening shift, or is your team still compiling it on paper?"
Assam,"MOHMORA UNIT-II, DEKHARI TEA ESTATE, C/O MAYUR PLANTATION",Organized Estate,No,"MOHMORA UNIT-II, DEKHARI TEA ESTATE, C/O MAYUR PLANTATION",Dibrugarh,Organized Plantation,,,,No,,Dibrugarh,"Dibrugarh, Assam",Uncertain / Backlog,Tier 3,3,No email listed (paper-dominant) | Dibrugarh HQ,Low signal density,1-Page Postal Letter,1-Page Postal Dispatch,"Namaskar,

When green leaf trucks move from field divisions to the factory at Mohmora Unit-Ii, Dekhari Tea Estate, C/O Mayur Plantation, what percentage difference are you typically seeing between the field scale and factory weighbridge?

Most independent estates in Dibrugarh tell us they only catch leaf discrepancies and proxy hazira 10 to 14 days later when the fortnightly muster roll reaches the office.

Are you able to see your daily leaf reconciliation and worker count on your phone before the evening shift, or is your team still compiling it on paper?"
Assam,KORANGANI,Organized Estate,No,KORANGANI,Dibrugarh,Organized Plantation,,,,No,,Dibrugarh,"Dibrugarh, Assam",Uncertain / Backlog,Tier 3,3,No email listed (paper-dominant) | Dibrugarh HQ,Low signal density,1-Page Postal Letter,1-Page Postal Dispatch,"Namaskar,

When green leaf trucks move from field divisions to the factory at Korangani, what percentage difference are you typically seeing between the field scale and factory weighbridge?

Most independent estates in Dibrugarh tell us they only catch leaf discrepancies and proxy hazira 10 to 14 days later when the fortnightly muster roll reaches the office.

Are you able to see your daily leaf reconciliation and worker count on your phone before the evening shift, or is your team still compiling it on paper?"
Assam,LAHOALBARI,Organized Estate,No,LAHOALBARI,Dibrugarh,Organized Plantation,,,,No,,Dibrugarh,"Dibrugarh, Assam",Uncertain / Backlog,Tier 3,3,No email listed (paper-dominant) | Dibrugarh HQ,Low signal density,1-Page Postal Letter,1-Page Postal Dispatch,"Namaskar,

When green leaf trucks move from field divisions to the factory at Lahoalbari, what percentage difference are you typically seeing between the field scale and factory weighbridge?

Most independent estates in Dibrugarh tell us they only catch leaf discrepancies and proxy hazira 10 to 14 days later when the fortnightly muster roll reaches the office.

Are you able to see your daily leaf reconciliation and worker count on your phone before the evening shift, or is your team still compiling it on paper?"
Assam,LENGRAI,Organized Estate,No,LENGRAI,Dibrugarh,Organized Plantation,,,,No,,Dibrugarh,"Dibrugarh, Assam",Uncertain / Backlog,Tier 3,3,No email listed (paper-dominant) | Dibrugarh HQ,Low signal density,1-Page Postal Letter,1-Page Postal Dispatch,"Namaskar,

When green leaf trucks move from field divisions to the factory at Lengrai, what percentage difference are you typically seeing between the field scale and factory weighbridge?

Most independent estates in Dibrugarh tell us they only catch leaf discrepancies and proxy hazira 10 to 14 days later when the fortnightly muster roll reaches the office.

Are you able to see your daily leaf reconciliation and worker count on your phone before the evening shift, or is your team still compiling it on paper?"
Assam,LEPETKATTA,Organized Estate,No,McLeod Russel India Limited,Dibrugarh,Organized Plantation,,,,No,,Kolkata,"Four Mangoe Lane, Surendra Mohan Ghosh Sarani, Kolkata 700001",Disqualified,Disqualified,3,No email listed (paper-dominant) | Kolkata HQ,Conglomerate keyword match (MCLEOD RUSSEL),1-Page Postal Letter,1-Page Postal Dispatch,"Namaskar,

When green leaf trucks move from field divisions to the factory at Lepetkatta, what percentage difference are you typically seeing between the field scale and factory weighbridge?

Most independent estates in Dibrugarh tell us they only catch leaf discrepancies and proxy hazira 10 to 14 days later when the fortnightly muster roll reaches the office.

Are you able to see your daily leaf reconciliation and worker count on your phone before the evening shift, or is your team still compiling it on paper?"
Assam,MAHABIR,Organized Estate,No,MAHABIR,Dibrugarh,Organized Plantation,,,,No,,Dibrugarh,"Dibrugarh, Assam",Uncertain / Backlog,Tier 3,3,No email listed (paper-dominant) | Dibrugarh HQ,Low signal density,1-Page Postal Letter,1-Page Postal Dispatch,"Namaskar,

When green leaf trucks move from field divisions to the factory at Mahabir, what percentage difference are you typically seeing between the field scale and factory weighbridge?

Most independent estates in Dibrugarh tell us they only catch leaf discrepancies and proxy hazira 10 to 14 days later when the fortnightly muster roll reaches the office.

Are you able to see your daily leaf reconciliation and worker count on your phone before the evening shift, or is your team still compiling it on paper?"
Assam,MAIJAN T E,Organized Estate,No,Assam Company India Limited (BRS Group),Dibrugarh,Organized Plantation,,,,No,,Guwahati,"Greenwood Tea Estate, Dibrugarh / GS Road Guwahati",Disqualified,Disqualified,3,No email listed (paper-dominant) | Guwahati HQ,Conglomerate keyword match (ASSAM COMPANY),1-Page Postal Letter,1-Page Postal Dispatch,"Namaskar,

When green leaf trucks move from field divisions to the factory at Maijan T E, what percentage difference are you typically seeing between the field scale and factory weighbridge?

Most independent estates in Dibrugarh tell us they only catch leaf discrepancies and proxy hazira 10 to 14 days later when the fortnightly muster roll reaches the office.

Are you able to see your daily leaf reconciliation and worker count on your phone before the evening shift, or is your team still compiling it on paper?"
Assam,MANABARI,Organized Estate,No,MANABARI,Dibrugarh,Organized Plantation,,,,No,,Dibrugarh,"Dibrugarh, Assam",Uncertain / Backlog,Tier 3,3,No email listed (paper-dominant) | Dibrugarh HQ,Low signal density,1-Page Postal Letter,1-Page Postal Dispatch,"Namaskar,

When green leaf trucks move from field divisions to the factory at Manabari, what percentage difference are you typically seeing between the field scale and factory weighbridge?

Most independent estates in Dibrugarh tell us they only catch leaf discrepancies and proxy hazira 10 to 14 days later when the fortnightly muster roll reaches the office.

Are you able to see your daily leaf reconciliation and worker count on your phone before the evening shift, or is your team still compiling it on paper?"
Assam,MAUD TEA ESTATE,Organized Estate,No,MAUD TEA ESTATE,Dibrugarh,Organized Plantation,,,,No,,Dibrugarh,"Dibrugarh, Assam",Uncertain / Backlog,Tier 3,3,No email listed (paper-dominant) | Dibrugarh HQ,Low signal density,1-Page Postal Letter,1-Page Postal Dispatch,"Namaskar,

When green leaf trucks move from field divisions to the factory at Maud Tea Estate, what percentage difference are you typically seeing between the field scale and factory weighbridge?

Most independent estates in Dibrugarh tell us they only catch leaf discrepancies and proxy hazira 10 to 14 days later when the fortnightly muster roll reaches the office.

Are you able to see your daily leaf reconciliation and worker count on your phone before the evening shift, or is your team still compiling it on paper?"
Assam,MADHUTING TEA ESTATE,Organized Estate,No,MADHUTING TEA ESTATE,Dibrugarh,Organized Plantation,,8876321148,8876321148,Yes,,Dibrugarh,"Dibrugarh, Assam",Uncertain / Backlog,Tier 3,3,No email listed (paper-dominant) | Dibrugarh HQ,Low signal density,WhatsApp / Phone,WhatsApp / Call + 1-Page Postal Dispatch,"Namaskar,

When green leaf trucks move from field divisions to the factory at Madhuting Tea Estate, what percentage difference are you typically seeing between the field scale and factory weighbridge?

Most independent estates in Dibrugarh tell us they only catch leaf discrepancies and proxy hazira 10 to 14 days later when the fortnightly muster roll reaches the office.

Are you able to see your daily leaf reconciliation and worker count on your phone before the evening shift, or is your team still compiling it on paper?"
Assam,MADHUBAN,Organized Estate,No,MADHUBAN,Dibrugarh,Organized Plantation,,9707897688,9707897688,Yes,,Dibrugarh,"Dibrugarh, Assam",Uncertain / Backlog,Tier 3,3,No email listed (paper-dominant) | Dibrugarh HQ,Low signal density,WhatsApp / Phone,WhatsApp / Call + 1-Page Postal Dispatch,"Namaskar,

When green leaf trucks move from field divisions to the factory at Madhuban, what percentage difference are you typically seeing between the field scale and factory weighbridge?

Most independent estates in Dibrugarh tell us they only catch leaf discrepancies and proxy hazira 10 to 14 days later when the fortnightly muster roll reaches the office.

Are you able to see your daily leaf reconciliation and worker count on your phone before the evening shift, or is your team still compiling it on paper?"
Assam,MAHABIRBARI,Organized Estate,No,MAHABIRBARI,Dibrugarh,Organized Plantation,,,,No,,Dibrugarh,"Dibrugarh, Assam",Uncertain / Backlog,Tier 3,3,No email listed (paper-dominant) | Dibrugarh HQ,Low signal density,1-Page Postal Letter,1-Page Postal Dispatch,"Namaskar,

When green leaf trucks move from field divisions to the factory at Mahabirbari, what percentage difference are you typically seeing between the field scale and factory weighbridge?

Most independent estates in Dibrugarh tell us they only catch leaf discrepancies and proxy hazira 10 to 14 days later when the fortnightly muster roll reaches the office.

Are you able to see your daily leaf reconciliation and worker count on your phone before the evening shift, or is your team still compiling it on paper?"
Assam,MANCOTTA,Organized Estate,No,MANCOTTA,Dibrugarh,Organized Plantation,,,,No,,Dibrugarh,"Dibrugarh, Assam",Uncertain / Backlog,Tier 3,3,No email listed (paper-dominant) | Dibrugarh HQ,Low signal density,1-Page Postal Letter,1-Page Postal Dispatch,"Namaskar,

When green leaf trucks move from field divisions to the factory at Mancotta, what percentage difference are you typically seeing between the field scale and factory weighbridge?

Most independent estates in Dibrugarh tell us they only catch leaf discrepancies and proxy hazira 10 to 14 days later when the fortnightly muster roll reaches the office.

Are you able to see your daily leaf reconciliation and worker count on your phone before the evening shift, or is your team still compiling it on paper?"
Assam,MADARKHAT,Organized Estate,No,MADARKHAT,Dibrugarh,Organized Plantation,,,,No,,Dibrugarh,"Dibrugarh, Assam",Uncertain / Backlog,Tier 3,3,No email listed (paper-dominant) | Dibrugarh HQ,Low signal density,1-Page Postal Letter,1-Page Postal Dispatch,"Namaskar,

When green leaf trucks move from field divisions to the factory at Madarkhat, what percentage difference are you typically seeing between the field scale and factory weighbridge?

Most independent estates in Dibrugarh tell us they only catch leaf discrepancies and proxy hazira 10 to 14 days later when the fortnightly muster roll reaches the office.

Are you able to see your daily leaf reconciliation and worker count on your phone before the evening shift, or is your team still compiling it on paper?"
Assam,KHOWANG,Organized Estate,No,Andrew Yule & Company Limited (Govt of India),Dibrugarh,Organized Plantation,,,,No,,Kolkata,"Yule House, 8 Dr. Rajendra Prasad Sarani, Kolkata 700001",Disqualified,Disqualified,3,No email listed (paper-dominant) | Kolkata HQ,Conglomerate keyword match (ANDREW YULE),1-Page Postal Letter,1-Page Postal Dispatch,"Namaskar,

When green leaf trucks move from field divisions to the factory at Khowang, what percentage difference are you typically seeing between the field scale and factory weighbridge?

Most independent estates in Dibrugarh tell us they only catch leaf discrepancies and proxy hazira 10 to 14 days later when the fortnightly muster roll reaches the office.

Are you able to see your daily leaf reconciliation and worker count on your phone before the evening shift, or is your team still compiling it on paper?"
Assam,KHARJAN TEA ESTATE,Organized Estate,No,Apeejay Tea Limited (Assam Frontier),Dibrugarh,Organized Plantation,,,,No,,Kolkata,"Apeejay House, 15 Park Street, Kolkata 700016",Disqualified,Disqualified,3,No email listed (paper-dominant) | Kolkata HQ,Conglomerate keyword match (APEEJAY),1-Page Postal Letter,1-Page Postal Dispatch,"Namaskar,

When green leaf trucks move from field divisions to the factory at Kharjan Tea Estate, what percentage difference are you typically seeing between the field scale and factory weighbridge?

Most independent estates in Dibrugarh tell us they only catch leaf discrepancies and proxy hazira 10 to 14 days later when the fortnightly muster roll reaches the office.

Are you able to see your daily leaf reconciliation and worker count on your phone before the evening shift, or is your team still compiling it on paper?"
Assam,KHANIKAR,Organized Estate,No,KHANIKAR,Dibrugarh,Organized Plantation,,,,No,,Dibrugarh,"Dibrugarh, Assam",Uncertain / Backlog,Tier 3,3,No email listed (paper-dominant) | Dibrugarh HQ,Low signal density,1-Page Postal Letter,1-Page Postal Dispatch,"Namaskar,

When green leaf trucks move from field divisions to the factory at Khanikar, what percentage difference are you typically seeing between the field scale and factory weighbridge?

Most independent estates in Dibrugarh tell us they only catch leaf discrepancies and proxy hazira 10 to 14 days later when the fortnightly muster roll reaches the office.

Are you able to see your daily leaf reconciliation and worker count on your phone before the evening shift, or is your team still compiling it on paper?"
Assam,KAMAKHYA CHA BAGICHA,Organized Estate,No,KAMAKHYA CHA BAGICHA,Dibrugarh,Organized Plantation,,,,No,,Dibrugarh,"Dibrugarh, Assam",Uncertain / Backlog,Tier 3,3,No email listed (paper-dominant) | Dibrugarh HQ,Low signal density,1-Page Postal Letter,1-Page Postal Dispatch,"Namaskar,

When green leaf trucks move from field divisions to the factory at Kamakhya Cha Bagicha, what percentage difference are you typically seeing between the field scale and factory weighbridge?

Most independent estates in Dibrugarh tell us they only catch leaf discrepancies and proxy hazira 10 to 14 days later when the fortnightly muster roll reaches the office.

Are you able to see your daily leaf reconciliation and worker count on your phone before the evening shift, or is your team still compiling it on paper?"
Assam,KENDUGURI,Organized Estate,No,KENDUGURI,Dibrugarh,Organized Plantation,,,,No,,Dibrugarh,"Dibrugarh, Assam",Uncertain / Backlog,Tier 3,3,No email listed (paper-dominant) | Dibrugarh HQ,Low signal density,1-Page Postal Letter,1-Page Postal Dispatch,"Namaskar,

When green leaf trucks move from field divisions to the factory at Kenduguri, what percentage difference are you typically seeing between the field scale and factory weighbridge?

Most independent estates in Dibrugarh tell us they only catch leaf discrepancies and proxy hazira 10 to 14 days later when the fortnightly muster roll reaches the office.

Are you able to see your daily leaf reconciliation and worker count on your phone before the evening shift, or is your team still compiling it on paper?"
Assam,TRIVENI TEA ESTATE,Organized Estate,No,TRIVENI TEA ESTATE,Dibrugarh,Organized Plantation,,9435532002,9435532002,Yes,,Dibrugarh,"Dibrugarh, Assam",Uncertain / Backlog,Tier 3,3,No email listed (paper-dominant) | Dibrugarh HQ,Low signal density,WhatsApp / Phone,WhatsApp / Call + 1-Page Postal Dispatch,"Namaskar,

When green leaf trucks move from field divisions to the factory at Triveni Tea Estate, what percentage difference are you typically seeing between the field scale and factory weighbridge?

Most independent estates in Dibrugarh tell us they only catch leaf discrepancies and proxy hazira 10 to 14 days later when the fortnightly muster roll reaches the office.

Are you able to see your daily leaf reconciliation and worker count on your phone before the evening shift, or is your team still compiling it on paper?"
Assam,KAILASHPUR TEA ESTATE,Organized Estate,No,KAILASHPUR TEA ESTATE,Dibrugarh,Organized Plantation,,,,No,,Dibrugarh,"Dibrugarh, Assam",Uncertain / Backlog,Tier 3,3,No email listed (paper-dominant) | Dibrugarh HQ,Low signal density,1-Page Postal Letter,1-Page Postal Dispatch,"Namaskar,

When green leaf trucks move from field divisions to the factory at Kailashpur Tea Estate, what percentage difference are you typically seeing between the field scale and factory weighbridge?

Most independent estates in Dibrugarh tell us they only catch leaf discrepancies and proxy hazira 10 to 14 days later when the fortnightly muster roll reaches the office.

Are you able to see your daily leaf reconciliation and worker count on your phone before the evening shift, or is your team still compiling it on paper?"
Assam,KALIAPANI,Organized Estate,No,Jainex Tea Company Private Limited,Dibrugarh,76.65,Pratap Kochar,7002201299,7002201299,Yes,svyas.jainex@gmail.com,Dibrugarh,Naharkatia Assam 786610,Disqualified,Disqualified,8,Consumer/ISP email (@gmail.com) | Mid-tier acreage sweet spot (76.65 Ha) | Dibrugarh HQ,Multi-garden group (3 gardens),WhatsApp / Phone,WhatsApp / Call + 1-Page Postal Dispatch + Email,"Namaskar Pratap-ji,

When green leaf trucks move from field divisions to the factory at Kaliapani, what percentage difference are you typically seeing between the field scale and factory weighbridge?

Most independent estates in Dibrugarh tell us they only catch leaf discrepancies and proxy hazira 10 to 14 days later when the fortnightly muster roll reaches the office.

Are you able to see your daily leaf reconciliation and worker count on your phone before the evening shift, or is your team still compiling it on paper?"
Assam,PRAKASH PRATISTHAN TEA ESTATE,Organized Estate,No,PRAKASH PRATISTHAN TEA ESTATE,Dibrugarh,Organized Plantation,,,,No,,Dibrugarh,"Dibrugarh, Assam",Uncertain / Backlog,Tier 3,3,No email listed (paper-dominant) | Dibrugarh HQ,Low signal density,1-Page Postal Letter,1-Page Postal Dispatch,"Namaskar,

When green leaf trucks move from field divisions to the factory at Prakash Pratisthan Tea Estate, what percentage difference are you typically seeing between the field scale and factory weighbridge?

Most independent estates in Dibrugarh tell us they only catch leaf discrepancies and proxy hazira 10 to 14 days later when the fortnightly muster roll reaches the office.

Are you able to see your daily leaf reconciliation and worker count on your phone before the evening shift, or is your team still compiling it on paper?"
Assam,HELENBARI TEA ESTATE,Organized Estate,No,HELENBARI TEA ESTATE,Dibrugarh,Organized Plantation,,,,No,,Dibrugarh,"Dibrugarh, Assam",Uncertain / Backlog,Tier 3,3,No email listed (paper-dominant) | Dibrugarh HQ,Low signal density,1-Page Postal Letter,1-Page Postal Dispatch,"Namaskar,

When green leaf trucks move from field divisions to the factory at Helenbari Tea Estate, what percentage difference are you typically seeing between the field scale and factory weighbridge?

Most independent estates in Dibrugarh tell us they only catch leaf discrepancies and proxy hazira 10 to 14 days later when the fortnightly muster roll reaches the office.

Are you able to see your daily leaf reconciliation and worker count on your phone before the evening shift, or is your team still compiling it on paper?"
Assam,KATHALGURI,Organized Estate,No,KATHALGURI,Dibrugarh,Organized Plantation,,8876321148,8876321148,Yes,,Dibrugarh,"Dibrugarh, Assam",Uncertain / Backlog,Tier 3,3,No email listed (paper-dominant) | Dibrugarh HQ,Low signal density,WhatsApp / Phone,WhatsApp / Call + 1-Page Postal Dispatch,"Namaskar,

When green leaf trucks move from field divisions to the factory at Kathalguri, what percentage difference are you typically seeing between the field scale and factory weighbridge?

Most independent estates in Dibrugarh tell us they only catch leaf discrepancies and proxy hazira 10 to 14 days later when the fortnightly muster roll reaches the office.

Are you able to see your daily leaf reconciliation and worker count on your phone before the evening shift, or is your team still compiling it on paper?"
Assam,KANJIBARI TEA ESTATE,Organized Estate,No,KANJIBARI TEA ESTATE,Dibrugarh,Organized Plantation,,,,No,,Dibrugarh,"Dibrugarh, Assam",Uncertain / Backlog,Tier 3,3,No email listed (paper-dominant) | Dibrugarh HQ,Low signal density,1-Page Postal Letter,1-Page Postal Dispatch,"Namaskar,

When green leaf trucks move from field divisions to the factory at Kanjibari Tea Estate, what percentage difference are you typically seeing between the field scale and factory weighbridge?

Most independent estates in Dibrugarh tell us they only catch leaf discrepancies and proxy hazira 10 to 14 days later when the fortnightly muster roll reaches the office.

Are you able to see your daily leaf reconciliation and worker count on your phone before the evening shift, or is your team still compiling it on paper?"
Assam,CHOWDUNG TEA ESTATE,Organized Estate,No,CHOWDUNG TEA ESTATE,Dibrugarh,Organized Plantation,,,,No,,Dibrugarh,"Dibrugarh, Assam",Uncertain / Backlog,Tier 3,3,No email listed (paper-dominant) | Dibrugarh HQ,Low signal density,1-Page Postal Letter,1-Page Postal Dispatch,"Namaskar,

When green leaf trucks move from field divisions to the factory at Chowdung Tea Estate, what percentage difference are you typically seeing between the field scale and factory weighbridge?

Most independent estates in Dibrugarh tell us they only catch leaf discrepancies and proxy hazira 10 to 14 days later when the fortnightly muster roll reaches the office.

Are you able to see your daily leaf reconciliation and worker count on your phone before the evening shift, or is your team still compiling it on paper?"
Assam,CHUBWA TEA ESTATE,Organized Estate,No,Amalgamated Plantations Private Limited (Tata),Dibrugarh,Organized Plantation,,,,No,,Guwahati,"1st Floor, GS Road, Christian Basti, Guwahati, Assam 781005",Disqualified,Disqualified,3,No email listed (paper-dominant) | Guwahati HQ,Conglomerate keyword match (AMALGAMATED PLANTATIONS),1-Page Postal Letter,1-Page Postal Dispatch,"Namaskar,

When green leaf trucks move from field divisions to the factory at Chubwa Tea Estate, what percentage difference are you typically seeing between the field scale and factory weighbridge?

Most independent estates in Dibrugarh tell us they only catch leaf discrepancies and proxy hazira 10 to 14 days later when the fortnightly muster roll reaches the office.

Are you able to see your daily leaf reconciliation and worker count on your phone before the evening shift, or is your team still compiling it on paper?"
Assam,DESAM TEA ESTATE,Organized Estate,No,DESAM TEA ESTATE,Dibrugarh,Organized Plantation,,,,No,,Dibrugarh,"Dibrugarh, Assam",Uncertain / Backlog,Tier 3,3,No email listed (paper-dominant) | Dibrugarh HQ,Low signal density,1-Page Postal Letter,1-Page Postal Dispatch,"Namaskar,

When green leaf trucks move from field divisions to the factory at Desam Tea Estate, what percentage difference are you typically seeing between the field scale and factory weighbridge?

Most independent estates in Dibrugarh tell us they only catch leaf discrepancies and proxy hazira 10 to 14 days later when the fortnightly muster roll reaches the office.

Are you able to see your daily leaf reconciliation and worker count on your phone before the evening shift, or is your team still compiling it on paper?"
Assam,ESSEL BIO RESEARCH PLANTATION (DEKHARI),Organized Estate,No,ESSEL BIO RESEARCH PLANTATION (DEKHARI),Dibrugarh,Organized Plantation,,,,No,,Dibrugarh,"Dibrugarh, Assam",Uncertain / Backlog,Tier 3,3,No email listed (paper-dominant) | Dibrugarh HQ,Low signal density,1-Page Postal Letter,1-Page Postal Dispatch,"Namaskar,

When green leaf trucks move from field divisions to the factory at Essel Bio Research Plantation (Dekhari), what percentage difference are you typically seeing between the field scale and factory weighbridge?

Most independent estates in Dibrugarh tell us they only catch leaf discrepancies and proxy hazira 10 to 14 days later when the fortnightly muster roll reaches the office.

Are you able to see your daily leaf reconciliation and worker count on your phone before the evening shift, or is your team still compiling it on paper?"
Assam,BIJLI BARI TEA ESTATE,Organized Estate,No,BIJLI BARI TEA ESTATE,Dibrugarh,Organized Plantation,,8133949296,8133949296,Yes,,Dibrugarh,"Dibrugarh, Assam",Uncertain / Backlog,Tier 3,3,No email listed (paper-dominant) | Dibrugarh HQ,Low signal density,WhatsApp / Phone,WhatsApp / Call + 1-Page Postal Dispatch,"Namaskar,

When green leaf trucks move from field divisions to the factory at Bijli Bari Tea Estate, what percentage difference are you typically seeing between the field scale and factory weighbridge?

Most independent estates in Dibrugarh tell us they only catch leaf discrepancies and proxy hazira 10 to 14 days later when the fortnightly muster roll reaches the office.

Are you able to see your daily leaf reconciliation and worker count on your phone before the evening shift, or is your team still compiling it on paper?"
Assam,BORBOROOAH TEA ESTATE,Organized Estate,No,Assam Company India Limited (BRS Group),Dibrugarh,Organized Plantation,,,,No,,Guwahati,"Greenwood Tea Estate, Dibrugarh / GS Road Guwahati",Disqualified,Disqualified,3,No email listed (paper-dominant) | Guwahati HQ,Conglomerate keyword match (ASSAM COMPANY),1-Page Postal Letter,1-Page Postal Dispatch,"Namaskar,

When green leaf trucks move from field divisions to the factory at Borborooah Tea Estate, what percentage difference are you typically seeing between the field scale and factory weighbridge?

Most independent estates in Dibrugarh tell us they only catch leaf discrepancies and proxy hazira 10 to 14 days later when the fortnightly muster roll reaches the office.

Are you able to see your daily leaf reconciliation and worker count on your phone before the evening shift, or is your team still compiling it on paper?"
Assam,BIPINBAG TEA ESTATE,Organized Estate,No,BIPINBAG TEA ESTATE,Dibrugarh,Organized Plantation,,6901259873,6901259873,Yes,,Dibrugarh,"Dibrugarh, Assam",Uncertain / Backlog,Tier 3,3,No email listed (paper-dominant) | Dibrugarh HQ,Low signal density,WhatsApp / Phone,WhatsApp / Call + 1-Page Postal Dispatch,"Namaskar,

When green leaf trucks move from field divisions to the factory at Bipinbag Tea Estate, what percentage difference are you typically seeing between the field scale and factory weighbridge?

Most independent estates in Dibrugarh tell us they only catch leaf discrepancies and proxy hazira 10 to 14 days later when the fortnightly muster roll reaches the office.

Are you able to see your daily leaf reconciliation and worker count on your phone before the evening shift, or is your team still compiling it on paper?"
Assam,BHAGATRAM TEA ESTATE,Organized Estate,No,BHAGATRAM TEA ESTATE,Dibrugarh,Organized Plantation,,,,No,,Dibrugarh,"Dibrugarh, Assam",Uncertain / Backlog,Tier 3,3,No email listed (paper-dominant) | Dibrugarh HQ,Low signal density,1-Page Postal Letter,1-Page Postal Dispatch,"Namaskar,

When green leaf trucks move from field divisions to the factory at Bhagatram Tea Estate, what percentage difference are you typically seeing between the field scale and factory weighbridge?

Most independent estates in Dibrugarh tell us they only catch leaf discrepancies and proxy hazira 10 to 14 days later when the fortnightly muster roll reaches the office.

Are you able to see your daily leaf reconciliation and worker count on your phone before the evening shift, or is your team still compiling it on paper?"
Assam,BALIMARA TEA ESTATE,Organized Estate,No,BALIMARA TEA ESTATE,Dibrugarh,Organized Plantation,,,,No,,Dibrugarh,"Dibrugarh, Assam",Uncertain / Backlog,Tier 3,3,No email listed (paper-dominant) | Dibrugarh HQ,Low signal density,1-Page Postal Letter,1-Page Postal Dispatch,"Namaskar,

When green leaf trucks move from field divisions to the factory at Balimara Tea Estate, what percentage difference are you typically seeing between the field scale and factory weighbridge?

Most independent estates in Dibrugarh tell us they only catch leaf discrepancies and proxy hazira 10 to 14 days later when the fortnightly muster roll reaches the office.

Are you able to see your daily leaf reconciliation and worker count on your phone before the evening shift, or is your team still compiling it on paper?"
Assam,BAUGHPARA,Organized Estate,No,BAUGHPARA,Dibrugarh,Organized Plantation,,,,No,,Dibrugarh,"Dibrugarh, Assam",Uncertain / Backlog,Tier 3,3,No email listed (paper-dominant) | Dibrugarh HQ,Low signal density,1-Page Postal Letter,1-Page Postal Dispatch,"Namaskar,

When green leaf trucks move from field divisions to the factory at Baughpara, what percentage difference are you typically seeing between the field scale and factory weighbridge?

Most independent estates in Dibrugarh tell us they only catch leaf discrepancies and proxy hazira 10 to 14 days later when the fortnightly muster roll reaches the office.

Are you able to see your daily leaf reconciliation and worker count on your phone before the evening shift, or is your team still compiling it on paper?"
Assam,BALIJAN(H) TEA ESTATE,Organized Estate,No,BALIJAN(H) TEA ESTATE,Dibrugarh,Organized Plantation,,,,No,,Dibrugarh,"Dibrugarh, Assam",Uncertain / Backlog,Tier 3,3,No email listed (paper-dominant) | Dibrugarh HQ,Low signal density,1-Page Postal Letter,1-Page Postal Dispatch,"Namaskar,

When green leaf trucks move from field divisions to the factory at Balijan(H) Tea Estate, what percentage difference are you typically seeing between the field scale and factory weighbridge?

Most independent estates in Dibrugarh tell us they only catch leaf discrepancies and proxy hazira 10 to 14 days later when the fortnightly muster roll reaches the office.

Are you able to see your daily leaf reconciliation and worker count on your phone before the evening shift, or is your team still compiling it on paper?"
Assam,BASMATIA TEA ESTATE,Organized Estate,No,Andrew Yule & Company Limited (Govt of India),Dibrugarh,Organized Plantation,,,,No,,Kolkata,"Yule House, 8 Dr. Rajendra Prasad Sarani, Kolkata 700001",Disqualified,Disqualified,3,No email listed (paper-dominant) | Kolkata HQ,Conglomerate keyword match (ANDREW YULE),1-Page Postal Letter,1-Page Postal Dispatch,"Namaskar,

When green leaf trucks move from field divisions to the factory at Basmatia Tea Estate, what percentage difference are you typically seeing between the field scale and factory weighbridge?

Most independent estates in Dibrugarh tell us they only catch leaf discrepancies and proxy hazira 10 to 14 days later when the fortnightly muster roll reaches the office.

Are you able to see your daily leaf reconciliation and worker count on your phone before the evening shift, or is your team still compiling it on paper?"
Assam,BARBARI TEA ESTATE,Organized Estate,No,BARBARI TEA ESTATE,Dibrugarh,Organized Plantation,,,,No,,Dibrugarh,"Dibrugarh, Assam",Uncertain / Backlog,Tier 3,3,No email listed (paper-dominant) | Dibrugarh HQ,Low signal density,1-Page Postal Letter,1-Page Postal Dispatch,"Namaskar,

When green leaf trucks move from field divisions to the factory at Barbari Tea Estate, what percentage difference are you typically seeing between the field scale and factory weighbridge?

Most independent estates in Dibrugarh tell us they only catch leaf discrepancies and proxy hazira 10 to 14 days later when the fortnightly muster roll reaches the office.

Are you able to see your daily leaf reconciliation and worker count on your phone before the evening shift, or is your team still compiling it on paper?"
Assam,BASANTIBARI TEA ESTATE,Organized Estate,No,BASANTIBARI TEA ESTATE,Dibrugarh,Organized Plantation,,,,No,,Dibrugarh,"Dibrugarh, Assam",Uncertain / Backlog,Tier 3,3,No email listed (paper-dominant) | Dibrugarh HQ,Low signal density,1-Page Postal Letter,1-Page Postal Dispatch,"Namaskar,

When green leaf trucks move from field divisions to the factory at Basantibari Tea Estate, what percentage difference are you typically seeing between the field scale and factory weighbridge?

Most independent estates in Dibrugarh tell us they only catch leaf discrepancies and proxy hazira 10 to 14 days later when the fortnightly muster roll reaches the office.

Are you able to see your daily leaf reconciliation and worker count on your phone before the evening shift, or is your team still compiling it on paper?"
Assam,BALIJAN NORTH TEA ESTATE,Organized Estate,No,BALIJAN NORTH TEA ESTATE,Dibrugarh,Organized Plantation,,,,No,,Dibrugarh,"Dibrugarh, Assam",Uncertain / Backlog,Tier 3,3,No email listed (paper-dominant) | Dibrugarh HQ,Low signal density,1-Page Postal Letter,1-Page Postal Dispatch,"Namaskar,

When green leaf trucks move from field divisions to the factory at Balijan North Tea Estate, what percentage difference are you typically seeing between the field scale and factory weighbridge?

Most independent estates in Dibrugarh tell us they only catch leaf discrepancies and proxy hazira 10 to 14 days later when the fortnightly muster roll reaches the office.

Are you able to see your daily leaf reconciliation and worker count on your phone before the evening shift, or is your team still compiling it on paper?"
Assam,MAYAJAN TEA ESTATE,Organized Estate,No,MAYAJAN TEA ESTATE,Dibrugarh,Organized Plantation,,8876426227,8876426227,Yes,,Dibrugarh,"Dibrugarh, Assam",Uncertain / Backlog,Tier 3,3,No email listed (paper-dominant) | Dibrugarh HQ,Low signal density,WhatsApp / Phone,WhatsApp / Call + 1-Page Postal Dispatch,"Namaskar,

When green leaf trucks move from field divisions to the factory at Mayajan Tea Estate, what percentage difference are you typically seeing between the field scale and factory weighbridge?

Most independent estates in Dibrugarh tell us they only catch leaf discrepancies and proxy hazira 10 to 14 days later when the fortnightly muster roll reaches the office.

Are you able to see your daily leaf reconciliation and worker count on your phone before the evening shift, or is your team still compiling it on paper?"
Assam,BHAJONI TEA ESTATE,Organized Estate,No,BHAJONI TEA ESTATE,Dibrugarh,Organized Plantation,,,,No,,Dibrugarh,"Dibrugarh, Assam",Uncertain / Backlog,Tier 3,3,No email listed (paper-dominant) | Dibrugarh HQ,Low signal density,1-Page Postal Letter,1-Page Postal Dispatch,"Namaskar,

When green leaf trucks move from field divisions to the factory at Bhajoni Tea Estate, what percentage difference are you typically seeing between the field scale and factory weighbridge?

Most independent estates in Dibrugarh tell us they only catch leaf discrepancies and proxy hazira 10 to 14 days later when the fortnightly muster roll reaches the office.

Are you able to see your daily leaf reconciliation and worker count on your phone before the evening shift, or is your team still compiling it on paper?"
Assam,BHAMUN TEA ESTATE,Organized Estate,No,Andrew Yule & Company Limited (Govt of India),Dibrugarh,Organized Plantation,,,,No,,Kolkata,"Yule House, 8 Dr. Rajendra Prasad Sarani, Kolkata 700001",Disqualified,Disqualified,3,No email listed (paper-dominant) | Kolkata HQ,Conglomerate keyword match (ANDREW YULE),1-Page Postal Letter,1-Page Postal Dispatch,"Namaskar,

When green leaf trucks move from field divisions to the factory at Bhamun Tea Estate, what percentage difference are you typically seeing between the field scale and factory weighbridge?

Most independent estates in Dibrugarh tell us they only catch leaf discrepancies and proxy hazira 10 to 14 days later when the fortnightly muster roll reaches the office.

Are you able to see your daily leaf reconciliation and worker count on your phone before the evening shift, or is your team still compiling it on paper?"
Assam,BHARTIA TEA ESTATE,Organized Estate,No,BHARTIA TEA ESTATE,Dibrugarh,Organized Plantation,,,,No,,Dibrugarh,"Dibrugarh, Assam",Uncertain / Backlog,Tier 3,3,No email listed (paper-dominant) | Dibrugarh HQ,Low signal density,1-Page Postal Letter,1-Page Postal Dispatch,"Namaskar,

When green leaf trucks move from field divisions to the factory at Bhartia Tea Estate, what percentage difference are you typically seeing between the field scale and factory weighbridge?

Most independent estates in Dibrugarh tell us they only catch leaf discrepancies and proxy hazira 10 to 14 days later when the fortnightly muster roll reaches the office.

Are you able to see your daily leaf reconciliation and worker count on your phone before the evening shift, or is your team still compiling it on paper?"
Assam,AGARWAL,Organized Estate,No,AGARWAL,Dibrugarh,Organized Plantation,,,,No,,Dibrugarh,"Dibrugarh, Assam",Uncertain / Backlog,Tier 3,3,No email listed (paper-dominant) | Dibrugarh HQ,Low signal density,1-Page Postal Letter,1-Page Postal Dispatch,"Namaskar,

When green leaf trucks move from field divisions to the factory at Agarwal, what percentage difference are you typically seeing between the field scale and factory weighbridge?

Most independent estates in Dibrugarh tell us they only catch leaf discrepancies and proxy hazira 10 to 14 days later when the fortnightly muster roll reaches the office.

Are you able to see your daily leaf reconciliation and worker count on your phone before the evening shift, or is your team still compiling it on paper?"
Assam,AHMEDY TEA ESTATE,Organized Estate,No,AHMEDY TEA ESTATE,Dibrugarh,Organized Plantation,,,,No,,Dibrugarh,"Dibrugarh, Assam",Uncertain / Backlog,Tier 3,3,No email listed (paper-dominant) | Dibrugarh HQ,Low signal density,1-Page Postal Letter,1-Page Postal Dispatch,"Namaskar,

When green leaf trucks move from field divisions to the factory at Ahmedy Tea Estate, what percentage difference are you typically seeing between the field scale and factory weighbridge?

Most independent estates in Dibrugarh tell us they only catch leaf discrepancies and proxy hazira 10 to 14 days later when the fortnightly muster roll reaches the office.

Are you able to see your daily leaf reconciliation and worker count on your phone before the evening shift, or is your team still compiling it on paper?"
Assam,ALIMUR PLANT PVT LTD,Organized Estate,No,ALIMUR PLANT PVT LTD,Dibrugarh,Organized Plantation,,,,No,,Dibrugarh,"Dibrugarh, Assam",Uncertain / Backlog,Tier 3,3,No email listed (paper-dominant) | Dibrugarh HQ,Low signal density,1-Page Postal Letter,1-Page Postal Dispatch,"Namaskar,

When green leaf trucks move from field divisions to the factory at Alimur Plant, what percentage difference are you typically seeing between the field scale and factory weighbridge?

Most independent estates in Dibrugarh tell us they only catch leaf discrepancies and proxy hazira 10 to 14 days later when the fortnightly muster roll reaches the office.

Are you able to see your daily leaf reconciliation and worker count on your phone before the evening shift, or is your team still compiling it on paper?"
Assam,ACHABAM A,Organized Estate,No,Amalgamated Plantations Private Limited (Tata),Dibrugarh,Organized Plantation,,,,No,,Guwahati,"1st Floor, GS Road, Christian Basti, Guwahati, Assam 781005",Disqualified,Disqualified,3,No email listed (paper-dominant) | Guwahati HQ,Conglomerate keyword match (AMALGAMATED PLANTATIONS),1-Page Postal Letter,1-Page Postal Dispatch,"Namaskar,

When green leaf trucks move from field divisions to the factory at Achabam A, what percentage difference are you typically seeing between the field scale and factory weighbridge?

Most independent estates in Dibrugarh tell us they only catch leaf discrepancies and proxy hazira 10 to 14 days later when the fortnightly muster roll reaches the office.

Are you able to see your daily leaf reconciliation and worker count on your phone before the evening shift, or is your team still compiling it on paper?"
Assam,MEGHA,Organized Estate,No,MEGHA,Dibrugarh,Organized Plantation,,9101006460,9101006460,Yes,,Dibrugarh,"Dibrugarh, Assam",Uncertain / Backlog,Tier 3,3,No email listed (paper-dominant) | Dibrugarh HQ,Low signal density,WhatsApp / Phone,WhatsApp / Call + 1-Page Postal Dispatch,"Namaskar,

When green leaf trucks move from field divisions to the factory at Megha, what percentage difference are you typically seeing between the field scale and factory weighbridge?

Most independent estates in Dibrugarh tell us they only catch leaf discrepancies and proxy hazira 10 to 14 days later when the fortnightly muster roll reaches the office.

Are you able to see your daily leaf reconciliation and worker count on your phone before the evening shift, or is your team still compiling it on paper?"
Assam,ARUNSHREE TEA ESTATE,Organized Estate,No,ARUNSHREE TEA ESTATE,Dibrugarh,Organized Plantation,,,,No,,Dibrugarh,"Dibrugarh, Assam",Uncertain / Backlog,Tier 3,3,No email listed (paper-dominant) | Dibrugarh HQ,Low signal density,1-Page Postal Letter,1-Page Postal Dispatch,"Namaskar,

When green leaf trucks move from field divisions to the factory at Arunshree Tea Estate, what percentage difference are you typically seeing between the field scale and factory weighbridge?

Most independent estates in Dibrugarh tell us they only catch leaf discrepancies and proxy hazira 10 to 14 days later when the fortnightly muster roll reaches the office.

Are you able to see your daily leaf reconciliation and worker count on your phone before the evening shift, or is your team still compiling it on paper?"
Assam,ASITPUR TEA ESTATE,Organized Estate,No,ASITPUR TEA ESTATE,Dibrugarh,Organized Plantation,,9954446448,9954446448,Yes,,Dibrugarh,"Dibrugarh, Assam",Uncertain / Backlog,Tier 3,3,No email listed (paper-dominant) | Dibrugarh HQ,Low signal density,WhatsApp / Phone,WhatsApp / Call + 1-Page Postal Dispatch,"Namaskar,

When green leaf trucks move from field divisions to the factory at Asitpur Tea Estate, what percentage difference are you typically seeing between the field scale and factory weighbridge?

Most independent estates in Dibrugarh tell us they only catch leaf discrepancies and proxy hazira 10 to 14 days later when the fortnightly muster roll reaches the office.

Are you able to see your daily leaf reconciliation and worker count on your phone before the evening shift, or is your team still compiling it on paper?"
Assam,APARNA TEA ESTATE,Organized Estate,No,APARNA TEA ESTATE,Dibrugarh,Organized Plantation,,9435035462,9435035462,Yes,,Dibrugarh,"Dibrugarh, Assam",Uncertain / Backlog,Tier 3,3,No email listed (paper-dominant) | Dibrugarh HQ,Low signal density,WhatsApp / Phone,WhatsApp / Call + 1-Page Postal Dispatch,"Namaskar,

When green leaf trucks move from field divisions to the factory at Aparna Tea Estate, what percentage difference are you typically seeing between the field scale and factory weighbridge?

Most independent estates in Dibrugarh tell us they only catch leaf discrepancies and proxy hazira 10 to 14 days later when the fortnightly muster roll reaches the office.

Are you able to see your daily leaf reconciliation and worker count on your phone before the evening shift, or is your team still compiling it on paper?"
Assam,AMULYABARI TEA ESTATE,Organized Estate,No,Pratul Kumar Phukan proprietorship,Dibrugarh,63.0,Pratul Kumar Phukan,,,No,,Dibrugarh,Rajgarh Assam,Qualified,Tier 2 (Qualified Independent),6,No email listed (paper-dominant) | Mid-tier acreage sweet spot (63.0 Ha) | Dibrugarh HQ,,1-Page Postal Letter,1-Page Postal Dispatch,"Namaskar Pratul-ji,

When green leaf trucks move from field divisions to the factory at Amulyabari Tea Estate, what percentage difference are you typically seeing between the field scale and factory weighbridge?

Most independent estates in Dibrugarh tell us they only catch leaf discrepancies and proxy hazira 10 to 14 days later when the fortnightly muster roll reaches the office.

Are you able to see your daily leaf reconciliation and worker count on your phone before the evening shift, or is your team still compiling it on paper?"
Assam,AMULGURI,Organized Estate,No,Current ownership unverified,Dibrugarh,Organized Plantation,,8011322474,8011322474,Yes,,Dibrugarh,Hoogrijan Assam - PIN pending,Uncertain / Backlog,Tier 3,3,No email listed (paper-dominant) | Dibrugarh HQ,Low signal density,WhatsApp / Phone,WhatsApp / Call + 1-Page Postal Dispatch,"Namaskar,

When green leaf trucks move from field divisions to the factory at Amulguri, what percentage difference are you typically seeing between the field scale and factory weighbridge?

Most independent estates in Dibrugarh tell us they only catch leaf discrepancies and proxy hazira 10 to 14 days later when the fortnightly muster roll reaches the office.

Are you able to see your daily leaf reconciliation and worker count on your phone before the evening shift, or is your team still compiling it on paper?"
Assam,SHALMARI,Organized Estate,No,Jainex Tea Company Private Limited,Dibrugarh,111.34,Pratap Kochar,,,No,,Dibrugarh,Tingkhong Assam 786612,Disqualified,Disqualified,6,No email listed (paper-dominant) | Mid-tier acreage sweet spot (111.34 Ha) | Dibrugarh HQ,Multi-garden group (3 gardens),1-Page Postal Letter,1-Page Postal Dispatch,"Namaskar Pratap-ji,

When green leaf trucks move from field divisions to the factory at Shalmari, what percentage difference are you typically seeing between the field scale and factory weighbridge?

Most independent estates in Dibrugarh tell us they only catch leaf discrepancies and proxy hazira 10 to 14 days later when the fortnightly muster roll reaches the office.

Are you able to see your daily leaf reconciliation and worker count on your phone before the evening shift, or is your team still compiling it on paper?"
Assam,SHYAMMURTI,Organized Estate,No,SHYAMMURTI,Dibrugarh,Organized Plantation,,,,No,,Dibrugarh,"Dibrugarh, Assam",Uncertain / Backlog,Tier 3,3,No email listed (paper-dominant) | Dibrugarh HQ,Low signal density,1-Page Postal Letter,1-Page Postal Dispatch,"Namaskar,

When green leaf trucks move from field divisions to the factory at Shyammurti, what percentage difference are you typically seeing between the field scale and factory weighbridge?

Most independent estates in Dibrugarh tell us they only catch leaf discrepancies and proxy hazira 10 to 14 days later when the fortnightly muster roll reaches the office.

Are you able to see your daily leaf reconciliation and worker count on your phone before the evening shift, or is your team still compiling it on paper?"
Assam,TODI,Organized Estate,No,TODI,Dibrugarh,Organized Plantation,,,,No,,Dibrugarh,"Dibrugarh, Assam",Uncertain / Backlog,Tier 3,3,No email listed (paper-dominant) | Dibrugarh HQ,Low signal density,1-Page Postal Letter,1-Page Postal Dispatch,"Namaskar,

When green leaf trucks move from field divisions to the factory at Todi, what percentage difference are you typically seeing between the field scale and factory weighbridge?

Most independent estates in Dibrugarh tell us they only catch leaf discrepancies and proxy hazira 10 to 14 days later when the fortnightly muster roll reaches the office.

Are you able to see your daily leaf reconciliation and worker count on your phone before the evening shift, or is your team still compiling it on paper?"
Assam,SEALKOTEE TEA ESTATE,Organized Estate,No,SEALKOTEE TEA ESTATE,Dibrugarh,Organized Plantation,,,,No,,Dibrugarh,"Dibrugarh, Assam",Uncertain / Backlog,Tier 3,3,No email listed (paper-dominant) | Dibrugarh HQ,Low signal density,1-Page Postal Letter,1-Page Postal Dispatch,"Namaskar,

When green leaf trucks move from field divisions to the factory at Sealkotee Tea Estate, what percentage difference are you typically seeing between the field scale and factory weighbridge?

Most independent estates in Dibrugarh tell us they only catch leaf discrepancies and proxy hazira 10 to 14 days later when the fortnightly muster roll reaches the office.

Are you able to see your daily leaf reconciliation and worker count on your phone before the evening shift, or is your team still compiling it on paper?"
Assam,SESSA K,Organized Estate,No,SESSA K,Dibrugarh,Organized Plantation,,,,No,,Dibrugarh,"Dibrugarh, Assam",Uncertain / Backlog,Tier 3,3,No email listed (paper-dominant) | Dibrugarh HQ,Low signal density,1-Page Postal Letter,1-Page Postal Dispatch,"Namaskar,

When green leaf trucks move from field divisions to the factory at Sessa K, what percentage difference are you typically seeing between the field scale and factory weighbridge?

Most independent estates in Dibrugarh tell us they only catch leaf discrepancies and proxy hazira 10 to 14 days later when the fortnightly muster roll reaches the office.

Are you able to see your daily leaf reconciliation and worker count on your phone before the evening shift, or is your team still compiling it on paper?"
Assam,SEPON TEA ESTATE,Organized Estate,No,SEPON TEA ESTATE,Dibrugarh,Organized Plantation,,,,No,,Dibrugarh,"Dibrugarh, Assam",Uncertain / Backlog,Tier 3,3,No email listed (paper-dominant) | Dibrugarh HQ,Low signal density,1-Page Postal Letter,1-Page Postal Dispatch,"Namaskar,

When green leaf trucks move from field divisions to the factory at Sepon Tea Estate, what percentage difference are you typically seeing between the field scale and factory weighbridge?

Most independent estates in Dibrugarh tell us they only catch leaf discrepancies and proxy hazira 10 to 14 days later when the fortnightly muster roll reaches the office.

Are you able to see your daily leaf reconciliation and worker count on your phone before the evening shift, or is your team still compiling it on paper?"
Assam,SATKARTAR,Organized Estate,No,SATKARTAR,Dibrugarh,Organized Plantation,,,,No,,Dibrugarh,"Dibrugarh, Assam",Uncertain / Backlog,Tier 3,3,No email listed (paper-dominant) | Dibrugarh HQ,Low signal density,1-Page Postal Letter,1-Page Postal Dispatch,"Namaskar,

When green leaf trucks move from field divisions to the factory at Satkartar, what percentage difference are you typically seeing between the field scale and factory weighbridge?

Most independent estates in Dibrugarh tell us they only catch leaf discrepancies and proxy hazira 10 to 14 days later when the fortnightly muster roll reaches the office.

Are you able to see your daily leaf reconciliation and worker count on your phone before the evening shift, or is your team still compiling it on paper?"
Assam,SAINAGAR,Organized Estate,No,SAINAGAR,Dibrugarh,Organized Plantation,,,,No,,Dibrugarh,"Dibrugarh, Assam",Uncertain / Backlog,Tier 3,3,No email listed (paper-dominant) | Dibrugarh HQ,Low signal density,1-Page Postal Letter,1-Page Postal Dispatch,"Namaskar,

When green leaf trucks move from field divisions to the factory at Sainagar, what percentage difference are you typically seeing between the field scale and factory weighbridge?

Most independent estates in Dibrugarh tell us they only catch leaf discrepancies and proxy hazira 10 to 14 days later when the fortnightly muster roll reaches the office.

Are you able to see your daily leaf reconciliation and worker count on your phone before the evening shift, or is your team still compiling it on paper?"
Assam,SATYANARAYAN TEA ESTATE,Organized Estate,No,Satyanarayan Tea Company Private Limited,Dibrugarh,225.13,Vijay Kumar Kedia,,,No,satyanarayanteaestate@gmail.com,Dibrugarh,Naharkatia Assam 786610,Qualified,Tier 1 (High Leakage / Paper Priority),8,Consumer/ISP email (@gmail.com) | Mid-tier acreage sweet spot (225.13 Ha) | Dibrugarh HQ,,1-Page Postal Letter,1-Page Postal Dispatch + Email,"Namaskar Vijay-ji,

When green leaf trucks move from field divisions to the factory at Satyanarayan Tea Estate, what percentage difference are you typically seeing between the field scale and factory weighbridge?

Most independent estates in Dibrugarh tell us they only catch leaf discrepancies and proxy hazira 10 to 14 days later when the fortnightly muster roll reaches the office.

Are you able to see your daily leaf reconciliation and worker count on your phone before the evening shift, or is your team still compiling it on paper?"
Assam,SATISPUR,Organized Estate,No,Sudip Chandra Bagchi proprietorship,Dibrugarh,93.18,Sudip Chandra Bagchi,,,No,satispurteaestate@gmail.com,Dibrugarh,Namrup / Mancotta Road Assam 786001,Qualified,Tier 1 (High Leakage / Paper Priority),8,Consumer/ISP email (@gmail.com) | Mid-tier acreage sweet spot (93.18 Ha) | Dibrugarh HQ,,1-Page Postal Letter,1-Page Postal Dispatch + Email,"Namaskar Sudip-ji,

When green leaf trucks move from field divisions to the factory at Satispur, what percentage difference are you typically seeing between the field scale and factory weighbridge?

Most independent estates in Dibrugarh tell us they only catch leaf discrepancies and proxy hazira 10 to 14 days later when the fortnightly muster roll reaches the office.

Are you able to see your daily leaf reconciliation and worker count on your phone before the evening shift, or is your team still compiling it on paper?"
Assam,SAROJINI TEA ESTATE,Organized Estate,No,Sarojini Tea Co Pvt Ltd,Dibrugarh,133.87,Vikash Jain,,,No,sarojiniteaestate@yahoo.com,Dibrugarh,Kartik Para RKB Path Dibrugarh Assam 786001,Qualified,Tier 1 (High Leakage / Paper Priority),8,Consumer/ISP email (@yahoo.com) | Mid-tier acreage sweet spot (133.87 Ha) | Dibrugarh HQ,,1-Page Postal Letter,1-Page Postal Dispatch + Email,"Namaskar Vikash-ji,

When green leaf trucks move from field divisions to the factory at Sarojini Tea Estate, what percentage difference are you typically seeing between the field scale and factory weighbridge?

Most independent estates in Dibrugarh tell us they only catch leaf discrepancies and proxy hazira 10 to 14 days later when the fortnightly muster roll reaches the office.

Are you able to see your daily leaf reconciliation and worker count on your phone before the evening shift, or is your team still compiling it on paper?"
Assam,SINGLIJAN K,Organized Estate,No,SINGLIJAN K,Dibrugarh,Organized Plantation,,,,No,,Dibrugarh,"Dibrugarh, Assam",Uncertain / Backlog,Tier 3,3,No email listed (paper-dominant) | Dibrugarh HQ,Low signal density,1-Page Postal Letter,1-Page Postal Dispatch,"Namaskar,

When green leaf trucks move from field divisions to the factory at Singlijan K, what percentage difference are you typically seeing between the field scale and factory weighbridge?

Most independent estates in Dibrugarh tell us they only catch leaf discrepancies and proxy hazira 10 to 14 days later when the fortnightly muster roll reaches the office.

Are you able to see your daily leaf reconciliation and worker count on your phone before the evening shift, or is your team still compiling it on paper?"
Assam,ZALONI,Organized Estate,No,ZALONI,Dibrugarh,Organized Plantation,,,,No,,Dibrugarh,"Dibrugarh, Assam",Uncertain / Backlog,Tier 3,3,No email listed (paper-dominant) | Dibrugarh HQ,Low signal density,1-Page Postal Letter,1-Page Postal Dispatch,"Namaskar,

When green leaf trucks move from field divisions to the factory at Zaloni, what percentage difference are you typically seeing between the field scale and factory weighbridge?

Most independent estates in Dibrugarh tell us they only catch leaf discrepancies and proxy hazira 10 to 14 days later when the fortnightly muster roll reaches the office.

Are you able to see your daily leaf reconciliation and worker count on your phone before the evening shift, or is your team still compiling it on paper?"
Assam,HATIGARH TEA ESTATE,Organized Estate,No,HATIGARH TEA ESTATE,Dibrugarh,Organized Plantation,,,,No,,Dibrugarh,"Dibrugarh, Assam",Uncertain / Backlog,Tier 3,3,No email listed (paper-dominant) | Dibrugarh HQ,Low signal density,1-Page Postal Letter,1-Page Postal Dispatch,"Namaskar,

When green leaf trucks move from field divisions to the factory at Hatigarh Tea Estate, what percentage difference are you typically seeing between the field scale and factory weighbridge?

Most independent estates in Dibrugarh tell us they only catch leaf discrepancies and proxy hazira 10 to 14 days later when the fortnightly muster roll reaches the office.

Are you able to see your daily leaf reconciliation and worker count on your phone before the evening shift, or is your team still compiling it on paper?"
Assam,UMATARA,Organized Estate,No,UMATARA,Dibrugarh,Organized Plantation,,,,No,,Dibrugarh,"Dibrugarh, Assam",Uncertain / Backlog,Tier 3,3,No email listed (paper-dominant) | Dibrugarh HQ,Low signal density,1-Page Postal Letter,1-Page Postal Dispatch,"Namaskar,

When green leaf trucks move from field divisions to the factory at Umatara, what percentage difference are you typically seeing between the field scale and factory weighbridge?

Most independent estates in Dibrugarh tell us they only catch leaf discrepancies and proxy hazira 10 to 14 days later when the fortnightly muster roll reaches the office.

Are you able to see your daily leaf reconciliation and worker count on your phone before the evening shift, or is your team still compiling it on paper?"
Assam,SHREE GANGA TEA ESTATE,Organized Estate,No,SHREE GANGA TEA ESTATE,Dibrugarh,Organized Plantation,,,,No,,Dibrugarh,"Dibrugarh, Assam",Uncertain / Backlog,Tier 3,3,No email listed (paper-dominant) | Dibrugarh HQ,Low signal density,1-Page Postal Letter,1-Page Postal Dispatch,"Namaskar,

When green leaf trucks move from field divisions to the factory at Shree Ganga Tea Estate, what percentage difference are you typically seeing between the field scale and factory weighbridge?

Most independent estates in Dibrugarh tell us they only catch leaf discrepancies and proxy hazira 10 to 14 days later when the fortnightly muster roll reaches the office.

Are you able to see your daily leaf reconciliation and worker count on your phone before the evening shift, or is your team still compiling it on paper?"
Assam,UDALGURI TEA ESTATE,Organized Estate,No,Udalguri Tea Company Private Limited,Dibrugarh,213.5,Mahendra Sureka,9954447408,9954447408,Yes,theutegarden@rediffmail.com,Dibrugarh,Panitola Dibrugarh Assam 786183,Qualified,Tier 1 (High Leakage / Paper Priority),8,Consumer/ISP email (@rediffmail.com) | Mid-tier acreage sweet spot (213.5 Ha) | Dibrugarh HQ,,WhatsApp / Phone,WhatsApp / Call + 1-Page Postal Dispatch + Email,"Namaskar Mahendra-ji,

When green leaf trucks move from field divisions to the factory at Udalguri Tea Estate, what percentage difference are you typically seeing between the field scale and factory weighbridge?

Most independent estates in Dibrugarh tell us they only catch leaf discrepancies and proxy hazira 10 to 14 days later when the fortnightly muster roll reaches the office.

Are you able to see your daily leaf reconciliation and worker count on your phone before the evening shift, or is your team still compiling it on paper?"
Assam,PARBATIPUR,Organized Estate,No,PARBATIPUR,Dibrugarh,Organized Plantation,,9706793269,9706793269,Yes,,Dibrugarh,"Dibrugarh, Assam",Uncertain / Backlog,Tier 3,3,No email listed (paper-dominant) | Dibrugarh HQ,Low signal density,WhatsApp / Phone,WhatsApp / Call + 1-Page Postal Dispatch,"Namaskar,

When green leaf trucks move from field divisions to the factory at Parbatipur, what percentage difference are you typically seeing between the field scale and factory weighbridge?

Most independent estates in Dibrugarh tell us they only catch leaf discrepancies and proxy hazira 10 to 14 days later when the fortnightly muster roll reaches the office.

Are you able to see your daily leaf reconciliation and worker count on your phone before the evening shift, or is your team still compiling it on paper?"
Assam,PARBATIPUR,Organized Estate,No,PARBATIPUR,Dibrugarh,Organized Plantation,,9706793269,9706793269,Yes,,Dibrugarh,"Dibrugarh, Assam",Uncertain / Backlog,Tier 3,3,No email listed (paper-dominant) | Dibrugarh HQ,Low signal density,WhatsApp / Phone,WhatsApp / Call + 1-Page Postal Dispatch,"Namaskar,

When green leaf trucks move from field divisions to the factory at Parbatipur, what percentage difference are you typically seeing between the field scale and factory weighbridge?

Most independent estates in Dibrugarh tell us they only catch leaf discrepancies and proxy hazira 10 to 14 days later when the fortnightly muster roll reaches the office.

Are you able to see your daily leaf reconciliation and worker count on your phone before the evening shift, or is your team still compiling it on paper?"
Assam,PHUKENBARI,Organized Estate,No,Phukenbari Tea Co. Pvt. Ltd.,Dibrugarh,154.23,Topojit Bagchi,,,No,phukenbari@gmail.com,Dibrugarh,Bagchipara Mancotta Road Dibrugarh Assam 786001,Qualified,Tier 1 (High Leakage / Paper Priority),8,Consumer/ISP email (@gmail.com) | Mid-tier acreage sweet spot (154.23 Ha) | Dibrugarh HQ,,1-Page Postal Letter,1-Page Postal Dispatch + Email,"Namaskar Topojit-ji,

When green leaf trucks move from field divisions to the factory at Phukenbari, what percentage difference are you typically seeing between the field scale and factory weighbridge?

Most independent estates in Dibrugarh tell us they only catch leaf discrepancies and proxy hazira 10 to 14 days later when the fortnightly muster roll reaches the office.

Are you able to see your daily leaf reconciliation and worker count on your phone before the evening shift, or is your team still compiling it on paper?"
Assam,PIPRATOLY TEA ESTATE,Organized Estate,No,Bishmile Industry partnership,Dibrugarh,149.64,Aditya Vikram Agarwal,,,No,,Dibrugarh,Chabua Assam 786184,Qualified,Tier 2 (Qualified Independent),6,No email listed (paper-dominant) | Mid-tier acreage sweet spot (149.64 Ha) | Dibrugarh HQ,,1-Page Postal Letter,1-Page Postal Dispatch,"Namaskar Aditya-ji,

When green leaf trucks move from field divisions to the factory at Pipratoly Tea Estate, what percentage difference are you typically seeing between the field scale and factory weighbridge?

Most independent estates in Dibrugarh tell us they only catch leaf discrepancies and proxy hazira 10 to 14 days later when the fortnightly muster roll reaches the office.

Are you able to see your daily leaf reconciliation and worker count on your phone before the evening shift, or is your team still compiling it on paper?"
Assam,RUNGLITING,Organized Estate,No,RUNGLITING,Dibrugarh,Organized Plantation,,,,No,,Dibrugarh,"Dibrugarh, Assam",Uncertain / Backlog,Tier 3,3,No email listed (paper-dominant) | Dibrugarh HQ,Low signal density,1-Page Postal Letter,1-Page Postal Dispatch,"Namaskar,

When green leaf trucks move from field divisions to the factory at Rungliting, what percentage difference are you typically seeing between the field scale and factory weighbridge?

Most independent estates in Dibrugarh tell us they only catch leaf discrepancies and proxy hazira 10 to 14 days later when the fortnightly muster roll reaches the office.

Are you able to see your daily leaf reconciliation and worker count on your phone before the evening shift, or is your team still compiling it on paper?"
Assam,PURSOTTAM,Organized Estate,No,PURSOTTAM,Dibrugarh,Organized Plantation,,,,No,,Dibrugarh,"Dibrugarh, Assam",Uncertain / Backlog,Tier 3,3,No email listed (paper-dominant) | Dibrugarh HQ,Low signal density,1-Page Postal Letter,1-Page Postal Dispatch,"Namaskar,

When green leaf trucks move from field divisions to the factory at Pursottam, what percentage difference are you typically seeing between the field scale and factory weighbridge?

Most independent estates in Dibrugarh tell us they only catch leaf discrepancies and proxy hazira 10 to 14 days later when the fortnightly muster roll reaches the office.

Are you able to see your daily leaf reconciliation and worker count on your phone before the evening shift, or is your team still compiling it on paper?"
Assam,RADHESHYAM TEA ESTATE,Organized Estate,No,RADHESHYAM TEA ESTATE,Dibrugarh,Organized Plantation,,,,No,,Dibrugarh,"Dibrugarh, Assam",Uncertain / Backlog,Tier 3,3,No email listed (paper-dominant) | Dibrugarh HQ,Low signal density,1-Page Postal Letter,1-Page Postal Dispatch,"Namaskar,

When green leaf trucks move from field divisions to the factory at Radheshyam Tea Estate, what percentage difference are you typically seeing between the field scale and factory weighbridge?

Most independent estates in Dibrugarh tell us they only catch leaf discrepancies and proxy hazira 10 to 14 days later when the fortnightly muster roll reaches the office.

Are you able to see your daily leaf reconciliation and worker count on your phone before the evening shift, or is your team still compiling it on paper?"
Assam,RAJAH ALLI,Organized Estate,No,RAJAH ALLI,Dibrugarh,Organized Plantation,,,,No,,Dibrugarh,"Dibrugarh, Assam",Uncertain / Backlog,Tier 3,3,No email listed (paper-dominant) | Dibrugarh HQ,Low signal density,1-Page Postal Letter,1-Page Postal Dispatch,"Namaskar,

When green leaf trucks move from field divisions to the factory at Rajah Alli, what percentage difference are you typically seeing between the field scale and factory weighbridge?

Most independent estates in Dibrugarh tell us they only catch leaf discrepancies and proxy hazira 10 to 14 days later when the fortnightly muster roll reaches the office.

Are you able to see your daily leaf reconciliation and worker count on your phone before the evening shift, or is your team still compiling it on paper?"
Assam,RAMJI MOHAN,Organized Estate,No,RAMJI MOHAN,Dibrugarh,Organized Plantation,,,,No,,Dibrugarh,"Dibrugarh, Assam",Uncertain / Backlog,Tier 3,3,No email listed (paper-dominant) | Dibrugarh HQ,Low signal density,1-Page Postal Letter,1-Page Postal Dispatch,"Namaskar,

When green leaf trucks move from field divisions to the factory at Ramji Mohan, what percentage difference are you typically seeing between the field scale and factory weighbridge?

Most independent estates in Dibrugarh tell us they only catch leaf discrepancies and proxy hazira 10 to 14 days later when the fortnightly muster roll reaches the office.

Are you able to see your daily leaf reconciliation and worker count on your phone before the evening shift, or is your team still compiling it on paper?"
Assam,RAJGARH,Organized Estate,No,Andrew Yule & Company Limited (Govt of India),Dibrugarh,Organized Plantation,,,,No,,Kolkata,"Yule House, 8 Dr. Rajendra Prasad Sarani, Kolkata 700001",Disqualified,Disqualified,3,No email listed (paper-dominant) | Kolkata HQ,Conglomerate keyword match (ANDREW YULE),1-Page Postal Letter,1-Page Postal Dispatch,"Namaskar,

When green leaf trucks move from field divisions to the factory at Rajgarh, what percentage difference are you typically seeing between the field scale and factory weighbridge?

Most independent estates in Dibrugarh tell us they only catch leaf discrepancies and proxy hazira 10 to 14 days later when the fortnightly muster roll reaches the office.

Are you able to see your daily leaf reconciliation and worker count on your phone before the evening shift, or is your team still compiling it on paper?"
Assam,NAHORKUTIA A,Organized Estate,No,NAHORKUTIA A,Dibrugarh,Organized Plantation,,,,No,,Dibrugarh,"Dibrugarh, Assam",Uncertain / Backlog,Tier 3,3,No email listed (paper-dominant) | Dibrugarh HQ,Low signal density,1-Page Postal Letter,1-Page Postal Dispatch,"Namaskar,

When green leaf trucks move from field divisions to the factory at Nahorkutia A, what percentage difference are you typically seeing between the field scale and factory weighbridge?

Most independent estates in Dibrugarh tell us they only catch leaf discrepancies and proxy hazira 10 to 14 days later when the fortnightly muster roll reaches the office.

Are you able to see your daily leaf reconciliation and worker count on your phone before the evening shift, or is your team still compiling it on paper?"
Assam,NAMROOP,Organized Estate,No,Amalgamated Plantations Private Limited (Tata),Dibrugarh,Organized Plantation,,,,No,,Guwahati,"1st Floor, GS Road, Christian Basti, Guwahati, Assam 781005",Disqualified,Disqualified,3,No email listed (paper-dominant) | Guwahati HQ,Conglomerate keyword match (AMALGAMATED PLANTATIONS),1-Page Postal Letter,1-Page Postal Dispatch,"Namaskar,

When green leaf trucks move from field divisions to the factory at Namroop, what percentage difference are you typically seeing between the field scale and factory weighbridge?

Most independent estates in Dibrugarh tell us they only catch leaf discrepancies and proxy hazira 10 to 14 days later when the fortnightly muster roll reaches the office.

Are you able to see your daily leaf reconciliation and worker count on your phone before the evening shift, or is your team still compiling it on paper?"
Assam,NANDANBAN TEA ESTATE,Organized Estate,No,NANDANBAN TEA ESTATE,Dibrugarh,Organized Plantation,,,,No,,Dibrugarh,"Dibrugarh, Assam",Uncertain / Backlog,Tier 3,3,No email listed (paper-dominant) | Dibrugarh HQ,Low signal density,1-Page Postal Letter,1-Page Postal Dispatch,"Namaskar,

When green leaf trucks move from field divisions to the factory at Nandanban Tea Estate, what percentage difference are you typically seeing between the field scale and factory weighbridge?

Most independent estates in Dibrugarh tell us they only catch leaf discrepancies and proxy hazira 10 to 14 days later when the fortnightly muster roll reaches the office.

Are you able to see your daily leaf reconciliation and worker count on your phone before the evening shift, or is your team still compiling it on paper?"
Assam,NAHORTOLI T.E,Organized Estate,No,Amalgamated Plantations Private Limited (Tata),Dibrugarh,Organized Plantation,,,,No,,Guwahati,"1st Floor, GS Road, Christian Basti, Guwahati, Assam 781005",Disqualified,Disqualified,3,No email listed (paper-dominant) | Guwahati HQ,Conglomerate keyword match (AMALGAMATED PLANTATIONS),1-Page Postal Letter,1-Page Postal Dispatch,"Namaskar,

When green leaf trucks move from field divisions to the factory at Nahortoli T.E, what percentage difference are you typically seeing between the field scale and factory weighbridge?

Most independent estates in Dibrugarh tell us they only catch leaf discrepancies and proxy hazira 10 to 14 days later when the fortnightly muster roll reaches the office.

Are you able to see your daily leaf reconciliation and worker count on your phone before the evening shift, or is your team still compiling it on paper?"
Assam,MUKUL,Organized Estate,No,MUKUL,Dibrugarh,Organized Plantation,,,,No,,Dibrugarh,"Dibrugarh, Assam",Uncertain / Backlog,Tier 3,3,No email listed (paper-dominant) | Dibrugarh HQ,Low signal density,1-Page Postal Letter,1-Page Postal Dispatch,"Namaskar,

When green leaf trucks move from field divisions to the factory at Mukul, what percentage difference are you typically seeing between the field scale and factory weighbridge?

Most independent estates in Dibrugarh tell us they only catch leaf discrepancies and proxy hazira 10 to 14 days later when the fortnightly muster roll reaches the office.

Are you able to see your daily leaf reconciliation and worker count on your phone before the evening shift, or is your team still compiling it on paper?"
Assam,MULCHANDBAG,Organized Estate,No,MULCHANDBAG,Dibrugarh,Organized Plantation,,,,No,,Dibrugarh,"Dibrugarh, Assam",Uncertain / Backlog,Tier 3,3,No email listed (paper-dominant) | Dibrugarh HQ,Low signal density,1-Page Postal Letter,1-Page Postal Dispatch,"Namaskar,

When green leaf trucks move from field divisions to the factory at Mulchandbag, what percentage difference are you typically seeing between the field scale and factory weighbridge?

Most independent estates in Dibrugarh tell us they only catch leaf discrepancies and proxy hazira 10 to 14 days later when the fortnightly muster roll reaches the office.

Are you able to see your daily leaf reconciliation and worker count on your phone before the evening shift, or is your team still compiling it on paper?"
Assam,NILMONI,Organized Estate,No,NILMONI,Dibrugarh,Organized Plantation,,,,No,,Dibrugarh,"Dibrugarh, Assam",Uncertain / Backlog,Tier 3,3,No email listed (paper-dominant) | Dibrugarh HQ,Low signal density,1-Page Postal Letter,1-Page Postal Dispatch,"Namaskar,

When green leaf trucks move from field divisions to the factory at Nilmoni, what percentage difference are you typically seeing between the field scale and factory weighbridge?

Most independent estates in Dibrugarh tell us they only catch leaf discrepancies and proxy hazira 10 to 14 days later when the fortnightly muster roll reaches the office.

Are you able to see your daily leaf reconciliation and worker count on your phone before the evening shift, or is your team still compiling it on paper?"
Assam,MANOJKUNJ TEA ESTATE,Organized Estate,No,MANOJKUNJ TEA ESTATE,Dibrugarh,Organized Plantation,,,,No,,Dibrugarh,"Dibrugarh, Assam",Uncertain / Backlog,Tier 3,3,No email listed (paper-dominant) | Dibrugarh HQ,Low signal density,1-Page Postal Letter,1-Page Postal Dispatch,"Namaskar,

When green leaf trucks move from field divisions to the factory at Manojkunj Tea Estate, what percentage difference are you typically seeing between the field scale and factory weighbridge?

Most independent estates in Dibrugarh tell us they only catch leaf discrepancies and proxy hazira 10 to 14 days later when the fortnightly muster roll reaches the office.

Are you able to see your daily leaf reconciliation and worker count on your phone before the evening shift, or is your team still compiling it on paper?"
Assam,NUDWA T.E,Organized Estate,No,Assam Company India Limited (BRS Group),Dibrugarh,Organized Plantation,,,,No,,Guwahati,"Greenwood Tea Estate, Dibrugarh / GS Road Guwahati",Disqualified,Disqualified,3,No email listed (paper-dominant) | Guwahati HQ,Conglomerate keyword match (ASSAM COMPANY),1-Page Postal Letter,1-Page Postal Dispatch,"Namaskar,

When green leaf trucks move from field divisions to the factory at Nudwa T.E, what percentage difference are you typically seeing between the field scale and factory weighbridge?

Most independent estates in Dibrugarh tell us they only catch leaf discrepancies and proxy hazira 10 to 14 days later when the fortnightly muster roll reaches the office.

Are you able to see your daily leaf reconciliation and worker count on your phone before the evening shift, or is your team still compiling it on paper?"
Assam,NEW PARBOTIPUR,Organized Estate,No,NEW PARBOTIPUR,Dibrugarh,Organized Plantation,,,,No,,Dibrugarh,"Dibrugarh, Assam",Uncertain / Backlog,Tier 3,3,No email listed (paper-dominant) | Dibrugarh HQ,Low signal density,1-Page Postal Letter,1-Page Postal Dispatch,"Namaskar,

When green leaf trucks move from field divisions to the factory at New Parbotipur, what percentage difference are you typically seeing between the field scale and factory weighbridge?

Most independent estates in Dibrugarh tell us they only catch leaf discrepancies and proxy hazira 10 to 14 days later when the fortnightly muster roll reaches the office.

Are you able to see your daily leaf reconciliation and worker count on your phone before the evening shift, or is your team still compiling it on paper?"
Assam,NEW SADASIVA,Organized Estate,No,NEW SADASIVA,Dibrugarh,Organized Plantation,,,,No,,Dibrugarh,"Dibrugarh, Assam",Uncertain / Backlog,Tier 3,3,No email listed (paper-dominant) | Dibrugarh HQ,Low signal density,1-Page Postal Letter,1-Page Postal Dispatch,"Namaskar,

When green leaf trucks move from field divisions to the factory at New Sadasiva, what percentage difference are you typically seeing between the field scale and factory weighbridge?

Most independent estates in Dibrugarh tell us they only catch leaf discrepancies and proxy hazira 10 to 14 days later when the fortnightly muster roll reaches the office.

Are you able to see your daily leaf reconciliation and worker count on your phone before the evening shift, or is your team still compiling it on paper?"
Assam,HIMALAYA TEA ESTATE,Organized Estate,No,HIMALAYA TEA ESTATE,Dibrugarh,Organized Plantation,,,,No,,Dibrugarh,"Dibrugarh, Assam",Uncertain / Backlog,Tier 3,3,No email listed (paper-dominant) | Dibrugarh HQ,Low signal density,1-Page Postal Letter,1-Page Postal Dispatch,"Namaskar,

When green leaf trucks move from field divisions to the factory at Himalaya Tea Estate, what percentage difference are you typically seeing between the field scale and factory weighbridge?

Most independent estates in Dibrugarh tell us they only catch leaf discrepancies and proxy hazira 10 to 14 days later when the fortnightly muster roll reaches the office.

Are you able to see your daily leaf reconciliation and worker count on your phone before the evening shift, or is your team still compiling it on paper?"
Assam,HUKANPUKRI TEA ESTATE,Organized Estate,No,HUKANPUKRI TEA ESTATE,Dibrugarh,Organized Plantation,,,,No,,Dibrugarh,"Dibrugarh, Assam",Uncertain / Backlog,Tier 3,3,No email listed (paper-dominant) | Dibrugarh HQ,Low signal density,1-Page Postal Letter,1-Page Postal Dispatch,"Namaskar,

When green leaf trucks move from field divisions to the factory at Hukanpukri Tea Estate, what percentage difference are you typically seeing between the field scale and factory weighbridge?

Most independent estates in Dibrugarh tell us they only catch leaf discrepancies and proxy hazira 10 to 14 days later when the fortnightly muster roll reaches the office.

Are you able to see your daily leaf reconciliation and worker count on your phone before the evening shift, or is your team still compiling it on paper?"
Assam,IDA TEA ESTATE,Organized Estate,No,IDA TEA ESTATE,Dibrugarh,Organized Plantation,,9365878796,9365878796,Yes,,Dibrugarh,"Dibrugarh, Assam",Uncertain / Backlog,Tier 3,3,No email listed (paper-dominant) | Dibrugarh HQ,Low signal density,WhatsApp / Phone,WhatsApp / Call + 1-Page Postal Dispatch,"Namaskar,

When green leaf trucks move from field divisions to the factory at Ida Tea Estate, what percentage difference are you typically seeing between the field scale and factory weighbridge?

Most independent estates in Dibrugarh tell us they only catch leaf discrepancies and proxy hazira 10 to 14 days later when the fortnightly muster roll reaches the office.

Are you able to see your daily leaf reconciliation and worker count on your phone before the evening shift, or is your team still compiling it on paper?"
Assam,MORAN,Organized Estate,No,McLeod Russel India Limited,Dibrugarh,Organized Plantation,,,,No,,Kolkata,"Four Mangoe Lane, Surendra Mohan Ghosh Sarani, Kolkata 700001",Disqualified,Disqualified,3,No email listed (paper-dominant) | Kolkata HQ,Conglomerate keyword match (MCLEOD RUSSEL),1-Page Postal Letter,1-Page Postal Dispatch,"Namaskar,

When green leaf trucks move from field divisions to the factory at Moran, what percentage difference are you typically seeing between the field scale and factory weighbridge?

Most independent estates in Dibrugarh tell us they only catch leaf discrepancies and proxy hazira 10 to 14 days later when the fortnightly muster roll reaches the office.

Are you able to see your daily leaf reconciliation and worker count on your phone before the evening shift, or is your team still compiling it on paper?"
Assam,MOTHOLA,Organized Estate,No,Current ownership unverified,Dibrugarh,196.96,,9435476099,9435476099,Yes,,Dibrugarh,Dibrugarh Assam - precise estate address pending,Qualified,Tier 2 (Qualified Independent),6,No email listed (paper-dominant) | Mid-tier acreage sweet spot (196.96 Ha) | Dibrugarh HQ,,WhatsApp / Phone,WhatsApp / Call + 1-Page Postal Dispatch,"Namaskar,

When green leaf trucks move from field divisions to the factory at Mothola, what percentage difference are you typically seeing between the field scale and factory weighbridge?

Most independent estates in Dibrugarh tell us they only catch leaf discrepancies and proxy hazira 10 to 14 days later when the fortnightly muster roll reaches the office.

Are you able to see your daily leaf reconciliation and worker count on your phone before the evening shift, or is your team still compiling it on paper?"
Assam,MOHUNBAREE,Organized Estate,No,MOHUNBAREE,Dibrugarh,Organized Plantation,,,,No,,Dibrugarh,"Dibrugarh, Assam",Uncertain / Backlog,Tier 3,3,No email listed (paper-dominant) | Dibrugarh HQ,Low signal density,1-Page Postal Letter,1-Page Postal Dispatch,"Namaskar,

When green leaf trucks move from field divisions to the factory at Mohunbaree, what percentage difference are you typically seeing between the field scale and factory weighbridge?

Most independent estates in Dibrugarh tell us they only catch leaf discrepancies and proxy hazira 10 to 14 days later when the fortnightly muster roll reaches the office.

Are you able to see your daily leaf reconciliation and worker count on your phone before the evening shift, or is your team still compiling it on paper?"
Assam,JOONKTOLLEE TEA ESTATE,Organized Estate,No,JOONKTOLLEE TEA ESTATE,Dibrugarh,Organized Plantation,,,,No,,Dibrugarh,"Dibrugarh, Assam",Uncertain / Backlog,Tier 3,3,No email listed (paper-dominant) | Dibrugarh HQ,Low signal density,1-Page Postal Letter,1-Page Postal Dispatch,"Namaskar,

When green leaf trucks move from field divisions to the factory at Joonktollee Tea Estate, what percentage difference are you typically seeing between the field scale and factory weighbridge?

Most independent estates in Dibrugarh tell us they only catch leaf discrepancies and proxy hazira 10 to 14 days later when the fortnightly muster roll reaches the office.

Are you able to see your daily leaf reconciliation and worker count on your phone before the evening shift, or is your team still compiling it on paper?"
Assam,JALANNAGAR,Organized Estate,No,JALANNAGAR,Dibrugarh,Organized Plantation,,9435031397,9435031397,Yes,,Dibrugarh,"Dibrugarh, Assam",Uncertain / Backlog,Tier 3,3,No email listed (paper-dominant) | Dibrugarh HQ,Low signal density,WhatsApp / Phone,WhatsApp / Call + 1-Page Postal Dispatch,"Namaskar,

When green leaf trucks move from field divisions to the factory at Jalannagar, what percentage difference are you typically seeing between the field scale and factory weighbridge?

Most independent estates in Dibrugarh tell us they only catch leaf discrepancies and proxy hazira 10 to 14 days later when the fortnightly muster roll reaches the office.

Are you able to see your daily leaf reconciliation and worker count on your phone before the evening shift, or is your team still compiling it on paper?"
Assam,JALANNAGAR SOUTH,Organized Estate,No,JALANNAGAR SOUTH,Dibrugarh,Organized Plantation,,,,No,,Dibrugarh,"Dibrugarh, Assam",Uncertain / Backlog,Tier 3,3,No email listed (paper-dominant) | Dibrugarh HQ,Low signal density,1-Page Postal Letter,1-Page Postal Dispatch,"Namaskar,

When green leaf trucks move from field divisions to the factory at Jalannagar South, what percentage difference are you typically seeing between the field scale and factory weighbridge?

Most independent estates in Dibrugarh tell us they only catch leaf discrepancies and proxy hazira 10 to 14 days later when the fortnightly muster roll reaches the office.

Are you able to see your daily leaf reconciliation and worker count on your phone before the evening shift, or is your team still compiling it on paper?"
Assam,HATIJAN TEA ESTATE,Organized Estate,No,HATIJAN TEA ESTATE,Dibrugarh,Organized Plantation,,9365634055,9365634055,Yes,,Dibrugarh,"Dibrugarh, Assam",Uncertain / Backlog,Tier 3,3,No email listed (paper-dominant) | Dibrugarh HQ,Low signal density,WhatsApp / Phone,WhatsApp / Call + 1-Page Postal Dispatch,"Namaskar,

When green leaf trucks move from field divisions to the factory at Hatijan Tea Estate, what percentage difference are you typically seeing between the field scale and factory weighbridge?

Most independent estates in Dibrugarh tell us they only catch leaf discrepancies and proxy hazira 10 to 14 days later when the fortnightly muster roll reaches the office.

Are you able to see your daily leaf reconciliation and worker count on your phone before the evening shift, or is your team still compiling it on paper?"
Assam,HATKHOLA TEA ESTATE,Organized Estate,No,HATKHOLA TEA ESTATE,Dibrugarh,Organized Plantation,,,,No,,Dibrugarh,"Dibrugarh, Assam",Uncertain / Backlog,Tier 3,3,No email listed (paper-dominant) | Dibrugarh HQ,Low signal density,1-Page Postal Letter,1-Page Postal Dispatch,"Namaskar,

When green leaf trucks move from field divisions to the factory at Hatkhola Tea Estate, what percentage difference are you typically seeing between the field scale and factory weighbridge?

Most independent estates in Dibrugarh tell us they only catch leaf discrepancies and proxy hazira 10 to 14 days later when the fortnightly muster roll reaches the office.

Are you able to see your daily leaf reconciliation and worker count on your phone before the evening shift, or is your team still compiling it on paper?"
Assam,HALMARI TEA ESTATE,Organized Estate,No,Jainex Tea Company Private Limited,Dibrugarh,111.34,Pratap Kochar,,,No,,Dibrugarh,Tingkhong Assam 786612,Disqualified,Disqualified,6,No email listed (paper-dominant) | Mid-tier acreage sweet spot (111.34 Ha) | Dibrugarh HQ,Multi-garden group (3 gardens),1-Page Postal Letter,1-Page Postal Dispatch,"Namaskar Pratap-ji,

When green leaf trucks move from field divisions to the factory at Halmari Tea Estate, what percentage difference are you typically seeing between the field scale and factory weighbridge?

Most independent estates in Dibrugarh tell us they only catch leaf discrepancies and proxy hazira 10 to 14 days later when the fortnightly muster roll reaches the office.

Are you able to see your daily leaf reconciliation and worker count on your phone before the evening shift, or is your team still compiling it on paper?"
Assam,HAZELBANK TEA ESTATE,Organized Estate,No,Assam Company India Limited (BRS Group),Dibrugarh,Organized Plantation,,,,No,,Guwahati,"Greenwood Tea Estate, Dibrugarh / GS Road Guwahati",Disqualified,Disqualified,3,No email listed (paper-dominant) | Guwahati HQ,Conglomerate keyword match (ASSAM COMPANY),1-Page Postal Letter,1-Page Postal Dispatch,"Namaskar,

When green leaf trucks move from field divisions to the factory at Hazelbank Tea Estate, what percentage difference are you typically seeing between the field scale and factory weighbridge?

Most independent estates in Dibrugarh tell us they only catch leaf discrepancies and proxy hazira 10 to 14 days later when the fortnightly muster roll reaches the office.

Are you able to see your daily leaf reconciliation and worker count on your phone before the evening shift, or is your team still compiling it on paper?"
Assam,HARISHPUR TEA ESTATE,Organized Estate,No,HARISHPUR TEA ESTATE,Dibrugarh,Organized Plantation,,8486071764,8486071764,Yes,,Dibrugarh,"Dibrugarh, Assam",Disqualified,Disqualified,3,No email listed (paper-dominant) | Dibrugarh HQ,Current GardenSuite client (HARISHPUR),WhatsApp / Phone,WhatsApp / Call + 1-Page Postal Dispatch,"Namaskar,

When green leaf trucks move from field divisions to the factory at Harishpur Tea Estate, what percentage difference are you typically seeing between the field scale and factory weighbridge?

Most independent estates in Dibrugarh tell us they only catch leaf discrepancies and proxy hazira 10 to 14 days later when the fortnightly muster roll reaches the office.

Are you able to see your daily leaf reconciliation and worker count on your phone before the evening shift, or is your team still compiling it on paper?"
Assam,GONESHBARI TEA ESTATE,Organized Estate,No,Goneshbari Tea Company Private Limited,Dibrugarh,239.32,Ajay Jalan,,,No,,Dibrugarh,Goneshbari Tea Factory area,Qualified,Tier 2 (Qualified Independent),6,No email listed (paper-dominant) | Mid-tier acreage sweet spot (239.32 Ha) | Dibrugarh HQ,,1-Page Postal Letter,1-Page Postal Dispatch,"Namaskar Ajay-ji,

When green leaf trucks move from field divisions to the factory at Goneshbari Tea Estate, what percentage difference are you typically seeing between the field scale and factory weighbridge?

Most independent estates in Dibrugarh tell us they only catch leaf discrepancies and proxy hazira 10 to 14 days later when the fortnightly muster roll reaches the office.

Are you able to see your daily leaf reconciliation and worker count on your phone before the evening shift, or is your team still compiling it on paper?"
Assam,GREENWOOD TEA ESTATE,Organized Estate,No,Assam Company India Limited (BRS Group),Dibrugarh,Organized Plantation,,,,No,,Guwahati,"Greenwood Tea Estate, Dibrugarh / GS Road Guwahati",Disqualified,Disqualified,3,No email listed (paper-dominant) | Guwahati HQ,Conglomerate keyword match (ASSAM COMPANY),1-Page Postal Letter,1-Page Postal Dispatch,"Namaskar,

When green leaf trucks move from field divisions to the factory at Greenwood Tea Estate, what percentage difference are you typically seeing between the field scale and factory weighbridge?

Most independent estates in Dibrugarh tell us they only catch leaf discrepancies and proxy hazira 10 to 14 days later when the fortnightly muster roll reaches the office.

Are you able to see your daily leaf reconciliation and worker count on your phone before the evening shift, or is your team still compiling it on paper?"
Assam,GITANAGAR TEA ESTATE,Organized Estate,No,GITANAGAR TEA ESTATE,Dibrugarh,Organized Plantation,,,,No,,Dibrugarh,"Dibrugarh, Assam",Uncertain / Backlog,Tier 3,3,No email listed (paper-dominant) | Dibrugarh HQ,Low signal density,1-Page Postal Letter,1-Page Postal Dispatch,"Namaskar,

When green leaf trucks move from field divisions to the factory at Gitanagar Tea Estate, what percentage difference are you typically seeing between the field scale and factory weighbridge?

Most independent estates in Dibrugarh tell us they only catch leaf discrepancies and proxy hazira 10 to 14 days later when the fortnightly muster roll reaches the office.

Are you able to see your daily leaf reconciliation and worker count on your phone before the evening shift, or is your team still compiling it on paper?"
Assam,GHOORONIA TEA ESTATE,Organized Estate,No,Ghooronia Tea Company Private Limited,Dibrugarh,139.0,Sumit Jain,,,No,ghooroniacompany@yahoo.com,Dibrugarh,Dibrugarh Assam,Qualified,Tier 1 (High Leakage / Paper Priority),8,Consumer/ISP email (@yahoo.com) | Mid-tier acreage sweet spot (139.0 Ha) | Dibrugarh HQ,,1-Page Postal Letter,1-Page Postal Dispatch + Email,"Namaskar Sumit-ji,

When green leaf trucks move from field divisions to the factory at Ghooronia Tea Estate, what percentage difference are you typically seeing between the field scale and factory weighbridge?

Most independent estates in Dibrugarh tell us they only catch leaf discrepancies and proxy hazira 10 to 14 days later when the fortnightly muster roll reaches the office.

Are you able to see your daily leaf reconciliation and worker count on your phone before the evening shift, or is your team still compiling it on paper?"
Assam,GHOGRAJAN TEA ESTATE,Organized Estate,No,Sitaram Budhkaran Choukhany & Co.,Dibrugarh,148.87,Vikash Choukhany,7002833087,7002833087,Yes,info@ghograjan.com,Dibrugarh,Lahoal Dibrugarh Assam 786010,Disqualified,Disqualified,5,Custom domain (@ghograjan.com) | Mid-tier acreage sweet spot (148.87 Ha) | Dibrugarh HQ,Multi-garden group (3 gardens),WhatsApp / Phone,WhatsApp / Call + 1-Page Postal Dispatch + Email,"Namaskar Vikash-ji,

When green leaf trucks move from field divisions to the factory at Ghograjan Tea Estate, what percentage difference are you typically seeing between the field scale and factory weighbridge?

Most independent estates in Dibrugarh tell us they only catch leaf discrepancies and proxy hazira 10 to 14 days later when the fortnightly muster roll reaches the office.

Are you able to see your daily leaf reconciliation and worker count on your phone before the evening shift, or is your team still compiling it on paper?"
Assam,ETHELWOLD TEA ESTATE,Organized Estate,No,ETHELWOLD TEA ESTATE,Dibrugarh,Organized Plantation,,,,No,,Dibrugarh,"Dibrugarh, Assam",Uncertain / Backlog,Tier 3,3,No email listed (paper-dominant) | Dibrugarh HQ,Low signal density,1-Page Postal Letter,1-Page Postal Dispatch,"Namaskar,

When green leaf trucks move from field divisions to the factory at Ethelwold Tea Estate, what percentage difference are you typically seeing between the field scale and factory weighbridge?

Most independent estates in Dibrugarh tell us they only catch leaf discrepancies and proxy hazira 10 to 14 days later when the fortnightly muster roll reaches the office.

Are you able to see your daily leaf reconciliation and worker count on your phone before the evening shift, or is your team still compiling it on paper?"
Assam,DOOLIA TEA ESTATE,Organized Estate,No,DOOLIA TEA ESTATE,Dibrugarh,Organized Plantation,,,,No,,Dibrugarh,"Dibrugarh, Assam",Uncertain / Backlog,Tier 3,3,No email listed (paper-dominant) | Dibrugarh HQ,Low signal density,1-Page Postal Letter,1-Page Postal Dispatch,"Namaskar,

When green leaf trucks move from field divisions to the factory at Doolia Tea Estate, what percentage difference are you typically seeing between the field scale and factory weighbridge?

Most independent estates in Dibrugarh tell us they only catch leaf discrepancies and proxy hazira 10 to 14 days later when the fortnightly muster roll reaches the office.

Are you able to see your daily leaf reconciliation and worker count on your phone before the evening shift, or is your team still compiling it on paper?"
Assam,OUPHULIA,Organized Estate,No,OUPHULIA,Dibrugarh,Organized Plantation,,,,No,,Dibrugarh,"Dibrugarh, Assam",Uncertain / Backlog,Tier 3,3,No email listed (paper-dominant) | Dibrugarh HQ,Low signal density,1-Page Postal Letter,1-Page Postal Dispatch,"Namaskar,

When green leaf trucks move from field divisions to the factory at Ouphulia, what percentage difference are you typically seeing between the field scale and factory weighbridge?

Most independent estates in Dibrugarh tell us they only catch leaf discrepancies and proxy hazira 10 to 14 days later when the fortnightly muster roll reaches the office.

Are you able to see your daily leaf reconciliation and worker count on your phone before the evening shift, or is your team still compiling it on paper?"
Assam,DULIABAM TEA ESTATE,Organized Estate,No,DULIABAM TEA ESTATE,Dibrugarh,Organized Plantation,,7002037389,7002037389,Yes,,Dibrugarh,"Dibrugarh, Assam",Uncertain / Backlog,Tier 3,3,No email listed (paper-dominant) | Dibrugarh HQ,Low signal density,WhatsApp / Phone,WhatsApp / Call + 1-Page Postal Dispatch,"Namaskar,

When green leaf trucks move from field divisions to the factory at Duliabam Tea Estate, what percentage difference are you typically seeing between the field scale and factory weighbridge?

Most independent estates in Dibrugarh tell us they only catch leaf discrepancies and proxy hazira 10 to 14 days later when the fortnightly muster roll reaches the office.

Are you able to see your daily leaf reconciliation and worker count on your phone before the evening shift, or is your team still compiling it on paper?"
Assam,DURGAPUR TEA ESTATE,Organized Estate,No,Durgapur Tea Company partnership,Dibrugarh,80.91,Nathmal Kasera,8638867855,8638867855,Yes,durgapurtea@mail.com,Dibrugarh,H.S. Road Dibrugarh Assam 786001,Qualified,Tier 1 (High Leakage / Paper Priority),8,Consumer/ISP email (@mail.com) | Mid-tier acreage sweet spot (80.91 Ha) | Dibrugarh HQ,,WhatsApp / Phone,WhatsApp / Call + 1-Page Postal Dispatch + Email,"Namaskar Nathmal-ji,

When green leaf trucks move from field divisions to the factory at Durgapur Tea Estate, what percentage difference are you typically seeing between the field scale and factory weighbridge?

Most independent estates in Dibrugarh tell us they only catch leaf discrepancies and proxy hazira 10 to 14 days later when the fortnightly muster roll reaches the office.

Are you able to see your daily leaf reconciliation and worker count on your phone before the evening shift, or is your team still compiling it on paper?"
Assam,DILLI TEA ESTATE,Organized Estate,No,DILLI TEA ESTATE,Dibrugarh,Organized Plantation,,,,No,,Dibrugarh,"Dibrugarh, Assam",Uncertain / Backlog,Tier 3,3,No email listed (paper-dominant) | Dibrugarh HQ,Low signal density,1-Page Postal Letter,1-Page Postal Dispatch,"Namaskar,

When green leaf trucks move from field divisions to the factory at Dilli Tea Estate, what percentage difference are you typically seeing between the field scale and factory weighbridge?

Most independent estates in Dibrugarh tell us they only catch leaf discrepancies and proxy hazira 10 to 14 days later when the fortnightly muster roll reaches the office.

Are you able to see your daily leaf reconciliation and worker count on your phone before the evening shift, or is your team still compiling it on paper?"
Assam,DIROIBAM TEA ESTATE,Organized Estate,No,DIROIBAM TEA ESTATE,Dibrugarh,Organized Plantation,,8402061666,8402061666,Yes,,Dibrugarh,"Dibrugarh, Assam",Uncertain / Backlog,Tier 3,3,No email listed (paper-dominant) | Dibrugarh HQ,Low signal density,WhatsApp / Phone,WhatsApp / Call + 1-Page Postal Dispatch,"Namaskar,

When green leaf trucks move from field divisions to the factory at Diroibam Tea Estate, what percentage difference are you typically seeing between the field scale and factory weighbridge?

Most independent estates in Dibrugarh tell us they only catch leaf discrepancies and proxy hazira 10 to 14 days later when the fortnightly muster roll reaches the office.

Are you able to see your daily leaf reconciliation and worker count on your phone before the evening shift, or is your team still compiling it on paper?"
Assam,DIRAI TEA ESTATE,Organized Estate,No,DIRAI TEA ESTATE,Dibrugarh,Organized Plantation,,,,No,,Dibrugarh,"Dibrugarh, Assam",Uncertain / Backlog,Tier 3,3,No email listed (paper-dominant) | Dibrugarh HQ,Low signal density,1-Page Postal Letter,1-Page Postal Dispatch,"Namaskar,

When green leaf trucks move from field divisions to the factory at Dirai Tea Estate, what percentage difference are you typically seeing between the field scale and factory weighbridge?

Most independent estates in Dibrugarh tell us they only catch leaf discrepancies and proxy hazira 10 to 14 days later when the fortnightly muster roll reaches the office.

Are you able to see your daily leaf reconciliation and worker count on your phone before the evening shift, or is your team still compiling it on paper?"
Assam,DINJOYE AND MAHABIRBARI TEA ESTATE,Organized Estate,No,DINJOYE AND MAHABIRBARI TEA ESTATE,Dibrugarh,Organized Plantation,,,,No,,Dibrugarh,"Dibrugarh, Assam",Uncertain / Backlog,Tier 3,3,No email listed (paper-dominant) | Dibrugarh HQ,Low signal density,1-Page Postal Letter,1-Page Postal Dispatch,"Namaskar,

When green leaf trucks move from field divisions to the factory at Dinjoye And Mahabirbari Tea Estate, what percentage difference are you typically seeing between the field scale and factory weighbridge?

Most independent estates in Dibrugarh tell us they only catch leaf discrepancies and proxy hazira 10 to 14 days later when the fortnightly muster roll reaches the office.

Are you able to see your daily leaf reconciliation and worker count on your phone before the evening shift, or is your team still compiling it on paper?"
Assam,DIRIAL TEA ESTATE,Organized Estate,No,DIRIAL TEA ESTATE,Dibrugarh,Organized Plantation,,,,No,,Dibrugarh,"Dibrugarh, Assam",Uncertain / Backlog,Tier 3,3,No email listed (paper-dominant) | Dibrugarh HQ,Low signal density,1-Page Postal Letter,1-Page Postal Dispatch,"Namaskar,

When green leaf trucks move from field divisions to the factory at Dirial Tea Estate, what percentage difference are you typically seeing between the field scale and factory weighbridge?

Most independent estates in Dibrugarh tell us they only catch leaf discrepancies and proxy hazira 10 to 14 days later when the fortnightly muster roll reaches the office.

Are you able to see your daily leaf reconciliation and worker count on your phone before the evening shift, or is your team still compiling it on paper?"
Assam,TINKHONG TEA ESTATE,Organized Estate,No,Andrew Yule & Company Limited (Govt of India),Dibrugarh,Organized Plantation,,,,No,,Kolkata,"Yule House, 8 Dr. Rajendra Prasad Sarani, Kolkata 700001",Disqualified,Disqualified,3,No email listed (paper-dominant) | Kolkata HQ,Conglomerate keyword match (ANDREW YULE),1-Page Postal Letter,1-Page Postal Dispatch,"Namaskar,

When green leaf trucks move from field divisions to the factory at Tinkhong Tea Estate, what percentage difference are you typically seeing between the field scale and factory weighbridge?

Most independent estates in Dibrugarh tell us they only catch leaf discrepancies and proxy hazira 10 to 14 days later when the fortnightly muster roll reaches the office.

Are you able to see your daily leaf reconciliation and worker count on your phone before the evening shift, or is your team still compiling it on paper?"
Assam,TELOIJAN,Organized Estate,No,TELOIJAN,Dibrugarh,Organized Plantation,,,,No,,Dibrugarh,"Dibrugarh, Assam",Uncertain / Backlog,Tier 3,3,No email listed (paper-dominant) | Dibrugarh HQ,Low signal density,1-Page Postal Letter,1-Page Postal Dispatch,"Namaskar,

When green leaf trucks move from field divisions to the factory at Teloijan, what percentage difference are you typically seeing between the field scale and factory weighbridge?

Most independent estates in Dibrugarh tell us they only catch leaf discrepancies and proxy hazira 10 to 14 days later when the fortnightly muster roll reaches the office.

Are you able to see your daily leaf reconciliation and worker count on your phone before the evening shift, or is your team still compiling it on paper?"
Assam,THANAI TEA ESTATE,Organized Estate,No,Assam Company India Limited (BRS Group),Dibrugarh,Organized Plantation,,,,No,,Guwahati,"Greenwood Tea Estate, Dibrugarh / GS Road Guwahati",Disqualified,Disqualified,3,No email listed (paper-dominant) | Guwahati HQ,Conglomerate keyword match (ASSAM COMPANY),1-Page Postal Letter,1-Page Postal Dispatch,"Namaskar,

When green leaf trucks move from field divisions to the factory at Thanai Tea Estate, what percentage difference are you typically seeing between the field scale and factory weighbridge?

Most independent estates in Dibrugarh tell us they only catch leaf discrepancies and proxy hazira 10 to 14 days later when the fortnightly muster roll reaches the office.

Are you able to see your daily leaf reconciliation and worker count on your phone before the evening shift, or is your team still compiling it on paper?"
Assam,LONGBOI,Organized Estate,No,Longboi Tea Company Private Limited,Dibrugarh,172.81,,9395637154,9395637154,Yes,,Dibrugarh,Rajgarh Assam,Qualified,Tier 2 (Qualified Independent),6,No email listed (paper-dominant) | Mid-tier acreage sweet spot (172.81 Ha) | Dibrugarh HQ,,WhatsApp / Phone,WhatsApp / Call + 1-Page Postal Dispatch,"Namaskar,

When green leaf trucks move from field divisions to the factory at Longboi, what percentage difference are you typically seeing between the field scale and factory weighbridge?

Most independent estates in Dibrugarh tell us they only catch leaf discrepancies and proxy hazira 10 to 14 days later when the fortnightly muster roll reaches the office.

Are you able to see your daily leaf reconciliation and worker count on your phone before the evening shift, or is your team still compiling it on paper?"
Assam,SOURABH A/F,Organized Estate,No,SOURABH A/F,Dibrugarh,Organized Plantation,,,,No,,Dibrugarh,"Dibrugarh, Assam",Uncertain / Backlog,Tier 3,3,No email listed (paper-dominant) | Dibrugarh HQ,Low signal density,1-Page Postal Letter,1-Page Postal Dispatch,"Namaskar,

When green leaf trucks move from field divisions to the factory at Sourabh A/F, what percentage difference are you typically seeing between the field scale and factory weighbridge?

Most independent estates in Dibrugarh tell us they only catch leaf discrepancies and proxy hazira 10 to 14 days later when the fortnightly muster roll reaches the office.

Are you able to see your daily leaf reconciliation and worker count on your phone before the evening shift, or is your team still compiling it on paper?"
Assam,TAMULBARI TEA ESTATE,Organized Estate,No,TAMULBARI TEA ESTATE,Dibrugarh,Organized Plantation,,,,No,,Dibrugarh,"Dibrugarh, Assam",Uncertain / Backlog,Tier 3,3,No email listed (paper-dominant) | Dibrugarh HQ,Low signal density,1-Page Postal Letter,1-Page Postal Dispatch,"Namaskar,

When green leaf trucks move from field divisions to the factory at Tamulbari Tea Estate, what percentage difference are you typically seeing between the field scale and factory weighbridge?

Most independent estates in Dibrugarh tell us they only catch leaf discrepancies and proxy hazira 10 to 14 days later when the fortnightly muster roll reaches the office.

Are you able to see your daily leaf reconciliation and worker count on your phone before the evening shift, or is your team still compiling it on paper?"
Assam,TARINIPUR TEA ESTATE,Organized Estate,No,TARINIPUR TEA ESTATE,Dibrugarh,Organized Plantation,,,,No,,Dibrugarh,"Dibrugarh, Assam",Uncertain / Backlog,Tier 3,3,No email listed (paper-dominant) | Dibrugarh HQ,Low signal density,1-Page Postal Letter,1-Page Postal Dispatch,"Namaskar,

When green leaf trucks move from field divisions to the factory at Tarinipur Tea Estate, what percentage difference are you typically seeing between the field scale and factory weighbridge?

Most independent estates in Dibrugarh tell us they only catch leaf discrepancies and proxy hazira 10 to 14 days later when the fortnightly muster roll reaches the office.

Are you able to see your daily leaf reconciliation and worker count on your phone before the evening shift, or is your team still compiling it on paper?"
Assam,SURAJ TEA ESTATE,Organized Estate,No,SURAJ TEA ESTATE,Dibrugarh,Organized Plantation,,9401129574,9401129574,Yes,,Dibrugarh,"Dibrugarh, Assam",Uncertain / Backlog,Tier 3,3,No email listed (paper-dominant) | Dibrugarh HQ,Low signal density,WhatsApp / Phone,WhatsApp / Call + 1-Page Postal Dispatch,"Namaskar,

When green leaf trucks move from field divisions to the factory at Suraj Tea Estate, what percentage difference are you typically seeing between the field scale and factory weighbridge?

Most independent estates in Dibrugarh tell us they only catch leaf discrepancies and proxy hazira 10 to 14 days later when the fortnightly muster roll reaches the office.

Are you able to see your daily leaf reconciliation and worker count on your phone before the evening shift, or is your team still compiling it on paper?"
Assam,SURABHI PLANTATIONS,Organized Estate,No,SURABHI PLANTATIONS,Dibrugarh,Organized Plantation,,,,No,,Dibrugarh,"Dibrugarh, Assam",Uncertain / Backlog,Tier 3,3,No email listed (paper-dominant) | Dibrugarh HQ,Low signal density,1-Page Postal Letter,1-Page Postal Dispatch,"Namaskar,

When green leaf trucks move from field divisions to the factory at Surabhi Plantations, what percentage difference are you typically seeing between the field scale and factory weighbridge?

Most independent estates in Dibrugarh tell us they only catch leaf discrepancies and proxy hazira 10 to 14 days later when the fortnightly muster roll reaches the office.

Are you able to see your daily leaf reconciliation and worker count on your phone before the evening shift, or is your team still compiling it on paper?"
Assam,SURESHNAGAR TEA ESTATE,Organized Estate,No,SURESHNAGAR TEA ESTATE,Dibrugarh,Organized Plantation,,,,No,,Dibrugarh,"Dibrugarh, Assam",Uncertain / Backlog,Tier 3,3,No email listed (paper-dominant) | Dibrugarh HQ,Low signal density,1-Page Postal Letter,1-Page Postal Dispatch,"Namaskar,

When green leaf trucks move from field divisions to the factory at Sureshnagar Tea Estate, what percentage difference are you typically seeing between the field scale and factory weighbridge?

Most independent estates in Dibrugarh tell us they only catch leaf discrepancies and proxy hazira 10 to 14 days later when the fortnightly muster roll reaches the office.

Are you able to see your daily leaf reconciliation and worker count on your phone before the evening shift, or is your team still compiling it on paper?"
Assam,GUNJUNG TEA ESTATE,Organized Estate,No,GUNJUNG TEA ESTATE,Dima Hasao,Organized Plantation,,,,No,,Dima Hasao,"Dima Hasao, Assam",Uncertain / Backlog,Tier 3,2,No email listed (paper-dominant),Low signal density,1-Page Postal Letter,1-Page Postal Dispatch,"Namaskar,

When green leaf trucks move from field divisions to the factory at Gunjung Tea Estate, what percentage difference are you typically seeing between the field scale and factory weighbridge?

Most independent estates in Dima Hasao tell us they only catch leaf discrepancies and proxy hazira 10 to 14 days later when the fortnightly muster roll reaches the office.

Are you able to see your daily leaf reconciliation and worker count on your phone before the evening shift, or is your team still compiling it on paper?"
Assam,KOPILI TE,Organized Estate,No,KOPILI TE,Dima Hasao,Organized Plantation,,,,No,,Dima Hasao,"Dima Hasao, Assam",Uncertain / Backlog,Tier 3,2,No email listed (paper-dominant),Low signal density,1-Page Postal Letter,1-Page Postal Dispatch,"Namaskar,

When green leaf trucks move from field divisions to the factory at Kopili Te, what percentage difference are you typically seeing between the field scale and factory weighbridge?

Most independent estates in Dima Hasao tell us they only catch leaf discrepancies and proxy hazira 10 to 14 days later when the fortnightly muster roll reaches the office.

Are you able to see your daily leaf reconciliation and worker count on your phone before the evening shift, or is your team still compiling it on paper?"
Assam,MAIJONGA TEA ESTATE,Organized Estate,No,MAIJONGA TEA ESTATE,Goalpara,Organized Plantation,,,,No,,Goalpara,"Goalpara, Assam",Uncertain / Backlog,Tier 3,2,No email listed (paper-dominant),Low signal density,1-Page Postal Letter,1-Page Postal Dispatch,"Namaskar,

When green leaf trucks move from field divisions to the factory at Maijonga Tea Estate, what percentage difference are you typically seeing between the field scale and factory weighbridge?

Most independent estates in Goalpara tell us they only catch leaf discrepancies and proxy hazira 10 to 14 days later when the fortnightly muster roll reaches the office.

Are you able to see your daily leaf reconciliation and worker count on your phone before the evening shift, or is your team still compiling it on paper?"
Assam,SIMLITOLA,Organized Estate,No,SIMLITOLA,Goalpara,Organized Plantation,,,,No,,Goalpara,"Goalpara, Assam",Uncertain / Backlog,Tier 3,2,No email listed (paper-dominant),Low signal density,1-Page Postal Letter,1-Page Postal Dispatch,"Namaskar,

When green leaf trucks move from field divisions to the factory at Simlitola, what percentage difference are you typically seeing between the field scale and factory weighbridge?

Most independent estates in Goalpara tell us they only catch leaf discrepancies and proxy hazira 10 to 14 days later when the fortnightly muster roll reaches the office.

Are you able to see your daily leaf reconciliation and worker count on your phone before the evening shift, or is your team still compiling it on paper?"
Assam,SHYAMRAIPORE,Organized Estate,No,SHYAMRAIPORE,Golaghat,Organized Plantation,,,,No,,Golaghat,"Golaghat, Assam",Uncertain / Backlog,Tier 3,2,No email listed (paper-dominant),Low signal density,1-Page Postal Letter,1-Page Postal Dispatch,"Namaskar,

When green leaf trucks move from field divisions to the factory at Shyamraipore, what percentage difference are you typically seeing between the field scale and factory weighbridge?

Most independent estates in Golaghat tell us they only catch leaf discrepancies and proxy hazira 10 to 14 days later when the fortnightly muster roll reaches the office.

Are you able to see your daily leaf reconciliation and worker count on your phone before the evening shift, or is your team still compiling it on paper?"
Assam,WOKA T.E,Organized Estate,No,WOKA T.E,Golaghat,Organized Plantation,,,,No,,Golaghat,"Golaghat, Assam",Uncertain / Backlog,Tier 3,2,No email listed (paper-dominant),Low signal density,1-Page Postal Letter,1-Page Postal Dispatch,"Namaskar,

When green leaf trucks move from field divisions to the factory at Woka T.E, what percentage difference are you typically seeing between the field scale and factory weighbridge?

Most independent estates in Golaghat tell us they only catch leaf discrepancies and proxy hazira 10 to 14 days later when the fortnightly muster roll reaches the office.

Are you able to see your daily leaf reconciliation and worker count on your phone before the evening shift, or is your team still compiling it on paper?"
Assam,UDAYAN TE,Organized Estate,No,UDAYAN TE,Golaghat,Organized Plantation,,,,No,,Golaghat,"Golaghat, Assam",Uncertain / Backlog,Tier 3,2,No email listed (paper-dominant),Low signal density,1-Page Postal Letter,1-Page Postal Dispatch,"Namaskar,

When green leaf trucks move from field divisions to the factory at Udayan Te, what percentage difference are you typically seeing between the field scale and factory weighbridge?

Most independent estates in Golaghat tell us they only catch leaf discrepancies and proxy hazira 10 to 14 days later when the fortnightly muster roll reaches the office.

Are you able to see your daily leaf reconciliation and worker count on your phone before the evening shift, or is your team still compiling it on paper?"
Assam,RUNGAJAUN TE,Organized Estate,No,RUNGAJAUN TE,Golaghat,Organized Plantation,,,,No,,Golaghat,"Golaghat, Assam",Uncertain / Backlog,Tier 3,2,No email listed (paper-dominant),Low signal density,1-Page Postal Letter,1-Page Postal Dispatch,"Namaskar,

When green leaf trucks move from field divisions to the factory at Rungajaun Te, what percentage difference are you typically seeing between the field scale and factory weighbridge?

Most independent estates in Golaghat tell us they only catch leaf discrepancies and proxy hazira 10 to 14 days later when the fortnightly muster roll reaches the office.

Are you able to see your daily leaf reconciliation and worker count on your phone before the evening shift, or is your team still compiling it on paper?"
Assam,SENGAJAN,Organized Estate,No,SENGAJAN,Golaghat,Organized Plantation,,,,No,,Golaghat,"Golaghat, Assam",Uncertain / Backlog,Tier 3,2,No email listed (paper-dominant),Low signal density,1-Page Postal Letter,1-Page Postal Dispatch,"Namaskar,

When green leaf trucks move from field divisions to the factory at Sengajan, what percentage difference are you typically seeing between the field scale and factory weighbridge?

Most independent estates in Golaghat tell us they only catch leaf discrepancies and proxy hazira 10 to 14 days later when the fortnightly muster roll reaches the office.

Are you able to see your daily leaf reconciliation and worker count on your phone before the evening shift, or is your team still compiling it on paper?"
Assam,RENGMA,Organized Estate,No,RENGMA,Golaghat,Organized Plantation,,,,No,,Golaghat,"Golaghat, Assam",Uncertain / Backlog,Tier 3,2,No email listed (paper-dominant),Low signal density,1-Page Postal Letter,1-Page Postal Dispatch,"Namaskar,

When green leaf trucks move from field divisions to the factory at Rengma, what percentage difference are you typically seeing between the field scale and factory weighbridge?

Most independent estates in Golaghat tell us they only catch leaf discrepancies and proxy hazira 10 to 14 days later when the fortnightly muster roll reaches the office.

Are you able to see your daily leaf reconciliation and worker count on your phone before the evening shift, or is your team still compiling it on paper?"
Assam,RADHABARI,Organized Estate,No,RADHABARI,Golaghat,Organized Plantation,,,,No,,Golaghat,"Golaghat, Assam",Uncertain / Backlog,Tier 3,2,No email listed (paper-dominant),Low signal density,1-Page Postal Letter,1-Page Postal Dispatch,"Namaskar,

When green leaf trucks move from field divisions to the factory at Radhabari, what percentage difference are you typically seeing between the field scale and factory weighbridge?

Most independent estates in Golaghat tell us they only catch leaf discrepancies and proxy hazira 10 to 14 days later when the fortnightly muster roll reaches the office.

Are you able to see your daily leaf reconciliation and worker count on your phone before the evening shift, or is your team still compiling it on paper?"
Assam,PROBHAKAR T.E. NEG-546,Organized Estate,No,PROBHAKAR T.E. NEG-546,Golaghat,Organized Plantation,,,,No,,Golaghat,"Golaghat, Assam",Uncertain / Backlog,Tier 3,2,No email listed (paper-dominant),Low signal density,1-Page Postal Letter,1-Page Postal Dispatch,"Namaskar,

When green leaf trucks move from field divisions to the factory at Probhakar T.E. Neg-546, what percentage difference are you typically seeing between the field scale and factory weighbridge?

Most independent estates in Golaghat tell us they only catch leaf discrepancies and proxy hazira 10 to 14 days later when the fortnightly muster roll reaches the office.

Are you able to see your daily leaf reconciliation and worker count on your phone before the evening shift, or is your team still compiling it on paper?"
Assam,RUNGAMATTY,Organized Estate,No,RUNGAMATTY,Golaghat,Organized Plantation,,,,No,,Golaghat,"Golaghat, Assam",Uncertain / Backlog,Tier 3,2,No email listed (paper-dominant),Low signal density,1-Page Postal Letter,1-Page Postal Dispatch,"Namaskar,

When green leaf trucks move from field divisions to the factory at Rungamatty, what percentage difference are you typically seeing between the field scale and factory weighbridge?

Most independent estates in Golaghat tell us they only catch leaf discrepancies and proxy hazira 10 to 14 days later when the fortnightly muster roll reaches the office.

Are you able to see your daily leaf reconciliation and worker count on your phone before the evening shift, or is your team still compiling it on paper?"
Assam,PABHOJAN TE,Organized Estate,No,PABHOJAN TE,Golaghat,Organized Plantation,,,,No,,Golaghat,"Golaghat, Assam",Uncertain / Backlog,Tier 3,2,No email listed (paper-dominant),Low signal density,1-Page Postal Letter,1-Page Postal Dispatch,"Namaskar,

When green leaf trucks move from field divisions to the factory at Pabhojan Te, what percentage difference are you typically seeing between the field scale and factory weighbridge?

Most independent estates in Golaghat tell us they only catch leaf discrepancies and proxy hazira 10 to 14 days later when the fortnightly muster roll reaches the office.

Are you able to see your daily leaf reconciliation and worker count on your phone before the evening shift, or is your team still compiling it on paper?"
Assam,OATING TEA ESTATE,Organized Estate,No,OATING TEA ESTATE,Golaghat,Organized Plantation,,,,No,,Golaghat,"Golaghat, Assam",Uncertain / Backlog,Tier 3,2,No email listed (paper-dominant),Low signal density,1-Page Postal Letter,1-Page Postal Dispatch,"Namaskar,

When green leaf trucks move from field divisions to the factory at Oating Tea Estate, what percentage difference are you typically seeing between the field scale and factory weighbridge?

Most independent estates in Golaghat tell us they only catch leaf discrepancies and proxy hazira 10 to 14 days later when the fortnightly muster roll reaches the office.

Are you able to see your daily leaf reconciliation and worker count on your phone before the evening shift, or is your team still compiling it on paper?"
Assam,GOVINDAPUR TEA ESTATE,Organized Estate,No,GOVINDAPUR TEA ESTATE,Golaghat,Organized Plantation,,,,No,,Golaghat,"Golaghat, Assam",Uncertain / Backlog,Tier 3,2,No email listed (paper-dominant),Low signal density,1-Page Postal Letter,1-Page Postal Dispatch,"Namaskar,

When green leaf trucks move from field divisions to the factory at Govindapur Tea Estate, what percentage difference are you typically seeing between the field scale and factory weighbridge?

Most independent estates in Golaghat tell us they only catch leaf discrepancies and proxy hazira 10 to 14 days later when the fortnightly muster roll reaches the office.

Are you able to see your daily leaf reconciliation and worker count on your phone before the evening shift, or is your team still compiling it on paper?"
Assam,GOLAGHAT TE,Organized Estate,No,GOLAGHAT TE,Golaghat,Organized Plantation,,,,No,,Golaghat,"Golaghat, Assam",Uncertain / Backlog,Tier 3,2,No email listed (paper-dominant),Low signal density,1-Page Postal Letter,1-Page Postal Dispatch,"Namaskar,

When green leaf trucks move from field divisions to the factory at Golaghat Te, what percentage difference are you typically seeing between the field scale and factory weighbridge?

Most independent estates in Golaghat tell us they only catch leaf discrepancies and proxy hazira 10 to 14 days later when the fortnightly muster roll reaches the office.

Are you able to see your daily leaf reconciliation and worker count on your phone before the evening shift, or is your team still compiling it on paper?"
Assam,HATHIKULI TEA ESTATE,Organized Estate,No,HATHIKULI TEA ESTATE,Golaghat,Organized Plantation,,,,No,,Golaghat,"Golaghat, Assam",Uncertain / Backlog,Tier 3,2,No email listed (paper-dominant),Low signal density,1-Page Postal Letter,1-Page Postal Dispatch,"Namaskar,

When green leaf trucks move from field divisions to the factory at Hathikuli Tea Estate, what percentage difference are you typically seeing between the field scale and factory weighbridge?

Most independent estates in Golaghat tell us they only catch leaf discrepancies and proxy hazira 10 to 14 days later when the fortnightly muster roll reaches the office.

Are you able to see your daily leaf reconciliation and worker count on your phone before the evening shift, or is your team still compiling it on paper?"
Assam,HALMIRA ESTATE TEA PVT. LTD,Organized Estate,No,HALMIRA ESTATE TEA PVT. LTD,Golaghat,Organized Plantation,,,,No,,Golaghat,"Golaghat, Assam",Uncertain / Backlog,Tier 3,2,No email listed (paper-dominant),Low signal density,1-Page Postal Letter,1-Page Postal Dispatch,"Namaskar,

When green leaf trucks move from field divisions to the factory at Halmira Estate Tea, what percentage difference are you typically seeing between the field scale and factory weighbridge?

Most independent estates in Golaghat tell us they only catch leaf discrepancies and proxy hazira 10 to 14 days later when the fortnightly muster roll reaches the office.

Are you able to see your daily leaf reconciliation and worker count on your phone before the evening shift, or is your team still compiling it on paper?"
Assam,HALMIRAMOOK TE,Organized Estate,No,HALMIRAMOOK TE,Golaghat,Organized Plantation,,,,No,,Golaghat,"Golaghat, Assam",Uncertain / Backlog,Tier 3,2,No email listed (paper-dominant),Low signal density,1-Page Postal Letter,1-Page Postal Dispatch,"Namaskar,

When green leaf trucks move from field divisions to the factory at Halmiramook Te, what percentage difference are you typically seeing between the field scale and factory weighbridge?

Most independent estates in Golaghat tell us they only catch leaf discrepancies and proxy hazira 10 to 14 days later when the fortnightly muster roll reaches the office.

Are you able to see your daily leaf reconciliation and worker count on your phone before the evening shift, or is your team still compiling it on paper?"
Assam,DIFFLOO TEA ESTATE,Organized Estate,No,Amalgamated Plantations Private Limited (Tata),Golaghat,Organized Plantation,,,,No,,Guwahati,"1st Floor, GS Road, Christian Basti, Guwahati, Assam 781005",Disqualified,Disqualified,3,No email listed (paper-dominant) | Guwahati HQ,Conglomerate keyword match (AMALGAMATED PLANTATIONS),1-Page Postal Letter,1-Page Postal Dispatch,"Namaskar,

When green leaf trucks move from field divisions to the factory at Diffloo Tea Estate, what percentage difference are you typically seeing between the field scale and factory weighbridge?

Most independent estates in Golaghat tell us they only catch leaf discrepancies and proxy hazira 10 to 14 days later when the fortnightly muster roll reaches the office.

Are you able to see your daily leaf reconciliation and worker count on your phone before the evening shift, or is your team still compiling it on paper?"
Assam,DIGHLIHULA TE,Organized Estate,No,DIGHLIHULA TE,Golaghat,Organized Plantation,,,,No,,Golaghat,"Golaghat, Assam",Uncertain / Backlog,Tier 3,2,No email listed (paper-dominant),Low signal density,1-Page Postal Letter,1-Page Postal Dispatch,"Namaskar,

When green leaf trucks move from field divisions to the factory at Dighlihula Te, what percentage difference are you typically seeing between the field scale and factory weighbridge?

Most independent estates in Golaghat tell us they only catch leaf discrepancies and proxy hazira 10 to 14 days later when the fortnightly muster roll reaches the office.

Are you able to see your daily leaf reconciliation and worker count on your phone before the evening shift, or is your team still compiling it on paper?"
Assam,DUKENHENGRA TEA ESATAE,Organized Estate,No,DUKENHENGRA TEA ESATAE,Golaghat,Organized Plantation,,,,No,,Golaghat,"Golaghat, Assam",Uncertain / Backlog,Tier 3,2,No email listed (paper-dominant),Low signal density,1-Page Postal Letter,1-Page Postal Dispatch,"Namaskar,

When green leaf trucks move from field divisions to the factory at Dukenhengra Tea Esatae, what percentage difference are you typically seeing between the field scale and factory weighbridge?

Most independent estates in Golaghat tell us they only catch leaf discrepancies and proxy hazira 10 to 14 days later when the fortnightly muster roll reaches the office.

Are you able to see your daily leaf reconciliation and worker count on your phone before the evening shift, or is your team still compiling it on paper?"
Assam,DOLAGURI TEA ESTATE,Organized Estate,No,DOLAGURI TEA ESTATE,Golaghat,Organized Plantation,,,,No,,Golaghat,"Golaghat, Assam",Uncertain / Backlog,Tier 3,2,No email listed (paper-dominant),Low signal density,1-Page Postal Letter,1-Page Postal Dispatch,"Namaskar,

When green leaf trucks move from field divisions to the factory at Dolaguri Tea Estate, what percentage difference are you typically seeing between the field scale and factory weighbridge?

Most independent estates in Golaghat tell us they only catch leaf discrepancies and proxy hazira 10 to 14 days later when the fortnightly muster roll reaches the office.

Are you able to see your daily leaf reconciliation and worker count on your phone before the evening shift, or is your team still compiling it on paper?"
Assam,FURKATING TEA ESTATE,Organized Estate,No,FURKATING TEA ESTATE,Golaghat,Organized Plantation,,,,No,,Golaghat,"Golaghat, Assam",Uncertain / Backlog,Tier 3,2,No email listed (paper-dominant),Low signal density,1-Page Postal Letter,1-Page Postal Dispatch,"Namaskar,

When green leaf trucks move from field divisions to the factory at Furkating Tea Estate, what percentage difference are you typically seeing between the field scale and factory weighbridge?

Most independent estates in Golaghat tell us they only catch leaf discrepancies and proxy hazira 10 to 14 days later when the fortnightly muster roll reaches the office.

Are you able to see your daily leaf reconciliation and worker count on your phone before the evening shift, or is your team still compiling it on paper?"
Assam,JAMGURI TEA ESTATEI,Organized Estate,No,JAMGURI TEA ESTATEI,Golaghat,Organized Plantation,,,,No,,Golaghat,"Golaghat, Assam",Uncertain / Backlog,Tier 3,2,No email listed (paper-dominant),Low signal density,1-Page Postal Letter,1-Page Postal Dispatch,"Namaskar,

When green leaf trucks move from field divisions to the factory at Jamguri Tea Estatei, what percentage difference are you typically seeing between the field scale and factory weighbridge?

Most independent estates in Golaghat tell us they only catch leaf discrepancies and proxy hazira 10 to 14 days later when the fortnightly muster roll reaches the office.

Are you able to see your daily leaf reconciliation and worker count on your phone before the evening shift, or is your team still compiling it on paper?"
Assam,MOHEEMA,Organized Estate,No,MOHEEMA,Golaghat,Organized Plantation,,,,No,,Golaghat,"Golaghat, Assam",Uncertain / Backlog,Tier 3,2,No email listed (paper-dominant),Low signal density,1-Page Postal Letter,1-Page Postal Dispatch,"Namaskar,

When green leaf trucks move from field divisions to the factory at Moheema, what percentage difference are you typically seeing between the field scale and factory weighbridge?

Most independent estates in Golaghat tell us they only catch leaf discrepancies and proxy hazira 10 to 14 days later when the fortnightly muster roll reaches the office.

Are you able to see your daily leaf reconciliation and worker count on your phone before the evening shift, or is your team still compiling it on paper?"
Assam,NEETINNAGAR T.E,Organized Estate,No,NEETINNAGAR T.E,Golaghat,Organized Plantation,,,,No,,Golaghat,"Golaghat, Assam",Uncertain / Backlog,Tier 3,2,No email listed (paper-dominant),Low signal density,1-Page Postal Letter,1-Page Postal Dispatch,"Namaskar,

When green leaf trucks move from field divisions to the factory at Neetinnagar T.E, what percentage difference are you typically seeing between the field scale and factory weighbridge?

Most independent estates in Golaghat tell us they only catch leaf discrepancies and proxy hazira 10 to 14 days later when the fortnightly muster roll reaches the office.

Are you able to see your daily leaf reconciliation and worker count on your phone before the evening shift, or is your team still compiling it on paper?"
Assam,NEGHERITING,Organized Estate,No,NEGHERITING,Golaghat,Organized Plantation,,,,No,,Golaghat,"Golaghat, Assam",Uncertain / Backlog,Tier 3,2,No email listed (paper-dominant),Low signal density,1-Page Postal Letter,1-Page Postal Dispatch,"Namaskar,

When green leaf trucks move from field divisions to the factory at Negheriting, what percentage difference are you typically seeing between the field scale and factory weighbridge?

Most independent estates in Golaghat tell us they only catch leaf discrepancies and proxy hazira 10 to 14 days later when the fortnightly muster roll reaches the office.

Are you able to see your daily leaf reconciliation and worker count on your phone before the evening shift, or is your team still compiling it on paper?"
Assam,NILGIRI TEA ESTATE,Organized Estate,No,NILGIRI TEA ESTATE,Golaghat,Organized Plantation,,,,No,,Golaghat,"Golaghat, Assam",Uncertain / Backlog,Tier 3,2,No email listed (paper-dominant),Low signal density,1-Page Postal Letter,1-Page Postal Dispatch,"Namaskar,

When green leaf trucks move from field divisions to the factory at Nilgiri Tea Estate, what percentage difference are you typically seeing between the field scale and factory weighbridge?

Most independent estates in Golaghat tell us they only catch leaf discrepancies and proxy hazira 10 to 14 days later when the fortnightly muster roll reaches the office.

Are you able to see your daily leaf reconciliation and worker count on your phone before the evening shift, or is your team still compiling it on paper?"
Assam,MURPHULANI TE,Organized Estate,No,Andrew Yule & Company Limited (Govt of India),Golaghat,Organized Plantation,,,,No,,Kolkata,"Yule House, 8 Dr. Rajendra Prasad Sarani, Kolkata 700001",Disqualified,Disqualified,3,No email listed (paper-dominant) | Kolkata HQ,Conglomerate keyword match (ANDREW YULE),1-Page Postal Letter,1-Page Postal Dispatch,"Namaskar,

When green leaf trucks move from field divisions to the factory at Murphulani Te, what percentage difference are you typically seeing between the field scale and factory weighbridge?

Most independent estates in Golaghat tell us they only catch leaf discrepancies and proxy hazira 10 to 14 days later when the fortnightly muster roll reaches the office.

Are you able to see your daily leaf reconciliation and worker count on your phone before the evening shift, or is your team still compiling it on paper?"
Assam,NANDAPUR,Organized Estate,No,NANDAPUR,Golaghat,Organized Plantation,,,,No,,Golaghat,"Golaghat, Assam",Uncertain / Backlog,Tier 3,2,No email listed (paper-dominant),Low signal density,1-Page Postal Letter,1-Page Postal Dispatch,"Namaskar,

When green leaf trucks move from field divisions to the factory at Nandapur, what percentage difference are you typically seeing between the field scale and factory weighbridge?

Most independent estates in Golaghat tell us they only catch leaf discrepancies and proxy hazira 10 to 14 days later when the fortnightly muster roll reaches the office.

Are you able to see your daily leaf reconciliation and worker count on your phone before the evening shift, or is your team still compiling it on paper?"
Assam,NAHORBARI TEA ESTATE,Organized Estate,No,NAHORBARI TEA ESTATE,Golaghat,Organized Plantation,,,,No,,Golaghat,"Golaghat, Assam",Uncertain / Backlog,Tier 3,2,No email listed (paper-dominant),Low signal density,1-Page Postal Letter,1-Page Postal Dispatch,"Namaskar,

When green leaf trucks move from field divisions to the factory at Nahorbari Tea Estate, what percentage difference are you typically seeing between the field scale and factory weighbridge?

Most independent estates in Golaghat tell us they only catch leaf discrepancies and proxy hazira 10 to 14 days later when the fortnightly muster roll reaches the office.

Are you able to see your daily leaf reconciliation and worker count on your phone before the evening shift, or is your team still compiling it on paper?"
Assam,NAHORJAN TE,Organized Estate,No,NAHORJAN TE,Golaghat,Organized Plantation,,,,No,,Golaghat,"Golaghat, Assam",Uncertain / Backlog,Tier 3,2,No email listed (paper-dominant),Low signal density,1-Page Postal Letter,1-Page Postal Dispatch,"Namaskar,

When green leaf trucks move from field divisions to the factory at Nahorjan Te, what percentage difference are you typically seeing between the field scale and factory weighbridge?

Most independent estates in Golaghat tell us they only catch leaf discrepancies and proxy hazira 10 to 14 days later when the fortnightly muster roll reaches the office.

Are you able to see your daily leaf reconciliation and worker count on your phone before the evening shift, or is your team still compiling it on paper?"
Assam,MANI,Organized Estate,No,MANI,Golaghat,Organized Plantation,,,,No,,Golaghat,"Golaghat, Assam",Uncertain / Backlog,Tier 3,2,No email listed (paper-dominant),Low signal density,1-Page Postal Letter,1-Page Postal Dispatch,"Namaskar,

When green leaf trucks move from field divisions to the factory at Mani, what percentage difference are you typically seeing between the field scale and factory weighbridge?

Most independent estates in Golaghat tell us they only catch leaf discrepancies and proxy hazira 10 to 14 days later when the fortnightly muster roll reaches the office.

Are you able to see your daily leaf reconciliation and worker count on your phone before the evening shift, or is your team still compiling it on paper?"
Assam,MARANGI,Organized Estate,No,MARANGI,Golaghat,Organized Plantation,,,,No,,Golaghat,"Golaghat, Assam",Uncertain / Backlog,Tier 3,2,No email listed (paper-dominant),Low signal density,1-Page Postal Letter,1-Page Postal Dispatch,"Namaskar,

When green leaf trucks move from field divisions to the factory at Marangi, what percentage difference are you typically seeing between the field scale and factory weighbridge?

Most independent estates in Golaghat tell us they only catch leaf discrepancies and proxy hazira 10 to 14 days later when the fortnightly muster roll reaches the office.

Are you able to see your daily leaf reconciliation and worker count on your phone before the evening shift, or is your team still compiling it on paper?"
Assam,MAHALAXMI TEA ESTATE,Organized Estate,No,MAHALAXMI TEA ESTATE,Golaghat,Organized Plantation,,,,No,,Golaghat,"Golaghat, Assam",Uncertain / Backlog,Tier 3,2,No email listed (paper-dominant),Low signal density,1-Page Postal Letter,1-Page Postal Dispatch,"Namaskar,

When green leaf trucks move from field divisions to the factory at Mahalaxmi Tea Estate, what percentage difference are you typically seeing between the field scale and factory weighbridge?

Most independent estates in Golaghat tell us they only catch leaf discrepancies and proxy hazira 10 to 14 days later when the fortnightly muster roll reaches the office.

Are you able to see your daily leaf reconciliation and worker count on your phone before the evening shift, or is your team still compiling it on paper?"
Assam,KRISHNA TE,Organized Estate,No,KRISHNA TE,Golaghat,Organized Plantation,,,,No,,Golaghat,"Golaghat, Assam",Uncertain / Backlog,Tier 3,2,No email listed (paper-dominant),Low signal density,1-Page Postal Letter,1-Page Postal Dispatch,"Namaskar,

When green leaf trucks move from field divisions to the factory at Krishna Te, what percentage difference are you typically seeing between the field scale and factory weighbridge?

Most independent estates in Golaghat tell us they only catch leaf discrepancies and proxy hazira 10 to 14 days later when the fortnightly muster roll reaches the office.

Are you able to see your daily leaf reconciliation and worker count on your phone before the evening shift, or is your team still compiling it on paper?"
Assam,LATTAKOOJAN TE,Organized Estate,No,LATTAKOOJAN TE,Golaghat,Organized Plantation,,,,No,,Golaghat,"Golaghat, Assam",Uncertain / Backlog,Tier 3,2,No email listed (paper-dominant),Low signal density,1-Page Postal Letter,1-Page Postal Dispatch,"Namaskar,

When green leaf trucks move from field divisions to the factory at Lattakoojan Te, what percentage difference are you typically seeing between the field scale and factory weighbridge?

Most independent estates in Golaghat tell us they only catch leaf discrepancies and proxy hazira 10 to 14 days later when the fortnightly muster roll reaches the office.

Are you able to see your daily leaf reconciliation and worker count on your phone before the evening shift, or is your team still compiling it on paper?"
Assam,KATHONI,Organized Estate,No,KATHONI,Golaghat,Organized Plantation,,,,No,,Golaghat,"Golaghat, Assam",Uncertain / Backlog,Tier 3,2,No email listed (paper-dominant),Low signal density,1-Page Postal Letter,1-Page Postal Dispatch,"Namaskar,

When green leaf trucks move from field divisions to the factory at Kathoni, what percentage difference are you typically seeing between the field scale and factory weighbridge?

Most independent estates in Golaghat tell us they only catch leaf discrepancies and proxy hazira 10 to 14 days later when the fortnightly muster roll reaches the office.

Are you able to see your daily leaf reconciliation and worker count on your phone before the evening shift, or is your team still compiling it on paper?"
Assam,KOOPAHUATING TEA ESTATE,Organized Estate,No,KOOPAHUATING TEA ESTATE,Golaghat,Organized Plantation,,,,No,,Golaghat,"Golaghat, Assam",Uncertain / Backlog,Tier 3,2,No email listed (paper-dominant),Low signal density,1-Page Postal Letter,1-Page Postal Dispatch,"Namaskar,

When green leaf trucks move from field divisions to the factory at Koopahuating Tea Estate, what percentage difference are you typically seeing between the field scale and factory weighbridge?

Most independent estates in Golaghat tell us they only catch leaf discrepancies and proxy hazira 10 to 14 days later when the fortnightly muster roll reaches the office.

Are you able to see your daily leaf reconciliation and worker count on your phone before the evening shift, or is your team still compiling it on paper?"
Assam,ANANDAPUR,Organized Estate,No,ANANDAPUR,Golaghat,Organized Plantation,,,,No,,Golaghat,"Golaghat, Assam",Uncertain / Backlog,Tier 3,2,No email listed (paper-dominant),Low signal density,1-Page Postal Letter,1-Page Postal Dispatch,"Namaskar,

When green leaf trucks move from field divisions to the factory at Anandapur, what percentage difference are you typically seeing between the field scale and factory weighbridge?

Most independent estates in Golaghat tell us they only catch leaf discrepancies and proxy hazira 10 to 14 days later when the fortnightly muster roll reaches the office.

Are you able to see your daily leaf reconciliation and worker count on your phone before the evening shift, or is your team still compiling it on paper?"
Assam,ATHABARI TEA ESTATE,Organized Estate,No,ATHABARI TEA ESTATE,Golaghat,Organized Plantation,,,,No,,Golaghat,"Golaghat, Assam",Uncertain / Backlog,Tier 3,2,No email listed (paper-dominant),Low signal density,1-Page Postal Letter,1-Page Postal Dispatch,"Namaskar,

When green leaf trucks move from field divisions to the factory at Athabari Tea Estate, what percentage difference are you typically seeing between the field scale and factory weighbridge?

Most independent estates in Golaghat tell us they only catch leaf discrepancies and proxy hazira 10 to 14 days later when the fortnightly muster roll reaches the office.

Are you able to see your daily leaf reconciliation and worker count on your phone before the evening shift, or is your team still compiling it on paper?"
Assam,MESSAMARA,Organized Estate,No,MESSAMARA,Golaghat,Organized Plantation,,,,No,,Golaghat,"Golaghat, Assam",Uncertain / Backlog,Tier 3,2,No email listed (paper-dominant),Low signal density,1-Page Postal Letter,1-Page Postal Dispatch,"Namaskar,

When green leaf trucks move from field divisions to the factory at Messamara, what percentage difference are you typically seeing between the field scale and factory weighbridge?

Most independent estates in Golaghat tell us they only catch leaf discrepancies and proxy hazira 10 to 14 days later when the fortnightly muster roll reaches the office.

Are you able to see your daily leaf reconciliation and worker count on your phone before the evening shift, or is your team still compiling it on paper?"
Assam,METHONI TE,Organized Estate,No,METHONI TE,Golaghat,Organized Plantation,,,,No,,Golaghat,"Golaghat, Assam",Uncertain / Backlog,Tier 3,2,No email listed (paper-dominant),Low signal density,1-Page Postal Letter,1-Page Postal Dispatch,"Namaskar,

When green leaf trucks move from field divisions to the factory at Methoni Te, what percentage difference are you typically seeing between the field scale and factory weighbridge?

Most independent estates in Golaghat tell us they only catch leaf discrepancies and proxy hazira 10 to 14 days later when the fortnightly muster roll reaches the office.

Are you able to see your daily leaf reconciliation and worker count on your phone before the evening shift, or is your team still compiling it on paper?"
Assam,ABHOYJAN TEA ESTATE,Organized Estate,No,ABHOYJAN TEA ESTATE,Golaghat,Organized Plantation,,,,No,,Golaghat,"Golaghat, Assam",Uncertain / Backlog,Tier 3,2,No email listed (paper-dominant),Low signal density,1-Page Postal Letter,1-Page Postal Dispatch,"Namaskar,

When green leaf trucks move from field divisions to the factory at Abhoyjan Tea Estate, what percentage difference are you typically seeing between the field scale and factory weighbridge?

Most independent estates in Golaghat tell us they only catch leaf discrepancies and proxy hazira 10 to 14 days later when the fortnightly muster roll reaches the office.

Are you able to see your daily leaf reconciliation and worker count on your phone before the evening shift, or is your team still compiling it on paper?"
Assam,BEHORA TEA ESTATE,Organized Estate,No,BEHORA TEA ESTATE,Golaghat,Organized Plantation,,,,No,,Golaghat,"Golaghat, Assam",Uncertain / Backlog,Tier 3,2,No email listed (paper-dominant),Low signal density,1-Page Postal Letter,1-Page Postal Dispatch,"Namaskar,

When green leaf trucks move from field divisions to the factory at Behora Tea Estate, what percentage difference are you typically seeing between the field scale and factory weighbridge?

Most independent estates in Golaghat tell us they only catch leaf discrepancies and proxy hazira 10 to 14 days later when the fortnightly muster roll reaches the office.

Are you able to see your daily leaf reconciliation and worker count on your phone before the evening shift, or is your team still compiling it on paper?"
Assam,BALIJAN TEA ESTATE,Organized Estate,No,BALIJAN TEA ESTATE,Golaghat,Organized Plantation,,,,No,,Golaghat,"Golaghat, Assam",Uncertain / Backlog,Tier 3,2,No email listed (paper-dominant),Low signal density,1-Page Postal Letter,1-Page Postal Dispatch,"Namaskar,

When green leaf trucks move from field divisions to the factory at Balijan Tea Estate, what percentage difference are you typically seeing between the field scale and factory weighbridge?

Most independent estates in Golaghat tell us they only catch leaf discrepancies and proxy hazira 10 to 14 days later when the fortnightly muster roll reaches the office.

Are you able to see your daily leaf reconciliation and worker count on your phone before the evening shift, or is your team still compiling it on paper?"
Assam,BANWARIPUR T.E,Organized Estate,No,BANWARIPUR T.E,Golaghat,Organized Plantation,,,,No,,Golaghat,"Golaghat, Assam",Uncertain / Backlog,Tier 3,2,No email listed (paper-dominant),Low signal density,1-Page Postal Letter,1-Page Postal Dispatch,"Namaskar,

When green leaf trucks move from field divisions to the factory at Banwaripur T.E, what percentage difference are you typically seeing between the field scale and factory weighbridge?

Most independent estates in Golaghat tell us they only catch leaf discrepancies and proxy hazira 10 to 14 days later when the fortnightly muster roll reaches the office.

Are you able to see your daily leaf reconciliation and worker count on your phone before the evening shift, or is your team still compiling it on paper?"
Assam,BHAGWAN T.E.,Organized Estate,No,BHAGWAN T.E.,Golaghat,Organized Plantation,,,,No,,Golaghat,"Golaghat, Assam",Uncertain / Backlog,Tier 3,2,No email listed (paper-dominant),Low signal density,1-Page Postal Letter,1-Page Postal Dispatch,"Namaskar,

When green leaf trucks move from field divisions to the factory at Bhagwan T.E., what percentage difference are you typically seeing between the field scale and factory weighbridge?

Most independent estates in Golaghat tell us they only catch leaf discrepancies and proxy hazira 10 to 14 days later when the fortnightly muster roll reaches the office.

Are you able to see your daily leaf reconciliation and worker count on your phone before the evening shift, or is your team still compiling it on paper?"
Assam,BHOGADABARI TE,Organized Estate,No,BHOGADABARI TE,Golaghat,Organized Plantation,,,,No,,Golaghat,"Golaghat, Assam",Uncertain / Backlog,Tier 3,2,No email listed (paper-dominant),Low signal density,1-Page Postal Letter,1-Page Postal Dispatch,"Namaskar,

When green leaf trucks move from field divisions to the factory at Bhogadabari Te, what percentage difference are you typically seeing between the field scale and factory weighbridge?

Most independent estates in Golaghat tell us they only catch leaf discrepancies and proxy hazira 10 to 14 days later when the fortnightly muster roll reaches the office.

Are you able to see your daily leaf reconciliation and worker count on your phone before the evening shift, or is your team still compiling it on paper?"
Assam,BORTING TE,Organized Estate,No,BORTING TE,Golaghat,Organized Plantation,,,,No,,Golaghat,"Golaghat, Assam",Uncertain / Backlog,Tier 3,2,No email listed (paper-dominant),Low signal density,1-Page Postal Letter,1-Page Postal Dispatch,"Namaskar,

When green leaf trucks move from field divisions to the factory at Borting Te, what percentage difference are you typically seeing between the field scale and factory weighbridge?

Most independent estates in Golaghat tell us they only catch leaf discrepancies and proxy hazira 10 to 14 days later when the fortnightly muster roll reaches the office.

Are you able to see your daily leaf reconciliation and worker count on your phone before the evening shift, or is your team still compiling it on paper?"
Assam,BOGIDHOLA TEA ESTATE (LOCKOUT SINCE,Organized Estate,No,BOGIDHOLA TEA ESTATE (LOCKOUT SINCE,Golaghat,Organized Plantation,,,,No,,Golaghat,"Golaghat, Assam",Uncertain / Backlog,Tier 3,2,No email listed (paper-dominant),Low signal density,1-Page Postal Letter,1-Page Postal Dispatch,"Namaskar,

When green leaf trucks move from field divisions to the factory at Bogidhola Tea Estate (Lockout Since, what percentage difference are you typically seeing between the field scale and factory weighbridge?

Most independent estates in Golaghat tell us they only catch leaf discrepancies and proxy hazira 10 to 14 days later when the fortnightly muster roll reaches the office.

Are you able to see your daily leaf reconciliation and worker count on your phone before the evening shift, or is your team still compiling it on paper?"
Assam,BORJAN TEA ESTATE,Organized Estate,No,Amalgamated Plantations Private Limited (Tata),Golaghat,Organized Plantation,,,,No,,Guwahati,"1st Floor, GS Road, Christian Basti, Guwahati, Assam 781005",Disqualified,Disqualified,3,No email listed (paper-dominant) | Guwahati HQ,Conglomerate keyword match (AMALGAMATED PLANTATIONS),1-Page Postal Letter,1-Page Postal Dispatch,"Namaskar,

When green leaf trucks move from field divisions to the factory at Borjan Tea Estate, what percentage difference are you typically seeing between the field scale and factory weighbridge?

Most independent estates in Golaghat tell us they only catch leaf discrepancies and proxy hazira 10 to 14 days later when the fortnightly muster roll reaches the office.

Are you able to see your daily leaf reconciliation and worker count on your phone before the evening shift, or is your team still compiling it on paper?"
Assam,BOGIJAN TEA ESTATE,Organized Estate,No,BOGIJAN TEA ESTATE,Golaghat,Organized Plantation,,,,No,,Golaghat,"Golaghat, Assam",Uncertain / Backlog,Tier 3,2,No email listed (paper-dominant),Low signal density,1-Page Postal Letter,1-Page Postal Dispatch,"Namaskar,

When green leaf trucks move from field divisions to the factory at Bogijan Tea Estate, what percentage difference are you typically seeing between the field scale and factory weighbridge?

Most independent estates in Golaghat tell us they only catch leaf discrepancies and proxy hazira 10 to 14 days later when the fortnightly muster roll reaches the office.

Are you able to see your daily leaf reconciliation and worker count on your phone before the evening shift, or is your team still compiling it on paper?"
Assam,BUKHIAL TEA ESTATE,Organized Estate,No,BUKHIAL TEA ESTATE,Golaghat,Organized Plantation,,,,No,,Golaghat,"Golaghat, Assam",Uncertain / Backlog,Tier 3,2,No email listed (paper-dominant),Low signal density,1-Page Postal Letter,1-Page Postal Dispatch,"Namaskar,

When green leaf trucks move from field divisions to the factory at Bukhial Tea Estate, what percentage difference are you typically seeing between the field scale and factory weighbridge?

Most independent estates in Golaghat tell us they only catch leaf discrepancies and proxy hazira 10 to 14 days later when the fortnightly muster roll reaches the office.

Are you able to see your daily leaf reconciliation and worker count on your phone before the evening shift, or is your team still compiling it on paper?"
Assam,DALOWJAN TE,Organized Estate,No,DALOWJAN TE,Golaghat,Organized Plantation,,,,No,,Golaghat,"Golaghat, Assam",Uncertain / Backlog,Tier 3,2,No email listed (paper-dominant),Low signal density,1-Page Postal Letter,1-Page Postal Dispatch,"Namaskar,

When green leaf trucks move from field divisions to the factory at Dalowjan Te, what percentage difference are you typically seeing between the field scale and factory weighbridge?

Most independent estates in Golaghat tell us they only catch leaf discrepancies and proxy hazira 10 to 14 days later when the fortnightly muster roll reaches the office.

Are you able to see your daily leaf reconciliation and worker count on your phone before the evening shift, or is your team still compiling it on paper?"
Assam,SOCKIETING TE,Organized Estate,No,SOCKIETING TE,Golaghat,Organized Plantation,,,,No,,Golaghat,"Golaghat, Assam",Uncertain / Backlog,Tier 3,2,No email listed (paper-dominant),Low signal density,1-Page Postal Letter,1-Page Postal Dispatch,"Namaskar,

When green leaf trucks move from field divisions to the factory at Sockieting Te, what percentage difference are you typically seeing between the field scale and factory weighbridge?

Most independent estates in Golaghat tell us they only catch leaf discrepancies and proxy hazira 10 to 14 days later when the fortnightly muster roll reaches the office.

Are you able to see your daily leaf reconciliation and worker count on your phone before the evening shift, or is your team still compiling it on paper?"
Assam,BIJULEE TEA ESTATE NEG-699,Organized Estate,No,BIJULEE TEA ESTATE NEG-699,Golaghat,Organized Plantation,,,,No,,Golaghat,"Golaghat, Assam",Uncertain / Backlog,Tier 3,2,No email listed (paper-dominant),Low signal density,1-Page Postal Letter,1-Page Postal Dispatch,"Namaskar,

When green leaf trucks move from field divisions to the factory at Bijulee Tea Estate Neg-699, what percentage difference are you typically seeing between the field scale and factory weighbridge?

Most independent estates in Golaghat tell us they only catch leaf discrepancies and proxy hazira 10 to 14 days later when the fortnightly muster roll reaches the office.

Are you able to see your daily leaf reconciliation and worker count on your phone before the evening shift, or is your team still compiling it on paper?"
Assam,TILOTTAMA,Organized Estate,No,TILOTTAMA,Golaghat,Organized Plantation,,,,No,,Golaghat,"Golaghat, Assam",Uncertain / Backlog,Tier 3,2,No email listed (paper-dominant),Low signal density,1-Page Postal Letter,1-Page Postal Dispatch,"Namaskar,

When green leaf trucks move from field divisions to the factory at Tilottama, what percentage difference are you typically seeing between the field scale and factory weighbridge?

Most independent estates in Golaghat tell us they only catch leaf discrepancies and proxy hazira 10 to 14 days later when the fortnightly muster roll reaches the office.

Are you able to see your daily leaf reconciliation and worker count on your phone before the evening shift, or is your team still compiling it on paper?"
Assam,RAJABARI TEA ESTATE,Organized Estate,No,RAJABARI TEA ESTATE,Golaghat,Organized Plantation,,,,No,,Golaghat,"Golaghat, Assam",Uncertain / Backlog,Tier 3,2,No email listed (paper-dominant),Low signal density,1-Page Postal Letter,1-Page Postal Dispatch,"Namaskar,

When green leaf trucks move from field divisions to the factory at Rajabari Tea Estate, what percentage difference are you typically seeing between the field scale and factory weighbridge?

Most independent estates in Golaghat tell us they only catch leaf discrepancies and proxy hazira 10 to 14 days later when the fortnightly muster roll reaches the office.

Are you able to see your daily leaf reconciliation and worker count on your phone before the evening shift, or is your team still compiling it on paper?"
Assam,SOUTH CACHAR TE,Organized Estate,No,SOUTH CACHAR TE,Hailakandi,Organized Plantation,,,,No,,Hailakandi,"Hailakandi, Assam",Uncertain / Backlog,Tier 3,2,No email listed (paper-dominant),Low signal density,1-Page Postal Letter,1-Page Postal Dispatch,"Namaskar,

When green leaf trucks move from field divisions to the factory at South Cachar Te, what percentage difference are you typically seeing between the field scale and factory weighbridge?

Most independent estates in Hailakandi tell us they only catch leaf discrepancies and proxy hazira 10 to 14 days later when the fortnightly muster roll reaches the office.

Are you able to see your daily leaf reconciliation and worker count on your phone before the evening shift, or is your team still compiling it on paper?"
Assam,SULTANICHERA,Organized Estate,No,SULTANICHERA,Hailakandi,Organized Plantation,,,,No,,Hailakandi,"Hailakandi, Assam",Uncertain / Backlog,Tier 3,2,No email listed (paper-dominant),Low signal density,1-Page Postal Letter,1-Page Postal Dispatch,"Namaskar,

When green leaf trucks move from field divisions to the factory at Sultanichera, what percentage difference are you typically seeing between the field scale and factory weighbridge?

Most independent estates in Hailakandi tell us they only catch leaf discrepancies and proxy hazira 10 to 14 days later when the fortnightly muster roll reaches the office.

Are you able to see your daily leaf reconciliation and worker count on your phone before the evening shift, or is your team still compiling it on paper?"
Assam,CHANDYPORE T.E,Organized Estate,No,CHANDYPORE T.E,Hailakandi,Organized Plantation,,,,No,,Hailakandi,"Hailakandi, Assam",Uncertain / Backlog,Tier 3,2,No email listed (paper-dominant),Low signal density,1-Page Postal Letter,1-Page Postal Dispatch,"Namaskar,

When green leaf trucks move from field divisions to the factory at Chandypore T.E, what percentage difference are you typically seeing between the field scale and factory weighbridge?

Most independent estates in Hailakandi tell us they only catch leaf discrepancies and proxy hazira 10 to 14 days later when the fortnightly muster roll reaches the office.

Are you able to see your daily leaf reconciliation and worker count on your phone before the evening shift, or is your team still compiling it on paper?"
Assam,DEVENDRA TE,Organized Estate,No,Debendra Tea and Company Private Limited,Hailakandi,60.0,Madan Dutta,,,No,bhagat_tsk@rediffmail.com,Hailakandi,No 1 Chotahapjan Assam,Qualified,Tier 1 (High Leakage / Paper Priority),7,Consumer/ISP email (@rediffmail.com) | Mid-tier acreage sweet spot (60.0 Ha),,1-Page Postal Letter,1-Page Postal Dispatch + Email,"Namaskar Madan-ji,

When green leaf trucks move from field divisions to the factory at Devendra Te, what percentage difference are you typically seeing between the field scale and factory weighbridge?

Most independent estates in Hailakandi tell us they only catch leaf discrepancies and proxy hazira 10 to 14 days later when the fortnightly muster roll reaches the office.

Are you able to see your daily leaf reconciliation and worker count on your phone before the evening shift, or is your team still compiling it on paper?"
Assam,CUTLACHERRA T.E.,Organized Estate,No,CUTLACHERRA T.E.,Hailakandi,Organized Plantation,,,,No,,Hailakandi,"Hailakandi, Assam",Uncertain / Backlog,Tier 3,2,No email listed (paper-dominant),Low signal density,1-Page Postal Letter,1-Page Postal Dispatch,"Namaskar,

When green leaf trucks move from field divisions to the factory at Cutlacherra T.E., what percentage difference are you typically seeing between the field scale and factory weighbridge?

Most independent estates in Hailakandi tell us they only catch leaf discrepancies and proxy hazira 10 to 14 days later when the fortnightly muster roll reaches the office.

Are you able to see your daily leaf reconciliation and worker count on your phone before the evening shift, or is your team still compiling it on paper?"
Assam,BURNIE BRAES T.E,Organized Estate,No,BURNIE BRAES T.E,Hailakandi,Organized Plantation,,,,No,,Hailakandi,"Hailakandi, Assam",Uncertain / Backlog,Tier 3,2,No email listed (paper-dominant),Low signal density,1-Page Postal Letter,1-Page Postal Dispatch,"Namaskar,

When green leaf trucks move from field divisions to the factory at Burnie Braes T.E, what percentage difference are you typically seeing between the field scale and factory weighbridge?

Most independent estates in Hailakandi tell us they only catch leaf discrepancies and proxy hazira 10 to 14 days later when the fortnightly muster roll reaches the office.

Are you able to see your daily leaf reconciliation and worker count on your phone before the evening shift, or is your team still compiling it on paper?"
Assam,BUNDOOKMARA T.E,Organized Estate,No,BUNDOOKMARA T.E,Hailakandi,Organized Plantation,,,,No,,Hailakandi,"Hailakandi, Assam",Uncertain / Backlog,Tier 3,2,No email listed (paper-dominant),Low signal density,1-Page Postal Letter,1-Page Postal Dispatch,"Namaskar,

When green leaf trucks move from field divisions to the factory at Bundookmara T.E, what percentage difference are you typically seeing between the field scale and factory weighbridge?

Most independent estates in Hailakandi tell us they only catch leaf discrepancies and proxy hazira 10 to 14 days later when the fortnightly muster roll reaches the office.

Are you able to see your daily leaf reconciliation and worker count on your phone before the evening shift, or is your team still compiling it on paper?"
Assam,AENAKHALL T.E.,Organized Estate,No,AENAKHALL T.E.,Hailakandi,Organized Plantation,,,,No,,Hailakandi,"Hailakandi, Assam",Uncertain / Backlog,Tier 3,2,No email listed (paper-dominant),Low signal density,1-Page Postal Letter,1-Page Postal Dispatch,"Namaskar,

When green leaf trucks move from field divisions to the factory at Aenakhall T.E., what percentage difference are you typically seeing between the field scale and factory weighbridge?

Most independent estates in Hailakandi tell us they only catch leaf discrepancies and proxy hazira 10 to 14 days later when the fortnightly muster roll reaches the office.

Are you able to see your daily leaf reconciliation and worker count on your phone before the evening shift, or is your team still compiling it on paper?"
Assam,LALLAMOOKH TEA ESTATE,Organized Estate,No,LALLAMOOKH TEA ESTATE,Hailakandi,Organized Plantation,,,,No,,Hailakandi,"Hailakandi, Assam",Uncertain / Backlog,Tier 3,2,No email listed (paper-dominant),Low signal density,1-Page Postal Letter,1-Page Postal Dispatch,"Namaskar,

When green leaf trucks move from field divisions to the factory at Lallamookh Tea Estate, what percentage difference are you typically seeing between the field scale and factory weighbridge?

Most independent estates in Hailakandi tell us they only catch leaf discrepancies and proxy hazira 10 to 14 days later when the fortnightly muster roll reaches the office.

Are you able to see your daily leaf reconciliation and worker count on your phone before the evening shift, or is your team still compiling it on paper?"
Assam,LALLACHERRA,Organized Estate,No,LALLACHERRA,Hailakandi,Organized Plantation,,,,No,,Hailakandi,"Hailakandi, Assam",Uncertain / Backlog,Tier 3,2,No email listed (paper-dominant),Low signal density,1-Page Postal Letter,1-Page Postal Dispatch,"Namaskar,

When green leaf trucks move from field divisions to the factory at Lallacherra, what percentage difference are you typically seeing between the field scale and factory weighbridge?

Most independent estates in Hailakandi tell us they only catch leaf discrepancies and proxy hazira 10 to 14 days later when the fortnightly muster roll reaches the office.

Are you able to see your daily leaf reconciliation and worker count on your phone before the evening shift, or is your team still compiling it on paper?"
Assam,KUNCHUNPORE TE,Organized Estate,No,KUNCHUNPORE TE,Hailakandi,Organized Plantation,,,,No,,Hailakandi,"Hailakandi, Assam",Uncertain / Backlog,Tier 3,2,No email listed (paper-dominant),Low signal density,1-Page Postal Letter,1-Page Postal Dispatch,"Namaskar,

When green leaf trucks move from field divisions to the factory at Kunchunpore Te, what percentage difference are you typically seeing between the field scale and factory weighbridge?

Most independent estates in Hailakandi tell us they only catch leaf discrepancies and proxy hazira 10 to 14 days later when the fortnightly muster roll reaches the office.

Are you able to see your daily leaf reconciliation and worker count on your phone before the evening shift, or is your team still compiling it on paper?"
Assam,KOYAH TEA ESTATE,Organized Estate,No,KOYAH TEA ESTATE,Hailakandi,Organized Plantation,,,,No,,Hailakandi,"Hailakandi, Assam",Uncertain / Backlog,Tier 3,2,No email listed (paper-dominant),Low signal density,1-Page Postal Letter,1-Page Postal Dispatch,"Namaskar,

When green leaf trucks move from field divisions to the factory at Koyah Tea Estate, what percentage difference are you typically seeing between the field scale and factory weighbridge?

Most independent estates in Hailakandi tell us they only catch leaf discrepancies and proxy hazira 10 to 14 days later when the fortnightly muster roll reaches the office.

Are you able to see your daily leaf reconciliation and worker count on your phone before the evening shift, or is your team still compiling it on paper?"
Assam,MANIPUR TE,Organized Estate,No,MANIPUR TE,Hailakandi,Organized Plantation,,,,No,,Hailakandi,"Hailakandi, Assam",Uncertain / Backlog,Tier 3,2,No email listed (paper-dominant),Low signal density,1-Page Postal Letter,1-Page Postal Dispatch,"Namaskar,

When green leaf trucks move from field divisions to the factory at Manipur Te, what percentage difference are you typically seeing between the field scale and factory weighbridge?

Most independent estates in Hailakandi tell us they only catch leaf discrepancies and proxy hazira 10 to 14 days later when the fortnightly muster roll reaches the office.

Are you able to see your daily leaf reconciliation and worker count on your phone before the evening shift, or is your team still compiling it on paper?"
Assam,NARSINGPORE TE,Organized Estate,No,NARSINGPORE TE,Hailakandi,Organized Plantation,,,,No,,Hailakandi,"Hailakandi, Assam",Uncertain / Backlog,Tier 3,2,No email listed (paper-dominant),Low signal density,1-Page Postal Letter,1-Page Postal Dispatch,"Namaskar,

When green leaf trucks move from field divisions to the factory at Narsingpore Te, what percentage difference are you typically seeing between the field scale and factory weighbridge?

Most independent estates in Hailakandi tell us they only catch leaf discrepancies and proxy hazira 10 to 14 days later when the fortnightly muster roll reaches the office.

Are you able to see your daily leaf reconciliation and worker count on your phone before the evening shift, or is your team still compiling it on paper?"
Assam,DHOLAI TEA GARDEN,Organized Estate,No,DHOLAI TEA GARDEN,Hailakandi,Organized Plantation,,,,No,,Hailakandi,"Hailakandi, Assam",Uncertain / Backlog,Tier 3,2,No email listed (paper-dominant),Low signal density,1-Page Postal Letter,1-Page Postal Dispatch,"Namaskar,

When green leaf trucks move from field divisions to the factory at Dholai Tea Garden, what percentage difference are you typically seeing between the field scale and factory weighbridge?

Most independent estates in Hailakandi tell us they only catch leaf discrepancies and proxy hazira 10 to 14 days later when the fortnightly muster roll reaches the office.

Are you able to see your daily leaf reconciliation and worker count on your phone before the evening shift, or is your team still compiling it on paper?"
Assam,ROOPACHERA TE,Organized Estate,No,ROOPACHERA TE,Hailakandi,Organized Plantation,,,,No,,Hailakandi,"Hailakandi, Assam",Uncertain / Backlog,Tier 3,2,No email listed (paper-dominant),Low signal density,1-Page Postal Letter,1-Page Postal Dispatch,"Namaskar,

When green leaf trucks move from field divisions to the factory at Roopachera Te, what percentage difference are you typically seeing between the field scale and factory weighbridge?

Most independent estates in Hailakandi tell us they only catch leaf discrepancies and proxy hazira 10 to 14 days later when the fortnightly muster roll reaches the office.

Are you able to see your daily leaf reconciliation and worker count on your phone before the evening shift, or is your team still compiling it on paper?"
Assam,UMESH TE,Organized Estate,No,UMESH TE,Hailakandi,Organized Plantation,,,,No,,Hailakandi,"Hailakandi, Assam",Uncertain / Backlog,Tier 3,2,No email listed (paper-dominant),Low signal density,1-Page Postal Letter,1-Page Postal Dispatch,"Namaskar,

When green leaf trucks move from field divisions to the factory at Umesh Te, what percentage difference are you typically seeing between the field scale and factory weighbridge?

Most independent estates in Hailakandi tell us they only catch leaf discrepancies and proxy hazira 10 to 14 days later when the fortnightly muster roll reaches the office.

Are you able to see your daily leaf reconciliation and worker count on your phone before the evening shift, or is your team still compiling it on paper?"
Assam,VERNERPUR TE,Organized Estate,No,VERNERPUR TE,Hailakandi,Organized Plantation,,,,No,,Hailakandi,"Hailakandi, Assam",Uncertain / Backlog,Tier 3,2,No email listed (paper-dominant),Low signal density,1-Page Postal Letter,1-Page Postal Dispatch,"Namaskar,

When green leaf trucks move from field divisions to the factory at Vernerpur Te, what percentage difference are you typically seeing between the field scale and factory weighbridge?

Most independent estates in Hailakandi tell us they only catch leaf discrepancies and proxy hazira 10 to 14 days later when the fortnightly muster roll reaches the office.

Are you able to see your daily leaf reconciliation and worker count on your phone before the evening shift, or is your team still compiling it on paper?"
Assam,UMABARI T.E,Organized Estate,No,UMABARI T.E,Jorhat,Organized Plantation,,,,No,,Jorhat,"Jorhat, Assam",Uncertain / Backlog,Tier 3,2,No email listed (paper-dominant),Low signal density,1-Page Postal Letter,1-Page Postal Dispatch,"Namaskar,

When green leaf trucks move from field divisions to the factory at Umabari T.E, what percentage difference are you typically seeing between the field scale and factory weighbridge?

Most independent estates in Jorhat tell us they only catch leaf discrepancies and proxy hazira 10 to 14 days later when the fortnightly muster roll reaches the office.

Are you able to see your daily leaf reconciliation and worker count on your phone before the evening shift, or is your team still compiling it on paper?"
Assam,TYROON T.E,Organized Estate,No,TYROON T.E,Jorhat,Organized Plantation,,,,No,,Jorhat,"Jorhat, Assam",Uncertain / Backlog,Tier 3,2,No email listed (paper-dominant),Low signal density,1-Page Postal Letter,1-Page Postal Dispatch,"Namaskar,

When green leaf trucks move from field divisions to the factory at Tyroon T.E, what percentage difference are you typically seeing between the field scale and factory weighbridge?

Most independent estates in Jorhat tell us they only catch leaf discrepancies and proxy hazira 10 to 14 days later when the fortnightly muster roll reaches the office.

Are you able to see your daily leaf reconciliation and worker count on your phone before the evening shift, or is your team still compiling it on paper?"
Assam,UDAYJYOTI(RANGDOI T.P),Organized Estate,No,UDAYJYOTI(RANGDOI T.P),Jorhat,Organized Plantation,,,,No,,Jorhat,"Jorhat, Assam",Uncertain / Backlog,Tier 3,2,No email listed (paper-dominant),Low signal density,1-Page Postal Letter,1-Page Postal Dispatch,"Namaskar,

When green leaf trucks move from field divisions to the factory at Udayjyoti(Rangdoi T.P), what percentage difference are you typically seeing between the field scale and factory weighbridge?

Most independent estates in Jorhat tell us they only catch leaf discrepancies and proxy hazira 10 to 14 days later when the fortnightly muster roll reaches the office.

Are you able to see your daily leaf reconciliation and worker count on your phone before the evening shift, or is your team still compiling it on paper?"
Assam,SINGORIJAN TE,Organized Estate,No,SINGORIJAN TE,Jorhat,Organized Plantation,,,,No,,Jorhat,"Jorhat, Assam",Uncertain / Backlog,Tier 3,2,No email listed (paper-dominant),Low signal density,1-Page Postal Letter,1-Page Postal Dispatch,"Namaskar,

When green leaf trucks move from field divisions to the factory at Singorijan Te, what percentage difference are you typically seeing between the field scale and factory weighbridge?

Most independent estates in Jorhat tell us they only catch leaf discrepancies and proxy hazira 10 to 14 days later when the fortnightly muster roll reaches the office.

Are you able to see your daily leaf reconciliation and worker count on your phone before the evening shift, or is your team still compiling it on paper?"
Assam,SAMAGURI TE,Organized Estate,No,SAMAGURI TE,Jorhat,Organized Plantation,,,,No,,Jorhat,"Jorhat, Assam",Uncertain / Backlog,Tier 3,2,No email listed (paper-dominant),Low signal density,1-Page Postal Letter,1-Page Postal Dispatch,"Namaskar,

When green leaf trucks move from field divisions to the factory at Samaguri Te, what percentage difference are you typically seeing between the field scale and factory weighbridge?

Most independent estates in Jorhat tell us they only catch leaf discrepancies and proxy hazira 10 to 14 days later when the fortnightly muster roll reaches the office.

Are you able to see your daily leaf reconciliation and worker count on your phone before the evening shift, or is your team still compiling it on paper?"
Assam,SANGSUA,Organized Estate,No,SANGSUA,Jorhat,Organized Plantation,,,,No,,Jorhat,"Jorhat, Assam",Uncertain / Backlog,Tier 3,2,No email listed (paper-dominant),Low signal density,1-Page Postal Letter,1-Page Postal Dispatch,"Namaskar,

When green leaf trucks move from field divisions to the factory at Sangsua, what percentage difference are you typically seeing between the field scale and factory weighbridge?

Most independent estates in Jorhat tell us they only catch leaf discrepancies and proxy hazira 10 to 14 days later when the fortnightly muster roll reaches the office.

Are you able to see your daily leaf reconciliation and worker count on your phone before the evening shift, or is your team still compiling it on paper?"
Assam,SELENG,Organized Estate,No,SELENG,Jorhat,Organized Plantation,,,,No,,Jorhat,"Jorhat, Assam",Uncertain / Backlog,Tier 3,2,No email listed (paper-dominant),Low signal density,1-Page Postal Letter,1-Page Postal Dispatch,"Namaskar,

When green leaf trucks move from field divisions to the factory at Seleng, what percentage difference are you typically seeing between the field scale and factory weighbridge?

Most independent estates in Jorhat tell us they only catch leaf discrepancies and proxy hazira 10 to 14 days later when the fortnightly muster roll reaches the office.

Are you able to see your daily leaf reconciliation and worker count on your phone before the evening shift, or is your team still compiling it on paper?"
Assam,TOCKLAI TEA ESTATE,Organized Estate,No,TOCKLAI TEA ESTATE,Jorhat,Organized Plantation,,,,No,,Jorhat,"Jorhat, Assam",Uncertain / Backlog,Tier 3,2,No email listed (paper-dominant),Low signal density,1-Page Postal Letter,1-Page Postal Dispatch,"Namaskar,

When green leaf trucks move from field divisions to the factory at Tocklai Tea Estate, what percentage difference are you typically seeing between the field scale and factory weighbridge?

Most independent estates in Jorhat tell us they only catch leaf discrepancies and proxy hazira 10 to 14 days later when the fortnightly muster roll reaches the office.

Are you able to see your daily leaf reconciliation and worker count on your phone before the evening shift, or is your team still compiling it on paper?"
Assam,NORTH BORSAIKOTA TEA ESTATE NO.,Organized Estate,No,NORTH BORSAIKOTA TEA ESTATE NO.,Jorhat,Organized Plantation,,,,No,,Jorhat,"Jorhat, Assam",Uncertain / Backlog,Tier 3,2,No email listed (paper-dominant),Low signal density,1-Page Postal Letter,1-Page Postal Dispatch,"Namaskar,

When green leaf trucks move from field divisions to the factory at North Borsaikota Tea Estate No., what percentage difference are you typically seeing between the field scale and factory weighbridge?

Most independent estates in Jorhat tell us they only catch leaf discrepancies and proxy hazira 10 to 14 days later when the fortnightly muster roll reaches the office.

Are you able to see your daily leaf reconciliation and worker count on your phone before the evening shift, or is your team still compiling it on paper?"
Assam,PADAM,Organized Estate,No,PADAM,Jorhat,Organized Plantation,,,,No,,Jorhat,"Jorhat, Assam",Uncertain / Backlog,Tier 3,2,No email listed (paper-dominant),Low signal density,1-Page Postal Letter,1-Page Postal Dispatch,"Namaskar,

When green leaf trucks move from field divisions to the factory at Padam, what percentage difference are you typically seeing between the field scale and factory weighbridge?

Most independent estates in Jorhat tell us they only catch leaf discrepancies and proxy hazira 10 to 14 days later when the fortnightly muster roll reaches the office.

Are you able to see your daily leaf reconciliation and worker count on your phone before the evening shift, or is your team still compiling it on paper?"
Assam,SOUTH BORSAIKOTA TEA ESTATE,Organized Estate,No,SOUTH BORSAIKOTA TEA ESTATE,Jorhat,Organized Plantation,,,,No,,Jorhat,"Jorhat, Assam",Uncertain / Backlog,Tier 3,2,No email listed (paper-dominant),Low signal density,1-Page Postal Letter,1-Page Postal Dispatch,"Namaskar,

When green leaf trucks move from field divisions to the factory at South Borsaikota Tea Estate, what percentage difference are you typically seeing between the field scale and factory weighbridge?

Most independent estates in Jorhat tell us they only catch leaf discrepancies and proxy hazira 10 to 14 days later when the fortnightly muster roll reaches the office.

Are you able to see your daily leaf reconciliation and worker count on your phone before the evening shift, or is your team still compiling it on paper?"
Assam,RAJABARI TE,Organized Estate,No,RAJABARI TE,Jorhat,Organized Plantation,,,,No,,Jorhat,"Jorhat, Assam",Uncertain / Backlog,Tier 3,2,No email listed (paper-dominant),Low signal density,1-Page Postal Letter,1-Page Postal Dispatch,"Namaskar,

When green leaf trucks move from field divisions to the factory at Rajabari Te, what percentage difference are you typically seeing between the field scale and factory weighbridge?

Most independent estates in Jorhat tell us they only catch leaf discrepancies and proxy hazira 10 to 14 days later when the fortnightly muster roll reaches the office.

Are you able to see your daily leaf reconciliation and worker count on your phone before the evening shift, or is your team still compiling it on paper?"
Assam,RANGAJAN,Organized Estate,No,RANGAJAN,Jorhat,Organized Plantation,,,,No,,Jorhat,"Jorhat, Assam",Uncertain / Backlog,Tier 3,2,No email listed (paper-dominant),Low signal density,1-Page Postal Letter,1-Page Postal Dispatch,"Namaskar,

When green leaf trucks move from field divisions to the factory at Rangajan, what percentage difference are you typically seeing between the field scale and factory weighbridge?

Most independent estates in Jorhat tell us they only catch leaf discrepancies and proxy hazira 10 to 14 days later when the fortnightly muster roll reaches the office.

Are you able to see your daily leaf reconciliation and worker count on your phone before the evening shift, or is your team still compiling it on paper?"
Assam,RAMKONG,Organized Estate,No,RAMKONG,Jorhat,Organized Plantation,,,,No,,Jorhat,"Jorhat, Assam",Uncertain / Backlog,Tier 3,2,No email listed (paper-dominant),Low signal density,1-Page Postal Letter,1-Page Postal Dispatch,"Namaskar,

When green leaf trucks move from field divisions to the factory at Ramkong, what percentage difference are you typically seeing between the field scale and factory weighbridge?

Most independent estates in Jorhat tell us they only catch leaf discrepancies and proxy hazira 10 to 14 days later when the fortnightly muster roll reaches the office.

Are you able to see your daily leaf reconciliation and worker count on your phone before the evening shift, or is your team still compiling it on paper?"
Assam,DURGABARI,Organized Estate,No,DURGABARI,Jorhat,Organized Plantation,,,,No,,Jorhat,"Jorhat, Assam",Uncertain / Backlog,Tier 3,2,No email listed (paper-dominant),Low signal density,1-Page Postal Letter,1-Page Postal Dispatch,"Namaskar,

When green leaf trucks move from field divisions to the factory at Durgabari, what percentage difference are you typically seeing between the field scale and factory weighbridge?

Most independent estates in Jorhat tell us they only catch leaf discrepancies and proxy hazira 10 to 14 days later when the fortnightly muster roll reaches the office.

Are you able to see your daily leaf reconciliation and worker count on your phone before the evening shift, or is your team still compiling it on paper?"
Assam,DUFLATING TE,Organized Estate,No,DUFLATING TE,Jorhat,Organized Plantation,,,,No,,Jorhat,"Jorhat, Assam",Uncertain / Backlog,Tier 3,2,No email listed (paper-dominant),Low signal density,1-Page Postal Letter,1-Page Postal Dispatch,"Namaskar,

When green leaf trucks move from field divisions to the factory at Duflating Te, what percentage difference are you typically seeing between the field scale and factory weighbridge?

Most independent estates in Jorhat tell us they only catch leaf discrepancies and proxy hazira 10 to 14 days later when the fortnightly muster roll reaches the office.

Are you able to see your daily leaf reconciliation and worker count on your phone before the evening shift, or is your team still compiling it on paper?"
Assam,GHORAJAN,Organized Estate,No,Sitaram Budhkaran Choukhany & Co.,Jorhat,148.87,Vikash Choukhany,,,No,info@ghograjan.com,Jorhat,Lahoal Dibrugarh Assam 786010,Disqualified,Disqualified,4,Custom domain (@ghograjan.com) | Mid-tier acreage sweet spot (148.87 Ha),Multi-garden group (3 gardens),1-Page Postal Letter,1-Page Postal Dispatch + Email,"Namaskar Vikash-ji,

When green leaf trucks move from field divisions to the factory at Ghorajan, what percentage difference are you typically seeing between the field scale and factory weighbridge?

Most independent estates in Jorhat tell us they only catch leaf discrepancies and proxy hazira 10 to 14 days later when the fortnightly muster roll reaches the office.

Are you able to see your daily leaf reconciliation and worker count on your phone before the evening shift, or is your team still compiling it on paper?"
Assam,GABROOPURBAT TE,Organized Estate,No,GABROOPURBAT TE,Jorhat,Organized Plantation,,,,No,,Jorhat,"Jorhat, Assam",Uncertain / Backlog,Tier 3,2,No email listed (paper-dominant),Low signal density,1-Page Postal Letter,1-Page Postal Dispatch,"Namaskar,

When green leaf trucks move from field divisions to the factory at Gabroopurbat Te, what percentage difference are you typically seeing between the field scale and factory weighbridge?

Most independent estates in Jorhat tell us they only catch leaf discrepancies and proxy hazira 10 to 14 days later when the fortnightly muster roll reaches the office.

Are you able to see your daily leaf reconciliation and worker count on your phone before the evening shift, or is your team still compiling it on paper?"
Assam,GATOONGA T E,Organized Estate,No,GATOONGA T E,Jorhat,Organized Plantation,,,,No,,Jorhat,"Jorhat, Assam",Uncertain / Backlog,Tier 3,2,No email listed (paper-dominant),Low signal density,1-Page Postal Letter,1-Page Postal Dispatch,"Namaskar,

When green leaf trucks move from field divisions to the factory at Gatoonga T E, what percentage difference are you typically seeing between the field scale and factory weighbridge?

Most independent estates in Jorhat tell us they only catch leaf discrepancies and proxy hazira 10 to 14 days later when the fortnightly muster roll reaches the office.

Are you able to see your daily leaf reconciliation and worker count on your phone before the evening shift, or is your team still compiling it on paper?"
Assam,HAROCHARAI TEA ESTATE,Organized Estate,No,HAROCHARAI TEA ESTATE,Jorhat,Organized Plantation,,,,No,,Jorhat,"Jorhat, Assam",Uncertain / Backlog,Tier 3,2,No email listed (paper-dominant),Low signal density,1-Page Postal Letter,1-Page Postal Dispatch,"Namaskar,

When green leaf trucks move from field divisions to the factory at Harocharai Tea Estate, what percentage difference are you typically seeing between the field scale and factory weighbridge?

Most independent estates in Jorhat tell us they only catch leaf discrepancies and proxy hazira 10 to 14 days later when the fortnightly muster roll reaches the office.

Are you able to see your daily leaf reconciliation and worker count on your phone before the evening shift, or is your team still compiling it on paper?"
Assam,HEELEAKAH TE,Organized Estate,No,HEELEAKAH TE,Jorhat,Organized Plantation,,,,No,,Jorhat,"Jorhat, Assam",Uncertain / Backlog,Tier 3,2,No email listed (paper-dominant),Low signal density,1-Page Postal Letter,1-Page Postal Dispatch,"Namaskar,

When green leaf trucks move from field divisions to the factory at Heeleakah Te, what percentage difference are you typically seeing between the field scale and factory weighbridge?

Most independent estates in Jorhat tell us they only catch leaf discrepancies and proxy hazira 10 to 14 days later when the fortnightly muster roll reaches the office.

Are you able to see your daily leaf reconciliation and worker count on your phone before the evening shift, or is your team still compiling it on paper?"
Assam,HATIGARH TEA ESTATE,Organized Estate,No,HATIGARH TEA ESTATE,Jorhat,Organized Plantation,,,,No,,Jorhat,"Jorhat, Assam",Uncertain / Backlog,Tier 3,2,No email listed (paper-dominant),Low signal density,1-Page Postal Letter,1-Page Postal Dispatch,"Namaskar,

When green leaf trucks move from field divisions to the factory at Hatigarh Tea Estate, what percentage difference are you typically seeing between the field scale and factory weighbridge?

Most independent estates in Jorhat tell us they only catch leaf discrepancies and proxy hazira 10 to 14 days later when the fortnightly muster roll reaches the office.

Are you able to see your daily leaf reconciliation and worker count on your phone before the evening shift, or is your team still compiling it on paper?"
Assam,GOHAINBAREE TE,Organized Estate,No,GOHAINBAREE TE,Jorhat,Organized Plantation,,,,No,,Jorhat,"Jorhat, Assam",Uncertain / Backlog,Tier 3,2,No email listed (paper-dominant),Low signal density,1-Page Postal Letter,1-Page Postal Dispatch,"Namaskar,

When green leaf trucks move from field divisions to the factory at Gohainbaree Te, what percentage difference are you typically seeing between the field scale and factory weighbridge?

Most independent estates in Jorhat tell us they only catch leaf discrepancies and proxy hazira 10 to 14 days later when the fortnightly muster roll reaches the office.

Are you able to see your daily leaf reconciliation and worker count on your phone before the evening shift, or is your team still compiling it on paper?"
Assam,GOBINDAPORE & BIJLEEJAN,Organized Estate,No,GOBINDAPORE & BIJLEEJAN,Jorhat,Organized Plantation,,,,No,,Jorhat,"Jorhat, Assam",Uncertain / Backlog,Tier 3,2,No email listed (paper-dominant),Low signal density,1-Page Postal Letter,1-Page Postal Dispatch,"Namaskar,

When green leaf trucks move from field divisions to the factory at Gobindapore & Bijleejan, what percentage difference are you typically seeing between the field scale and factory weighbridge?

Most independent estates in Jorhat tell us they only catch leaf discrepancies and proxy hazira 10 to 14 days later when the fortnightly muster roll reaches the office.

Are you able to see your daily leaf reconciliation and worker count on your phone before the evening shift, or is your team still compiling it on paper?"
Assam,GREEN VIEW,Organized Estate,No,GREEN VIEW,Jorhat,Organized Plantation,,,,No,,Jorhat,"Jorhat, Assam",Uncertain / Backlog,Tier 3,2,No email listed (paper-dominant),Low signal density,1-Page Postal Letter,1-Page Postal Dispatch,"Namaskar,

When green leaf trucks move from field divisions to the factory at Green View, what percentage difference are you typically seeing between the field scale and factory weighbridge?

Most independent estates in Jorhat tell us they only catch leaf discrepancies and proxy hazira 10 to 14 days later when the fortnightly muster roll reaches the office.

Are you able to see your daily leaf reconciliation and worker count on your phone before the evening shift, or is your team still compiling it on paper?"
Assam,NAGANIJAN,Organized Estate,No,NAGANIJAN,Jorhat,Organized Plantation,,,,No,,Jorhat,"Jorhat, Assam",Uncertain / Backlog,Tier 3,2,No email listed (paper-dominant),Low signal density,1-Page Postal Letter,1-Page Postal Dispatch,"Namaskar,

When green leaf trucks move from field divisions to the factory at Naganijan, what percentage difference are you typically seeing between the field scale and factory weighbridge?

Most independent estates in Jorhat tell us they only catch leaf discrepancies and proxy hazira 10 to 14 days later when the fortnightly muster roll reaches the office.

Are you able to see your daily leaf reconciliation and worker count on your phone before the evening shift, or is your team still compiling it on paper?"
Assam,NARAYANPUR & BHOWANIPUR,Organized Estate,No,NARAYANPUR & BHOWANIPUR,Jorhat,Organized Plantation,,,,No,,Jorhat,"Jorhat, Assam",Uncertain / Backlog,Tier 3,2,No email listed (paper-dominant),Low signal density,1-Page Postal Letter,1-Page Postal Dispatch,"Namaskar,

When green leaf trucks move from field divisions to the factory at Narayanpur & Bhowanipur, what percentage difference are you typically seeing between the field scale and factory weighbridge?

Most independent estates in Jorhat tell us they only catch leaf discrepancies and proxy hazira 10 to 14 days later when the fortnightly muster roll reaches the office.

Are you able to see your daily leaf reconciliation and worker count on your phone before the evening shift, or is your team still compiling it on paper?"
Assam,NEW SONWAL TEA ESTATE,Organized Estate,No,NEW SONWAL TEA ESTATE,Jorhat,Organized Plantation,,,,No,,Jorhat,"Jorhat, Assam",Uncertain / Backlog,Tier 3,2,No email listed (paper-dominant),Low signal density,1-Page Postal Letter,1-Page Postal Dispatch,"Namaskar,

When green leaf trucks move from field divisions to the factory at New Sonwal Tea Estate, what percentage difference are you typically seeing between the field scale and factory weighbridge?

Most independent estates in Jorhat tell us they only catch leaf discrepancies and proxy hazira 10 to 14 days later when the fortnightly muster roll reaches the office.

Are you able to see your daily leaf reconciliation and worker count on your phone before the evening shift, or is your team still compiling it on paper?"
Assam,NEW SAMAGURI,Organized Estate,No,NEW SAMAGURI,Jorhat,Organized Plantation,,,,No,,Jorhat,"Jorhat, Assam",Uncertain / Backlog,Tier 3,2,No email listed (paper-dominant),Low signal density,1-Page Postal Letter,1-Page Postal Dispatch,"Namaskar,

When green leaf trucks move from field divisions to the factory at New Samaguri, what percentage difference are you typically seeing between the field scale and factory weighbridge?

Most independent estates in Jorhat tell us they only catch leaf discrepancies and proxy hazira 10 to 14 days later when the fortnightly muster roll reaches the office.

Are you able to see your daily leaf reconciliation and worker count on your phone before the evening shift, or is your team still compiling it on paper?"
Assam,MONOMOY TEA ESTATE,Organized Estate,No,MONOMOY TEA ESTATE,Jorhat,Organized Plantation,,,,No,,Jorhat,"Jorhat, Assam",Uncertain / Backlog,Tier 3,2,No email listed (paper-dominant),Low signal density,1-Page Postal Letter,1-Page Postal Dispatch,"Namaskar,

When green leaf trucks move from field divisions to the factory at Monomoy Tea Estate, what percentage difference are you typically seeing between the field scale and factory weighbridge?

Most independent estates in Jorhat tell us they only catch leaf discrepancies and proxy hazira 10 to 14 days later when the fortnightly muster roll reaches the office.

Are you able to see your daily leaf reconciliation and worker count on your phone before the evening shift, or is your team still compiling it on paper?"
Assam,MOABUND DIVISION (BEHORA TEA ESTATE),Organized Estate,No,MOABUND DIVISION (BEHORA TEA ESTATE),Jorhat,Organized Plantation,,,,No,,Jorhat,"Jorhat, Assam",Uncertain / Backlog,Tier 3,2,No email listed (paper-dominant),Low signal density,1-Page Postal Letter,1-Page Postal Dispatch,"Namaskar,

When green leaf trucks move from field divisions to the factory at Moabund Division (Behora Tea Estate), what percentage difference are you typically seeing between the field scale and factory weighbridge?

Most independent estates in Jorhat tell us they only catch leaf discrepancies and proxy hazira 10 to 14 days later when the fortnightly muster roll reaches the office.

Are you able to see your daily leaf reconciliation and worker count on your phone before the evening shift, or is your team still compiling it on paper?"
Assam,JAGDUAR T.E.,Organized Estate,No,JAGDUAR T.E.,Jorhat,Organized Plantation,,,,No,,Jorhat,"Jorhat, Assam",Uncertain / Backlog,Tier 3,2,No email listed (paper-dominant),Low signal density,1-Page Postal Letter,1-Page Postal Dispatch,"Namaskar,

When green leaf trucks move from field divisions to the factory at Jagduar T.E., what percentage difference are you typically seeing between the field scale and factory weighbridge?

Most independent estates in Jorhat tell us they only catch leaf discrepancies and proxy hazira 10 to 14 days later when the fortnightly muster roll reaches the office.

Are you able to see your daily leaf reconciliation and worker count on your phone before the evening shift, or is your team still compiling it on paper?"
Assam,JADAVPUR,Organized Estate,No,JADAVPUR,Jorhat,Organized Plantation,,,,No,,Jorhat,"Jorhat, Assam",Uncertain / Backlog,Tier 3,2,No email listed (paper-dominant),Low signal density,1-Page Postal Letter,1-Page Postal Dispatch,"Namaskar,

When green leaf trucks move from field divisions to the factory at Jadavpur, what percentage difference are you typically seeing between the field scale and factory weighbridge?

Most independent estates in Jorhat tell us they only catch leaf discrepancies and proxy hazira 10 to 14 days later when the fortnightly muster roll reaches the office.

Are you able to see your daily leaf reconciliation and worker count on your phone before the evening shift, or is your team still compiling it on paper?"
Assam,JOGIBHETA TEA ESTATE,Organized Estate,No,JOGIBHETA TEA ESTATE,Jorhat,Organized Plantation,,,,No,,Jorhat,"Jorhat, Assam",Uncertain / Backlog,Tier 3,2,No email listed (paper-dominant),Low signal density,1-Page Postal Letter,1-Page Postal Dispatch,"Namaskar,

When green leaf trucks move from field divisions to the factory at Jogibheta Tea Estate, what percentage difference are you typically seeing between the field scale and factory weighbridge?

Most independent estates in Jorhat tell us they only catch leaf discrepancies and proxy hazira 10 to 14 days later when the fortnightly muster roll reaches the office.

Are you able to see your daily leaf reconciliation and worker count on your phone before the evening shift, or is your team still compiling it on paper?"
Assam,HUNWAL TEA ESTATE N,Organized Estate,No,McLeod Russel India Limited,Jorhat,Organized Plantation,,,,No,,Kolkata,"Four Mangoe Lane, Surendra Mohan Ghosh Sarani, Kolkata 700001",Disqualified,Disqualified,3,No email listed (paper-dominant) | Kolkata HQ,Conglomerate keyword match (MCLEOD RUSSEL),1-Page Postal Letter,1-Page Postal Dispatch,"Namaskar,

When green leaf trucks move from field divisions to the factory at Hunwal Tea Estate N, what percentage difference are you typically seeing between the field scale and factory weighbridge?

Most independent estates in Jorhat tell us they only catch leaf discrepancies and proxy hazira 10 to 14 days later when the fortnightly muster roll reaches the office.

Are you able to see your daily leaf reconciliation and worker count on your phone before the evening shift, or is your team still compiling it on paper?"
Assam,HOLONGAJAN TEA ESTATE,Organized Estate,No,HOLONGAJAN TEA ESTATE,Jorhat,Organized Plantation,,,,No,,Jorhat,"Jorhat, Assam",Uncertain / Backlog,Tier 3,2,No email listed (paper-dominant),Low signal density,1-Page Postal Letter,1-Page Postal Dispatch,"Namaskar,

When green leaf trucks move from field divisions to the factory at Holongajan Tea Estate, what percentage difference are you typically seeing between the field scale and factory weighbridge?

Most independent estates in Jorhat tell us they only catch leaf discrepancies and proxy hazira 10 to 14 days later when the fortnightly muster roll reaches the office.

Are you able to see your daily leaf reconciliation and worker count on your phone before the evening shift, or is your team still compiling it on paper?"
Assam,HOOLUNGOOREE TEA ESTATE,Organized Estate,No,Andrew Yule & Company Limited (Govt of India),Jorhat,Organized Plantation,,,,No,,Kolkata,"Yule House, 8 Dr. Rajendra Prasad Sarani, Kolkata 700001",Disqualified,Disqualified,3,No email listed (paper-dominant) | Kolkata HQ,Conglomerate keyword match (ANDREW YULE),1-Page Postal Letter,1-Page Postal Dispatch,"Namaskar,

When green leaf trucks move from field divisions to the factory at Hoolungooree Tea Estate, what percentage difference are you typically seeing between the field scale and factory weighbridge?

Most independent estates in Jorhat tell us they only catch leaf discrepancies and proxy hazira 10 to 14 days later when the fortnightly muster roll reaches the office.

Are you able to see your daily leaf reconciliation and worker count on your phone before the evening shift, or is your team still compiling it on paper?"
Assam,MADHOOPUR,Organized Estate,No,MADHOOPUR,Jorhat,Organized Plantation,,,,No,,Jorhat,"Jorhat, Assam",Uncertain / Backlog,Tier 3,2,No email listed (paper-dominant),Low signal density,1-Page Postal Letter,1-Page Postal Dispatch,"Namaskar,

When green leaf trucks move from field divisions to the factory at Madhoopur, what percentage difference are you typically seeing between the field scale and factory weighbridge?

Most independent estates in Jorhat tell us they only catch leaf discrepancies and proxy hazira 10 to 14 days later when the fortnightly muster roll reaches the office.

Are you able to see your daily leaf reconciliation and worker count on your phone before the evening shift, or is your team still compiling it on paper?"
Assam,PURANIMATI TEA PLANTATIONS PVT.LTD.,Organized Estate,No,PURANIMATI TEA PLANTATIONS PVT.LTD.,Jorhat,Organized Plantation,,,,No,,Jorhat,"Jorhat, Assam",Uncertain / Backlog,Tier 3,2,No email listed (paper-dominant),Low signal density,1-Page Postal Letter,1-Page Postal Dispatch,"Namaskar,

When green leaf trucks move from field divisions to the factory at Puranimati Tea Plantations, what percentage difference are you typically seeing between the field scale and factory weighbridge?

Most independent estates in Jorhat tell us they only catch leaf discrepancies and proxy hazira 10 to 14 days later when the fortnightly muster roll reaches the office.

Are you able to see your daily leaf reconciliation and worker count on your phone before the evening shift, or is your team still compiling it on paper?"
Assam,KONIKOR-DALLIM TEA ESTATE,Organized Estate,No,KONIKOR-DALLIM TEA ESTATE,Jorhat,Organized Plantation,,,,No,,Jorhat,"Jorhat, Assam",Uncertain / Backlog,Tier 3,2,No email listed (paper-dominant),Low signal density,1-Page Postal Letter,1-Page Postal Dispatch,"Namaskar,

When green leaf trucks move from field divisions to the factory at Konikor-Dallim Tea Estate, what percentage difference are you typically seeing between the field scale and factory weighbridge?

Most independent estates in Jorhat tell us they only catch leaf discrepancies and proxy hazira 10 to 14 days later when the fortnightly muster roll reaches the office.

Are you able to see your daily leaf reconciliation and worker count on your phone before the evening shift, or is your team still compiling it on paper?"
Assam,KUHUM,Organized Estate,No,KUHUM,Jorhat,Organized Plantation,,,,No,,Jorhat,"Jorhat, Assam",Uncertain / Backlog,Tier 3,2,No email listed (paper-dominant),Low signal density,1-Page Postal Letter,1-Page Postal Dispatch,"Namaskar,

When green leaf trucks move from field divisions to the factory at Kuhum, what percentage difference are you typically seeing between the field scale and factory weighbridge?

Most independent estates in Jorhat tell us they only catch leaf discrepancies and proxy hazira 10 to 14 days later when the fortnightly muster roll reaches the office.

Are you able to see your daily leaf reconciliation and worker count on your phone before the evening shift, or is your team still compiling it on paper?"
Assam,KOTALGOORIE TE T3,Organized Estate,No,KOTALGOORIE TE T3,Jorhat,Organized Plantation,,,,No,,Jorhat,"Jorhat, Assam",Uncertain / Backlog,Tier 3,2,No email listed (paper-dominant),Low signal density,1-Page Postal Letter,1-Page Postal Dispatch,"Namaskar,

When green leaf trucks move from field divisions to the factory at Kotalgoorie Te T3, what percentage difference are you typically seeing between the field scale and factory weighbridge?

Most independent estates in Jorhat tell us they only catch leaf discrepancies and proxy hazira 10 to 14 days later when the fortnightly muster roll reaches the office.

Are you able to see your daily leaf reconciliation and worker count on your phone before the evening shift, or is your team still compiling it on paper?"
Assam,LAKHIBARI TE,Organized Estate,No,LAKHIBARI TE,Jorhat,Organized Plantation,,,,No,,Jorhat,"Jorhat, Assam",Uncertain / Backlog,Tier 3,2,No email listed (paper-dominant),Low signal density,1-Page Postal Letter,1-Page Postal Dispatch,"Namaskar,

When green leaf trucks move from field divisions to the factory at Lakhibari Te, what percentage difference are you typically seeing between the field scale and factory weighbridge?

Most independent estates in Jorhat tell us they only catch leaf discrepancies and proxy hazira 10 to 14 days later when the fortnightly muster roll reaches the office.

Are you able to see your daily leaf reconciliation and worker count on your phone before the evening shift, or is your team still compiling it on paper?"
Assam,LETEKOOJAN,Organized Estate,No,LETEKOOJAN,Jorhat,Organized Plantation,,,,No,,Jorhat,"Jorhat, Assam",Uncertain / Backlog,Tier 3,2,No email listed (paper-dominant),Low signal density,1-Page Postal Letter,1-Page Postal Dispatch,"Namaskar,

When green leaf trucks move from field divisions to the factory at Letekoojan, what percentage difference are you typically seeing between the field scale and factory weighbridge?

Most independent estates in Jorhat tell us they only catch leaf discrepancies and proxy hazira 10 to 14 days later when the fortnightly muster roll reaches the office.

Are you able to see your daily leaf reconciliation and worker count on your phone before the evening shift, or is your team still compiling it on paper?"
Assam,LOHPOHIA TEA ESTATE,Organized Estate,No,LOHPOHIA TEA ESTATE,Jorhat,Organized Plantation,,,,No,,Jorhat,"Jorhat, Assam",Uncertain / Backlog,Tier 3,2,No email listed (paper-dominant),Low signal density,1-Page Postal Letter,1-Page Postal Dispatch,"Namaskar,

When green leaf trucks move from field divisions to the factory at Lohpohia Tea Estate, what percentage difference are you typically seeing between the field scale and factory weighbridge?

Most independent estates in Jorhat tell us they only catch leaf discrepancies and proxy hazira 10 to 14 days later when the fortnightly muster roll reaches the office.

Are you able to see your daily leaf reconciliation and worker count on your phone before the evening shift, or is your team still compiling it on paper?"
Assam,KAKADONGA TEA STATE,Organized Estate,No,KAKADONGA TEA STATE,Jorhat,Organized Plantation,,,,No,,Jorhat,"Jorhat, Assam",Uncertain / Backlog,Tier 3,2,No email listed (paper-dominant),Low signal density,1-Page Postal Letter,1-Page Postal Dispatch,"Namaskar,

When green leaf trucks move from field divisions to the factory at Kakadonga Tea State, what percentage difference are you typically seeing between the field scale and factory weighbridge?

Most independent estates in Jorhat tell us they only catch leaf discrepancies and proxy hazira 10 to 14 days later when the fortnightly muster roll reaches the office.

Are you able to see your daily leaf reconciliation and worker count on your phone before the evening shift, or is your team still compiling it on paper?"
Assam,KAMALPUR,Organized Estate,No,KAMALPUR,Jorhat,Organized Plantation,,,,No,,Jorhat,"Jorhat, Assam",Disqualified,Disqualified,2,No email listed (paper-dominant),Current GardenSuite client (KAMALPUR),1-Page Postal Letter,1-Page Postal Dispatch,"Namaskar,

When green leaf trucks move from field divisions to the factory at Kamalpur, what percentage difference are you typically seeing between the field scale and factory weighbridge?

Most independent estates in Jorhat tell us they only catch leaf discrepancies and proxy hazira 10 to 14 days later when the fortnightly muster roll reaches the office.

Are you able to see your daily leaf reconciliation and worker count on your phone before the evening shift, or is your team still compiling it on paper?"
Assam,KAMARBAND TEA ESTATE,Organized Estate,No,KAMARBAND TEA ESTATE,Jorhat,Organized Plantation,,,,No,,Jorhat,"Jorhat, Assam",Uncertain / Backlog,Tier 3,2,No email listed (paper-dominant),Low signal density,1-Page Postal Letter,1-Page Postal Dispatch,"Namaskar,

When green leaf trucks move from field divisions to the factory at Kamarband Tea Estate, what percentage difference are you typically seeing between the field scale and factory weighbridge?

Most independent estates in Jorhat tell us they only catch leaf discrepancies and proxy hazira 10 to 14 days later when the fortnightly muster roll reaches the office.

Are you able to see your daily leaf reconciliation and worker count on your phone before the evening shift, or is your team still compiling it on paper?"
Assam,KAKAJAN,Organized Estate,No,Amalgamated Plantations Private Limited (Tata),Jorhat,Organized Plantation,,,,No,,Guwahati,"1st Floor, GS Road, Christian Basti, Guwahati, Assam 781005",Disqualified,Disqualified,3,No email listed (paper-dominant) | Guwahati HQ,Conglomerate keyword match (AMALGAMATED PLANTATIONS),1-Page Postal Letter,1-Page Postal Dispatch,"Namaskar,

When green leaf trucks move from field divisions to the factory at Kakajan, what percentage difference are you typically seeing between the field scale and factory weighbridge?

Most independent estates in Jorhat tell us they only catch leaf discrepancies and proxy hazira 10 to 14 days later when the fortnightly muster roll reaches the office.

Are you able to see your daily leaf reconciliation and worker count on your phone before the evening shift, or is your team still compiling it on paper?"
Assam,KASOJAN,Organized Estate,No,KASOJAN,Jorhat,Organized Plantation,,,,No,,Jorhat,"Jorhat, Assam",Uncertain / Backlog,Tier 3,2,No email listed (paper-dominant),Low signal density,1-Page Postal Letter,1-Page Postal Dispatch,"Namaskar,

When green leaf trucks move from field divisions to the factory at Kasojan, what percentage difference are you typically seeing between the field scale and factory weighbridge?

Most independent estates in Jorhat tell us they only catch leaf discrepancies and proxy hazira 10 to 14 days later when the fortnightly muster roll reaches the office.

Are you able to see your daily leaf reconciliation and worker count on your phone before the evening shift, or is your team still compiling it on paper?"
Assam,MELENG TEA ESTATE,Organized Estate,No,MELENG TEA ESTATE,Jorhat,Organized Plantation,,,,No,,Jorhat,"Jorhat, Assam",Uncertain / Backlog,Tier 3,2,No email listed (paper-dominant),Low signal density,1-Page Postal Letter,1-Page Postal Dispatch,"Namaskar,

When green leaf trucks move from field divisions to the factory at Meleng Tea Estate, what percentage difference are you typically seeing between the field scale and factory weighbridge?

Most independent estates in Jorhat tell us they only catch leaf discrepancies and proxy hazira 10 to 14 days later when the fortnightly muster roll reaches the office.

Are you able to see your daily leaf reconciliation and worker count on your phone before the evening shift, or is your team still compiling it on paper?"
Assam,MEZENGAH,Organized Estate,No,MEZENGAH,Jorhat,Organized Plantation,,,,No,,Jorhat,"Jorhat, Assam",Uncertain / Backlog,Tier 3,2,No email listed (paper-dominant),Low signal density,1-Page Postal Letter,1-Page Postal Dispatch,"Namaskar,

When green leaf trucks move from field divisions to the factory at Mezengah, what percentage difference are you typically seeing between the field scale and factory weighbridge?

Most independent estates in Jorhat tell us they only catch leaf discrepancies and proxy hazira 10 to 14 days later when the fortnightly muster roll reaches the office.

Are you able to see your daily leaf reconciliation and worker count on your phone before the evening shift, or is your team still compiling it on paper?"
Assam,AKHOIDESSA TEA ESTATE,Organized Estate,No,AKHOIDESSA TEA ESTATE,Jorhat,Organized Plantation,,,,No,,Jorhat,"Jorhat, Assam",Uncertain / Backlog,Tier 3,2,No email listed (paper-dominant),Low signal density,1-Page Postal Letter,1-Page Postal Dispatch,"Namaskar,

When green leaf trucks move from field divisions to the factory at Akhoidessa Tea Estate, what percentage difference are you typically seeing between the field scale and factory weighbridge?

Most independent estates in Jorhat tell us they only catch leaf discrepancies and proxy hazira 10 to 14 days later when the fortnightly muster roll reaches the office.

Are you able to see your daily leaf reconciliation and worker count on your phone before the evening shift, or is your team still compiling it on paper?"
Assam,BAGHSONG TEA ESTATE,Organized Estate,No,BAGHSONG TEA ESTATE,Jorhat,Organized Plantation,,,,No,,Jorhat,"Jorhat, Assam",Uncertain / Backlog,Tier 3,2,No email listed (paper-dominant),Low signal density,1-Page Postal Letter,1-Page Postal Dispatch,"Namaskar,

When green leaf trucks move from field divisions to the factory at Baghsong Tea Estate, what percentage difference are you typically seeing between the field scale and factory weighbridge?

Most independent estates in Jorhat tell us they only catch leaf discrepancies and proxy hazira 10 to 14 days later when the fortnightly muster roll reaches the office.

Are you able to see your daily leaf reconciliation and worker count on your phone before the evening shift, or is your team still compiling it on paper?"
Assam,BAHANI TEA ESTATE,Organized Estate,No,BAHANI TEA ESTATE,Jorhat,Organized Plantation,,,,No,,Jorhat,"Jorhat, Assam",Uncertain / Backlog,Tier 3,2,No email listed (paper-dominant),Low signal density,1-Page Postal Letter,1-Page Postal Dispatch,"Namaskar,

When green leaf trucks move from field divisions to the factory at Bahani Tea Estate, what percentage difference are you typically seeing between the field scale and factory weighbridge?

Most independent estates in Jorhat tell us they only catch leaf discrepancies and proxy hazira 10 to 14 days later when the fortnightly muster roll reaches the office.

Are you able to see your daily leaf reconciliation and worker count on your phone before the evening shift, or is your team still compiling it on paper?"
Assam,BARUAHJAN TE,Organized Estate,No,BARUAHJAN TE,Jorhat,Organized Plantation,,,,No,,Jorhat,"Jorhat, Assam",Uncertain / Backlog,Tier 3,2,No email listed (paper-dominant),Low signal density,1-Page Postal Letter,1-Page Postal Dispatch,"Namaskar,

When green leaf trucks move from field divisions to the factory at Baruahjan Te, what percentage difference are you typically seeing between the field scale and factory weighbridge?

Most independent estates in Jorhat tell us they only catch leaf discrepancies and proxy hazira 10 to 14 days later when the fortnightly muster roll reaches the office.

Are you able to see your daily leaf reconciliation and worker count on your phone before the evening shift, or is your team still compiling it on paper?"
Assam,BAMUNIBARI,Organized Estate,No,BAMUNIBARI,Jorhat,Organized Plantation,,,,No,,Jorhat,"Jorhat, Assam",Uncertain / Backlog,Tier 3,2,No email listed (paper-dominant),Low signal density,1-Page Postal Letter,1-Page Postal Dispatch,"Namaskar,

When green leaf trucks move from field divisions to the factory at Bamunibari, what percentage difference are you typically seeing between the field scale and factory weighbridge?

Most independent estates in Jorhat tell us they only catch leaf discrepancies and proxy hazira 10 to 14 days later when the fortnightly muster roll reaches the office.

Are you able to see your daily leaf reconciliation and worker count on your phone before the evening shift, or is your team still compiling it on paper?"
Assam,BORBHETA TEA ESTATE,Organized Estate,No,BORBHETA TEA ESTATE,Jorhat,Organized Plantation,,,,No,,Jorhat,"Jorhat, Assam",Uncertain / Backlog,Tier 3,2,No email listed (paper-dominant),Low signal density,1-Page Postal Letter,1-Page Postal Dispatch,"Namaskar,

When green leaf trucks move from field divisions to the factory at Borbheta Tea Estate, what percentage difference are you typically seeing between the field scale and factory weighbridge?

Most independent estates in Jorhat tell us they only catch leaf discrepancies and proxy hazira 10 to 14 days later when the fortnightly muster roll reaches the office.

Are you able to see your daily leaf reconciliation and worker count on your phone before the evening shift, or is your team still compiling it on paper?"
Assam,BORHOLLA TEA ESTATE,Organized Estate,No,BORHOLLA TEA ESTATE,Jorhat,Organized Plantation,,,,No,,Jorhat,"Jorhat, Assam",Uncertain / Backlog,Tier 3,2,No email listed (paper-dominant),Low signal density,1-Page Postal Letter,1-Page Postal Dispatch,"Namaskar,

When green leaf trucks move from field divisions to the factory at Borholla Tea Estate, what percentage difference are you typically seeing between the field scale and factory weighbridge?

Most independent estates in Jorhat tell us they only catch leaf discrepancies and proxy hazira 10 to 14 days later when the fortnightly muster roll reaches the office.

Are you able to see your daily leaf reconciliation and worker count on your phone before the evening shift, or is your team still compiling it on paper?"
Assam,BOISAHABI TE,Organized Estate,No,BOISAHABI TE,Jorhat,Organized Plantation,,,,No,,Jorhat,"Jorhat, Assam",Uncertain / Backlog,Tier 3,2,No email listed (paper-dominant),Low signal density,1-Page Postal Letter,1-Page Postal Dispatch,"Namaskar,

When green leaf trucks move from field divisions to the factory at Boisahabi Te, what percentage difference are you typically seeing between the field scale and factory weighbridge?

Most independent estates in Jorhat tell us they only catch leaf discrepancies and proxy hazira 10 to 14 days later when the fortnightly muster roll reaches the office.

Are you able to see your daily leaf reconciliation and worker count on your phone before the evening shift, or is your team still compiling it on paper?"
Assam,BOSABARI TEA ESTATE,Organized Estate,No,BOSABARI TEA ESTATE,Jorhat,Organized Plantation,,,,No,,Jorhat,"Jorhat, Assam",Uncertain / Backlog,Tier 3,2,No email listed (paper-dominant),Low signal density,1-Page Postal Letter,1-Page Postal Dispatch,"Namaskar,

When green leaf trucks move from field divisions to the factory at Bosabari Tea Estate, what percentage difference are you typically seeing between the field scale and factory weighbridge?

Most independent estates in Jorhat tell us they only catch leaf discrepancies and proxy hazira 10 to 14 days later when the fortnightly muster roll reaches the office.

Are you able to see your daily leaf reconciliation and worker count on your phone before the evening shift, or is your team still compiling it on paper?"
Assam,BOIDEHA TE,Organized Estate,No,BOIDEHA TE,Jorhat,Organized Plantation,,,,No,,Jorhat,"Jorhat, Assam",Uncertain / Backlog,Tier 3,2,No email listed (paper-dominant),Low signal density,1-Page Postal Letter,1-Page Postal Dispatch,"Namaskar,

When green leaf trucks move from field divisions to the factory at Boideha Te, what percentage difference are you typically seeing between the field scale and factory weighbridge?

Most independent estates in Jorhat tell us they only catch leaf discrepancies and proxy hazira 10 to 14 days later when the fortnightly muster roll reaches the office.

Are you able to see your daily leaf reconciliation and worker count on your phone before the evening shift, or is your team still compiling it on paper?"
Assam,BOKAHOLA,Organized Estate,No,BOKAHOLA,Jorhat,Organized Plantation,,,,No,,Jorhat,"Jorhat, Assam",Uncertain / Backlog,Tier 3,2,No email listed (paper-dominant),Low signal density,1-Page Postal Letter,1-Page Postal Dispatch,"Namaskar,

When green leaf trucks move from field divisions to the factory at Bokahola, what percentage difference are you typically seeing between the field scale and factory weighbridge?

Most independent estates in Jorhat tell us they only catch leaf discrepancies and proxy hazira 10 to 14 days later when the fortnightly muster roll reaches the office.

Are you able to see your daily leaf reconciliation and worker count on your phone before the evening shift, or is your team still compiling it on paper?"
Assam,BOLOMA TEA ESTATE,Organized Estate,No,BOLOMA TEA ESTATE,Jorhat,Organized Plantation,,,,No,,Jorhat,"Jorhat, Assam",Uncertain / Backlog,Tier 3,2,No email listed (paper-dominant),Low signal density,1-Page Postal Letter,1-Page Postal Dispatch,"Namaskar,

When green leaf trucks move from field divisions to the factory at Boloma Tea Estate, what percentage difference are you typically seeing between the field scale and factory weighbridge?

Most independent estates in Jorhat tell us they only catch leaf discrepancies and proxy hazira 10 to 14 days later when the fortnightly muster roll reaches the office.

Are you able to see your daily leaf reconciliation and worker count on your phone before the evening shift, or is your team still compiling it on paper?"
Assam,DHULLIE,Organized Estate,No,McLeod Russel India Limited,Jorhat,Organized Plantation,,,,No,,Kolkata,"Four Mangoe Lane, Surendra Mohan Ghosh Sarani, Kolkata 700001",Disqualified,Disqualified,3,No email listed (paper-dominant) | Kolkata HQ,Conglomerate keyword match (MCLEOD RUSSEL),1-Page Postal Letter,1-Page Postal Dispatch,"Namaskar,

When green leaf trucks move from field divisions to the factory at Dhullie, what percentage difference are you typically seeing between the field scale and factory weighbridge?

Most independent estates in Jorhat tell us they only catch leaf discrepancies and proxy hazira 10 to 14 days later when the fortnightly muster roll reaches the office.

Are you able to see your daily leaf reconciliation and worker count on your phone before the evening shift, or is your team still compiling it on paper?"
Assam,CHENIJAN,Organized Estate,No,CHENIJAN,Jorhat,Organized Plantation,,,,No,,Jorhat,"Jorhat, Assam",Uncertain / Backlog,Tier 3,2,No email listed (paper-dominant),Low signal density,1-Page Postal Letter,1-Page Postal Dispatch,"Namaskar,

When green leaf trucks move from field divisions to the factory at Chenijan, what percentage difference are you typically seeing between the field scale and factory weighbridge?

Most independent estates in Jorhat tell us they only catch leaf discrepancies and proxy hazira 10 to 14 days later when the fortnightly muster roll reaches the office.

Are you able to see your daily leaf reconciliation and worker count on your phone before the evening shift, or is your team still compiling it on paper?"
Assam,CHAPAJAN,Organized Estate,No,CHAPAJAN,Jorhat,Organized Plantation,,,,No,,Jorhat,"Jorhat, Assam",Uncertain / Backlog,Tier 3,2,No email listed (paper-dominant),Low signal density,1-Page Postal Letter,1-Page Postal Dispatch,"Namaskar,

When green leaf trucks move from field divisions to the factory at Chapajan, what percentage difference are you typically seeing between the field scale and factory weighbridge?

Most independent estates in Jorhat tell us they only catch leaf discrepancies and proxy hazira 10 to 14 days later when the fortnightly muster roll reaches the office.

Are you able to see your daily leaf reconciliation and worker count on your phone before the evening shift, or is your team still compiling it on paper?"
Assam,CHETIABARI,Organized Estate,No,CHETIABARI,Jorhat,Organized Plantation,,,,No,,Jorhat,"Jorhat, Assam",Uncertain / Backlog,Tier 3,2,No email listed (paper-dominant),Low signal density,1-Page Postal Letter,1-Page Postal Dispatch,"Namaskar,

When green leaf trucks move from field divisions to the factory at Chetiabari, what percentage difference are you typically seeing between the field scale and factory weighbridge?

Most independent estates in Jorhat tell us they only catch leaf discrepancies and proxy hazira 10 to 14 days later when the fortnightly muster roll reaches the office.

Are you able to see your daily leaf reconciliation and worker count on your phone before the evening shift, or is your team still compiling it on paper?"
Assam,DAHINGEAPAR,Organized Estate,No,DAHINGEAPAR,Jorhat,Organized Plantation,,,,No,,Jorhat,"Jorhat, Assam",Uncertain / Backlog,Tier 3,2,No email listed (paper-dominant),Low signal density,1-Page Postal Letter,1-Page Postal Dispatch,"Namaskar,

When green leaf trucks move from field divisions to the factory at Dahingeapar, what percentage difference are you typically seeing between the field scale and factory weighbridge?

Most independent estates in Jorhat tell us they only catch leaf discrepancies and proxy hazira 10 to 14 days later when the fortnightly muster roll reaches the office.

Are you able to see your daily leaf reconciliation and worker count on your phone before the evening shift, or is your team still compiling it on paper?"
Assam,DAMAYANTI TEA ESTATE,Organized Estate,No,DAMAYANTI TEA ESTATE,Jorhat,Organized Plantation,,,,No,,Jorhat,"Jorhat, Assam",Uncertain / Backlog,Tier 3,2,No email listed (paper-dominant),Low signal density,1-Page Postal Letter,1-Page Postal Dispatch,"Namaskar,

When green leaf trucks move from field divisions to the factory at Damayanti Tea Estate, what percentage difference are you typically seeing between the field scale and factory weighbridge?

Most independent estates in Jorhat tell us they only catch leaf discrepancies and proxy hazira 10 to 14 days later when the fortnightly muster roll reaches the office.

Are you able to see your daily leaf reconciliation and worker count on your phone before the evening shift, or is your team still compiling it on paper?"
Assam,CINNAMARA TEA ESTATE,Organized Estate,No,CINNAMARA TEA ESTATE,Jorhat,Organized Plantation,,,,No,,Jorhat,"Jorhat, Assam",Uncertain / Backlog,Tier 3,2,No email listed (paper-dominant),Low signal density,1-Page Postal Letter,1-Page Postal Dispatch,"Namaskar,

When green leaf trucks move from field divisions to the factory at Cinnamara Tea Estate, what percentage difference are you typically seeing between the field scale and factory weighbridge?

Most independent estates in Jorhat tell us they only catch leaf discrepancies and proxy hazira 10 to 14 days later when the fortnightly muster roll reaches the office.

Are you able to see your daily leaf reconciliation and worker count on your phone before the evening shift, or is your team still compiling it on paper?"
Assam,SWARNAPUR,Organized Estate,No,SWARNAPUR,Jorhat,Organized Plantation,,,,No,,Jorhat,"Jorhat, Assam",Uncertain / Backlog,Tier 3,2,No email listed (paper-dominant),Low signal density,1-Page Postal Letter,1-Page Postal Dispatch,"Namaskar,

When green leaf trucks move from field divisions to the factory at Swarnapur, what percentage difference are you typically seeing between the field scale and factory weighbridge?

Most independent estates in Jorhat tell us they only catch leaf discrepancies and proxy hazira 10 to 14 days later when the fortnightly muster roll reaches the office.

Are you able to see your daily leaf reconciliation and worker count on your phone before the evening shift, or is your team still compiling it on paper?"
Assam,SYEDBARI,Organized Estate,No,SYEDBARI,Jorhat,Organized Plantation,,,,No,,Jorhat,"Jorhat, Assam",Uncertain / Backlog,Tier 3,2,No email listed (paper-dominant),Low signal density,1-Page Postal Letter,1-Page Postal Dispatch,"Namaskar,

When green leaf trucks move from field divisions to the factory at Syedbari, what percentage difference are you typically seeing between the field scale and factory weighbridge?

Most independent estates in Jorhat tell us they only catch leaf discrepancies and proxy hazira 10 to 14 days later when the fortnightly muster roll reaches the office.

Are you able to see your daily leaf reconciliation and worker count on your phone before the evening shift, or is your team still compiling it on paper?"
Assam,SYCOTTA TEA ESTATE,Organized Estate,No,SYCOTTA TEA ESTATE,Jorhat,Organized Plantation,,,,No,,Jorhat,"Jorhat, Assam",Uncertain / Backlog,Tier 3,2,No email listed (paper-dominant),Low signal density,1-Page Postal Letter,1-Page Postal Dispatch,"Namaskar,

When green leaf trucks move from field divisions to the factory at Sycotta Tea Estate, what percentage difference are you typically seeing between the field scale and factory weighbridge?

Most independent estates in Jorhat tell us they only catch leaf discrepancies and proxy hazira 10 to 14 days later when the fortnightly muster roll reaches the office.

Are you able to see your daily leaf reconciliation and worker count on your phone before the evening shift, or is your team still compiling it on paper?"
Assam,SOLALBARI,Organized Estate,No,SOLALBARI,Jorhat,Organized Plantation,,,,No,,Jorhat,"Jorhat, Assam",Uncertain / Backlog,Tier 3,2,No email listed (paper-dominant),Low signal density,1-Page Postal Letter,1-Page Postal Dispatch,"Namaskar,

When green leaf trucks move from field divisions to the factory at Solalbari, what percentage difference are you typically seeing between the field scale and factory weighbridge?

Most independent estates in Jorhat tell us they only catch leaf discrepancies and proxy hazira 10 to 14 days later when the fortnightly muster roll reaches the office.

Are you able to see your daily leaf reconciliation and worker count on your phone before the evening shift, or is your team still compiling it on paper?"
Assam,SOCKLATINGA,Organized Estate,No,SOCKLATINGA,Jorhat,Organized Plantation,,,,No,,Jorhat,"Jorhat, Assam",Uncertain / Backlog,Tier 3,2,No email listed (paper-dominant),Low signal density,1-Page Postal Letter,1-Page Postal Dispatch,"Namaskar,

When green leaf trucks move from field divisions to the factory at Socklatinga, what percentage difference are you typically seeing between the field scale and factory weighbridge?

Most independent estates in Jorhat tell us they only catch leaf discrepancies and proxy hazira 10 to 14 days later when the fortnightly muster roll reaches the office.

Are you able to see your daily leaf reconciliation and worker count on your phone before the evening shift, or is your team still compiling it on paper?"
Assam,SORAIPANI,Organized Estate,No,SORAIPANI,Jorhat,Organized Plantation,,,,No,,Jorhat,"Jorhat, Assam",Uncertain / Backlog,Tier 3,2,No email listed (paper-dominant),Low signal density,1-Page Postal Letter,1-Page Postal Dispatch,"Namaskar,

When green leaf trucks move from field divisions to the factory at Soraipani, what percentage difference are you typically seeing between the field scale and factory weighbridge?

Most independent estates in Jorhat tell us they only catch leaf discrepancies and proxy hazira 10 to 14 days later when the fortnightly muster roll reaches the office.

Are you able to see your daily leaf reconciliation and worker count on your phone before the evening shift, or is your team still compiling it on paper?"
Assam,SOTAI,Organized Estate,No,SOTAI,Jorhat,Organized Plantation,,,,No,,Jorhat,"Jorhat, Assam",Uncertain / Backlog,Tier 3,2,No email listed (paper-dominant),Low signal density,1-Page Postal Letter,1-Page Postal Dispatch,"Namaskar,

When green leaf trucks move from field divisions to the factory at Sotai, what percentage difference are you typically seeing between the field scale and factory weighbridge?

Most independent estates in Jorhat tell us they only catch leaf discrepancies and proxy hazira 10 to 14 days later when the fortnightly muster roll reaches the office.

Are you able to see your daily leaf reconciliation and worker count on your phone before the evening shift, or is your team still compiling it on paper?"
Assam,TIRUAL T.E,Organized Estate,No,TIRUAL T.E,Jorhat,Organized Plantation,,,,No,,Jorhat,"Jorhat, Assam",Uncertain / Backlog,Tier 3,2,No email listed (paper-dominant),Low signal density,1-Page Postal Letter,1-Page Postal Dispatch,"Namaskar,

When green leaf trucks move from field divisions to the factory at Tirual T.E, what percentage difference are you typically seeing between the field scale and factory weighbridge?

Most independent estates in Jorhat tell us they only catch leaf discrepancies and proxy hazira 10 to 14 days later when the fortnightly muster roll reaches the office.

Are you able to see your daily leaf reconciliation and worker count on your phone before the evening shift, or is your team still compiling it on paper?"
Assam,TIPOMIA,Organized Estate,No,TIPOMIA,Jorhat,Organized Plantation,,,,No,,Jorhat,"Jorhat, Assam",Uncertain / Backlog,Tier 3,2,No email listed (paper-dominant),Low signal density,1-Page Postal Letter,1-Page Postal Dispatch,"Namaskar,

When green leaf trucks move from field divisions to the factory at Tipomia, what percentage difference are you typically seeing between the field scale and factory weighbridge?

Most independent estates in Jorhat tell us they only catch leaf discrepancies and proxy hazira 10 to 14 days later when the fortnightly muster roll reaches the office.

Are you able to see your daily leaf reconciliation and worker count on your phone before the evening shift, or is your team still compiling it on paper?"
Assam,TENGALBARIE,Organized Estate,No,TENGALBARIE,Jorhat,Organized Plantation,,,,No,,Jorhat,"Jorhat, Assam",Uncertain / Backlog,Tier 3,2,No email listed (paper-dominant),Low signal density,1-Page Postal Letter,1-Page Postal Dispatch,"Namaskar,

When green leaf trucks move from field divisions to the factory at Tengalbarie, what percentage difference are you typically seeing between the field scale and factory weighbridge?

Most independent estates in Jorhat tell us they only catch leaf discrepancies and proxy hazira 10 to 14 days later when the fortnightly muster roll reaches the office.

Are you able to see your daily leaf reconciliation and worker count on your phone before the evening shift, or is your team still compiling it on paper?"
Assam,TEOK TEA ESTATE,Organized Estate,No,TEOK TEA ESTATE,Jorhat,Organized Plantation,,,,No,,Jorhat,"Jorhat, Assam",Uncertain / Backlog,Tier 3,2,No email listed (paper-dominant),Low signal density,1-Page Postal Letter,1-Page Postal Dispatch,"Namaskar,

When green leaf trucks move from field divisions to the factory at Teok Tea Estate, what percentage difference are you typically seeing between the field scale and factory weighbridge?

Most independent estates in Jorhat tell us they only catch leaf discrepancies and proxy hazira 10 to 14 days later when the fortnightly muster roll reaches the office.

Are you able to see your daily leaf reconciliation and worker count on your phone before the evening shift, or is your team still compiling it on paper?"
Assam,SONAPUR TEA ESTATE,Organized Estate,No,SONAPUR TEA ESTATE,Kamrup,Organized Plantation,,,,No,,Kamrup,"Kamrup, Assam",Uncertain / Backlog,Tier 3,2,No email listed (paper-dominant),Low signal density,1-Page Postal Letter,1-Page Postal Dispatch,"Namaskar,

When green leaf trucks move from field divisions to the factory at Sonapur Tea Estate, what percentage difference are you typically seeing between the field scale and factory weighbridge?

Most independent estates in Kamrup tell us they only catch leaf discrepancies and proxy hazira 10 to 14 days later when the fortnightly muster roll reaches the office.

Are you able to see your daily leaf reconciliation and worker count on your phone before the evening shift, or is your team still compiling it on paper?"
Assam,BARDUAR TEA ESTATE,Organized Estate,No,BARDUAR TEA ESTATE,Kamrup,Organized Plantation,,,,No,,Kamrup,"Kamrup, Assam",Uncertain / Backlog,Tier 3,2,No email listed (paper-dominant),Low signal density,1-Page Postal Letter,1-Page Postal Dispatch,"Namaskar,

When green leaf trucks move from field divisions to the factory at Barduar Tea Estate, what percentage difference are you typically seeing between the field scale and factory weighbridge?

Most independent estates in Kamrup tell us they only catch leaf discrepancies and proxy hazira 10 to 14 days later when the fortnightly muster roll reaches the office.

Are you able to see your daily leaf reconciliation and worker count on your phone before the evening shift, or is your team still compiling it on paper?"
Assam,RANI TEA ESTATE,Organized Estate,No,RANI TEA ESTATE,Kamrup,Organized Plantation,,,,No,,Kamrup,"Kamrup, Assam",Uncertain / Backlog,Tier 3,2,No email listed (paper-dominant),Low signal density,1-Page Postal Letter,1-Page Postal Dispatch,"Namaskar,

When green leaf trucks move from field divisions to the factory at Rani Tea Estate, what percentage difference are you typically seeing between the field scale and factory weighbridge?

Most independent estates in Kamrup tell us they only catch leaf discrepancies and proxy hazira 10 to 14 days later when the fortnightly muster roll reaches the office.

Are you able to see your daily leaf reconciliation and worker count on your phone before the evening shift, or is your team still compiling it on paper?"
Assam,BHAGAWATI TEA ESTATE,Organized Estate,No,BHAGAWATI TEA ESTATE,Karbi Anglong,Organized Plantation,,,,No,,Karbi Anglong,"Karbi Anglong, Assam",Uncertain / Backlog,Tier 3,2,No email listed (paper-dominant),Low signal density,1-Page Postal Letter,1-Page Postal Dispatch,"Namaskar,

When green leaf trucks move from field divisions to the factory at Bhagawati Tea Estate, what percentage difference are you typically seeing between the field scale and factory weighbridge?

Most independent estates in Karbi Anglong tell us they only catch leaf discrepancies and proxy hazira 10 to 14 days later when the fortnightly muster roll reaches the office.

Are you able to see your daily leaf reconciliation and worker count on your phone before the evening shift, or is your team still compiling it on paper?"
Assam,LAHORIJAN & NIRMAL KUMAR,Organized Estate,No,LAHORIJAN & NIRMAL KUMAR,Karbi Anglong,Organized Plantation,,,,No,,Karbi Anglong,"Karbi Anglong, Assam",Uncertain / Backlog,Tier 3,2,No email listed (paper-dominant),Low signal density,1-Page Postal Letter,1-Page Postal Dispatch,"Namaskar,

When green leaf trucks move from field divisions to the factory at Lahorijan & Nirmal Kumar, what percentage difference are you typically seeing between the field scale and factory weighbridge?

Most independent estates in Karbi Anglong tell us they only catch leaf discrepancies and proxy hazira 10 to 14 days later when the fortnightly muster roll reaches the office.

Are you able to see your daily leaf reconciliation and worker count on your phone before the evening shift, or is your team still compiling it on paper?"
Assam,MAA SURJEE NEG-1117,Organized Estate,No,MAA SURJEE NEG-1117,Karbi Anglong,Organized Plantation,,,,No,,Karbi Anglong,"Karbi Anglong, Assam",Uncertain / Backlog,Tier 3,2,No email listed (paper-dominant),Low signal density,1-Page Postal Letter,1-Page Postal Dispatch,"Namaskar,

When green leaf trucks move from field divisions to the factory at Maa Surjee Neg-1117, what percentage difference are you typically seeing between the field scale and factory weighbridge?

Most independent estates in Karbi Anglong tell us they only catch leaf discrepancies and proxy hazira 10 to 14 days later when the fortnightly muster roll reaches the office.

Are you able to see your daily leaf reconciliation and worker count on your phone before the evening shift, or is your team still compiling it on paper?"
Assam,DEOPANI TEA ESTATE,Organized Estate,No,DEOPANI TEA ESTATE,Karbi Anglong,Organized Plantation,,,,No,,Karbi Anglong,"Karbi Anglong, Assam",Uncertain / Backlog,Tier 3,2,No email listed (paper-dominant),Low signal density,1-Page Postal Letter,1-Page Postal Dispatch,"Namaskar,

When green leaf trucks move from field divisions to the factory at Deopani Tea Estate, what percentage difference are you typically seeing between the field scale and factory weighbridge?

Most independent estates in Karbi Anglong tell us they only catch leaf discrepancies and proxy hazira 10 to 14 days later when the fortnightly muster roll reaches the office.

Are you able to see your daily leaf reconciliation and worker count on your phone before the evening shift, or is your team still compiling it on paper?"
Assam,BHAWANI TEA ESTATE NEG-492,Organized Estate,No,BHAWANI TEA ESTATE NEG-492,Karbi Anglong,Organized Plantation,,,,No,,Karbi Anglong,"Karbi Anglong, Assam",Uncertain / Backlog,Tier 3,2,No email listed (paper-dominant),Low signal density,1-Page Postal Letter,1-Page Postal Dispatch,"Namaskar,

When green leaf trucks move from field divisions to the factory at Bhawani Tea Estate Neg-492, what percentage difference are you typically seeing between the field scale and factory weighbridge?

Most independent estates in Karbi Anglong tell us they only catch leaf discrepancies and proxy hazira 10 to 14 days later when the fortnightly muster roll reaches the office.

Are you able to see your daily leaf reconciliation and worker count on your phone before the evening shift, or is your team still compiling it on paper?"
Assam,BOKAJAN TEA ESTATE,Organized Estate,No,BOKAJAN TEA ESTATE,Karbi Anglong,Organized Plantation,,,,No,,Karbi Anglong,"Karbi Anglong, Assam",Uncertain / Backlog,Tier 3,2,No email listed (paper-dominant),Low signal density,1-Page Postal Letter,1-Page Postal Dispatch,"Namaskar,

When green leaf trucks move from field divisions to the factory at Bokajan Tea Estate, what percentage difference are you typically seeing between the field scale and factory weighbridge?

Most independent estates in Karbi Anglong tell us they only catch leaf discrepancies and proxy hazira 10 to 14 days later when the fortnightly muster roll reaches the office.

Are you able to see your daily leaf reconciliation and worker count on your phone before the evening shift, or is your team still compiling it on paper?"
Assam,BANASPATY TEA ESTATE,Organized Estate,No,BANASPATY TEA ESTATE,Karbi Anglong,Organized Plantation,,,,No,,Karbi Anglong,"Karbi Anglong, Assam",Uncertain / Backlog,Tier 3,2,No email listed (paper-dominant),Low signal density,1-Page Postal Letter,1-Page Postal Dispatch,"Namaskar,

When green leaf trucks move from field divisions to the factory at Banaspaty Tea Estate, what percentage difference are you typically seeing between the field scale and factory weighbridge?

Most independent estates in Karbi Anglong tell us they only catch leaf discrepancies and proxy hazira 10 to 14 days later when the fortnightly muster roll reaches the office.

Are you able to see your daily leaf reconciliation and worker count on your phone before the evening shift, or is your team still compiling it on paper?"
Assam,BARPATHAR TEA ESTATE,Organized Estate,No,BARPATHAR TEA ESTATE,Karbi Anglong,Organized Plantation,,,,No,,Karbi Anglong,"Karbi Anglong, Assam",Uncertain / Backlog,Tier 3,2,No email listed (paper-dominant),Low signal density,1-Page Postal Letter,1-Page Postal Dispatch,"Namaskar,

When green leaf trucks move from field divisions to the factory at Barpathar Tea Estate, what percentage difference are you typically seeing between the field scale and factory weighbridge?

Most independent estates in Karbi Anglong tell us they only catch leaf discrepancies and proxy hazira 10 to 14 days later when the fortnightly muster roll reaches the office.

Are you able to see your daily leaf reconciliation and worker count on your phone before the evening shift, or is your team still compiling it on paper?"
Assam,AMBA TEA ESTATE NEG-398,Organized Estate,No,AMBA TEA ESTATE NEG-398,Karbi Anglong,Organized Plantation,,,,No,,Karbi Anglong,"Karbi Anglong, Assam",Uncertain / Backlog,Tier 3,2,No email listed (paper-dominant),Low signal density,1-Page Postal Letter,1-Page Postal Dispatch,"Namaskar,

When green leaf trucks move from field divisions to the factory at Amba Tea Estate Neg-398, what percentage difference are you typically seeing between the field scale and factory weighbridge?

Most independent estates in Karbi Anglong tell us they only catch leaf discrepancies and proxy hazira 10 to 14 days later when the fortnightly muster roll reaches the office.

Are you able to see your daily leaf reconciliation and worker count on your phone before the evening shift, or is your team still compiling it on paper?"
Assam,NIRJA TEA ESTATE NEG-1118,Organized Estate,No,NIRJA TEA ESTATE NEG-1118,Karbi Anglong,Organized Plantation,,,,No,,Karbi Anglong,"Karbi Anglong, Assam",Uncertain / Backlog,Tier 3,2,No email listed (paper-dominant),Low signal density,1-Page Postal Letter,1-Page Postal Dispatch,"Namaskar,

When green leaf trucks move from field divisions to the factory at Nirja Tea Estate Neg-1118, what percentage difference are you typically seeing between the field scale and factory weighbridge?

Most independent estates in Karbi Anglong tell us they only catch leaf discrepancies and proxy hazira 10 to 14 days later when the fortnightly muster roll reaches the office.

Are you able to see your daily leaf reconciliation and worker count on your phone before the evening shift, or is your team still compiling it on paper?"
Assam,DHANSERI TEA ESTATE,Organized Estate,No,DHANSERI TEA ESTATE,Karbi Anglong,Organized Plantation,,,,No,,Karbi Anglong,"Karbi Anglong, Assam",Uncertain / Backlog,Tier 3,2,No email listed (paper-dominant),Low signal density,1-Page Postal Letter,1-Page Postal Dispatch,"Namaskar,

When green leaf trucks move from field divisions to the factory at Dhanseri Tea Estate, what percentage difference are you typically seeing between the field scale and factory weighbridge?

Most independent estates in Karbi Anglong tell us they only catch leaf discrepancies and proxy hazira 10 to 14 days later when the fortnightly muster roll reaches the office.

Are you able to see your daily leaf reconciliation and worker count on your phone before the evening shift, or is your team still compiling it on paper?"
Assam,RAMANUGGER,Organized Estate,No,RAMANUGGER,Karbi Anglong,Organized Plantation,,,,No,,Karbi Anglong,"Karbi Anglong, Assam",Uncertain / Backlog,Tier 3,2,No email listed (paper-dominant),Low signal density,1-Page Postal Letter,1-Page Postal Dispatch,"Namaskar,

When green leaf trucks move from field divisions to the factory at Ramanugger, what percentage difference are you typically seeing between the field scale and factory weighbridge?

Most independent estates in Karbi Anglong tell us they only catch leaf discrepancies and proxy hazira 10 to 14 days later when the fortnightly muster roll reaches the office.

Are you able to see your daily leaf reconciliation and worker count on your phone before the evening shift, or is your team still compiling it on paper?"
Assam,RANGSALI,Organized Estate,No,RANGSALI,Karbi Anglong,Organized Plantation,,,,No,,Karbi Anglong,"Karbi Anglong, Assam",Uncertain / Backlog,Tier 3,2,No email listed (paper-dominant),Low signal density,1-Page Postal Letter,1-Page Postal Dispatch,"Namaskar,

When green leaf trucks move from field divisions to the factory at Rangsali, what percentage difference are you typically seeing between the field scale and factory weighbridge?

Most independent estates in Karbi Anglong tell us they only catch leaf discrepancies and proxy hazira 10 to 14 days later when the fortnightly muster roll reaches the office.

Are you able to see your daily leaf reconciliation and worker count on your phone before the evening shift, or is your team still compiling it on paper?"
Assam,SAKAMBARI NEG-,Organized Estate,No,SAKAMBARI NEG-,Karbi Anglong,Organized Plantation,,,,No,,Karbi Anglong,"Karbi Anglong, Assam",Uncertain / Backlog,Tier 3,2,No email listed (paper-dominant),Low signal density,1-Page Postal Letter,1-Page Postal Dispatch,"Namaskar,

When green leaf trucks move from field divisions to the factory at Sakambari Neg-, what percentage difference are you typically seeing between the field scale and factory weighbridge?

Most independent estates in Karbi Anglong tell us they only catch leaf discrepancies and proxy hazira 10 to 14 days later when the fortnightly muster roll reaches the office.

Are you able to see your daily leaf reconciliation and worker count on your phone before the evening shift, or is your team still compiling it on paper?"
Assam,SOBHANESWARI,Organized Estate,No,SOBHANESWARI,Karbi Anglong,Organized Plantation,,,,No,,Karbi Anglong,"Karbi Anglong, Assam",Uncertain / Backlog,Tier 3,2,No email listed (paper-dominant),Low signal density,1-Page Postal Letter,1-Page Postal Dispatch,"Namaskar,

When green leaf trucks move from field divisions to the factory at Sobhaneswari, what percentage difference are you typically seeing between the field scale and factory weighbridge?

Most independent estates in Karbi Anglong tell us they only catch leaf discrepancies and proxy hazira 10 to 14 days later when the fortnightly muster roll reaches the office.

Are you able to see your daily leaf reconciliation and worker count on your phone before the evening shift, or is your team still compiling it on paper?"
Assam,SREE BEHULLA TE,Organized Estate,No,SREE BEHULLA TE,Karimganj,Organized Plantation,,,,No,,Karimganj,"Karimganj, Assam",Uncertain / Backlog,Tier 3,2,No email listed (paper-dominant),Low signal density,1-Page Postal Letter,1-Page Postal Dispatch,"Namaskar,

When green leaf trucks move from field divisions to the factory at Sree Behulla Te, what percentage difference are you typically seeing between the field scale and factory weighbridge?

Most independent estates in Karimganj tell us they only catch leaf discrepancies and proxy hazira 10 to 14 days later when the fortnightly muster roll reaches the office.

Are you able to see your daily leaf reconciliation and worker count on your phone before the evening shift, or is your team still compiling it on paper?"
Assam,SEPHANJURI BHEEL TE,Organized Estate,No,SEPHANJURI BHEEL TE,Karimganj,Organized Plantation,,,,No,,Karimganj,"Karimganj, Assam",Uncertain / Backlog,Tier 3,2,No email listed (paper-dominant),Low signal density,1-Page Postal Letter,1-Page Postal Dispatch,"Namaskar,

When green leaf trucks move from field divisions to the factory at Sephanjuri Bheel Te, what percentage difference are you typically seeing between the field scale and factory weighbridge?

Most independent estates in Karimganj tell us they only catch leaf discrepancies and proxy hazira 10 to 14 days later when the fortnightly muster roll reaches the office.

Are you able to see your daily leaf reconciliation and worker count on your phone before the evening shift, or is your team still compiling it on paper?"
Assam,SINGLACHERRA,Organized Estate,No,SINGLACHERRA,Karimganj,Organized Plantation,,,,No,,Karimganj,"Karimganj, Assam",Uncertain / Backlog,Tier 3,2,No email listed (paper-dominant),Low signal density,1-Page Postal Letter,1-Page Postal Dispatch,"Namaskar,

When green leaf trucks move from field divisions to the factory at Singlacherra, what percentage difference are you typically seeing between the field scale and factory weighbridge?

Most independent estates in Karimganj tell us they only catch leaf discrepancies and proxy hazira 10 to 14 days later when the fortnightly muster roll reaches the office.

Are you able to see your daily leaf reconciliation and worker count on your phone before the evening shift, or is your team still compiling it on paper?"
Assam,SHONAICHERRA TE,Organized Estate,No,SHONAICHERRA TE,Karimganj,Organized Plantation,,,,No,,Karimganj,"Karimganj, Assam",Uncertain / Backlog,Tier 3,2,No email listed (paper-dominant),Low signal density,1-Page Postal Letter,1-Page Postal Dispatch,"Namaskar,

When green leaf trucks move from field divisions to the factory at Shonaicherra Te, what percentage difference are you typically seeing between the field scale and factory weighbridge?

Most independent estates in Karimganj tell us they only catch leaf discrepancies and proxy hazira 10 to 14 days later when the fortnightly muster roll reaches the office.

Are you able to see your daily leaf reconciliation and worker count on your phone before the evening shift, or is your team still compiling it on paper?"
Assam,RABBANIA TE,Organized Estate,No,RABBANIA TE,Karimganj,Organized Plantation,,,,No,,Karimganj,"Karimganj, Assam",Uncertain / Backlog,Tier 3,2,No email listed (paper-dominant),Low signal density,1-Page Postal Letter,1-Page Postal Dispatch,"Namaskar,

When green leaf trucks move from field divisions to the factory at Rabbania Te, what percentage difference are you typically seeing between the field scale and factory weighbridge?

Most independent estates in Karimganj tell us they only catch leaf discrepancies and proxy hazira 10 to 14 days later when the fortnightly muster roll reaches the office.

Are you able to see your daily leaf reconciliation and worker count on your phone before the evening shift, or is your team still compiling it on paper?"
Assam,RAJARAMPORE,Organized Estate,No,RAJARAMPORE,Karimganj,Organized Plantation,,,,No,,Karimganj,"Karimganj, Assam",Uncertain / Backlog,Tier 3,2,No email listed (paper-dominant),Low signal density,1-Page Postal Letter,1-Page Postal Dispatch,"Namaskar,

When green leaf trucks move from field divisions to the factory at Rajarampore, what percentage difference are you typically seeing between the field scale and factory weighbridge?

Most independent estates in Karimganj tell us they only catch leaf discrepancies and proxy hazira 10 to 14 days later when the fortnightly muster roll reaches the office.

Are you able to see your daily leaf reconciliation and worker count on your phone before the evening shift, or is your team still compiling it on paper?"
Assam,PROMODENAGAR TE,Organized Estate,No,PROMODENAGAR TE,Karimganj,Organized Plantation,,,,No,,Karimganj,"Karimganj, Assam",Uncertain / Backlog,Tier 3,2,No email listed (paper-dominant),Low signal density,1-Page Postal Letter,1-Page Postal Dispatch,"Namaskar,

When green leaf trucks move from field divisions to the factory at Promodenagar Te, what percentage difference are you typically seeing between the field scale and factory weighbridge?

Most independent estates in Karimganj tell us they only catch leaf discrepancies and proxy hazira 10 to 14 days later when the fortnightly muster roll reaches the office.

Are you able to see your daily leaf reconciliation and worker count on your phone before the evening shift, or is your team still compiling it on paper?"
Assam,PATHINI TEA ESTATE,Organized Estate,No,PATHINI TEA ESTATE,Karimganj,Organized Plantation,,,,No,,Karimganj,"Karimganj, Assam",Uncertain / Backlog,Tier 3,2,No email listed (paper-dominant),Low signal density,1-Page Postal Letter,1-Page Postal Dispatch,"Namaskar,

When green leaf trucks move from field divisions to the factory at Pathini Tea Estate, what percentage difference are you typically seeing between the field scale and factory weighbridge?

Most independent estates in Karimganj tell us they only catch leaf discrepancies and proxy hazira 10 to 14 days later when the fortnightly muster roll reaches the office.

Are you able to see your daily leaf reconciliation and worker count on your phone before the evening shift, or is your team still compiling it on paper?"
Assam,DURGANAGAR TE,Organized Estate,No,DURGANAGAR TE,Karimganj,Organized Plantation,,,,No,,Karimganj,"Karimganj, Assam",Uncertain / Backlog,Tier 3,2,No email listed (paper-dominant),Low signal density,1-Page Postal Letter,1-Page Postal Dispatch,"Namaskar,

When green leaf trucks move from field divisions to the factory at Durganagar Te, what percentage difference are you typically seeing between the field scale and factory weighbridge?

Most independent estates in Karimganj tell us they only catch leaf discrepancies and proxy hazira 10 to 14 days later when the fortnightly muster roll reaches the office.

Are you able to see your daily leaf reconciliation and worker count on your phone before the evening shift, or is your team still compiling it on paper?"
Assam,DULLABCHERRA TE,Organized Estate,No,DULLABCHERRA TE,Karimganj,Organized Plantation,,,,No,,Karimganj,"Karimganj, Assam",Uncertain / Backlog,Tier 3,2,No email listed (paper-dominant),Low signal density,1-Page Postal Letter,1-Page Postal Dispatch,"Namaskar,

When green leaf trucks move from field divisions to the factory at Dullabcherra Te, what percentage difference are you typically seeing between the field scale and factory weighbridge?

Most independent estates in Karimganj tell us they only catch leaf discrepancies and proxy hazira 10 to 14 days later when the fortnightly muster roll reaches the office.

Are you able to see your daily leaf reconciliation and worker count on your phone before the evening shift, or is your team still compiling it on paper?"
Assam,GOOMBIRA,Organized Estate,No,GOOMBIRA,Karimganj,Organized Plantation,,,,No,,Karimganj,"Karimganj, Assam",Uncertain / Backlog,Tier 3,2,No email listed (paper-dominant),Low signal density,1-Page Postal Letter,1-Page Postal Dispatch,"Namaskar,

When green leaf trucks move from field divisions to the factory at Goombira, what percentage difference are you typically seeing between the field scale and factory weighbridge?

Most independent estates in Karimganj tell us they only catch leaf discrepancies and proxy hazira 10 to 14 days later when the fortnightly muster roll reaches the office.

Are you able to see your daily leaf reconciliation and worker count on your phone before the evening shift, or is your team still compiling it on paper?"
Assam,HATTIKHIRA TE,Organized Estate,No,HATTIKHIRA TE,Karimganj,Organized Plantation,,,,No,,Karimganj,"Karimganj, Assam",Uncertain / Backlog,Tier 3,2,No email listed (paper-dominant),Low signal density,1-Page Postal Letter,1-Page Postal Dispatch,"Namaskar,

When green leaf trucks move from field divisions to the factory at Hattikhira Te, what percentage difference are you typically seeing between the field scale and factory weighbridge?

Most independent estates in Karimganj tell us they only catch leaf discrepancies and proxy hazira 10 to 14 days later when the fortnightly muster roll reaches the office.

Are you able to see your daily leaf reconciliation and worker count on your phone before the evening shift, or is your team still compiling it on paper?"
Assam,ISABHEEL TEA ESTATE,Organized Estate,No,ISABHEEL TEA ESTATE,Karimganj,Organized Plantation,,,,No,,Karimganj,"Karimganj, Assam",Uncertain / Backlog,Tier 3,2,No email listed (paper-dominant),Low signal density,1-Page Postal Letter,1-Page Postal Dispatch,"Namaskar,

When green leaf trucks move from field divisions to the factory at Isabheel Tea Estate, what percentage difference are you typically seeing between the field scale and factory weighbridge?

Most independent estates in Karimganj tell us they only catch leaf discrepancies and proxy hazira 10 to 14 days later when the fortnightly muster roll reaches the office.

Are you able to see your daily leaf reconciliation and worker count on your phone before the evening shift, or is your team still compiling it on paper?"
Assam,JALALNAGAR,Organized Estate,No,JALALNAGAR,Karimganj,Organized Plantation,,,,No,,Karimganj,"Karimganj, Assam",Uncertain / Backlog,Tier 3,2,No email listed (paper-dominant),Low signal density,1-Page Postal Letter,1-Page Postal Dispatch,"Namaskar,

When green leaf trucks move from field divisions to the factory at Jalalnagar, what percentage difference are you typically seeing between the field scale and factory weighbridge?

Most independent estates in Karimganj tell us they only catch leaf discrepancies and proxy hazira 10 to 14 days later when the fortnightly muster roll reaches the office.

Are you able to see your daily leaf reconciliation and worker count on your phone before the evening shift, or is your team still compiling it on paper?"
Assam,AYLABARI TEA ESTATE,Organized Estate,No,AYLABARI TEA ESTATE,Karimganj,Organized Plantation,,,,No,,Karimganj,"Karimganj, Assam",Uncertain / Backlog,Tier 3,2,No email listed (paper-dominant),Low signal density,1-Page Postal Letter,1-Page Postal Dispatch,"Namaskar,

When green leaf trucks move from field divisions to the factory at Aylabari Tea Estate, what percentage difference are you typically seeing between the field scale and factory weighbridge?

Most independent estates in Karimganj tell us they only catch leaf discrepancies and proxy hazira 10 to 14 days later when the fortnightly muster roll reaches the office.

Are you able to see your daily leaf reconciliation and worker count on your phone before the evening shift, or is your team still compiling it on paper?"
Assam,BAITAKHAL TE,Organized Estate,No,BAITAKHAL TE,Karimganj,Organized Plantation,,,,No,,Karimganj,"Karimganj, Assam",Uncertain / Backlog,Tier 3,2,No email listed (paper-dominant),Low signal density,1-Page Postal Letter,1-Page Postal Dispatch,"Namaskar,

When green leaf trucks move from field divisions to the factory at Baitakhal Te, what percentage difference are you typically seeing between the field scale and factory weighbridge?

Most independent estates in Karimganj tell us they only catch leaf discrepancies and proxy hazira 10 to 14 days later when the fortnightly muster roll reaches the office.

Are you able to see your daily leaf reconciliation and worker count on your phone before the evening shift, or is your team still compiling it on paper?"
Assam,BHUBRIGHAT,Organized Estate,No,BHUBRIGHAT,Karimganj,Organized Plantation,,,,No,,Karimganj,"Karimganj, Assam",Uncertain / Backlog,Tier 3,2,No email listed (paper-dominant),Low signal density,1-Page Postal Letter,1-Page Postal Dispatch,"Namaskar,

When green leaf trucks move from field divisions to the factory at Bhubrighat, what percentage difference are you typically seeing between the field scale and factory weighbridge?

Most independent estates in Karimganj tell us they only catch leaf discrepancies and proxy hazira 10 to 14 days later when the fortnightly muster roll reaches the office.

Are you able to see your daily leaf reconciliation and worker count on your phone before the evening shift, or is your team still compiling it on paper?"
Assam,BIDYANAGAR T.E.,Organized Estate,No,BIDYANAGAR T.E.,Karimganj,Organized Plantation,,,,No,,Karimganj,"Karimganj, Assam",Uncertain / Backlog,Tier 3,2,No email listed (paper-dominant),Low signal density,1-Page Postal Letter,1-Page Postal Dispatch,"Namaskar,

When green leaf trucks move from field divisions to the factory at Bidyanagar T.E., what percentage difference are you typically seeing between the field scale and factory weighbridge?

Most independent estates in Karimganj tell us they only catch leaf discrepancies and proxy hazira 10 to 14 days later when the fortnightly muster roll reaches the office.

Are you able to see your daily leaf reconciliation and worker count on your phone before the evening shift, or is your team still compiling it on paper?"
Assam,CHARGOLA VELLY T.E.,Organized Estate,No,CHARGOLA VELLY T.E.,Karimganj,Organized Plantation,,,,No,,Karimganj,"Karimganj, Assam",Uncertain / Backlog,Tier 3,2,No email listed (paper-dominant),Low signal density,1-Page Postal Letter,1-Page Postal Dispatch,"Namaskar,

When green leaf trucks move from field divisions to the factory at Chargola Velly T.E., what percentage difference are you typically seeing between the field scale and factory weighbridge?

Most independent estates in Karimganj tell us they only catch leaf discrepancies and proxy hazira 10 to 14 days later when the fortnightly muster roll reaches the office.

Are you able to see your daily leaf reconciliation and worker count on your phone before the evening shift, or is your team still compiling it on paper?"
Assam,CHARGOLA T.E.,Organized Estate,No,CHARGOLA T.E.,Karimganj,Organized Plantation,,,,No,,Karimganj,"Karimganj, Assam",Uncertain / Backlog,Tier 3,2,No email listed (paper-dominant),Low signal density,1-Page Postal Letter,1-Page Postal Dispatch,"Namaskar,

When green leaf trucks move from field divisions to the factory at Chargola T.E., what percentage difference are you typically seeing between the field scale and factory weighbridge?

Most independent estates in Karimganj tell us they only catch leaf discrepancies and proxy hazira 10 to 14 days later when the fortnightly muster roll reaches the office.

Are you able to see your daily leaf reconciliation and worker count on your phone before the evening shift, or is your team still compiling it on paper?"
Assam,MADANPUR TE,Organized Estate,No,MADANPUR TE,Karimganj,Organized Plantation,,,,No,,Karimganj,"Karimganj, Assam",Uncertain / Backlog,Tier 3,2,No email listed (paper-dominant),Low signal density,1-Page Postal Letter,1-Page Postal Dispatch,"Namaskar,

When green leaf trucks move from field divisions to the factory at Madanpur Te, what percentage difference are you typically seeing between the field scale and factory weighbridge?

Most independent estates in Karimganj tell us they only catch leaf discrepancies and proxy hazira 10 to 14 days later when the fortnightly muster roll reaches the office.

Are you able to see your daily leaf reconciliation and worker count on your phone before the evening shift, or is your team still compiling it on paper?"
Assam,MANIKNAGAR TE,Organized Estate,No,MANIKNAGAR TE,Karimganj,Organized Plantation,,,,No,,Karimganj,"Karimganj, Assam",Uncertain / Backlog,Tier 3,2,No email listed (paper-dominant),Low signal density,1-Page Postal Letter,1-Page Postal Dispatch,"Namaskar,

When green leaf trucks move from field divisions to the factory at Maniknagar Te, what percentage difference are you typically seeing between the field scale and factory weighbridge?

Most independent estates in Karimganj tell us they only catch leaf discrepancies and proxy hazira 10 to 14 days later when the fortnightly muster roll reaches the office.

Are you able to see your daily leaf reconciliation and worker count on your phone before the evening shift, or is your team still compiling it on paper?"
Assam,LONGAI TE,Organized Estate,No,LONGAI TE,Karimganj,Organized Plantation,,,,No,,Karimganj,"Karimganj, Assam",Uncertain / Backlog,Tier 3,2,No email listed (paper-dominant),Low signal density,1-Page Postal Letter,1-Page Postal Dispatch,"Namaskar,

When green leaf trucks move from field divisions to the factory at Longai Te, what percentage difference are you typically seeing between the field scale and factory weighbridge?

Most independent estates in Karimganj tell us they only catch leaf discrepancies and proxy hazira 10 to 14 days later when the fortnightly muster roll reaches the office.

Are you able to see your daily leaf reconciliation and worker count on your phone before the evening shift, or is your team still compiling it on paper?"
Assam,KALINAGAR T.E.,Organized Estate,No,KALINAGAR T.E.,Karimganj,Organized Plantation,,,,No,,Karimganj,"Karimganj, Assam",Uncertain / Backlog,Tier 3,2,No email listed (paper-dominant),Low signal density,1-Page Postal Letter,1-Page Postal Dispatch,"Namaskar,

When green leaf trucks move from field divisions to the factory at Kalinagar T.E., what percentage difference are you typically seeing between the field scale and factory weighbridge?

Most independent estates in Karimganj tell us they only catch leaf discrepancies and proxy hazira 10 to 14 days later when the fortnightly muster roll reaches the office.

Are you able to see your daily leaf reconciliation and worker count on your phone before the evening shift, or is your team still compiling it on paper?"
Assam,KOKRAJHAR TE,Organized Estate,No,KOKRAJHAR TE,Kokrajhar,Organized Plantation,,,,No,,Kokrajhar,"Kokrajhar, Assam",Uncertain / Backlog,Tier 3,2,No email listed (paper-dominant),Low signal density,1-Page Postal Letter,1-Page Postal Dispatch,"Namaskar,

When green leaf trucks move from field divisions to the factory at Kokrajhar Te, what percentage difference are you typically seeing between the field scale and factory weighbridge?

Most independent estates in Kokrajhar tell us they only catch leaf discrepancies and proxy hazira 10 to 14 days later when the fortnightly muster roll reaches the office.

Are you able to see your daily leaf reconciliation and worker count on your phone before the evening shift, or is your team still compiling it on paper?"
Assam,DALOABARI TEA ESTATE,Organized Estate,No,DALOABARI TEA ESTATE,Kokrajhar,Organized Plantation,,,,No,,Kokrajhar,"Kokrajhar, Assam",Uncertain / Backlog,Tier 3,2,No email listed (paper-dominant),Low signal density,1-Page Postal Letter,1-Page Postal Dispatch,"Namaskar,

When green leaf trucks move from field divisions to the factory at Daloabari Tea Estate, what percentage difference are you typically seeing between the field scale and factory weighbridge?

Most independent estates in Kokrajhar tell us they only catch leaf discrepancies and proxy hazira 10 to 14 days later when the fortnightly muster roll reaches the office.

Are you able to see your daily leaf reconciliation and worker count on your phone before the evening shift, or is your team still compiling it on paper?"
Assam,BANGLABARI TEA ESTATE,Organized Estate,No,BANGLABARI TEA ESTATE,Kokrajhar,Organized Plantation,,,,No,,Kokrajhar,"Kokrajhar, Assam",Uncertain / Backlog,Tier 3,2,No email listed (paper-dominant),Low signal density,1-Page Postal Letter,1-Page Postal Dispatch,"Namaskar,

When green leaf trucks move from field divisions to the factory at Banglabari Tea Estate, what percentage difference are you typically seeing between the field scale and factory weighbridge?

Most independent estates in Kokrajhar tell us they only catch leaf discrepancies and proxy hazira 10 to 14 days later when the fortnightly muster roll reaches the office.

Are you able to see your daily leaf reconciliation and worker count on your phone before the evening shift, or is your team still compiling it on paper?"
Assam,MORNAI TEA ESTATE,Organized Estate,No,MORNAI TEA ESTATE,Kokrajhar,Organized Plantation,,,,No,,Kokrajhar,"Kokrajhar, Assam",Uncertain / Backlog,Tier 3,2,No email listed (paper-dominant),Low signal density,1-Page Postal Letter,1-Page Postal Dispatch,"Namaskar,

When green leaf trucks move from field divisions to the factory at Mornai Tea Estate, what percentage difference are you typically seeing between the field scale and factory weighbridge?

Most independent estates in Kokrajhar tell us they only catch leaf discrepancies and proxy hazira 10 to 14 days later when the fortnightly muster roll reaches the office.

Are you able to see your daily leaf reconciliation and worker count on your phone before the evening shift, or is your team still compiling it on paper?"
Assam,HARMUTTY TEA ESTATE,Organized Estate,No,HARMUTTY TEA ESTATE,Lakhimpur,Organized Plantation,,,,No,,Lakhimpur,"Lakhimpur, Assam",Uncertain / Backlog,Tier 3,2,No email listed (paper-dominant),Low signal density,1-Page Postal Letter,1-Page Postal Dispatch,"Namaskar,

When green leaf trucks move from field divisions to the factory at Harmutty Tea Estate, what percentage difference are you typically seeing between the field scale and factory weighbridge?

Most independent estates in Lakhimpur tell us they only catch leaf discrepancies and proxy hazira 10 to 14 days later when the fortnightly muster roll reaches the office.

Are you able to see your daily leaf reconciliation and worker count on your phone before the evening shift, or is your team still compiling it on paper?"
Assam,DOOLAHAT TEA ESTATE,Organized Estate,No,DOOLAHAT TEA ESTATE,Lakhimpur,Organized Plantation,,,,No,,Lakhimpur,"Lakhimpur, Assam",Disqualified,Disqualified,2,No email listed (paper-dominant),Current GardenSuite client (DOOLAHAT),1-Page Postal Letter,1-Page Postal Dispatch,"Namaskar,

When green leaf trucks move from field divisions to the factory at Doolahat Tea Estate, what percentage difference are you typically seeing between the field scale and factory weighbridge?

Most independent estates in Lakhimpur tell us they only catch leaf discrepancies and proxy hazira 10 to 14 days later when the fortnightly muster roll reaches the office.

Are you able to see your daily leaf reconciliation and worker count on your phone before the evening shift, or is your team still compiling it on paper?"
Assam,SILONIBARI TEA ESTATE,Organized Estate,No,SILONIBARI TEA ESTATE,Lakhimpur,Organized Plantation,,,,No,,Lakhimpur,"Lakhimpur, Assam",Uncertain / Backlog,Tier 3,2,No email listed (paper-dominant),Low signal density,1-Page Postal Letter,1-Page Postal Dispatch,"Namaskar,

When green leaf trucks move from field divisions to the factory at Silonibari Tea Estate, what percentage difference are you typically seeing between the field scale and factory weighbridge?

Most independent estates in Lakhimpur tell us they only catch leaf discrepancies and proxy hazira 10 to 14 days later when the fortnightly muster roll reaches the office.

Are you able to see your daily leaf reconciliation and worker count on your phone before the evening shift, or is your team still compiling it on paper?"
Assam,SEAJULI,Organized Estate,No,SEAJULI,Lakhimpur,Organized Plantation,,,,No,,Lakhimpur,"Lakhimpur, Assam",Uncertain / Backlog,Tier 3,2,No email listed (paper-dominant),Low signal density,1-Page Postal Letter,1-Page Postal Dispatch,"Namaskar,

When green leaf trucks move from field divisions to the factory at Seajuli, what percentage difference are you typically seeing between the field scale and factory weighbridge?

Most independent estates in Lakhimpur tell us they only catch leaf discrepancies and proxy hazira 10 to 14 days later when the fortnightly muster roll reaches the office.

Are you able to see your daily leaf reconciliation and worker count on your phone before the evening shift, or is your team still compiling it on paper?"
Assam,ANANDA TEA ESTATE,Organized Estate,No,ANANDA TEA ESTATE,Lakhimpur,Organized Plantation,,,,No,,Lakhimpur,"Lakhimpur, Assam",Uncertain / Backlog,Tier 3,2,No email listed (paper-dominant),Low signal density,1-Page Postal Letter,1-Page Postal Dispatch,"Namaskar,

When green leaf trucks move from field divisions to the factory at Ananda Tea Estate, what percentage difference are you typically seeing between the field scale and factory weighbridge?

Most independent estates in Lakhimpur tell us they only catch leaf discrepancies and proxy hazira 10 to 14 days later when the fortnightly muster roll reaches the office.

Are you able to see your daily leaf reconciliation and worker count on your phone before the evening shift, or is your team still compiling it on paper?"
Assam,CINNATOLLIAH TEA GARDEN,Organized Estate,No,CINNATOLLIAH TEA GARDEN,Lakhimpur,Organized Plantation,,,,No,,Lakhimpur,"Lakhimpur, Assam",Uncertain / Backlog,Tier 3,2,No email listed (paper-dominant),Low signal density,1-Page Postal Letter,1-Page Postal Dispatch,"Namaskar,

When green leaf trucks move from field divisions to the factory at Cinnatolliah Tea Garden, what percentage difference are you typically seeing between the field scale and factory weighbridge?

Most independent estates in Lakhimpur tell us they only catch leaf discrepancies and proxy hazira 10 to 14 days later when the fortnightly muster roll reaches the office.

Are you able to see your daily leaf reconciliation and worker count on your phone before the evening shift, or is your team still compiling it on paper?"
Assam,DEJOO TEA ESTATE,Organized Estate,No,DEJOO TEA ESTATE,Lakhimpur,Organized Plantation,,,,No,,Lakhimpur,"Lakhimpur, Assam",Uncertain / Backlog,Tier 3,2,No email listed (paper-dominant),Low signal density,1-Page Postal Letter,1-Page Postal Dispatch,"Namaskar,

When green leaf trucks move from field divisions to the factory at Dejoo Tea Estate, what percentage difference are you typically seeing between the field scale and factory weighbridge?

Most independent estates in Lakhimpur tell us they only catch leaf discrepancies and proxy hazira 10 to 14 days later when the fortnightly muster roll reaches the office.

Are you able to see your daily leaf reconciliation and worker count on your phone before the evening shift, or is your team still compiling it on paper?"
Assam,BORDEOBAM TEA ESTATE,Organized Estate,No,BORDEOBAM TEA ESTATE,Lakhimpur,Organized Plantation,,,,No,,Lakhimpur,"Lakhimpur, Assam",Uncertain / Backlog,Tier 3,2,No email listed (paper-dominant),Low signal density,1-Page Postal Letter,1-Page Postal Dispatch,"Namaskar,

When green leaf trucks move from field divisions to the factory at Bordeobam Tea Estate, what percentage difference are you typically seeing between the field scale and factory weighbridge?

Most independent estates in Lakhimpur tell us they only catch leaf discrepancies and proxy hazira 10 to 14 days later when the fortnightly muster roll reaches the office.

Are you able to see your daily leaf reconciliation and worker count on your phone before the evening shift, or is your team still compiling it on paper?"
Assam,KOILAMARI TEA ESTATE,Organized Estate,No,KOILAMARI TEA ESTATE,Lakhimpur,Organized Plantation,,,,No,,Lakhimpur,"Lakhimpur, Assam",Uncertain / Backlog,Tier 3,2,No email listed (paper-dominant),Low signal density,1-Page Postal Letter,1-Page Postal Dispatch,"Namaskar,

When green leaf trucks move from field divisions to the factory at Koilamari Tea Estate, what percentage difference are you typically seeing between the field scale and factory weighbridge?

Most independent estates in Lakhimpur tell us they only catch leaf discrepancies and proxy hazira 10 to 14 days later when the fortnightly muster roll reaches the office.

Are you able to see your daily leaf reconciliation and worker count on your phone before the evening shift, or is your team still compiling it on paper?"
Assam,MADHUPUR,Organized Estate,No,MADHUPUR,Lakhimpur,Organized Plantation,,,,No,,Lakhimpur,"Lakhimpur, Assam",Uncertain / Backlog,Tier 3,2,No email listed (paper-dominant),Low signal density,1-Page Postal Letter,1-Page Postal Dispatch,"Namaskar,

When green leaf trucks move from field divisions to the factory at Madhupur, what percentage difference are you typically seeing between the field scale and factory weighbridge?

Most independent estates in Lakhimpur tell us they only catch leaf discrepancies and proxy hazira 10 to 14 days later when the fortnightly muster roll reaches the office.

Are you able to see your daily leaf reconciliation and worker count on your phone before the evening shift, or is your team still compiling it on paper?"
Assam,GOPAL KRISHNA TEA ESTATE,Organized Estate,No,GOPAL KRISHNA TEA ESTATE,Morigaon,Organized Plantation,,,,No,,Morigaon,"Morigaon, Assam",Uncertain / Backlog,Tier 3,2,No email listed (paper-dominant),Low signal density,1-Page Postal Letter,1-Page Postal Dispatch,"Namaskar,

When green leaf trucks move from field divisions to the factory at Gopal Krishna Tea Estate, what percentage difference are you typically seeing between the field scale and factory weighbridge?

Most independent estates in Morigaon tell us they only catch leaf discrepancies and proxy hazira 10 to 14 days later when the fortnightly muster roll reaches the office.

Are you able to see your daily leaf reconciliation and worker count on your phone before the evening shift, or is your team still compiling it on paper?"
Assam,DHONTOLA,Organized Estate,No,DHONTOLA,Nagaon,Organized Plantation,,,,No,,Nagaon,"Nagaon, Assam",Uncertain / Backlog,Tier 3,2,No email listed (paper-dominant),Low signal density,1-Page Postal Letter,1-Page Postal Dispatch,"Namaskar,

When green leaf trucks move from field divisions to the factory at Dhontola, what percentage difference are you typically seeing between the field scale and factory weighbridge?

Most independent estates in Nagaon tell us they only catch leaf discrepancies and proxy hazira 10 to 14 days later when the fortnightly muster roll reaches the office.

Are you able to see your daily leaf reconciliation and worker count on your phone before the evening shift, or is your team still compiling it on paper?"
Assam,JIAJURI,Organized Estate,No,JIAJURI,Nagaon,Organized Plantation,,,,No,,Nagaon,"Nagaon, Assam",Uncertain / Backlog,Tier 3,2,No email listed (paper-dominant),Low signal density,1-Page Postal Letter,1-Page Postal Dispatch,"Namaskar,

When green leaf trucks move from field divisions to the factory at Jiajuri, what percentage difference are you typically seeing between the field scale and factory weighbridge?

Most independent estates in Nagaon tell us they only catch leaf discrepancies and proxy hazira 10 to 14 days later when the fortnightly muster roll reaches the office.

Are you able to see your daily leaf reconciliation and worker count on your phone before the evening shift, or is your team still compiling it on paper?"
Assam,SECONEE,Organized Estate,No,SECONEE,Nagaon,Organized Plantation,,,,No,,Nagaon,"Nagaon, Assam",Uncertain / Backlog,Tier 3,2,No email listed (paper-dominant),Low signal density,1-Page Postal Letter,1-Page Postal Dispatch,"Namaskar,

When green leaf trucks move from field divisions to the factory at Seconee, what percentage difference are you typically seeing between the field scale and factory weighbridge?

Most independent estates in Nagaon tell us they only catch leaf discrepancies and proxy hazira 10 to 14 days later when the fortnightly muster roll reaches the office.

Are you able to see your daily leaf reconciliation and worker count on your phone before the evening shift, or is your team still compiling it on paper?"
Assam,SAGMOOTEA TEA ESTATE,Organized Estate,No,SAGMOOTEA TEA ESTATE,Nagaon,Organized Plantation,,,,No,,Nagaon,"Nagaon, Assam",Uncertain / Backlog,Tier 3,2,No email listed (paper-dominant),Low signal density,1-Page Postal Letter,1-Page Postal Dispatch,"Namaskar,

When green leaf trucks move from field divisions to the factory at Sagmootea Tea Estate, what percentage difference are you typically seeing between the field scale and factory weighbridge?

Most independent estates in Nagaon tell us they only catch leaf discrepancies and proxy hazira 10 to 14 days later when the fortnightly muster roll reaches the office.

Are you able to see your daily leaf reconciliation and worker count on your phone before the evening shift, or is your team still compiling it on paper?"
Assam,NONOI TEA ESTATE,Organized Estate,No,Amalgamated Plantations Private Limited (Tata),Nagaon,Organized Plantation,,,,No,,Guwahati,"1st Floor, GS Road, Christian Basti, Guwahati, Assam 781005",Disqualified,Disqualified,3,No email listed (paper-dominant) | Guwahati HQ,Conglomerate keyword match (AMALGAMATED PLANTATIONS),1-Page Postal Letter,1-Page Postal Dispatch,"Namaskar,

When green leaf trucks move from field divisions to the factory at Nonoi Tea Estate, what percentage difference are you typically seeing between the field scale and factory weighbridge?

Most independent estates in Nagaon tell us they only catch leaf discrepancies and proxy hazira 10 to 14 days later when the fortnightly muster roll reaches the office.

Are you able to see your daily leaf reconciliation and worker count on your phone before the evening shift, or is your team still compiling it on paper?"
Assam,RANGOLOO TE,Organized Estate,No,RANGOLOO TE,Nagaon,Organized Plantation,,,,No,,Nagaon,"Nagaon, Assam",Uncertain / Backlog,Tier 3,2,No email listed (paper-dominant),Low signal density,1-Page Postal Letter,1-Page Postal Dispatch,"Namaskar,

When green leaf trucks move from field divisions to the factory at Rangoloo Te, what percentage difference are you typically seeing between the field scale and factory weighbridge?

Most independent estates in Nagaon tell us they only catch leaf discrepancies and proxy hazira 10 to 14 days later when the fortnightly muster roll reaches the office.

Are you able to see your daily leaf reconciliation and worker count on your phone before the evening shift, or is your team still compiling it on paper?"
Assam,MATIAPAHAR,Organized Estate,No,MATIAPAHAR,Nagaon,Organized Plantation,,,,No,,Nagaon,"Nagaon, Assam",Uncertain / Backlog,Tier 3,2,No email listed (paper-dominant),Low signal density,1-Page Postal Letter,1-Page Postal Dispatch,"Namaskar,

When green leaf trucks move from field divisions to the factory at Matiapahar, what percentage difference are you typically seeing between the field scale and factory weighbridge?

Most independent estates in Nagaon tell us they only catch leaf discrepancies and proxy hazira 10 to 14 days later when the fortnightly muster roll reaches the office.

Are you able to see your daily leaf reconciliation and worker count on your phone before the evening shift, or is your team still compiling it on paper?"
Assam,KONDOLI,Organized Estate,No,Assam Company India Limited (BRS Group),Nagaon,Organized Plantation,,,,No,,Guwahati,"Greenwood Tea Estate, Dibrugarh / GS Road Guwahati",Disqualified,Disqualified,3,No email listed (paper-dominant) | Guwahati HQ,Conglomerate keyword match (ASSAM COMPANY),1-Page Postal Letter,1-Page Postal Dispatch,"Namaskar,

When green leaf trucks move from field divisions to the factory at Kondoli, what percentage difference are you typically seeing between the field scale and factory weighbridge?

Most independent estates in Nagaon tell us they only catch leaf discrepancies and proxy hazira 10 to 14 days later when the fortnightly muster roll reaches the office.

Are you able to see your daily leaf reconciliation and worker count on your phone before the evening shift, or is your team still compiling it on paper?"
Assam,KOLIABUR TEA ESTATE,Organized Estate,No,KOLIABUR TEA ESTATE,Nagaon,Organized Plantation,,,,No,,Nagaon,"Nagaon, Assam",Uncertain / Backlog,Tier 3,2,No email listed (paper-dominant),Low signal density,1-Page Postal Letter,1-Page Postal Dispatch,"Namaskar,

When green leaf trucks move from field divisions to the factory at Koliabur Tea Estate, what percentage difference are you typically seeing between the field scale and factory weighbridge?

Most independent estates in Nagaon tell us they only catch leaf discrepancies and proxy hazira 10 to 14 days later when the fortnightly muster roll reaches the office.

Are you able to see your daily leaf reconciliation and worker count on your phone before the evening shift, or is your team still compiling it on paper?"
Assam,LOONGSOONG TE,Organized Estate,No,LOONGSOONG TE,Nagaon,Organized Plantation,,,,No,,Nagaon,"Nagaon, Assam",Uncertain / Backlog,Tier 3,2,No email listed (paper-dominant),Low signal density,1-Page Postal Letter,1-Page Postal Dispatch,"Namaskar,

When green leaf trucks move from field divisions to the factory at Loongsoong Te, what percentage difference are you typically seeing between the field scale and factory weighbridge?

Most independent estates in Nagaon tell us they only catch leaf discrepancies and proxy hazira 10 to 14 days later when the fortnightly muster roll reaches the office.

Are you able to see your daily leaf reconciliation and worker count on your phone before the evening shift, or is your team still compiling it on paper?"
Assam,KELLYDEN TEA ESTATE,Organized Estate,No,Amalgamated Plantations Private Limited (Tata),Nagaon,Organized Plantation,,,,No,,Guwahati,"1st Floor, GS Road, Christian Basti, Guwahati, Assam 781005",Disqualified,Disqualified,3,No email listed (paper-dominant) | Guwahati HQ,Conglomerate keyword match (AMALGAMATED PLANTATIONS),1-Page Postal Letter,1-Page Postal Dispatch,"Namaskar,

When green leaf trucks move from field divisions to the factory at Kellyden Tea Estate, what percentage difference are you typically seeing between the field scale and factory weighbridge?

Most independent estates in Nagaon tell us they only catch leaf discrepancies and proxy hazira 10 to 14 days later when the fortnightly muster roll reaches the office.

Are you able to see your daily leaf reconciliation and worker count on your phone before the evening shift, or is your team still compiling it on paper?"
Assam,KHANAJAN TEA ESTATE,Organized Estate,No,KHANAJAN TEA ESTATE,Nagaon,Organized Plantation,,,,No,,Nagaon,"Nagaon, Assam",Uncertain / Backlog,Tier 3,2,No email listed (paper-dominant),Low signal density,1-Page Postal Letter,1-Page Postal Dispatch,"Namaskar,

When green leaf trucks move from field divisions to the factory at Khanajan Tea Estate, what percentage difference are you typically seeing between the field scale and factory weighbridge?

Most independent estates in Nagaon tell us they only catch leaf discrepancies and proxy hazira 10 to 14 days later when the fortnightly muster roll reaches the office.

Are you able to see your daily leaf reconciliation and worker count on your phone before the evening shift, or is your team still compiling it on paper?"
Assam,KHATOON TE,Organized Estate,No,KHATOON TE,Nagaon,Organized Plantation,,,,No,,Nagaon,"Nagaon, Assam",Uncertain / Backlog,Tier 3,2,No email listed (paper-dominant),Low signal density,1-Page Postal Letter,1-Page Postal Dispatch,"Namaskar,

When green leaf trucks move from field divisions to the factory at Khatoon Te, what percentage difference are you typically seeing between the field scale and factory weighbridge?

Most independent estates in Nagaon tell us they only catch leaf discrepancies and proxy hazira 10 to 14 days later when the fortnightly muster roll reaches the office.

Are you able to see your daily leaf reconciliation and worker count on your phone before the evening shift, or is your team still compiling it on paper?"
Assam,BORPANI,Organized Estate,No,BORPANI,Nagaon,Organized Plantation,,,,No,,Nagaon,"Nagaon, Assam",Uncertain / Backlog,Tier 3,2,No email listed (paper-dominant),Low signal density,1-Page Postal Letter,1-Page Postal Dispatch,"Namaskar,

When green leaf trucks move from field divisions to the factory at Borpani, what percentage difference are you typically seeing between the field scale and factory weighbridge?

Most independent estates in Nagaon tell us they only catch leaf discrepancies and proxy hazira 10 to 14 days later when the fortnightly muster roll reaches the office.

Are you able to see your daily leaf reconciliation and worker count on your phone before the evening shift, or is your team still compiling it on paper?"
Assam,BURRAPAHAR,Organized Estate,No,BURRAPAHAR,Nagaon,Organized Plantation,,,,No,,Nagaon,"Nagaon, Assam",Uncertain / Backlog,Tier 3,2,No email listed (paper-dominant),Low signal density,1-Page Postal Letter,1-Page Postal Dispatch,"Namaskar,

When green leaf trucks move from field divisions to the factory at Burrapahar, what percentage difference are you typically seeing between the field scale and factory weighbridge?

Most independent estates in Nagaon tell us they only catch leaf discrepancies and proxy hazira 10 to 14 days later when the fortnightly muster roll reaches the office.

Are you able to see your daily leaf reconciliation and worker count on your phone before the evening shift, or is your team still compiling it on paper?"
Assam,DEJOO VALLEY T.E,Organized Estate,No,DEJOO VALLEY T.E,Nagaon,Organized Plantation,,,,No,,Nagaon,"Nagaon, Assam",Uncertain / Backlog,Tier 3,2,No email listed (paper-dominant),Low signal density,1-Page Postal Letter,1-Page Postal Dispatch,"Namaskar,

When green leaf trucks move from field divisions to the factory at Dejoo Valley T.E, what percentage difference are you typically seeing between the field scale and factory weighbridge?

Most independent estates in Nagaon tell us they only catch leaf discrepancies and proxy hazira 10 to 14 days later when the fortnightly muster roll reaches the office.

Are you able to see your daily leaf reconciliation and worker count on your phone before the evening shift, or is your team still compiling it on paper?"
Assam,CHAPANALA TEA ESTATE,Organized Estate,No,CHAPANALA TEA ESTATE,Nagaon,Organized Plantation,,,,No,,Nagaon,"Nagaon, Assam",Uncertain / Backlog,Tier 3,2,No email listed (paper-dominant),Low signal density,1-Page Postal Letter,1-Page Postal Dispatch,"Namaskar,

When green leaf trucks move from field divisions to the factory at Chapanala Tea Estate, what percentage difference are you typically seeing between the field scale and factory weighbridge?

Most independent estates in Nagaon tell us they only catch leaf discrepancies and proxy hazira 10 to 14 days later when the fortnightly muster roll reaches the office.

Are you able to see your daily leaf reconciliation and worker count on your phone before the evening shift, or is your team still compiling it on paper?"
Assam,AMSOI TEA ESTATE,Organized Estate,No,AMSOI TEA ESTATE,Nagaon,Organized Plantation,,,,No,,Nagaon,"Nagaon, Assam",Uncertain / Backlog,Tier 3,2,No email listed (paper-dominant),Low signal density,1-Page Postal Letter,1-Page Postal Dispatch,"Namaskar,

When green leaf trucks move from field divisions to the factory at Amsoi Tea Estate, what percentage difference are you typically seeing between the field scale and factory weighbridge?

Most independent estates in Nagaon tell us they only catch leaf discrepancies and proxy hazira 10 to 14 days later when the fortnightly muster roll reaches the office.

Are you able to see your daily leaf reconciliation and worker count on your phone before the evening shift, or is your team still compiling it on paper?"
Assam,AMLUCKIE TEA ESTATE,Organized Estate,No,AMLUCKIE TEA ESTATE,Nagaon,Organized Plantation,,,,No,,Nagaon,"Nagaon, Assam",Uncertain / Backlog,Tier 3,2,No email listed (paper-dominant),Low signal density,1-Page Postal Letter,1-Page Postal Dispatch,"Namaskar,

When green leaf trucks move from field divisions to the factory at Amluckie Tea Estate, what percentage difference are you typically seeing between the field scale and factory weighbridge?

Most independent estates in Nagaon tell us they only catch leaf discrepancies and proxy hazira 10 to 14 days later when the fortnightly muster roll reaches the office.

Are you able to see your daily leaf reconciliation and worker count on your phone before the evening shift, or is your team still compiling it on paper?"
Assam,SUKANJURI TEA ESTATE,Organized Estate,No,SUKANJURI TEA ESTATE,Nagaon,Organized Plantation,,,,No,,Nagaon,"Nagaon, Assam",Uncertain / Backlog,Tier 3,2,No email listed (paper-dominant),Low signal density,1-Page Postal Letter,1-Page Postal Dispatch,"Namaskar,

When green leaf trucks move from field divisions to the factory at Sukanjuri Tea Estate, what percentage difference are you typically seeing between the field scale and factory weighbridge?

Most independent estates in Nagaon tell us they only catch leaf discrepancies and proxy hazira 10 to 14 days later when the fortnightly muster roll reaches the office.

Are you able to see your daily leaf reconciliation and worker count on your phone before the evening shift, or is your team still compiling it on paper?"
Assam,PATHALIPAM TEA ESTATE,Organized Estate,No,PATHALIPAM TEA ESTATE,Lakhimpur,Organized Plantation,,,,No,,Lakhimpur,"Lakhimpur, Assam",Uncertain / Backlog,Tier 3,2,No email listed (paper-dominant),Low signal density,1-Page Postal Letter,1-Page Postal Dispatch,"Namaskar,

When green leaf trucks move from field divisions to the factory at Pathalipam Tea Estate, what percentage difference are you typically seeing between the field scale and factory weighbridge?

Most independent estates in Lakhimpur tell us they only catch leaf discrepancies and proxy hazira 10 to 14 days later when the fortnightly muster roll reaches the office.

Are you able to see your daily leaf reconciliation and worker count on your phone before the evening shift, or is your team still compiling it on paper?"
Assam,NYEIJONG TE,Organized Estate,No,NYEIJONG TE,Sivasagar,Organized Plantation,,,,No,,Sivasagar,"Sivasagar, Assam",Uncertain / Backlog,Tier 3,2,No email listed (paper-dominant),Low signal density,1-Page Postal Letter,1-Page Postal Dispatch,"Namaskar,

When green leaf trucks move from field divisions to the factory at Nyeijong Te, what percentage difference are you typically seeing between the field scale and factory weighbridge?

Most independent estates in Sivasagar tell us they only catch leaf discrepancies and proxy hazira 10 to 14 days later when the fortnightly muster roll reaches the office.

Are you able to see your daily leaf reconciliation and worker count on your phone before the evening shift, or is your team still compiling it on paper?"
Assam,RAJA BARRIE TEA ESTATE,Organized Estate,No,RAJA BARRIE TEA ESTATE,Sivasagar,Organized Plantation,,,,No,,Sivasagar,"Sivasagar, Assam",Uncertain / Backlog,Tier 3,2,No email listed (paper-dominant),Low signal density,1-Page Postal Letter,1-Page Postal Dispatch,"Namaskar,

When green leaf trucks move from field divisions to the factory at Raja Barrie Tea Estate, what percentage difference are you typically seeing between the field scale and factory weighbridge?

Most independent estates in Sivasagar tell us they only catch leaf discrepancies and proxy hazira 10 to 14 days later when the fortnightly muster roll reaches the office.

Are you able to see your daily leaf reconciliation and worker count on your phone before the evening shift, or is your team still compiling it on paper?"
Assam,MOHOKUTIE TEA ESTATE,Organized Estate,No,MOHOKUTIE TEA ESTATE,Sivasagar,Organized Plantation,,,,No,,Sivasagar,"Sivasagar, Assam",Uncertain / Backlog,Tier 3,2,No email listed (paper-dominant),Low signal density,1-Page Postal Letter,1-Page Postal Dispatch,"Namaskar,

When green leaf trucks move from field divisions to the factory at Mohokutie Tea Estate, what percentage difference are you typically seeing between the field scale and factory weighbridge?

Most independent estates in Sivasagar tell us they only catch leaf discrepancies and proxy hazira 10 to 14 days later when the fortnightly muster roll reaches the office.

Are you able to see your daily leaf reconciliation and worker count on your phone before the evening shift, or is your team still compiling it on paper?"
Assam,MODINAGAR TE,Organized Estate,No,MODINAGAR TE,Sivasagar,Organized Plantation,,,,No,,Sivasagar,"Sivasagar, Assam",Uncertain / Backlog,Tier 3,2,No email listed (paper-dominant),Low signal density,1-Page Postal Letter,1-Page Postal Dispatch,"Namaskar,

When green leaf trucks move from field divisions to the factory at Modinagar Te, what percentage difference are you typically seeing between the field scale and factory weighbridge?

Most independent estates in Sivasagar tell us they only catch leaf discrepancies and proxy hazira 10 to 14 days later when the fortnightly muster roll reaches the office.

Are you able to see your daily leaf reconciliation and worker count on your phone before the evening shift, or is your team still compiling it on paper?"
Assam,MORE TEA ESTATE,Organized Estate,No,MORE TEA ESTATE,Sivasagar,Organized Plantation,,,,No,,Sivasagar,"Sivasagar, Assam",Uncertain / Backlog,Tier 3,2,No email listed (paper-dominant),Low signal density,1-Page Postal Letter,1-Page Postal Dispatch,"Namaskar,

When green leaf trucks move from field divisions to the factory at More Tea Estate, what percentage difference are you typically seeing between the field scale and factory weighbridge?

Most independent estates in Sivasagar tell us they only catch leaf discrepancies and proxy hazira 10 to 14 days later when the fortnightly muster roll reaches the office.

Are you able to see your daily leaf reconciliation and worker count on your phone before the evening shift, or is your team still compiling it on paper?"
Assam,DOOMURDULLUNG,Organized Estate,No,DOOMURDULLUNG,Sivasagar,Organized Plantation,,,,No,,Sivasagar,"Sivasagar, Assam",Uncertain / Backlog,Tier 3,2,No email listed (paper-dominant),Low signal density,1-Page Postal Letter,1-Page Postal Dispatch,"Namaskar,

When green leaf trucks move from field divisions to the factory at Doomurdullung, what percentage difference are you typically seeing between the field scale and factory weighbridge?

Most independent estates in Sivasagar tell us they only catch leaf discrepancies and proxy hazira 10 to 14 days later when the fortnightly muster roll reaches the office.

Are you able to see your daily leaf reconciliation and worker count on your phone before the evening shift, or is your team still compiling it on paper?"
Assam,GELAKEY,Organized Estate,No,GELAKEY,Sivasagar,Organized Plantation,,,,No,,Sivasagar,"Sivasagar, Assam",Uncertain / Backlog,Tier 3,2,No email listed (paper-dominant),Low signal density,1-Page Postal Letter,1-Page Postal Dispatch,"Namaskar,

When green leaf trucks move from field divisions to the factory at Gelakey, what percentage difference are you typically seeing between the field scale and factory weighbridge?

Most independent estates in Sivasagar tell us they only catch leaf discrepancies and proxy hazira 10 to 14 days later when the fortnightly muster roll reaches the office.

Are you able to see your daily leaf reconciliation and worker count on your phone before the evening shift, or is your team still compiling it on paper?"
Assam,GOSSAINBARI TEA ESTATE,Organized Estate,No,GOSSAINBARI TEA ESTATE,Sivasagar,Organized Plantation,,,,No,,Sivasagar,"Sivasagar, Assam",Uncertain / Backlog,Tier 3,2,No email listed (paper-dominant),Low signal density,1-Page Postal Letter,1-Page Postal Dispatch,"Namaskar,

When green leaf trucks move from field divisions to the factory at Gossainbari Tea Estate, what percentage difference are you typically seeing between the field scale and factory weighbridge?

Most independent estates in Sivasagar tell us they only catch leaf discrepancies and proxy hazira 10 to 14 days later when the fortnightly muster roll reaches the office.

Are you able to see your daily leaf reconciliation and worker count on your phone before the evening shift, or is your team still compiling it on paper?"
Assam,AMGOORIE F,Organized Estate,No,AMGOORIE F,Sivasagar,Organized Plantation,,,,No,,Sivasagar,"Sivasagar, Assam",Uncertain / Backlog,Tier 3,2,No email listed (paper-dominant),Low signal density,1-Page Postal Letter,1-Page Postal Dispatch,"Namaskar,

When green leaf trucks move from field divisions to the factory at Amgoorie F, what percentage difference are you typically seeing between the field scale and factory weighbridge?

Most independent estates in Sivasagar tell us they only catch leaf discrepancies and proxy hazira 10 to 14 days later when the fortnightly muster roll reaches the office.

Are you able to see your daily leaf reconciliation and worker count on your phone before the evening shift, or is your team still compiling it on paper?"
Assam,ATTABARRIE TEA ESTATE,Organized Estate,No,ATTABARRIE TEA ESTATE,Sivasagar,Organized Plantation,,,,No,,Sivasagar,"Sivasagar, Assam",Uncertain / Backlog,Tier 3,2,No email listed (paper-dominant),Low signal density,1-Page Postal Letter,1-Page Postal Dispatch,"Namaskar,

When green leaf trucks move from field divisions to the factory at Attabarrie Tea Estate, what percentage difference are you typically seeing between the field scale and factory weighbridge?

Most independent estates in Sivasagar tell us they only catch leaf discrepancies and proxy hazira 10 to 14 days later when the fortnightly muster roll reaches the office.

Are you able to see your daily leaf reconciliation and worker count on your phone before the evening shift, or is your team still compiling it on paper?"
Assam,BEHUBOR TEA ESTATE,Organized Estate,No,BEHUBOR TEA ESTATE,Sivasagar,Organized Plantation,,,,No,,Sivasagar,"Sivasagar, Assam",Uncertain / Backlog,Tier 3,2,No email listed (paper-dominant),Low signal density,1-Page Postal Letter,1-Page Postal Dispatch,"Namaskar,

When green leaf trucks move from field divisions to the factory at Behubor Tea Estate, what percentage difference are you typically seeing between the field scale and factory weighbridge?

Most independent estates in Sivasagar tell us they only catch leaf discrepancies and proxy hazira 10 to 14 days later when the fortnightly muster roll reaches the office.

Are you able to see your daily leaf reconciliation and worker count on your phone before the evening shift, or is your team still compiling it on paper?"
Assam,DEOPANI TEA ESTATE,Organized Estate,No,DEOPANI TEA ESTATE,Sivasagar,Organized Plantation,,,,No,,Sivasagar,"Sivasagar, Assam",Uncertain / Backlog,Tier 3,2,No email listed (paper-dominant),Low signal density,1-Page Postal Letter,1-Page Postal Dispatch,"Namaskar,

When green leaf trucks move from field divisions to the factory at Deopani Tea Estate, what percentage difference are you typically seeing between the field scale and factory weighbridge?

Most independent estates in Sivasagar tell us they only catch leaf discrepancies and proxy hazira 10 to 14 days later when the fortnightly muster roll reaches the office.

Are you able to see your daily leaf reconciliation and worker count on your phone before the evening shift, or is your team still compiling it on paper?"
Assam,BORBAM TEA GARDEN F,Organized Estate,No,BORBAM TEA GARDEN F,Sivasagar,Organized Plantation,,,,No,,Sivasagar,"Sivasagar, Assam",Uncertain / Backlog,Tier 3,2,No email listed (paper-dominant),Low signal density,1-Page Postal Letter,1-Page Postal Dispatch,"Namaskar,

When green leaf trucks move from field divisions to the factory at Borbam Tea Garden F, what percentage difference are you typically seeing between the field scale and factory weighbridge?

Most independent estates in Sivasagar tell us they only catch leaf discrepancies and proxy hazira 10 to 14 days later when the fortnightly muster roll reaches the office.

Are you able to see your daily leaf reconciliation and worker count on your phone before the evening shift, or is your team still compiling it on paper?"
Assam,SHREE JOYA CHA BAGAN PVT LTD.,Organized Estate,No,SHREE JOYA CHA BAGAN PVT LTD.,Sivasagar,Organized Plantation,,,,No,,Sivasagar,"Sivasagar, Assam",Uncertain / Backlog,Tier 3,2,No email listed (paper-dominant),Low signal density,1-Page Postal Letter,1-Page Postal Dispatch,"Namaskar,

When green leaf trucks move from field divisions to the factory at Shree Joya Cha Bagan, what percentage difference are you typically seeing between the field scale and factory weighbridge?

Most independent estates in Sivasagar tell us they only catch leaf discrepancies and proxy hazira 10 to 14 days later when the fortnightly muster roll reaches the office.

Are you able to see your daily leaf reconciliation and worker count on your phone before the evening shift, or is your team still compiling it on paper?"
Assam,BIHUBARI TEA ESTATE,Organized Estate,No,BIHUBARI TEA ESTATE,Sivasagar,Organized Plantation,,,,No,,Sivasagar,"Sivasagar, Assam",Uncertain / Backlog,Tier 3,2,No email listed (paper-dominant),Low signal density,1-Page Postal Letter,1-Page Postal Dispatch,"Namaskar,

When green leaf trucks move from field divisions to the factory at Bihubari Tea Estate, what percentage difference are you typically seeing between the field scale and factory weighbridge?

Most independent estates in Sivasagar tell us they only catch leaf discrepancies and proxy hazira 10 to 14 days later when the fortnightly muster roll reaches the office.

Are you able to see your daily leaf reconciliation and worker count on your phone before the evening shift, or is your team still compiling it on paper?"
Assam,MADOORIE,Organized Estate,No,MADOORIE,Sivasagar,Organized Plantation,,,,No,,Sivasagar,"Sivasagar, Assam",Uncertain / Backlog,Tier 3,2,No email listed (paper-dominant),Low signal density,1-Page Postal Letter,1-Page Postal Dispatch,"Namaskar,

When green leaf trucks move from field divisions to the factory at Madoorie, what percentage difference are you typically seeing between the field scale and factory weighbridge?

Most independent estates in Sivasagar tell us they only catch leaf discrepancies and proxy hazira 10 to 14 days later when the fortnightly muster roll reaches the office.

Are you able to see your daily leaf reconciliation and worker count on your phone before the evening shift, or is your team still compiling it on paper?"
Assam,SREE SIBBARI TEA ESTATE,Organized Estate,No,SREE SIBBARI TEA ESTATE,Sivasagar,Organized Plantation,,,,No,,Sivasagar,"Sivasagar, Assam",Uncertain / Backlog,Tier 3,2,No email listed (paper-dominant),Low signal density,1-Page Postal Letter,1-Page Postal Dispatch,"Namaskar,

When green leaf trucks move from field divisions to the factory at Sree Sibbari Tea Estate, what percentage difference are you typically seeing between the field scale and factory weighbridge?

Most independent estates in Sivasagar tell us they only catch leaf discrepancies and proxy hazira 10 to 14 days later when the fortnightly muster roll reaches the office.

Are you able to see your daily leaf reconciliation and worker count on your phone before the evening shift, or is your team still compiling it on paper?"
Assam,THOWRA,Organized Estate,No,THOWRA,Sivasagar,Organized Plantation,,,,No,,Sivasagar,"Sivasagar, Assam",Uncertain / Backlog,Tier 3,2,No email listed (paper-dominant),Low signal density,1-Page Postal Letter,1-Page Postal Dispatch,"Namaskar,

When green leaf trucks move from field divisions to the factory at Thowra, what percentage difference are you typically seeing between the field scale and factory weighbridge?

Most independent estates in Sivasagar tell us they only catch leaf discrepancies and proxy hazira 10 to 14 days later when the fortnightly muster roll reaches the office.

Are you able to see your daily leaf reconciliation and worker count on your phone before the evening shift, or is your team still compiling it on paper?"
Assam,TIOK TEA ESTATE,Organized Estate,No,TIOK TEA ESTATE,Sivasagar,Organized Plantation,,,,No,,Sivasagar,"Sivasagar, Assam",Uncertain / Backlog,Tier 3,2,No email listed (paper-dominant),Low signal density,1-Page Postal Letter,1-Page Postal Dispatch,"Namaskar,

When green leaf trucks move from field divisions to the factory at Tiok Tea Estate, what percentage difference are you typically seeing between the field scale and factory weighbridge?

Most independent estates in Sivasagar tell us they only catch leaf discrepancies and proxy hazira 10 to 14 days later when the fortnightly muster roll reaches the office.

Are you able to see your daily leaf reconciliation and worker count on your phone before the evening shift, or is your team still compiling it on paper?"
Assam,MASKARA TEA ESTATE,Organized Estate,No,MASKARA TEA ESTATE,Sivasagar,Organized Plantation,,,,No,,Sivasagar,"Sivasagar, Assam",Uncertain / Backlog,Tier 3,2,No email listed (paper-dominant),Low signal density,1-Page Postal Letter,1-Page Postal Dispatch,"Namaskar,

When green leaf trucks move from field divisions to the factory at Maskara Tea Estate, what percentage difference are you typically seeing between the field scale and factory weighbridge?

Most independent estates in Sivasagar tell us they only catch leaf discrepancies and proxy hazira 10 to 14 days later when the fortnightly muster roll reaches the office.

Are you able to see your daily leaf reconciliation and worker count on your phone before the evening shift, or is your team still compiling it on paper?"
Assam,MACKEYPORE TEA ESTATE,Organized Estate,No,MACKEYPORE TEA ESTATE,Sivasagar,Organized Plantation,,,,No,,Sivasagar,"Sivasagar, Assam",Uncertain / Backlog,Tier 3,2,No email listed (paper-dominant),Low signal density,1-Page Postal Letter,1-Page Postal Dispatch,"Namaskar,

When green leaf trucks move from field divisions to the factory at Mackeypore Tea Estate, what percentage difference are you typically seeing between the field scale and factory weighbridge?

Most independent estates in Sivasagar tell us they only catch leaf discrepancies and proxy hazira 10 to 14 days later when the fortnightly muster roll reaches the office.

Are you able to see your daily leaf reconciliation and worker count on your phone before the evening shift, or is your team still compiling it on paper?"
Assam,KRISHNABEHARI TEA ESTATE,Organized Estate,No,KRISHNABEHARI TEA ESTATE,Sivasagar,Organized Plantation,,,,No,,Sivasagar,"Sivasagar, Assam",Uncertain / Backlog,Tier 3,2,No email listed (paper-dominant),Low signal density,1-Page Postal Letter,1-Page Postal Dispatch,"Namaskar,

When green leaf trucks move from field divisions to the factory at Krishnabehari Tea Estate, what percentage difference are you typically seeing between the field scale and factory weighbridge?

Most independent estates in Sivasagar tell us they only catch leaf discrepancies and proxy hazira 10 to 14 days later when the fortnightly muster roll reaches the office.

Are you able to see your daily leaf reconciliation and worker count on your phone before the evening shift, or is your team still compiling it on paper?"
Assam,BORAHI TE,Organized Estate,No,BORAHI TE,Sivasagar,Organized Plantation,,,,No,,Sivasagar,"Sivasagar, Assam",Uncertain / Backlog,Tier 3,2,No email listed (paper-dominant),Low signal density,1-Page Postal Letter,1-Page Postal Dispatch,"Namaskar,

When green leaf trucks move from field divisions to the factory at Borahi Te, what percentage difference are you typically seeing between the field scale and factory weighbridge?

Most independent estates in Sivasagar tell us they only catch leaf discrepancies and proxy hazira 10 to 14 days later when the fortnightly muster roll reaches the office.

Are you able to see your daily leaf reconciliation and worker count on your phone before the evening shift, or is your team still compiling it on paper?"
Assam,BANAMALIE,Organized Estate,No,BANAMALIE,Sivasagar,Organized Plantation,,,,No,,Sivasagar,"Sivasagar, Assam",Uncertain / Backlog,Tier 3,2,No email listed (paper-dominant),Low signal density,1-Page Postal Letter,1-Page Postal Dispatch,"Namaskar,

When green leaf trucks move from field divisions to the factory at Banamalie, what percentage difference are you typically seeing between the field scale and factory weighbridge?

Most independent estates in Sivasagar tell us they only catch leaf discrepancies and proxy hazira 10 to 14 days later when the fortnightly muster roll reaches the office.

Are you able to see your daily leaf reconciliation and worker count on your phone before the evening shift, or is your team still compiling it on paper?"
Assam,ATALPUKHRI,Organized Estate,No,ATALPUKHRI,Sivasagar,Organized Plantation,,,,No,,Sivasagar,"Sivasagar, Assam",Disqualified,Disqualified,2,No email listed (paper-dominant),Current GardenSuite client (ATAL),1-Page Postal Letter,1-Page Postal Dispatch,"Namaskar,

When green leaf trucks move from field divisions to the factory at Atalpukhri, what percentage difference are you typically seeing between the field scale and factory weighbridge?

Most independent estates in Sivasagar tell us they only catch leaf discrepancies and proxy hazira 10 to 14 days later when the fortnightly muster roll reaches the office.

Are you able to see your daily leaf reconciliation and worker count on your phone before the evening shift, or is your team still compiling it on paper?"
Assam,HANUMANBAG TE,Organized Estate,No,HANUMANBAG TE,Sivasagar,Organized Plantation,,,,No,,Sivasagar,"Sivasagar, Assam",Uncertain / Backlog,Tier 3,2,No email listed (paper-dominant),Low signal density,1-Page Postal Letter,1-Page Postal Dispatch,"Namaskar,

When green leaf trucks move from field divisions to the factory at Hanumanbag Te, what percentage difference are you typically seeing between the field scale and factory weighbridge?

Most independent estates in Sivasagar tell us they only catch leaf discrepancies and proxy hazira 10 to 14 days later when the fortnightly muster roll reaches the office.

Are you able to see your daily leaf reconciliation and worker count on your phone before the evening shift, or is your team still compiling it on paper?"
Assam,RAJMAI TEA ESTATE,Organized Estate,No,RAJMAI TEA ESTATE,Sivasagar,Organized Plantation,,,,No,,Sivasagar,"Sivasagar, Assam",Uncertain / Backlog,Tier 3,2,No email listed (paper-dominant),Low signal density,1-Page Postal Letter,1-Page Postal Dispatch,"Namaskar,

When green leaf trucks move from field divisions to the factory at Rajmai Tea Estate, what percentage difference are you typically seeing between the field scale and factory weighbridge?

Most independent estates in Sivasagar tell us they only catch leaf discrepancies and proxy hazira 10 to 14 days later when the fortnightly muster roll reaches the office.

Are you able to see your daily leaf reconciliation and worker count on your phone before the evening shift, or is your team still compiling it on paper?"
Assam,RUPAJULI T.E.,Organized Estate,No,RUPAJULI T.E.,Sonitpur,Organized Plantation,,,,No,,Sonitpur,"Sonitpur, Assam",Uncertain / Backlog,Tier 3,2,No email listed (paper-dominant),Low signal density,1-Page Postal Letter,1-Page Postal Dispatch,"Namaskar,

When green leaf trucks move from field divisions to the factory at Rupajuli T.E., what percentage difference are you typically seeing between the field scale and factory weighbridge?

Most independent estates in Sonitpur tell us they only catch leaf discrepancies and proxy hazira 10 to 14 days later when the fortnightly muster roll reaches the office.

Are you able to see your daily leaf reconciliation and worker count on your phone before the evening shift, or is your team still compiling it on paper?"
Assam,NOORBARI T.E,Organized Estate,No,NOORBARI T.E,Sonitpur,Organized Plantation,,,,No,,Sonitpur,"Sonitpur, Assam",Uncertain / Backlog,Tier 3,2,No email listed (paper-dominant),Low signal density,1-Page Postal Letter,1-Page Postal Dispatch,"Namaskar,

When green leaf trucks move from field divisions to the factory at Noorbari T.E, what percentage difference are you typically seeing between the field scale and factory weighbridge?

Most independent estates in Sonitpur tell us they only catch leaf discrepancies and proxy hazira 10 to 14 days later when the fortnightly muster roll reaches the office.

Are you able to see your daily leaf reconciliation and worker count on your phone before the evening shift, or is your team still compiling it on paper?"
Assam,PANBARI,Organized Estate,No,PANBARI,Sonitpur,Organized Plantation,,,,No,,Sonitpur,"Sonitpur, Assam",Uncertain / Backlog,Tier 3,2,No email listed (paper-dominant),Low signal density,1-Page Postal Letter,1-Page Postal Dispatch,"Namaskar,

When green leaf trucks move from field divisions to the factory at Panbari, what percentage difference are you typically seeing between the field scale and factory weighbridge?

Most independent estates in Sonitpur tell us they only catch leaf discrepancies and proxy hazira 10 to 14 days later when the fortnightly muster roll reaches the office.

Are you able to see your daily leaf reconciliation and worker count on your phone before the evening shift, or is your team still compiling it on paper?"
Assam,PABHOI,Organized Estate,No,PABHOI,Sonitpur,Organized Plantation,,,,No,,Sonitpur,"Sonitpur, Assam",Uncertain / Backlog,Tier 3,2,No email listed (paper-dominant),Low signal density,1-Page Postal Letter,1-Page Postal Dispatch,"Namaskar,

When green leaf trucks move from field divisions to the factory at Pabhoi, what percentage difference are you typically seeing between the field scale and factory weighbridge?

Most independent estates in Sonitpur tell us they only catch leaf discrepancies and proxy hazira 10 to 14 days later when the fortnightly muster roll reaches the office.

Are you able to see your daily leaf reconciliation and worker count on your phone before the evening shift, or is your team still compiling it on paper?"
Assam,PHULBARI D,Organized Estate,No,PHULBARI D,Sonitpur,Organized Plantation,,,,No,,Sonitpur,"Sonitpur, Assam",Uncertain / Backlog,Tier 3,2,No email listed (paper-dominant),Low signal density,1-Page Postal Letter,1-Page Postal Dispatch,"Namaskar,

When green leaf trucks move from field divisions to the factory at Phulbari D, what percentage difference are you typically seeing between the field scale and factory weighbridge?

Most independent estates in Sonitpur tell us they only catch leaf discrepancies and proxy hazira 10 to 14 days later when the fortnightly muster roll reaches the office.

Are you able to see your daily leaf reconciliation and worker count on your phone before the evening shift, or is your team still compiling it on paper?"
Assam,SAPOI,Organized Estate,No,SAPOI,Sonitpur,Organized Plantation,,,,No,,Sonitpur,"Sonitpur, Assam",Uncertain / Backlog,Tier 3,2,No email listed (paper-dominant),Low signal density,1-Page Postal Letter,1-Page Postal Dispatch,"Namaskar,

When green leaf trucks move from field divisions to the factory at Sapoi, what percentage difference are you typically seeing between the field scale and factory weighbridge?

Most independent estates in Sonitpur tell us they only catch leaf discrepancies and proxy hazira 10 to 14 days later when the fortnightly muster roll reaches the office.

Are you able to see your daily leaf reconciliation and worker count on your phone before the evening shift, or is your team still compiling it on paper?"
Assam,SESSA,Organized Estate,No,SESSA,Sonitpur,Organized Plantation,,,,No,,Sonitpur,"Sonitpur, Assam",Uncertain / Backlog,Tier 3,2,No email listed (paper-dominant),Low signal density,1-Page Postal Letter,1-Page Postal Dispatch,"Namaskar,

When green leaf trucks move from field divisions to the factory at Sessa, what percentage difference are you typically seeing between the field scale and factory weighbridge?

Most independent estates in Sonitpur tell us they only catch leaf discrepancies and proxy hazira 10 to 14 days later when the fortnightly muster roll reaches the office.

Are you able to see your daily leaf reconciliation and worker count on your phone before the evening shift, or is your team still compiling it on paper?"
Assam,TOPIA,Organized Estate,No,TOPIA,Sonitpur,Organized Plantation,,,,No,,Sonitpur,"Sonitpur, Assam",Uncertain / Backlog,Tier 3,2,No email listed (paper-dominant),Low signal density,1-Page Postal Letter,1-Page Postal Dispatch,"Namaskar,

When green leaf trucks move from field divisions to the factory at Topia, what percentage difference are you typically seeing between the field scale and factory weighbridge?

Most independent estates in Sonitpur tell us they only catch leaf discrepancies and proxy hazira 10 to 14 days later when the fortnightly muster roll reaches the office.

Are you able to see your daily leaf reconciliation and worker count on your phone before the evening shift, or is your team still compiling it on paper?"
Assam,SINGRI,Organized Estate,No,SINGRI,Sonitpur,Organized Plantation,,,,No,,Sonitpur,"Sonitpur, Assam",Uncertain / Backlog,Tier 3,2,No email listed (paper-dominant),Low signal density,1-Page Postal Letter,1-Page Postal Dispatch,"Namaskar,

When green leaf trucks move from field divisions to the factory at Singri, what percentage difference are you typically seeing between the field scale and factory weighbridge?

Most independent estates in Sonitpur tell us they only catch leaf discrepancies and proxy hazira 10 to 14 days later when the fortnightly muster roll reaches the office.

Are you able to see your daily leaf reconciliation and worker count on your phone before the evening shift, or is your team still compiling it on paper?"
Assam,SHYAMGURI,Organized Estate,No,SHYAMGURI,Sonitpur,Organized Plantation,,,,No,,Sonitpur,"Sonitpur, Assam",Uncertain / Backlog,Tier 3,2,No email listed (paper-dominant),Low signal density,1-Page Postal Letter,1-Page Postal Dispatch,"Namaskar,

When green leaf trucks move from field divisions to the factory at Shyamguri, what percentage difference are you typically seeing between the field scale and factory weighbridge?

Most independent estates in Sonitpur tell us they only catch leaf discrepancies and proxy hazira 10 to 14 days later when the fortnightly muster roll reaches the office.

Are you able to see your daily leaf reconciliation and worker count on your phone before the evening shift, or is your team still compiling it on paper?"
Assam,TULIP T.E,Organized Estate,No,TULIP T.E,Sonitpur,Organized Plantation,,,,No,,Sonitpur,"Sonitpur, Assam",Uncertain / Backlog,Tier 3,2,No email listed (paper-dominant),Low signal density,1-Page Postal Letter,1-Page Postal Dispatch,"Namaskar,

When green leaf trucks move from field divisions to the factory at Tulip T.E, what percentage difference are you typically seeing between the field scale and factory weighbridge?

Most independent estates in Sonitpur tell us they only catch leaf discrepancies and proxy hazira 10 to 14 days later when the fortnightly muster roll reaches the office.

Are you able to see your daily leaf reconciliation and worker count on your phone before the evening shift, or is your team still compiling it on paper?"
Assam,HARCHURAH,Organized Estate,No,HARCHURAH,Sonitpur,Organized Plantation,,,,No,,Sonitpur,"Sonitpur, Assam",Uncertain / Backlog,Tier 3,2,No email listed (paper-dominant),Low signal density,1-Page Postal Letter,1-Page Postal Dispatch,"Namaskar,

When green leaf trucks move from field divisions to the factory at Harchurah, what percentage difference are you typically seeing between the field scale and factory weighbridge?

Most independent estates in Sonitpur tell us they only catch leaf discrepancies and proxy hazira 10 to 14 days later when the fortnightly muster roll reaches the office.

Are you able to see your daily leaf reconciliation and worker count on your phone before the evening shift, or is your team still compiling it on paper?"
Assam,HIRAJULI,Organized Estate,No,HIRAJULI,Sonitpur,Organized Plantation,,,,No,,Sonitpur,"Sonitpur, Assam",Uncertain / Backlog,Tier 3,2,No email listed (paper-dominant),Low signal density,1-Page Postal Letter,1-Page Postal Dispatch,"Namaskar,

When green leaf trucks move from field divisions to the factory at Hirajuli, what percentage difference are you typically seeing between the field scale and factory weighbridge?

Most independent estates in Sonitpur tell us they only catch leaf discrepancies and proxy hazira 10 to 14 days later when the fortnightly muster roll reaches the office.

Are you able to see your daily leaf reconciliation and worker count on your phone before the evening shift, or is your team still compiling it on paper?"
Assam,GHOIRALLIE T.E.,Organized Estate,No,GHOIRALLIE T.E.,Sonitpur,Organized Plantation,,,,No,,Sonitpur,"Sonitpur, Assam",Uncertain / Backlog,Tier 3,2,No email listed (paper-dominant),Low signal density,1-Page Postal Letter,1-Page Postal Dispatch,"Namaskar,

When green leaf trucks move from field divisions to the factory at Ghoirallie T.E., what percentage difference are you typically seeing between the field scale and factory weighbridge?

Most independent estates in Sonitpur tell us they only catch leaf discrepancies and proxy hazira 10 to 14 days later when the fortnightly muster roll reaches the office.

Are you able to see your daily leaf reconciliation and worker count on your phone before the evening shift, or is your team still compiling it on paper?"
Assam,DUFFLAGHUR T.E.,Organized Estate,No,McLeod Russel India Limited,Sonitpur,Organized Plantation,,,,No,,Kolkata,"Four Mangoe Lane, Surendra Mohan Ghosh Sarani, Kolkata 700001",Disqualified,Disqualified,3,No email listed (paper-dominant) | Kolkata HQ,Conglomerate keyword match (MCLEOD RUSSEL),1-Page Postal Letter,1-Page Postal Dispatch,"Namaskar,

When green leaf trucks move from field divisions to the factory at Dufflaghur T.E., what percentage difference are you typically seeing between the field scale and factory weighbridge?

Most independent estates in Sonitpur tell us they only catch leaf discrepancies and proxy hazira 10 to 14 days later when the fortnightly muster roll reaches the office.

Are you able to see your daily leaf reconciliation and worker count on your phone before the evening shift, or is your team still compiling it on paper?"
Assam,DURRUNG,Organized Estate,No,DURRUNG,Sonitpur,Organized Plantation,,,,No,,Sonitpur,"Sonitpur, Assam",Uncertain / Backlog,Tier 3,2,No email listed (paper-dominant),Low signal density,1-Page Postal Letter,1-Page Postal Dispatch,"Namaskar,

When green leaf trucks move from field divisions to the factory at Durrung, what percentage difference are you typically seeing between the field scale and factory weighbridge?

Most independent estates in Sonitpur tell us they only catch leaf discrepancies and proxy hazira 10 to 14 days later when the fortnightly muster roll reaches the office.

Are you able to see your daily leaf reconciliation and worker count on your phone before the evening shift, or is your team still compiling it on paper?"
Assam,DHENDAI T.E,Organized Estate,No,DHENDAI T.E,Sonitpur,Organized Plantation,,,,No,,Sonitpur,"Sonitpur, Assam",Uncertain / Backlog,Tier 3,2,No email listed (paper-dominant),Low signal density,1-Page Postal Letter,1-Page Postal Dispatch,"Namaskar,

When green leaf trucks move from field divisions to the factory at Dhendai T.E, what percentage difference are you typically seeing between the field scale and factory weighbridge?

Most independent estates in Sonitpur tell us they only catch leaf discrepancies and proxy hazira 10 to 14 days later when the fortnightly muster roll reaches the office.

Are you able to see your daily leaf reconciliation and worker count on your phone before the evening shift, or is your team still compiling it on paper?"
Assam,DHULAPADUNG T.E,Organized Estate,No,DHULAPADUNG T.E,Sonitpur,Organized Plantation,,,,No,,Sonitpur,"Sonitpur, Assam",Uncertain / Backlog,Tier 3,2,No email listed (paper-dominant),Low signal density,1-Page Postal Letter,1-Page Postal Dispatch,"Namaskar,

When green leaf trucks move from field divisions to the factory at Dhulapadung T.E, what percentage difference are you typically seeing between the field scale and factory weighbridge?

Most independent estates in Sonitpur tell us they only catch leaf discrepancies and proxy hazira 10 to 14 days later when the fortnightly muster roll reaches the office.

Are you able to see your daily leaf reconciliation and worker count on your phone before the evening shift, or is your team still compiling it on paper?"
Assam,HOOGRAJULI,Organized Estate,No,HOOGRAJULI,Sonitpur,Organized Plantation,,,,No,,Sonitpur,"Sonitpur, Assam",Uncertain / Backlog,Tier 3,2,No email listed (paper-dominant),Low signal density,1-Page Postal Letter,1-Page Postal Dispatch,"Namaskar,

When green leaf trucks move from field divisions to the factory at Hoograjuli, what percentage difference are you typically seeing between the field scale and factory weighbridge?

Most independent estates in Sonitpur tell us they only catch leaf discrepancies and proxy hazira 10 to 14 days later when the fortnightly muster roll reaches the office.

Are you able to see your daily leaf reconciliation and worker count on your phone before the evening shift, or is your team still compiling it on paper?"
Assam,NILPUR,Organized Estate,No,NILPUR,Sonitpur,Organized Plantation,,,,No,,Sonitpur,"Sonitpur, Assam",Uncertain / Backlog,Tier 3,2,No email listed (paper-dominant),Low signal density,1-Page Postal Letter,1-Page Postal Dispatch,"Namaskar,

When green leaf trucks move from field divisions to the factory at Nilpur, what percentage difference are you typically seeing between the field scale and factory weighbridge?

Most independent estates in Sonitpur tell us they only catch leaf discrepancies and proxy hazira 10 to 14 days later when the fortnightly muster roll reaches the office.

Are you able to see your daily leaf reconciliation and worker count on your phone before the evening shift, or is your team still compiling it on paper?"
Assam,NAHORANI,Organized Estate,No,Amalgamated Plantations Private Limited (Tata),Sonitpur,Organized Plantation,,,,No,,Guwahati,"1st Floor, GS Road, Christian Basti, Guwahati, Assam 781005",Disqualified,Disqualified,3,No email listed (paper-dominant) | Guwahati HQ,Conglomerate keyword match (AMALGAMATED PLANTATIONS),1-Page Postal Letter,1-Page Postal Dispatch,"Namaskar,

When green leaf trucks move from field divisions to the factory at Nahorani, what percentage difference are you typically seeing between the field scale and factory weighbridge?

Most independent estates in Sonitpur tell us they only catch leaf discrepancies and proxy hazira 10 to 14 days later when the fortnightly muster roll reaches the office.

Are you able to see your daily leaf reconciliation and worker count on your phone before the evening shift, or is your team still compiling it on paper?"
Assam,NARAYANPUR,Organized Estate,No,NARAYANPUR,Sonitpur,Organized Plantation,,,,No,,Sonitpur,"Sonitpur, Assam",Uncertain / Backlog,Tier 3,2,No email listed (paper-dominant),Low signal density,1-Page Postal Letter,1-Page Postal Dispatch,"Namaskar,

When green leaf trucks move from field divisions to the factory at Narayanpur, what percentage difference are you typically seeing between the field scale and factory weighbridge?

Most independent estates in Sonitpur tell us they only catch leaf discrepancies and proxy hazira 10 to 14 days later when the fortnightly muster roll reaches the office.

Are you able to see your daily leaf reconciliation and worker count on your phone before the evening shift, or is your team still compiling it on paper?"
Assam,MONMOHINIPUR,Organized Estate,No,MONMOHINIPUR,Sonitpur,Organized Plantation,,,,No,,Sonitpur,"Sonitpur, Assam",Uncertain / Backlog,Tier 3,2,No email listed (paper-dominant),Low signal density,1-Page Postal Letter,1-Page Postal Dispatch,"Namaskar,

When green leaf trucks move from field divisions to the factory at Monmohinipur, what percentage difference are you typically seeing between the field scale and factory weighbridge?

Most independent estates in Sonitpur tell us they only catch leaf discrepancies and proxy hazira 10 to 14 days later when the fortnightly muster roll reaches the office.

Are you able to see your daily leaf reconciliation and worker count on your phone before the evening shift, or is your team still compiling it on paper?"
Assam,ADDABARIE N,Organized Estate,No,McLeod Russel India Limited,Sonitpur,Organized Plantation,,,,No,,Kolkata,"Four Mangoe Lane, Surendra Mohan Ghosh Sarani, Kolkata 700001",Disqualified,Disqualified,3,No email listed (paper-dominant) | Kolkata HQ,Conglomerate keyword match (MCLEOD RUSSEL),1-Page Postal Letter,1-Page Postal Dispatch,"Namaskar,

When green leaf trucks move from field divisions to the factory at Addabarie N, what percentage difference are you typically seeing between the field scale and factory weighbridge?

Most independent estates in Sonitpur tell us they only catch leaf discrepancies and proxy hazira 10 to 14 days later when the fortnightly muster roll reaches the office.

Are you able to see your daily leaf reconciliation and worker count on your phone before the evening shift, or is your team still compiling it on paper?"
Assam,BARGANG T.E,Organized Estate,No,BARGANG T.E,Sonitpur,Organized Plantation,,,,No,,Sonitpur,"Sonitpur, Assam",Uncertain / Backlog,Tier 3,2,No email listed (paper-dominant),Low signal density,1-Page Postal Letter,1-Page Postal Dispatch,"Namaskar,

When green leaf trucks move from field divisions to the factory at Bargang T.E, what percentage difference are you typically seeing between the field scale and factory weighbridge?

Most independent estates in Sonitpur tell us they only catch leaf discrepancies and proxy hazira 10 to 14 days later when the fortnightly muster roll reaches the office.

Are you able to see your daily leaf reconciliation and worker count on your phone before the evening shift, or is your team still compiling it on paper?"
Assam,BAGHMARI TEA GARDEN,Organized Estate,No,Baghbari Tea Company Private Limited,Sonitpur,50.66,Mahendra Kumar Goenka,,,No,baghbariteaco@gmail.com,Sonitpur,Lunpuria Bangali Gaon / Panitola Assam,Qualified,Tier 1 (High Leakage / Paper Priority),7,Consumer/ISP email (@gmail.com) | Mid-tier acreage sweet spot (50.66 Ha),,1-Page Postal Letter,1-Page Postal Dispatch + Email,"Namaskar Mahendra-ji,

When green leaf trucks move from field divisions to the factory at Baghmari Tea Garden, what percentage difference are you typically seeing between the field scale and factory weighbridge?

Most independent estates in Sonitpur tell us they only catch leaf discrepancies and proxy hazira 10 to 14 days later when the fortnightly muster roll reaches the office.

Are you able to see your daily leaf reconciliation and worker count on your phone before the evening shift, or is your team still compiling it on paper?"
Assam,BAMGAON,Organized Estate,No,BAMGAON,Sonitpur,Organized Plantation,,,,No,,Sonitpur,"Sonitpur, Assam",Uncertain / Backlog,Tier 3,2,No email listed (paper-dominant),Low signal density,1-Page Postal Letter,1-Page Postal Dispatch,"Namaskar,

When green leaf trucks move from field divisions to the factory at Bamgaon, what percentage difference are you typically seeing between the field scale and factory weighbridge?

Most independent estates in Sonitpur tell us they only catch leaf discrepancies and proxy hazira 10 to 14 days later when the fortnightly muster roll reaches the office.

Are you able to see your daily leaf reconciliation and worker count on your phone before the evening shift, or is your team still compiling it on paper?"
Assam,BELSERI T.E,Organized Estate,No,BELSERI T.E,Sonitpur,Organized Plantation,,,,No,,Sonitpur,"Sonitpur, Assam",Uncertain / Backlog,Tier 3,2,No email listed (paper-dominant),Low signal density,1-Page Postal Letter,1-Page Postal Dispatch,"Namaskar,

When green leaf trucks move from field divisions to the factory at Belseri T.E, what percentage difference are you typically seeing between the field scale and factory weighbridge?

Most independent estates in Sonitpur tell us they only catch leaf discrepancies and proxy hazira 10 to 14 days later when the fortnightly muster roll reaches the office.

Are you able to see your daily leaf reconciliation and worker count on your phone before the evening shift, or is your team still compiling it on paper?"
Assam,BHOLAGURI T.E,Organized Estate,No,BHOLAGURI T.E,Sonitpur,Organized Plantation,,,,No,,Sonitpur,"Sonitpur, Assam",Uncertain / Backlog,Tier 3,2,No email listed (paper-dominant),Low signal density,1-Page Postal Letter,1-Page Postal Dispatch,"Namaskar,

When green leaf trucks move from field divisions to the factory at Bholaguri T.E, what percentage difference are you typically seeing between the field scale and factory weighbridge?

Most independent estates in Sonitpur tell us they only catch leaf discrepancies and proxy hazira 10 to 14 days later when the fortnightly muster roll reaches the office.

Are you able to see your daily leaf reconciliation and worker count on your phone before the evening shift, or is your team still compiling it on paper?"
Assam,BORJULI T.E,Organized Estate,No,BORJULI T.E,Sonitpur,Organized Plantation,,,,No,,Sonitpur,"Sonitpur, Assam",Uncertain / Backlog,Tier 3,2,No email listed (paper-dominant),Low signal density,1-Page Postal Letter,1-Page Postal Dispatch,"Namaskar,

When green leaf trucks move from field divisions to the factory at Borjuli T.E, what percentage difference are you typically seeing between the field scale and factory weighbridge?

Most independent estates in Sonitpur tell us they only catch leaf discrepancies and proxy hazira 10 to 14 days later when the fortnightly muster roll reaches the office.

Are you able to see your daily leaf reconciliation and worker count on your phone before the evening shift, or is your team still compiling it on paper?"
Assam,BORCHOLA T.E,Organized Estate,No,BORCHOLA T.E,Sonitpur,Organized Plantation,,,,No,,Sonitpur,"Sonitpur, Assam",Uncertain / Backlog,Tier 3,2,No email listed (paper-dominant),Low signal density,1-Page Postal Letter,1-Page Postal Dispatch,"Namaskar,

When green leaf trucks move from field divisions to the factory at Borchola T.E, what percentage difference are you typically seeing between the field scale and factory weighbridge?

Most independent estates in Sonitpur tell us they only catch leaf discrepancies and proxy hazira 10 to 14 days later when the fortnightly muster roll reaches the office.

Are you able to see your daily leaf reconciliation and worker count on your phone before the evening shift, or is your team still compiling it on paper?"
Assam,BOROI T.E.,Organized Estate,No,Goodricke Group Limited,Sonitpur,Organized Plantation,,,,No,,Kolkata,"Camellia House, 14 Gurusaday Road, Kolkata 700019",Disqualified,Disqualified,3,No email listed (paper-dominant) | Kolkata HQ,Conglomerate keyword match (GOODRICKE),1-Page Postal Letter,1-Page Postal Dispatch,"Namaskar,

When green leaf trucks move from field divisions to the factory at Boroi T.E., what percentage difference are you typically seeing between the field scale and factory weighbridge?

Most independent estates in Sonitpur tell us they only catch leaf discrepancies and proxy hazira 10 to 14 days later when the fortnightly muster roll reaches the office.

Are you able to see your daily leaf reconciliation and worker count on your phone before the evening shift, or is your team still compiling it on paper?"
Assam,BORMAH JAN,Organized Estate,No,BORMAH JAN,Sonitpur,Organized Plantation,,,,No,,Sonitpur,"Sonitpur, Assam",Uncertain / Backlog,Tier 3,2,No email listed (paper-dominant),Low signal density,1-Page Postal Letter,1-Page Postal Dispatch,"Namaskar,

When green leaf trucks move from field divisions to the factory at Bormah Jan, what percentage difference are you typically seeing between the field scale and factory weighbridge?

Most independent estates in Sonitpur tell us they only catch leaf discrepancies and proxy hazira 10 to 14 days later when the fortnightly muster roll reaches the office.

Are you able to see your daily leaf reconciliation and worker count on your phone before the evening shift, or is your team still compiling it on paper?"
Assam,CHARDWAR,Organized Estate,No,CHARDWAR,Sonitpur,Organized Plantation,,,,No,,Sonitpur,"Sonitpur, Assam",Uncertain / Backlog,Tier 3,2,No email listed (paper-dominant),Low signal density,1-Page Postal Letter,1-Page Postal Dispatch,"Namaskar,

When green leaf trucks move from field divisions to the factory at Chardwar, what percentage difference are you typically seeing between the field scale and factory weighbridge?

Most independent estates in Sonitpur tell us they only catch leaf discrepancies and proxy hazira 10 to 14 days later when the fortnightly muster roll reaches the office.

Are you able to see your daily leaf reconciliation and worker count on your phone before the evening shift, or is your team still compiling it on paper?"
Assam,DEKORAI T.E,Organized Estate,No,DEKORAI T.E,Sonitpur,Organized Plantation,,,,No,,Sonitpur,"Sonitpur, Assam",Uncertain / Backlog,Tier 3,2,No email listed (paper-dominant),Low signal density,1-Page Postal Letter,1-Page Postal Dispatch,"Namaskar,

When green leaf trucks move from field divisions to the factory at Dekorai T.E, what percentage difference are you typically seeing between the field scale and factory weighbridge?

Most independent estates in Sonitpur tell us they only catch leaf discrepancies and proxy hazira 10 to 14 days later when the fortnightly muster roll reaches the office.

Are you able to see your daily leaf reconciliation and worker count on your phone before the evening shift, or is your team still compiling it on paper?"
Assam,KOLONY T.E,Organized Estate,No,KOLONY T.E,Sonitpur,Organized Plantation,,,,No,,Sonitpur,"Sonitpur, Assam",Uncertain / Backlog,Tier 3,2,No email listed (paper-dominant),Low signal density,1-Page Postal Letter,1-Page Postal Dispatch,"Namaskar,

When green leaf trucks move from field divisions to the factory at Kolony T.E, what percentage difference are you typically seeing between the field scale and factory weighbridge?

Most independent estates in Sonitpur tell us they only catch leaf discrepancies and proxy hazira 10 to 14 days later when the fortnightly muster roll reaches the office.

Are you able to see your daily leaf reconciliation and worker count on your phone before the evening shift, or is your team still compiling it on paper?"
Assam,MANOBAG,Organized Estate,No,MANOBAG,Sonitpur,Organized Plantation,,,,No,,Sonitpur,"Sonitpur, Assam",Uncertain / Backlog,Tier 3,2,No email listed (paper-dominant),Low signal density,1-Page Postal Letter,1-Page Postal Dispatch,"Namaskar,

When green leaf trucks move from field divisions to the factory at Manobag, what percentage difference are you typically seeing between the field scale and factory weighbridge?

Most independent estates in Sonitpur tell us they only catch leaf discrepancies and proxy hazira 10 to 14 days later when the fortnightly muster roll reaches the office.

Are you able to see your daily leaf reconciliation and worker count on your phone before the evening shift, or is your team still compiling it on paper?"
Assam,TINKHARIA T.E,Organized Estate,No,TINKHARIA T.E,Sonitpur,Organized Plantation,,,,No,,Sonitpur,"Sonitpur, Assam",Uncertain / Backlog,Tier 3,2,No email listed (paper-dominant),Low signal density,1-Page Postal Letter,1-Page Postal Dispatch,"Namaskar,

When green leaf trucks move from field divisions to the factory at Tinkharia T.E, what percentage difference are you typically seeing between the field scale and factory weighbridge?

Most independent estates in Sonitpur tell us they only catch leaf discrepancies and proxy hazira 10 to 14 days later when the fortnightly muster roll reaches the office.

Are you able to see your daily leaf reconciliation and worker count on your phone before the evening shift, or is your team still compiling it on paper?"
Assam,TEZPORE AND GOGRA T.E,Organized Estate,No,TEZPORE AND GOGRA T.E,Sonitpur,Organized Plantation,,,,No,,Sonitpur,"Sonitpur, Assam",Uncertain / Backlog,Tier 3,2,No email listed (paper-dominant),Low signal density,1-Page Postal Letter,1-Page Postal Dispatch,"Namaskar,

When green leaf trucks move from field divisions to the factory at Tezpore And Gogra T.E, what percentage difference are you typically seeing between the field scale and factory weighbridge?

Most independent estates in Sonitpur tell us they only catch leaf discrepancies and proxy hazira 10 to 14 days later when the fortnightly muster roll reaches the office.

Are you able to see your daily leaf reconciliation and worker count on your phone before the evening shift, or is your team still compiling it on paper?"
Assam,SOGRA,Organized Estate,No,SOGRA,Sonitpur,Organized Plantation,,,,No,,Sonitpur,"Sonitpur, Assam",Uncertain / Backlog,Tier 3,2,No email listed (paper-dominant),Low signal density,1-Page Postal Letter,1-Page Postal Dispatch,"Namaskar,

When green leaf trucks move from field divisions to the factory at Sogra, what percentage difference are you typically seeing between the field scale and factory weighbridge?

Most independent estates in Sonitpur tell us they only catch leaf discrepancies and proxy hazira 10 to 14 days later when the fortnightly muster roll reaches the office.

Are you able to see your daily leaf reconciliation and worker count on your phone before the evening shift, or is your team still compiling it on paper?"
Assam,SONABHEEL,Organized Estate,No,SONABHEEL,Sonitpur,Organized Plantation,,,,No,,Sonitpur,"Sonitpur, Assam",Uncertain / Backlog,Tier 3,2,No email listed (paper-dominant),Low signal density,1-Page Postal Letter,1-Page Postal Dispatch,"Namaskar,

When green leaf trucks move from field divisions to the factory at Sonabheel, what percentage difference are you typically seeing between the field scale and factory weighbridge?

Most independent estates in Sonitpur tell us they only catch leaf discrepancies and proxy hazira 10 to 14 days later when the fortnightly muster roll reaches the office.

Are you able to see your daily leaf reconciliation and worker count on your phone before the evening shift, or is your team still compiling it on paper?"
Assam,SONAJULI,Organized Estate,No,SONAJULI,Sonitpur,Organized Plantation,,,,No,,Sonitpur,"Sonitpur, Assam",Uncertain / Backlog,Tier 3,2,No email listed (paper-dominant),Low signal density,1-Page Postal Letter,1-Page Postal Dispatch,"Namaskar,

When green leaf trucks move from field divisions to the factory at Sonajuli, what percentage difference are you typically seeing between the field scale and factory weighbridge?

Most independent estates in Sonitpur tell us they only catch leaf discrepancies and proxy hazira 10 to 14 days later when the fortnightly muster roll reaches the office.

Are you able to see your daily leaf reconciliation and worker count on your phone before the evening shift, or is your team still compiling it on paper?"
Assam,TARAJULIE T.E. N,Organized Estate,No,McLeod Russel India Limited,Sonitpur,Organized Plantation,,,,No,,Kolkata,"Four Mangoe Lane, Surendra Mohan Ghosh Sarani, Kolkata 700001",Disqualified,Disqualified,3,No email listed (paper-dominant) | Kolkata HQ,Conglomerate keyword match (MCLEOD RUSSEL),1-Page Postal Letter,1-Page Postal Dispatch,"Namaskar,

When green leaf trucks move from field divisions to the factory at Tarajulie T.E. N, what percentage difference are you typically seeing between the field scale and factory weighbridge?

Most independent estates in Sonitpur tell us they only catch leaf discrepancies and proxy hazira 10 to 14 days later when the fortnightly muster roll reaches the office.

Are you able to see your daily leaf reconciliation and worker count on your phone before the evening shift, or is your team still compiling it on paper?"
Assam,TARA TEA ESTATE,Organized Estate,No,TARA TEA ESTATE,Tinsukia,Organized Plantation,,,,No,,Tinsukia,"Tinsukia, Assam",Uncertain / Backlog,Tier 3,2,No email listed (paper-dominant),Low signal density,1-Page Postal Letter,1-Page Postal Dispatch,"Namaskar,

When green leaf trucks move from field divisions to the factory at Tara Tea Estate, what percentage difference are you typically seeing between the field scale and factory weighbridge?

Most independent estates in Tinsukia tell us they only catch leaf discrepancies and proxy hazira 10 to 14 days later when the fortnightly muster roll reaches the office.

Are you able to see your daily leaf reconciliation and worker count on your phone before the evening shift, or is your team still compiling it on paper?"
Assam,TALUP TEA ESTATE J,Organized Estate,No,TALUP TEA ESTATE J,Tinsukia,Organized Plantation,,,,No,,Tinsukia,"Tinsukia, Assam",Uncertain / Backlog,Tier 3,2,No email listed (paper-dominant),Low signal density,1-Page Postal Letter,1-Page Postal Dispatch,"Namaskar,

When green leaf trucks move from field divisions to the factory at Talup Tea Estate J, what percentage difference are you typically seeing between the field scale and factory weighbridge?

Most independent estates in Tinsukia tell us they only catch leaf discrepancies and proxy hazira 10 to 14 days later when the fortnightly muster roll reaches the office.

Are you able to see your daily leaf reconciliation and worker count on your phone before the evening shift, or is your team still compiling it on paper?"
Assam,SOOKERATING,Organized Estate,No,Sookerating Tea Estate Private Limited,Tinsukia,189.28,Kanhaiya Agarwalla,,,No,contact@sookerating.com,Tinsukia,Doomdooma Assam 786151,Qualified,Tier 2 (Qualified Independent),4,Custom domain (@sookerating.com) | Mid-tier acreage sweet spot (189.28 Ha),,1-Page Postal Letter,1-Page Postal Dispatch + Email,"Namaskar Kanhaiya-ji,

When green leaf trucks move from field divisions to the factory at Sookerating, what percentage difference are you typically seeing between the field scale and factory weighbridge?

Most independent estates in Tinsukia tell us they only catch leaf discrepancies and proxy hazira 10 to 14 days later when the fortnightly muster roll reaches the office.

Are you able to see your daily leaf reconciliation and worker count on your phone before the evening shift, or is your team still compiling it on paper?"
Assam,SREE KRISHNA ESTATE,Organized Estate,No,SREE KRISHNA ESTATE,Tinsukia,Organized Plantation,,,,No,,Tinsukia,"Tinsukia, Assam",Uncertain / Backlog,Tier 3,2,No email listed (paper-dominant),Low signal density,1-Page Postal Letter,1-Page Postal Dispatch,"Namaskar,

When green leaf trucks move from field divisions to the factory at Sree Krishna Estate, what percentage difference are you typically seeing between the field scale and factory weighbridge?

Most independent estates in Tinsukia tell us they only catch leaf discrepancies and proxy hazira 10 to 14 days later when the fortnightly muster roll reaches the office.

Are you able to see your daily leaf reconciliation and worker count on your phone before the evening shift, or is your team still compiling it on paper?"
Assam,TIPAM,Organized Estate,No,TIPAM,Tinsukia,Organized Plantation,,,,No,,Tinsukia,"Tinsukia, Assam",Uncertain / Backlog,Tier 3,2,No email listed (paper-dominant),Low signal density,1-Page Postal Letter,1-Page Postal Dispatch,"Namaskar,

When green leaf trucks move from field divisions to the factory at Tipam, what percentage difference are you typically seeing between the field scale and factory weighbridge?

Most independent estates in Tinsukia tell us they only catch leaf discrepancies and proxy hazira 10 to 14 days later when the fortnightly muster roll reaches the office.

Are you able to see your daily leaf reconciliation and worker count on your phone before the evening shift, or is your team still compiling it on paper?"
Assam,TINGAMIRA,Organized Estate,No,TINGAMIRA,Tinsukia,Organized Plantation,,,,No,,Tinsukia,"Tinsukia, Assam",Uncertain / Backlog,Tier 3,2,No email listed (paper-dominant),Low signal density,1-Page Postal Letter,1-Page Postal Dispatch,"Namaskar,

When green leaf trucks move from field divisions to the factory at Tingamira, what percentage difference are you typically seeing between the field scale and factory weighbridge?

Most independent estates in Tinsukia tell us they only catch leaf discrepancies and proxy hazira 10 to 14 days later when the fortnightly muster roll reaches the office.

Are you able to see your daily leaf reconciliation and worker count on your phone before the evening shift, or is your team still compiling it on paper?"
Assam,MARGHERITA T.E.,Organized Estate,No,MARGHERITA T.E.,Tinsukia,Organized Plantation,,,,No,,Tinsukia,"Tinsukia, Assam",Uncertain / Backlog,Tier 3,2,No email listed (paper-dominant),Low signal density,1-Page Postal Letter,1-Page Postal Dispatch,"Namaskar,

When green leaf trucks move from field divisions to the factory at Margherita T.E., what percentage difference are you typically seeing between the field scale and factory weighbridge?

Most independent estates in Tinsukia tell us they only catch leaf discrepancies and proxy hazira 10 to 14 days later when the fortnightly muster roll reaches the office.

Are you able to see your daily leaf reconciliation and worker count on your phone before the evening shift, or is your team still compiling it on paper?"
Assam,MANOHARPUR TEA ESTATE,Organized Estate,No,MANOHARPUR TEA ESTATE,Tinsukia,Organized Plantation,,,,No,,Tinsukia,"Tinsukia, Assam",Uncertain / Backlog,Tier 3,2,No email listed (paper-dominant),Low signal density,1-Page Postal Letter,1-Page Postal Dispatch,"Namaskar,

When green leaf trucks move from field divisions to the factory at Manoharpur Tea Estate, what percentage difference are you typically seeing between the field scale and factory weighbridge?

Most independent estates in Tinsukia tell us they only catch leaf discrepancies and proxy hazira 10 to 14 days later when the fortnightly muster roll reaches the office.

Are you able to see your daily leaf reconciliation and worker count on your phone before the evening shift, or is your team still compiling it on paper?"
Assam,MAHAKALI TEA ESTATE,Organized Estate,No,McLeod Russel India Limited,Tinsukia,Organized Plantation,,,,No,,Kolkata,"Four Mangoe Lane, Surendra Mohan Ghosh Sarani, Kolkata 700001",Disqualified,Disqualified,3,No email listed (paper-dominant) | Kolkata HQ,Conglomerate keyword match (MCLEOD RUSSEL),1-Page Postal Letter,1-Page Postal Dispatch,"Namaskar,

When green leaf trucks move from field divisions to the factory at Mahakali Tea Estate, what percentage difference are you typically seeing between the field scale and factory weighbridge?

Most independent estates in Tinsukia tell us they only catch leaf discrepancies and proxy hazira 10 to 14 days later when the fortnightly muster roll reaches the office.

Are you able to see your daily leaf reconciliation and worker count on your phone before the evening shift, or is your team still compiling it on paper?"
Assam,MALIRAMPUR,Organized Estate,No,MALIRAMPUR,Tinsukia,Organized Plantation,,,,No,,Tinsukia,"Tinsukia, Assam",Uncertain / Backlog,Tier 3,2,No email listed (paper-dominant),Low signal density,1-Page Postal Letter,1-Page Postal Dispatch,"Namaskar,

When green leaf trucks move from field divisions to the factory at Malirampur, what percentage difference are you typically seeing between the field scale and factory weighbridge?

Most independent estates in Tinsukia tell us they only catch leaf discrepancies and proxy hazira 10 to 14 days later when the fortnightly muster roll reaches the office.

Are you able to see your daily leaf reconciliation and worker count on your phone before the evening shift, or is your team still compiling it on paper?"
Assam,MANGALAM,Organized Estate,No,MANGALAM,Tinsukia,Organized Plantation,,,,No,,Tinsukia,"Tinsukia, Assam",Uncertain / Backlog,Tier 3,2,No email listed (paper-dominant),Low signal density,1-Page Postal Letter,1-Page Postal Dispatch,"Namaskar,

When green leaf trucks move from field divisions to the factory at Mangalam, what percentage difference are you typically seeing between the field scale and factory weighbridge?

Most independent estates in Tinsukia tell us they only catch leaf discrepancies and proxy hazira 10 to 14 days later when the fortnightly muster roll reaches the office.

Are you able to see your daily leaf reconciliation and worker count on your phone before the evening shift, or is your team still compiling it on paper?"
Assam,KOOMSONG,Organized Estate,No,KOOMSONG,Tinsukia,Organized Plantation,,,,No,,Tinsukia,"Tinsukia, Assam",Uncertain / Backlog,Tier 3,2,No email listed (paper-dominant),Low signal density,1-Page Postal Letter,1-Page Postal Dispatch,"Namaskar,

When green leaf trucks move from field divisions to the factory at Koomsong, what percentage difference are you typically seeing between the field scale and factory weighbridge?

Most independent estates in Tinsukia tell us they only catch leaf discrepancies and proxy hazira 10 to 14 days later when the fortnightly muster roll reaches the office.

Are you able to see your daily leaf reconciliation and worker count on your phone before the evening shift, or is your team still compiling it on paper?"
Assam,KONAPATHAR,Organized Estate,No,KONAPATHAR,Tinsukia,Organized Plantation,,,,No,,Tinsukia,"Tinsukia, Assam",Uncertain / Backlog,Tier 3,2,No email listed (paper-dominant),Low signal density,1-Page Postal Letter,1-Page Postal Dispatch,"Namaskar,

When green leaf trucks move from field divisions to the factory at Konapathar, what percentage difference are you typically seeing between the field scale and factory weighbridge?

Most independent estates in Tinsukia tell us they only catch leaf discrepancies and proxy hazira 10 to 14 days later when the fortnightly muster roll reaches the office.

Are you able to see your daily leaf reconciliation and worker count on your phone before the evening shift, or is your team still compiling it on paper?"
Assam,LANKASHI TEA ESTATE,Organized Estate,No,Lankashi Tea and Seed Estates Private Limited,Tinsukia,182.64,Sandeep Boruah,,,No,lankashite@bsnl.in,Tinsukia,Makum Junction Tinsukia Assam 786170,Qualified,Tier 1 (High Leakage / Paper Priority),7,Consumer/ISP email (@bsnl.in) | Mid-tier acreage sweet spot (182.64 Ha),,1-Page Postal Letter,1-Page Postal Dispatch + Email,"Namaskar Sandeep-ji,

When green leaf trucks move from field divisions to the factory at Lankashi Tea Estate, what percentage difference are you typically seeing between the field scale and factory weighbridge?

Most independent estates in Tinsukia tell us they only catch leaf discrepancies and proxy hazira 10 to 14 days later when the fortnightly muster roll reaches the office.

Are you able to see your daily leaf reconciliation and worker count on your phone before the evening shift, or is your team still compiling it on paper?"
Assam,LIMBUGURI TEA ESTATE,Organized Estate,No,LIMBUGURI TEA ESTATE,Tinsukia,Organized Plantation,,,,No,,Tinsukia,"Tinsukia, Assam",Uncertain / Backlog,Tier 3,2,No email listed (paper-dominant),Low signal density,1-Page Postal Letter,1-Page Postal Dispatch,"Namaskar,

When green leaf trucks move from field divisions to the factory at Limbuguri Tea Estate, what percentage difference are you typically seeing between the field scale and factory weighbridge?

Most independent estates in Tinsukia tell us they only catch leaf discrepancies and proxy hazira 10 to 14 days later when the fortnightly muster roll reaches the office.

Are you able to see your daily leaf reconciliation and worker count on your phone before the evening shift, or is your team still compiling it on paper?"
Assam,LEDO T.E,Organized Estate,No,LEDO T.E,Tinsukia,Organized Plantation,,,,No,,Tinsukia,"Tinsukia, Assam",Uncertain / Backlog,Tier 3,2,No email listed (paper-dominant),Low signal density,1-Page Postal Letter,1-Page Postal Dispatch,"Namaskar,

When green leaf trucks move from field divisions to the factory at Ledo T.E, what percentage difference are you typically seeing between the field scale and factory weighbridge?

Most independent estates in Tinsukia tell us they only catch leaf discrepancies and proxy hazira 10 to 14 days later when the fortnightly muster roll reaches the office.

Are you able to see your daily leaf reconciliation and worker count on your phone before the evening shift, or is your team still compiling it on paper?"
Assam,KEYHUNG TEA ESTATE,Organized Estate,No,KEYHUNG TEA ESTATE,Tinsukia,Organized Plantation,,,,No,,Tinsukia,"Tinsukia, Assam",Uncertain / Backlog,Tier 3,2,No email listed (paper-dominant),Low signal density,1-Page Postal Letter,1-Page Postal Dispatch,"Namaskar,

When green leaf trucks move from field divisions to the factory at Keyhung Tea Estate, what percentage difference are you typically seeing between the field scale and factory weighbridge?

Most independent estates in Tinsukia tell us they only catch leaf discrepancies and proxy hazira 10 to 14 days later when the fortnightly muster roll reaches the office.

Are you able to see your daily leaf reconciliation and worker count on your phone before the evening shift, or is your team still compiling it on paper?"
Assam,KESAGURI,Organized Estate,No,Ghanashyam Lahoti proprietorship,Tinsukia,59.48,Ghanashyam Lahoti,,,No,,Tinsukia,Doomdooma / Tinsukia Assam,Qualified,Tier 2 (Qualified Independent),5,No email listed (paper-dominant) | Mid-tier acreage sweet spot (59.48 Ha),,1-Page Postal Letter,1-Page Postal Dispatch,"Namaskar Ghanashyam-ji,

When green leaf trucks move from field divisions to the factory at Kesaguri, what percentage difference are you typically seeing between the field scale and factory weighbridge?

Most independent estates in Tinsukia tell us they only catch leaf discrepancies and proxy hazira 10 to 14 days later when the fortnightly muster roll reaches the office.

Are you able to see your daily leaf reconciliation and worker count on your phone before the evening shift, or is your team still compiling it on paper?"
Assam,KHETOJAN,Organized Estate,No,KHETOJAN,Tinsukia,Organized Plantation,,,,No,,Tinsukia,"Tinsukia, Assam",Uncertain / Backlog,Tier 3,2,No email listed (paper-dominant),Low signal density,1-Page Postal Letter,1-Page Postal Dispatch,"Namaskar,

When green leaf trucks move from field divisions to the factory at Khetojan, what percentage difference are you typically seeing between the field scale and factory weighbridge?

Most independent estates in Tinsukia tell us they only catch leaf discrepancies and proxy hazira 10 to 14 days later when the fortnightly muster roll reaches the office.

Are you able to see your daily leaf reconciliation and worker count on your phone before the evening shift, or is your team still compiling it on paper?"
Assam,KHOBONG TEA ESTATE,Organized Estate,No,KHOBONG TEA ESTATE,Tinsukia,Organized Plantation,,,,No,,Tinsukia,"Tinsukia, Assam",Uncertain / Backlog,Tier 3,2,No email listed (paper-dominant),Low signal density,1-Page Postal Letter,1-Page Postal Dispatch,"Namaskar,

When green leaf trucks move from field divisions to the factory at Khobong Tea Estate, what percentage difference are you typically seeing between the field scale and factory weighbridge?

Most independent estates in Tinsukia tell us they only catch leaf discrepancies and proxy hazira 10 to 14 days later when the fortnightly muster roll reaches the office.

Are you able to see your daily leaf reconciliation and worker count on your phone before the evening shift, or is your team still compiling it on paper?"
Assam,KHATANGPANI,Organized Estate,No,J.N. Sarma and other HUF legal heirs,Tinsukia,195.65,Priyanka Bhattacharjee,,,No,,Tinsukia,Buridihing Khatangpani P.O. Pengaree Tinsukia Assam 786176,Qualified,Tier 2 (Qualified Independent),5,No email listed (paper-dominant) | Mid-tier acreage sweet spot (195.65 Ha),,1-Page Postal Letter,1-Page Postal Dispatch,"Namaskar Priyanka-ji,

When green leaf trucks move from field divisions to the factory at Khatangpani, what percentage difference are you typically seeing between the field scale and factory weighbridge?

Most independent estates in Tinsukia tell us they only catch leaf discrepancies and proxy hazira 10 to 14 days later when the fortnightly muster roll reaches the office.

Are you able to see your daily leaf reconciliation and worker count on your phone before the evening shift, or is your team still compiling it on paper?"
Assam,KISSNESS,Organized Estate,No,KISSNESS,Tinsukia,Organized Plantation,,,,No,,Tinsukia,"Tinsukia, Assam",Uncertain / Backlog,Tier 3,2,No email listed (paper-dominant),Low signal density,1-Page Postal Letter,1-Page Postal Dispatch,"Namaskar,

When green leaf trucks move from field divisions to the factory at Kissness, what percentage difference are you typically seeing between the field scale and factory weighbridge?

Most independent estates in Tinsukia tell us they only catch leaf discrepancies and proxy hazira 10 to 14 days later when the fortnightly muster roll reaches the office.

Are you able to see your daily leaf reconciliation and worker count on your phone before the evening shift, or is your team still compiling it on paper?"
Assam,DEOHALL TEA ESTATE,Organized Estate,No,Warren Tea Limited,Tinsukia,Organized Plantation,,,,No,,Kolkata,"Suvira House, 4B Hungerford Street, Kolkata 700017",Disqualified,Disqualified,3,No email listed (paper-dominant) | Kolkata HQ,Conglomerate keyword match (WARREN TEA),1-Page Postal Letter,1-Page Postal Dispatch,"Namaskar,

When green leaf trucks move from field divisions to the factory at Deohall Tea Estate, what percentage difference are you typically seeing between the field scale and factory weighbridge?

Most independent estates in Tinsukia tell us they only catch leaf discrepancies and proxy hazira 10 to 14 days later when the fortnightly muster roll reaches the office.

Are you able to see your daily leaf reconciliation and worker count on your phone before the evening shift, or is your team still compiling it on paper?"
Assam,DEHING TEA ESTATE,Organized Estate,No,Goodricke Group Limited,Tinsukia,Organized Plantation,,,,No,,Kolkata,"Camellia House, 14 Gurusaday Road, Kolkata 700019",Disqualified,Disqualified,3,No email listed (paper-dominant) | Kolkata HQ,Conglomerate keyword match (GOODRICKE),1-Page Postal Letter,1-Page Postal Dispatch,"Namaskar,

When green leaf trucks move from field divisions to the factory at Dehing Tea Estate, what percentage difference are you typically seeing between the field scale and factory weighbridge?

Most independent estates in Tinsukia tell us they only catch leaf discrepancies and proxy hazira 10 to 14 days later when the fortnightly muster roll reaches the office.

Are you able to see your daily leaf reconciliation and worker count on your phone before the evening shift, or is your team still compiling it on paper?"
Assam,DEAMOOLIE TEA ESTATE,Organized Estate,No,DEAMOOLIE TEA ESTATE,Tinsukia,Organized Plantation,,,,No,,Tinsukia,"Tinsukia, Assam",Uncertain / Backlog,Tier 3,2,No email listed (paper-dominant),Low signal density,1-Page Postal Letter,1-Page Postal Dispatch,"Namaskar,

When green leaf trucks move from field divisions to the factory at Deamoolie Tea Estate, what percentage difference are you typically seeing between the field scale and factory weighbridge?

Most independent estates in Tinsukia tell us they only catch leaf discrepancies and proxy hazira 10 to 14 days later when the fortnightly muster roll reaches the office.

Are you able to see your daily leaf reconciliation and worker count on your phone before the evening shift, or is your team still compiling it on paper?"
Assam,DHANUKA TEA ESTATE,Organized Estate,No,DHANUKA TEA ESTATE,Tinsukia,Organized Plantation,,,,No,,Tinsukia,"Tinsukia, Assam",Uncertain / Backlog,Tier 3,2,No email listed (paper-dominant),Low signal density,1-Page Postal Letter,1-Page Postal Dispatch,"Namaskar,

When green leaf trucks move from field divisions to the factory at Dhanuka Tea Estate, what percentage difference are you typically seeing between the field scale and factory weighbridge?

Most independent estates in Tinsukia tell us they only catch leaf discrepancies and proxy hazira 10 to 14 days later when the fortnightly muster roll reaches the office.

Are you able to see your daily leaf reconciliation and worker count on your phone before the evening shift, or is your team still compiling it on paper?"
Assam,DHONJAN TEA ESTATE,Organized Estate,No,DHONJAN TEA ESTATE,Tinsukia,Organized Plantation,,,,No,,Tinsukia,"Tinsukia, Assam",Uncertain / Backlog,Tier 3,2,No email listed (paper-dominant),Low signal density,1-Page Postal Letter,1-Page Postal Dispatch,"Namaskar,

When green leaf trucks move from field divisions to the factory at Dhonjan Tea Estate, what percentage difference are you typically seeing between the field scale and factory weighbridge?

Most independent estates in Tinsukia tell us they only catch leaf discrepancies and proxy hazira 10 to 14 days later when the fortnightly muster roll reaches the office.

Are you able to see your daily leaf reconciliation and worker count on your phone before the evening shift, or is your team still compiling it on paper?"
Assam,DHELAKHAT TEA ESTATE,Organized Estate,No,DHELAKHAT TEA ESTATE,Tinsukia,Organized Plantation,,,,No,,Tinsukia,"Tinsukia, Assam",Uncertain / Backlog,Tier 3,2,No email listed (paper-dominant),Low signal density,1-Page Postal Letter,1-Page Postal Dispatch,"Namaskar,

When green leaf trucks move from field divisions to the factory at Dhelakhat Tea Estate, what percentage difference are you typically seeing between the field scale and factory weighbridge?

Most independent estates in Tinsukia tell us they only catch leaf discrepancies and proxy hazira 10 to 14 days later when the fortnightly muster roll reaches the office.

Are you able to see your daily leaf reconciliation and worker count on your phone before the evening shift, or is your team still compiling it on paper?"
Assam,DHOEDAAM TEA ESTATE,Organized Estate,No,Warren Tea Limited,Tinsukia,Organized Plantation,,,,No,,Kolkata,"Suvira House, 4B Hungerford Street, Kolkata 700017",Disqualified,Disqualified,3,No email listed (paper-dominant) | Kolkata HQ,Conglomerate keyword match (WARREN TEA),1-Page Postal Letter,1-Page Postal Dispatch,"Namaskar,

When green leaf trucks move from field divisions to the factory at Dhoedaam Tea Estate, what percentage difference are you typically seeing between the field scale and factory weighbridge?

Most independent estates in Tinsukia tell us they only catch leaf discrepancies and proxy hazira 10 to 14 days later when the fortnightly muster roll reaches the office.

Are you able to see your daily leaf reconciliation and worker count on your phone before the evening shift, or is your team still compiling it on paper?"
Assam,DHOLLA TEA ESTATE,Organized Estate,No,DHOLLA TEA ESTATE,Tinsukia,Organized Plantation,,,,No,,Tinsukia,"Tinsukia, Assam",Uncertain / Backlog,Tier 3,2,No email listed (paper-dominant),Low signal density,1-Page Postal Letter,1-Page Postal Dispatch,"Namaskar,

When green leaf trucks move from field divisions to the factory at Dholla Tea Estate, what percentage difference are you typically seeing between the field scale and factory weighbridge?

Most independent estates in Tinsukia tell us they only catch leaf discrepancies and proxy hazira 10 to 14 days later when the fortnightly muster roll reaches the office.

Are you able to see your daily leaf reconciliation and worker count on your phone before the evening shift, or is your team still compiling it on paper?"
Assam,CATO TEA & SEED,Organized Estate,No,CATO TEA & SEED,Tinsukia,Organized Plantation,,,,No,,Tinsukia,"Tinsukia, Assam",Uncertain / Backlog,Tier 3,2,No email listed (paper-dominant),Low signal density,1-Page Postal Letter,1-Page Postal Dispatch,"Namaskar,

When green leaf trucks move from field divisions to the factory at Cato Tea & Seed, what percentage difference are you typically seeing between the field scale and factory weighbridge?

Most independent estates in Tinsukia tell us they only catch leaf discrepancies and proxy hazira 10 to 14 days later when the fortnightly muster roll reaches the office.

Are you able to see your daily leaf reconciliation and worker count on your phone before the evening shift, or is your team still compiling it on paper?"
Assam,DAIMUKHIA TEA ESTATE,Organized Estate,No,DAIMUKHIA TEA ESTATE,Tinsukia,Organized Plantation,,,,No,,Tinsukia,"Tinsukia, Assam",Uncertain / Backlog,Tier 3,2,No email listed (paper-dominant),Low signal density,1-Page Postal Letter,1-Page Postal Dispatch,"Namaskar,

When green leaf trucks move from field divisions to the factory at Daimukhia Tea Estate, what percentage difference are you typically seeing between the field scale and factory weighbridge?

Most independent estates in Tinsukia tell us they only catch leaf discrepancies and proxy hazira 10 to 14 days later when the fortnightly muster roll reaches the office.

Are you able to see your daily leaf reconciliation and worker count on your phone before the evening shift, or is your team still compiling it on paper?"
Assam,CHOTA TINGRAI TEA ESTATE,Organized Estate,No,CHOTA TINGRAI TEA ESTATE,Tinsukia,Organized Plantation,,,,No,,Tinsukia,"Tinsukia, Assam",Uncertain / Backlog,Tier 3,2,No email listed (paper-dominant),Low signal density,1-Page Postal Letter,1-Page Postal Dispatch,"Namaskar,

When green leaf trucks move from field divisions to the factory at Chota Tingrai Tea Estate, what percentage difference are you typically seeing between the field scale and factory weighbridge?

Most independent estates in Tinsukia tell us they only catch leaf discrepancies and proxy hazira 10 to 14 days later when the fortnightly muster roll reaches the office.

Are you able to see your daily leaf reconciliation and worker count on your phone before the evening shift, or is your team still compiling it on paper?"
Assam,CHARALI TEA & TEA SEED ESTATE,Organized Estate,No,CHARALI TEA & TEA SEED ESTATE,Tinsukia,Organized Plantation,,,,No,,Tinsukia,"Tinsukia, Assam",Uncertain / Backlog,Tier 3,2,No email listed (paper-dominant),Low signal density,1-Page Postal Letter,1-Page Postal Dispatch,"Namaskar,

When green leaf trucks move from field divisions to the factory at Charali Tea & Tea Seed Estate, what percentage difference are you typically seeing between the field scale and factory weighbridge?

Most independent estates in Tinsukia tell us they only catch leaf discrepancies and proxy hazira 10 to 14 days later when the fortnightly muster roll reaches the office.

Are you able to see your daily leaf reconciliation and worker count on your phone before the evening shift, or is your team still compiling it on paper?"
Assam,CHANDMARI TEA ESTATE,Organized Estate,No,Chandmari Tea Co Pvt Ltd,Tinsukia,184.62,Dindayal Verma,,,No,aakashassociates22@gmail.com,Tinsukia,Borguri Assam 786126,Qualified,Tier 1 (High Leakage / Paper Priority),7,Consumer/ISP email (@gmail.com) | Mid-tier acreage sweet spot (184.62 Ha),,1-Page Postal Letter,1-Page Postal Dispatch + Email,"Namaskar Dindayal-ji,

When green leaf trucks move from field divisions to the factory at Chandmari Tea Estate, what percentage difference are you typically seeing between the field scale and factory weighbridge?

Most independent estates in Tinsukia tell us they only catch leaf discrepancies and proxy hazira 10 to 14 days later when the fortnightly muster roll reaches the office.

Are you able to see your daily leaf reconciliation and worker count on your phone before the evening shift, or is your team still compiling it on paper?"
Assam,CHOKHANI TEA & TEA SEED,Organized Estate,No,CHOKHANI TEA & TEA SEED,Tinsukia,Organized Plantation,,,,No,,Tinsukia,"Tinsukia, Assam",Uncertain / Backlog,Tier 3,2,No email listed (paper-dominant),Low signal density,1-Page Postal Letter,1-Page Postal Dispatch,"Namaskar,

When green leaf trucks move from field divisions to the factory at Chokhani Tea & Tea Seed, what percentage difference are you typically seeing between the field scale and factory weighbridge?

Most independent estates in Tinsukia tell us they only catch leaf discrepancies and proxy hazira 10 to 14 days later when the fortnightly muster roll reaches the office.

Are you able to see your daily leaf reconciliation and worker count on your phone before the evening shift, or is your team still compiling it on paper?"
Assam,BRAHMAJAN TEA ESTATE,Organized Estate,No,BRAHMAJAN TEA ESTATE,Tinsukia,Organized Plantation,,,,No,,Tinsukia,"Tinsukia, Assam",Uncertain / Backlog,Tier 3,2,No email listed (paper-dominant),Low signal density,1-Page Postal Letter,1-Page Postal Dispatch,"Namaskar,

When green leaf trucks move from field divisions to the factory at Brahmajan Tea Estate, what percentage difference are you typically seeing between the field scale and factory weighbridge?

Most independent estates in Tinsukia tell us they only catch leaf discrepancies and proxy hazira 10 to 14 days later when the fortnightly muster roll reaches the office.

Are you able to see your daily leaf reconciliation and worker count on your phone before the evening shift, or is your team still compiling it on paper?"
Assam,BUDLABETA TEA ESTATE J,Organized Estate,No,BUDLABETA TEA ESTATE J,Tinsukia,Organized Plantation,,,,No,,Tinsukia,"Tinsukia, Assam",Uncertain / Backlog,Tier 3,2,No email listed (paper-dominant),Low signal density,1-Page Postal Letter,1-Page Postal Dispatch,"Namaskar,

When green leaf trucks move from field divisions to the factory at Budlabeta Tea Estate J, what percentage difference are you typically seeing between the field scale and factory weighbridge?

Most independent estates in Tinsukia tell us they only catch leaf discrepancies and proxy hazira 10 to 14 days later when the fortnightly muster roll reaches the office.

Are you able to see your daily leaf reconciliation and worker count on your phone before the evening shift, or is your team still compiling it on paper?"
Assam,BORBHETA TEA ESTATE,Organized Estate,No,BORBHETA TEA ESTATE,Tinsukia,Organized Plantation,,,,No,,Tinsukia,"Tinsukia, Assam",Uncertain / Backlog,Tier 3,2,No email listed (paper-dominant),Low signal density,1-Page Postal Letter,1-Page Postal Dispatch,"Namaskar,

When green leaf trucks move from field divisions to the factory at Borbheta Tea Estate, what percentage difference are you typically seeing between the field scale and factory weighbridge?

Most independent estates in Tinsukia tell us they only catch leaf discrepancies and proxy hazira 10 to 14 days later when the fortnightly muster roll reaches the office.

Are you able to see your daily leaf reconciliation and worker count on your phone before the evening shift, or is your team still compiling it on paper?"
Assam,BORDUBI TEA ESTATE D,Organized Estate,No,BORDUBI TEA ESTATE D,Tinsukia,Organized Plantation,,,,No,,Tinsukia,"Tinsukia, Assam",Uncertain / Backlog,Tier 3,2,No email listed (paper-dominant),Low signal density,1-Page Postal Letter,1-Page Postal Dispatch,"Namaskar,

When green leaf trucks move from field divisions to the factory at Bordubi Tea Estate D, what percentage difference are you typically seeing between the field scale and factory weighbridge?

Most independent estates in Tinsukia tell us they only catch leaf discrepancies and proxy hazira 10 to 14 days later when the fortnightly muster roll reaches the office.

Are you able to see your daily leaf reconciliation and worker count on your phone before the evening shift, or is your team still compiling it on paper?"
Assam,BOGAPANI TEA ESTATE,Organized Estate,No,BOGAPANI TEA ESTATE,Tinsukia,Organized Plantation,,,,No,,Tinsukia,"Tinsukia, Assam",Uncertain / Backlog,Tier 3,2,No email listed (paper-dominant),Low signal density,1-Page Postal Letter,1-Page Postal Dispatch,"Namaskar,

When green leaf trucks move from field divisions to the factory at Bogapani Tea Estate, what percentage difference are you typically seeing between the field scale and factory weighbridge?

Most independent estates in Tinsukia tell us they only catch leaf discrepancies and proxy hazira 10 to 14 days later when the fortnightly muster roll reaches the office.

Are you able to see your daily leaf reconciliation and worker count on your phone before the evening shift, or is your team still compiling it on paper?"
Assam,BHERJAN TEA ESTATE,Organized Estate,No,BHERJAN TEA ESTATE,Tinsukia,Organized Plantation,,,,No,,Tinsukia,"Tinsukia, Assam",Uncertain / Backlog,Tier 3,2,No email listed (paper-dominant),Low signal density,1-Page Postal Letter,1-Page Postal Dispatch,"Namaskar,

When green leaf trucks move from field divisions to the factory at Bherjan Tea Estate, what percentage difference are you typically seeing between the field scale and factory weighbridge?

Most independent estates in Tinsukia tell us they only catch leaf discrepancies and proxy hazira 10 to 14 days later when the fortnightly muster roll reaches the office.

Are you able to see your daily leaf reconciliation and worker count on your phone before the evening shift, or is your team still compiling it on paper?"
Assam,BEESAKOPIE TEA ESTATE,Organized Estate,No,BEESAKOPIE TEA ESTATE,Tinsukia,Organized Plantation,,,,No,,Tinsukia,"Tinsukia, Assam",Uncertain / Backlog,Tier 3,2,No email listed (paper-dominant),Low signal density,1-Page Postal Letter,1-Page Postal Dispatch,"Namaskar,

When green leaf trucks move from field divisions to the factory at Beesakopie Tea Estate, what percentage difference are you typically seeing between the field scale and factory weighbridge?

Most independent estates in Tinsukia tell us they only catch leaf discrepancies and proxy hazira 10 to 14 days later when the fortnightly muster roll reaches the office.

Are you able to see your daily leaf reconciliation and worker count on your phone before the evening shift, or is your team still compiling it on paper?"
Assam,BAZALONI TEA ESTATE,Organized Estate,No,BAZALONI TEA ESTATE,Tinsukia,Organized Plantation,,,,No,,Tinsukia,"Tinsukia, Assam",Uncertain / Backlog,Tier 3,2,No email listed (paper-dominant),Low signal density,1-Page Postal Letter,1-Page Postal Dispatch,"Namaskar,

When green leaf trucks move from field divisions to the factory at Bazaloni Tea Estate, what percentage difference are you typically seeing between the field scale and factory weighbridge?

Most independent estates in Tinsukia tell us they only catch leaf discrepancies and proxy hazira 10 to 14 days later when the fortnightly muster roll reaches the office.

Are you able to see your daily leaf reconciliation and worker count on your phone before the evening shift, or is your team still compiling it on paper?"
Assam,BAHADUR TEA ESTATE,Organized Estate,No,Dhunseri Tea & Industries Limited,Tinsukia,Organized Plantation,,,,No,,Kolkata,"Dhunseri House, 4A Woodburn Park, Kolkata 700020",Disqualified,Disqualified,3,No email listed (paper-dominant) | Kolkata HQ,Conglomerate keyword match (DHUNSERI),1-Page Postal Letter,1-Page Postal Dispatch,"Namaskar,

When green leaf trucks move from field divisions to the factory at Bahadur Tea Estate, what percentage difference are you typically seeing between the field scale and factory weighbridge?

Most independent estates in Tinsukia tell us they only catch leaf discrepancies and proxy hazira 10 to 14 days later when the fortnightly muster roll reaches the office.

Are you able to see your daily leaf reconciliation and worker count on your phone before the evening shift, or is your team still compiling it on paper?"
Assam,BAGHBARI TEA ESTATE,Organized Estate,No,Baghbari Tea Company Private Limited,Tinsukia,50.66,Mahendra Kumar Goenka,,,No,baghbariteaco@gmail.com,Tinsukia,Lunpuria Bangali Gaon / Panitola Assam,Qualified,Tier 1 (High Leakage / Paper Priority),7,Consumer/ISP email (@gmail.com) | Mid-tier acreage sweet spot (50.66 Ha),,1-Page Postal Letter,1-Page Postal Dispatch + Email,"Namaskar Mahendra-ji,

When green leaf trucks move from field divisions to the factory at Baghbari Tea Estate, what percentage difference are you typically seeing between the field scale and factory weighbridge?

Most independent estates in Tinsukia tell us they only catch leaf discrepancies and proxy hazira 10 to 14 days later when the fortnightly muster roll reaches the office.

Are you able to see your daily leaf reconciliation and worker count on your phone before the evening shift, or is your team still compiling it on paper?"
Assam,BAGHJAN TEA ESTATE G,Organized Estate,No,BAGHJAN TEA ESTATE G,Tinsukia,Organized Plantation,,,,No,,Tinsukia,"Tinsukia, Assam",Uncertain / Backlog,Tier 3,2,No email listed (paper-dominant),Low signal density,1-Page Postal Letter,1-Page Postal Dispatch,"Namaskar,

When green leaf trucks move from field divisions to the factory at Baghjan Tea Estate G, what percentage difference are you typically seeing between the field scale and factory weighbridge?

Most independent estates in Tinsukia tell us they only catch leaf discrepancies and proxy hazira 10 to 14 days later when the fortnightly muster roll reaches the office.

Are you able to see your daily leaf reconciliation and worker count on your phone before the evening shift, or is your team still compiling it on paper?"
Assam,BAJRANGPUR,Organized Estate,No,BAJRANGPUR,Tinsukia,Organized Plantation,,,,No,,Tinsukia,"Tinsukia, Assam",Uncertain / Backlog,Tier 3,2,No email listed (paper-dominant),Low signal density,1-Page Postal Letter,1-Page Postal Dispatch,"Namaskar,

When green leaf trucks move from field divisions to the factory at Bajrangpur, what percentage difference are you typically seeing between the field scale and factory weighbridge?

Most independent estates in Tinsukia tell us they only catch leaf discrepancies and proxy hazira 10 to 14 days later when the fortnightly muster roll reaches the office.

Are you able to see your daily leaf reconciliation and worker count on your phone before the evening shift, or is your team still compiling it on paper?"
Assam,ALAKANANDA TEA ESTATE,Organized Estate,No,ALAKANANDA TEA ESTATE,Tinsukia,Organized Plantation,,,,No,,Tinsukia,"Tinsukia, Assam",Uncertain / Backlog,Tier 3,2,No email listed (paper-dominant),Low signal density,1-Page Postal Letter,1-Page Postal Dispatch,"Namaskar,

When green leaf trucks move from field divisions to the factory at Alakananda Tea Estate, what percentage difference are you typically seeing between the field scale and factory weighbridge?

Most independent estates in Tinsukia tell us they only catch leaf discrepancies and proxy hazira 10 to 14 days later when the fortnightly muster roll reaches the office.

Are you able to see your daily leaf reconciliation and worker count on your phone before the evening shift, or is your team still compiling it on paper?"
Assam,AMBIKA TEA ESTATE,Organized Estate,No,AMBIKA TEA ESTATE,Tinsukia,Organized Plantation,,,,No,,Tinsukia,"Tinsukia, Assam",Uncertain / Backlog,Tier 3,2,No email listed (paper-dominant),Low signal density,1-Page Postal Letter,1-Page Postal Dispatch,"Namaskar,

When green leaf trucks move from field divisions to the factory at Ambika Tea Estate, what percentage difference are you typically seeing between the field scale and factory weighbridge?

Most independent estates in Tinsukia tell us they only catch leaf discrepancies and proxy hazira 10 to 14 days later when the fortnightly muster roll reaches the office.

Are you able to see your daily leaf reconciliation and worker count on your phone before the evening shift, or is your team still compiling it on paper?"
Assam,ANANDABAG TEA ESTATE,Organized Estate,No,The Ananda Bag Tea Company Limited,Tinsukia,281.0,,,,No,,Tinsukia,Makum Junction Assam 786170,Disqualified,Disqualified,5,No email listed (paper-dominant) | Mid-tier acreage sweet spot (281.0 Ha),Public limited company,1-Page Postal Letter,1-Page Postal Dispatch,"Namaskar,

When green leaf trucks move from field divisions to the factory at Anandabag Tea Estate, what percentage difference are you typically seeing between the field scale and factory weighbridge?

Most independent estates in Tinsukia tell us they only catch leaf discrepancies and proxy hazira 10 to 14 days later when the fortnightly muster roll reaches the office.

Are you able to see your daily leaf reconciliation and worker count on your phone before the evening shift, or is your team still compiling it on paper?"
Assam,ANANDAPOOR TEA ESTATE,Organized Estate,No,ANANDAPOOR TEA ESTATE,Tinsukia,Organized Plantation,,,,No,,Tinsukia,"Tinsukia, Assam",Uncertain / Backlog,Tier 3,2,No email listed (paper-dominant),Low signal density,1-Page Postal Letter,1-Page Postal Dispatch,"Namaskar,

When green leaf trucks move from field divisions to the factory at Anandapoor Tea Estate, what percentage difference are you typically seeing between the field scale and factory weighbridge?

Most independent estates in Tinsukia tell us they only catch leaf discrepancies and proxy hazira 10 to 14 days later when the fortnightly muster roll reaches the office.

Are you able to see your daily leaf reconciliation and worker count on your phone before the evening shift, or is your team still compiling it on paper?"
Assam,NAMDANG,Organized Estate,No,NAMDANG,Tinsukia,Organized Plantation,,,,No,,Tinsukia,"Tinsukia, Assam",Uncertain / Backlog,Tier 3,2,No email listed (paper-dominant),Low signal density,1-Page Postal Letter,1-Page Postal Dispatch,"Namaskar,

When green leaf trucks move from field divisions to the factory at Namdang, what percentage difference are you typically seeing between the field scale and factory weighbridge?

Most independent estates in Tinsukia tell us they only catch leaf discrepancies and proxy hazira 10 to 14 days later when the fortnightly muster roll reaches the office.

Are you able to see your daily leaf reconciliation and worker count on your phone before the evening shift, or is your team still compiling it on paper?"
Assam,NILIMA,Organized Estate,No,NILIMA,Tinsukia,Organized Plantation,,,,No,,Tinsukia,"Tinsukia, Assam",Uncertain / Backlog,Tier 3,2,No email listed (paper-dominant),Low signal density,1-Page Postal Letter,1-Page Postal Dispatch,"Namaskar,

When green leaf trucks move from field divisions to the factory at Nilima, what percentage difference are you typically seeing between the field scale and factory weighbridge?

Most independent estates in Tinsukia tell us they only catch leaf discrepancies and proxy hazira 10 to 14 days later when the fortnightly muster roll reaches the office.

Are you able to see your daily leaf reconciliation and worker count on your phone before the evening shift, or is your team still compiling it on paper?"
Assam,HOLLONGHABI TEA ESTATE,Organized Estate,No,HOLLONGHABI TEA ESTATE,Tinsukia,Organized Plantation,,,,No,,Tinsukia,"Tinsukia, Assam",Uncertain / Backlog,Tier 3,2,No email listed (paper-dominant),Low signal density,1-Page Postal Letter,1-Page Postal Dispatch,"Namaskar,

When green leaf trucks move from field divisions to the factory at Hollonghabi Tea Estate, what percentage difference are you typically seeing between the field scale and factory weighbridge?

Most independent estates in Tinsukia tell us they only catch leaf discrepancies and proxy hazira 10 to 14 days later when the fortnightly muster roll reaches the office.

Are you able to see your daily leaf reconciliation and worker count on your phone before the evening shift, or is your team still compiling it on paper?"
Assam,HOKONGURI TEA ESTATE,Organized Estate,No,HOKONGURI TEA ESTATE,Tinsukia,Organized Plantation,,,,No,,Tinsukia,"Tinsukia, Assam",Uncertain / Backlog,Tier 3,2,No email listed (paper-dominant),Low signal density,1-Page Postal Letter,1-Page Postal Dispatch,"Namaskar,

When green leaf trucks move from field divisions to the factory at Hokonguri Tea Estate, what percentage difference are you typically seeing between the field scale and factory weighbridge?

Most independent estates in Tinsukia tell us they only catch leaf discrepancies and proxy hazira 10 to 14 days later when the fortnightly muster roll reaches the office.

Are you able to see your daily leaf reconciliation and worker count on your phone before the evening shift, or is your team still compiling it on paper?"
Assam,HILIKA TEA ESTATE J,Organized Estate,No,Apeejay Tea Limited (Assam Frontier),Tinsukia,Organized Plantation,,,,No,,Kolkata,"Apeejay House, 15 Park Street, Kolkata 700016",Disqualified,Disqualified,3,No email listed (paper-dominant) | Kolkata HQ,Conglomerate keyword match (APEEJAY),1-Page Postal Letter,1-Page Postal Dispatch,"Namaskar,

When green leaf trucks move from field divisions to the factory at Hilika Tea Estate J, what percentage difference are you typically seeing between the field scale and factory weighbridge?

Most independent estates in Tinsukia tell us they only catch leaf discrepancies and proxy hazira 10 to 14 days later when the fortnightly muster roll reaches the office.

Are you able to see your daily leaf reconciliation and worker count on your phone before the evening shift, or is your team still compiling it on paper?"
Assam,ITAKHOOLI TEA ESTATE D,Organized Estate,No,ITAKHOOLI TEA ESTATE D,Tinsukia,Organized Plantation,,,,No,,Tinsukia,"Tinsukia, Assam",Uncertain / Backlog,Tier 3,2,No email listed (paper-dominant),Low signal density,1-Page Postal Letter,1-Page Postal Dispatch,"Namaskar,

When green leaf trucks move from field divisions to the factory at Itakhooli Tea Estate D, what percentage difference are you typically seeing between the field scale and factory weighbridge?

Most independent estates in Tinsukia tell us they only catch leaf discrepancies and proxy hazira 10 to 14 days later when the fortnightly muster roll reaches the office.

Are you able to see your daily leaf reconciliation and worker count on your phone before the evening shift, or is your team still compiling it on paper?"
Assam,PADUMANI TEA ESTATE,Organized Estate,No,Balabux Laxmi Narayan partnership - current group fit unresolved,Tinsukia,51.7,Vivek Agarwal,,,No,padumani@padumanigroup.com,Tinsukia,Rungagora Road Tinsukia Assam 786125,Qualified,Tier 2 (Qualified Independent),4,Custom domain (@padumanigroup.com) | Mid-tier acreage sweet spot (51.7 Ha),,1-Page Postal Letter,1-Page Postal Dispatch + Email,"Namaskar Vivek-ji,

When green leaf trucks move from field divisions to the factory at Padumani Tea Estate, what percentage difference are you typically seeing between the field scale and factory weighbridge?

Most independent estates in Tinsukia tell us they only catch leaf discrepancies and proxy hazira 10 to 14 days later when the fortnightly muster roll reaches the office.

Are you able to see your daily leaf reconciliation and worker count on your phone before the evening shift, or is your team still compiling it on paper?"
Assam,JALPUNIA TEA ESTATE,Organized Estate,No,JALPUNIA TEA ESTATE,Tinsukia,Organized Plantation,,,,No,,Tinsukia,"Tinsukia, Assam",Uncertain / Backlog,Tier 3,2,No email listed (paper-dominant),Low signal density,1-Page Postal Letter,1-Page Postal Dispatch,"Namaskar,

When green leaf trucks move from field divisions to the factory at Jalpunia Tea Estate, what percentage difference are you typically seeing between the field scale and factory weighbridge?

Most independent estates in Tinsukia tell us they only catch leaf discrepancies and proxy hazira 10 to 14 days later when the fortnightly muster roll reaches the office.

Are you able to see your daily leaf reconciliation and worker count on your phone before the evening shift, or is your team still compiling it on paper?"
Assam,DIROK TEA ESTATE,Organized Estate,No,DIROK TEA ESTATE,Tinsukia,Organized Plantation,,,,No,,Tinsukia,"Tinsukia, Assam",Uncertain / Backlog,Tier 3,2,No email listed (paper-dominant),Low signal density,1-Page Postal Letter,1-Page Postal Dispatch,"Namaskar,

When green leaf trucks move from field divisions to the factory at Dirok Tea Estate, what percentage difference are you typically seeing between the field scale and factory weighbridge?

Most independent estates in Tinsukia tell us they only catch leaf discrepancies and proxy hazira 10 to 14 days later when the fortnightly muster roll reaches the office.

Are you able to see your daily leaf reconciliation and worker count on your phone before the evening shift, or is your team still compiling it on paper?"
Assam,DIGULTURRUNG TEA ESTATE,Organized Estate,No,Assam Company India Limited (BRS Group),Tinsukia,Organized Plantation,,,,No,,Guwahati,"Greenwood Tea Estate, Dibrugarh / GS Road Guwahati",Disqualified,Disqualified,3,No email listed (paper-dominant) | Guwahati HQ,Conglomerate keyword match (ASSAM COMPANY),1-Page Postal Letter,1-Page Postal Dispatch,"Namaskar,

When green leaf trucks move from field divisions to the factory at Digulturrung Tea Estate, what percentage difference are you typically seeing between the field scale and factory weighbridge?

Most independent estates in Tinsukia tell us they only catch leaf discrepancies and proxy hazira 10 to 14 days later when the fortnightly muster roll reaches the office.

Are you able to see your daily leaf reconciliation and worker count on your phone before the evening shift, or is your team still compiling it on paper?"
Assam,DINJAN TEA ESTATE,Organized Estate,No,Assam Company India Limited (BRS Group),Tinsukia,Organized Plantation,,9954440448,9954440448,Yes,,Guwahati,"Greenwood Tea Estate, Dibrugarh / GS Road Guwahati",Disqualified,Disqualified,3,No email listed (paper-dominant) | Guwahati HQ,Conglomerate keyword match (ASSAM COMPANY),WhatsApp / Phone,WhatsApp / Call + 1-Page Postal Dispatch,"Namaskar,

When green leaf trucks move from field divisions to the factory at Dinjan Tea Estate, what percentage difference are you typically seeing between the field scale and factory weighbridge?

Most independent estates in Tinsukia tell us they only catch leaf discrepancies and proxy hazira 10 to 14 days later when the fortnightly muster roll reaches the office.

Are you able to see your daily leaf reconciliation and worker count on your phone before the evening shift, or is your team still compiling it on paper?"
Assam,DUAMARA TEA ESTATE,Organized Estate,No,Warren Tea Limited,Tinsukia,Organized Plantation,,,,No,,Kolkata,"Suvira House, 4B Hungerford Street, Kolkata 700017",Disqualified,Disqualified,3,No email listed (paper-dominant) | Kolkata HQ,Conglomerate keyword match (WARREN TEA),1-Page Postal Letter,1-Page Postal Dispatch,"Namaskar,

When green leaf trucks move from field divisions to the factory at Duamara Tea Estate, what percentage difference are you typically seeing between the field scale and factory weighbridge?

Most independent estates in Tinsukia tell us they only catch leaf discrepancies and proxy hazira 10 to 14 days later when the fortnightly muster roll reaches the office.

Are you able to see your daily leaf reconciliation and worker count on your phone before the evening shift, or is your team still compiling it on paper?"
Assam,GANGABARI TEA ESTATE,Organized Estate,No,Gangabari Tea Company Private Limited,Tinsukia,124.94,Paresh Patwari,,,No,gangabari@yahoo.com,Tinsukia,Chotahapjan Assam,Qualified,Tier 1 (High Leakage / Paper Priority),7,Consumer/ISP email (@yahoo.com) | Mid-tier acreage sweet spot (124.94 Ha),,1-Page Postal Letter,1-Page Postal Dispatch + Email,"Namaskar Paresh-ji,

When green leaf trucks move from field divisions to the factory at Gangabari Tea Estate, what percentage difference are you typically seeing between the field scale and factory weighbridge?

Most independent estates in Tinsukia tell us they only catch leaf discrepancies and proxy hazira 10 to 14 days later when the fortnightly muster roll reaches the office.

Are you able to see your daily leaf reconciliation and worker count on your phone before the evening shift, or is your team still compiling it on paper?"
Assam,HATIMARA TEA ESTATE,Organized Estate,No,Warren Tea Limited,Tinsukia,Organized Plantation,,,,No,,Kolkata,"Suvira House, 4B Hungerford Street, Kolkata 700017",Disqualified,Disqualified,3,No email listed (paper-dominant) | Kolkata HQ,Conglomerate keyword match (WARREN TEA),1-Page Postal Letter,1-Page Postal Dispatch,"Namaskar,

When green leaf trucks move from field divisions to the factory at Hatimara Tea Estate, what percentage difference are you typically seeing between the field scale and factory weighbridge?

Most independent estates in Tinsukia tell us they only catch leaf discrepancies and proxy hazira 10 to 14 days later when the fortnightly muster roll reaches the office.

Are you able to see your daily leaf reconciliation and worker count on your phone before the evening shift, or is your team still compiling it on paper?"
Assam,HAPJAN TEA ESTATE J,Organized Estate,No,Dhunseri Tea & Industries Limited,Tinsukia,Organized Plantation,,,,No,,Kolkata,"Dhunseri House, 4A Woodburn Park, Kolkata 700020",Disqualified,Disqualified,3,No email listed (paper-dominant) | Kolkata HQ,Conglomerate keyword match (DHUNSERI),1-Page Postal Letter,1-Page Postal Dispatch,"Namaskar,

When green leaf trucks move from field divisions to the factory at Hapjan Tea Estate J, what percentage difference are you typically seeing between the field scale and factory weighbridge?

Most independent estates in Tinsukia tell us they only catch leaf discrepancies and proxy hazira 10 to 14 days later when the fortnightly muster roll reaches the office.

Are you able to see your daily leaf reconciliation and worker count on your phone before the evening shift, or is your team still compiling it on paper?"
Assam,HANUMAN TEA ESTATE,Organized Estate,No,HANUMAN TEA ESTATE,Tinsukia,Organized Plantation,,,,No,,Tinsukia,"Tinsukia, Assam",Uncertain / Backlog,Tier 3,2,No email listed (paper-dominant),Low signal density,1-Page Postal Letter,1-Page Postal Dispatch,"Namaskar,

When green leaf trucks move from field divisions to the factory at Hanuman Tea Estate, what percentage difference are you typically seeing between the field scale and factory weighbridge?

Most independent estates in Tinsukia tell us they only catch leaf discrepancies and proxy hazira 10 to 14 days later when the fortnightly muster roll reaches the office.

Are you able to see your daily leaf reconciliation and worker count on your phone before the evening shift, or is your team still compiling it on paper?"
Assam,GOHAIN TEA ESTATE,Organized Estate,No,GOHAIN TEA ESTATE,Tinsukia,Organized Plantation,,,,No,,Tinsukia,"Tinsukia, Assam",Uncertain / Backlog,Tier 3,2,No email listed (paper-dominant),Low signal density,1-Page Postal Letter,1-Page Postal Dispatch,"Namaskar,

When green leaf trucks move from field divisions to the factory at Gohain Tea Estate, what percentage difference are you typically seeing between the field scale and factory weighbridge?

Most independent estates in Tinsukia tell us they only catch leaf discrepancies and proxy hazira 10 to 14 days later when the fortnightly muster roll reaches the office.

Are you able to see your daily leaf reconciliation and worker count on your phone before the evening shift, or is your team still compiling it on paper?"
Assam,GILLAPUKRI,Organized Estate,No,Gillapukri Tea Company Limited,Tinsukia,258.25,,,,No,,Tinsukia,Borguri Assam 786126,Disqualified,Disqualified,5,No email listed (paper-dominant) | Mid-tier acreage sweet spot (258.25 Ha),Public limited company,1-Page Postal Letter,1-Page Postal Dispatch,"Namaskar,

When green leaf trucks move from field divisions to the factory at Gillapukri, what percentage difference are you typically seeing between the field scale and factory weighbridge?

Most independent estates in Tinsukia tell us they only catch leaf discrepancies and proxy hazira 10 to 14 days later when the fortnightly muster roll reaches the office.

Are you able to see your daily leaf reconciliation and worker count on your phone before the evening shift, or is your team still compiling it on paper?"
Assam,VISHNU TEA ESTATE,Organized Estate,No,VISHNU TEA ESTATE,Tinsukia,Organized Plantation,,,,No,,Tinsukia,"Tinsukia, Assam",Uncertain / Backlog,Tier 3,2,No email listed (paper-dominant),Low signal density,1-Page Postal Letter,1-Page Postal Dispatch,"Namaskar,

When green leaf trucks move from field divisions to the factory at Vishnu Tea Estate, what percentage difference are you typically seeing between the field scale and factory weighbridge?

Most independent estates in Tinsukia tell us they only catch leaf discrepancies and proxy hazira 10 to 14 days later when the fortnightly muster roll reaches the office.

Are you able to see your daily leaf reconciliation and worker count on your phone before the evening shift, or is your team still compiling it on paper?"
Assam,TONGANAGAON T.E,Organized Estate,No,TONGANAGAON T.E,Tinsukia,Organized Plantation,,,,No,,Tinsukia,"Tinsukia, Assam",Uncertain / Backlog,Tier 3,2,No email listed (paper-dominant),Low signal density,1-Page Postal Letter,1-Page Postal Dispatch,"Namaskar,

When green leaf trucks move from field divisions to the factory at Tonganagaon T.E, what percentage difference are you typically seeing between the field scale and factory weighbridge?

Most independent estates in Tinsukia tell us they only catch leaf discrepancies and proxy hazira 10 to 14 days later when the fortnightly muster roll reaches the office.

Are you able to see your daily leaf reconciliation and worker count on your phone before the evening shift, or is your team still compiling it on paper?"
Assam,TIPPUK,Organized Estate,No,TIPPUK,Tinsukia,Organized Plantation,,,,No,,Tinsukia,"Tinsukia, Assam",Uncertain / Backlog,Tier 3,2,No email listed (paper-dominant),Low signal density,1-Page Postal Letter,1-Page Postal Dispatch,"Namaskar,

When green leaf trucks move from field divisions to the factory at Tippuk, what percentage difference are you typically seeing between the field scale and factory weighbridge?

Most independent estates in Tinsukia tell us they only catch leaf discrepancies and proxy hazira 10 to 14 days later when the fortnightly muster roll reaches the office.

Are you able to see your daily leaf reconciliation and worker count on your phone before the evening shift, or is your team still compiling it on paper?"
Assam,SEWPUR TEA ESTATE,Organized Estate,No,SEWPUR TEA ESTATE,Tinsukia,Organized Plantation,,,,No,,Tinsukia,"Tinsukia, Assam",Uncertain / Backlog,Tier 3,2,No email listed (paper-dominant),Low signal density,1-Page Postal Letter,1-Page Postal Dispatch,"Namaskar,

When green leaf trucks move from field divisions to the factory at Sewpur Tea Estate, what percentage difference are you typically seeing between the field scale and factory weighbridge?

Most independent estates in Tinsukia tell us they only catch leaf discrepancies and proxy hazira 10 to 14 days later when the fortnightly muster roll reaches the office.

Are you able to see your daily leaf reconciliation and worker count on your phone before the evening shift, or is your team still compiling it on paper?"
Assam,SEWALI,Organized Estate,No,SEWALI,Tinsukia,Organized Plantation,,,,No,,Tinsukia,"Tinsukia, Assam",Uncertain / Backlog,Tier 3,2,No email listed (paper-dominant),Low signal density,1-Page Postal Letter,1-Page Postal Dispatch,"Namaskar,

When green leaf trucks move from field divisions to the factory at Sewali, what percentage difference are you typically seeing between the field scale and factory weighbridge?

Most independent estates in Tinsukia tell us they only catch leaf discrepancies and proxy hazira 10 to 14 days later when the fortnightly muster roll reaches the office.

Are you able to see your daily leaf reconciliation and worker count on your phone before the evening shift, or is your team still compiling it on paper?"
Assam,SEGUNBARI TEA ESTATE,Organized Estate,No,Segunbari Tea Company Limited,Tinsukia,Organized Plantation,,,,No,,Tinsukia,Margherita Assam,Disqualified,Disqualified,2,No email listed (paper-dominant),Public limited company,1-Page Postal Letter,1-Page Postal Dispatch,"Namaskar,

When green leaf trucks move from field divisions to the factory at Segunbari Tea Estate, what percentage difference are you typically seeing between the field scale and factory weighbridge?

Most independent estates in Tinsukia tell us they only catch leaf discrepancies and proxy hazira 10 to 14 days later when the fortnightly muster roll reaches the office.

Are you able to see your daily leaf reconciliation and worker count on your phone before the evening shift, or is your team still compiling it on paper?"
Assam,SAVITRI TEA ESTATE,Organized Estate,No,SAVITRI TEA ESTATE,Tinsukia,Organized Plantation,,,,No,,Tinsukia,"Tinsukia, Assam",Uncertain / Backlog,Tier 3,2,No email listed (paper-dominant),Low signal density,1-Page Postal Letter,1-Page Postal Dispatch,"Namaskar,

When green leaf trucks move from field divisions to the factory at Savitri Tea Estate, what percentage difference are you typically seeing between the field scale and factory weighbridge?

Most independent estates in Tinsukia tell us they only catch leaf discrepancies and proxy hazira 10 to 14 days later when the fortnightly muster roll reaches the office.

Are you able to see your daily leaf reconciliation and worker count on your phone before the evening shift, or is your team still compiling it on paper?"
Assam,SANKAR TEA ESTATE,Organized Estate,No,Sankar Tea Company Private Limited,Tinsukia,141.71,Ashok Kumar Lohia,,,No,sankarte@chamong.com,Tinsukia,Saikhowaghat / Dholla Assam 786154,Qualified,Tier 2 (Qualified Independent),4,Custom domain (@chamong.com) | Mid-tier acreage sweet spot (141.71 Ha),,1-Page Postal Letter,1-Page Postal Dispatch + Email,"Namaskar Ashok-ji,

When green leaf trucks move from field divisions to the factory at Sankar Tea Estate, what percentage difference are you typically seeing between the field scale and factory weighbridge?

Most independent estates in Tinsukia tell us they only catch leaf discrepancies and proxy hazira 10 to 14 days later when the fortnightly muster roll reaches the office.

Are you able to see your daily leaf reconciliation and worker count on your phone before the evening shift, or is your team still compiling it on paper?"
Assam,SAMDANG TEA ESTATE,Organized Estate,No,SAMDANG TEA ESTATE,Tinsukia,Organized Plantation,,,,No,,Tinsukia,"Tinsukia, Assam",Uncertain / Backlog,Tier 3,2,No email listed (paper-dominant),Low signal density,1-Page Postal Letter,1-Page Postal Dispatch,"Namaskar,

When green leaf trucks move from field divisions to the factory at Samdang Tea Estate, what percentage difference are you typically seeing between the field scale and factory weighbridge?

Most independent estates in Tinsukia tell us they only catch leaf discrepancies and proxy hazira 10 to 14 days later when the fortnightly muster roll reaches the office.

Are you able to see your daily leaf reconciliation and worker count on your phone before the evening shift, or is your team still compiling it on paper?"
Assam,SAPORTOLI TEA ESTATE,Organized Estate,No,SAPORTOLI TEA ESTATE,Tinsukia,Organized Plantation,,,,No,,Tinsukia,"Tinsukia, Assam",Uncertain / Backlog,Tier 3,2,No email listed (paper-dominant),Low signal density,1-Page Postal Letter,1-Page Postal Dispatch,"Namaskar,

When green leaf trucks move from field divisions to the factory at Saportoli Tea Estate, what percentage difference are you typically seeing between the field scale and factory weighbridge?

Most independent estates in Tinsukia tell us they only catch leaf discrepancies and proxy hazira 10 to 14 days later when the fortnightly muster roll reaches the office.

Are you able to see your daily leaf reconciliation and worker count on your phone before the evening shift, or is your team still compiling it on paper?"
Assam,SADASIVA TEA ESTATE,Organized Estate,No,Sadasiva Tea Company Private Limited,Tinsukia,120.88,Mitali Chakravarty,9435031577,9435031577,Yes,ssdibrugarhho@gmail.com,Tinsukia,Tinsukia Assam,Qualified,Tier 1 (High Leakage / Paper Priority),7,Consumer/ISP email (@gmail.com) | Mid-tier acreage sweet spot (120.88 Ha),,WhatsApp / Phone,WhatsApp / Call + 1-Page Postal Dispatch + Email,"Namaskar Mitali-ji,

When green leaf trucks move from field divisions to the factory at Sadasiva Tea Estate, what percentage difference are you typically seeing between the field scale and factory weighbridge?

Most independent estates in Tinsukia tell us they only catch leaf discrepancies and proxy hazira 10 to 14 days later when the fortnightly muster roll reaches the office.

Are you able to see your daily leaf reconciliation and worker count on your phone before the evening shift, or is your team still compiling it on paper?"
Assam,FATHEPUR TEA COMPANY,Organized Estate,No,FATHEPUR TEA COMPANY,Tinsukia,Organized Plantation,,,,No,,Tinsukia,"Tinsukia, Assam",Uncertain / Backlog,Tier 3,2,No email listed (paper-dominant),Low signal density,1-Page Postal Letter,1-Page Postal Dispatch,"Namaskar,

When green leaf trucks move from field divisions to the factory at Fathepur Tea Company, what percentage difference are you typically seeing between the field scale and factory weighbridge?

Most independent estates in Tinsukia tell us they only catch leaf discrepancies and proxy hazira 10 to 14 days later when the fortnightly muster roll reaches the office.

Are you able to see your daily leaf reconciliation and worker count on your phone before the evening shift, or is your team still compiling it on paper?"
Assam,PHILLOBARI D,Organized Estate,No,PHILLOBARI D,Tinsukia,Organized Plantation,,,,No,,Tinsukia,"Tinsukia, Assam",Uncertain / Backlog,Tier 3,2,No email listed (paper-dominant),Low signal density,1-Page Postal Letter,1-Page Postal Dispatch,"Namaskar,

When green leaf trucks move from field divisions to the factory at Phillobari D, what percentage difference are you typically seeing between the field scale and factory weighbridge?

Most independent estates in Tinsukia tell us they only catch leaf discrepancies and proxy hazira 10 to 14 days later when the fortnightly muster roll reaches the office.

Are you able to see your daily leaf reconciliation and worker count on your phone before the evening shift, or is your team still compiling it on paper?"
Assam,PENGAREE J,Organized Estate,No,Apeejay Tea Limited (Assam Frontier),Tinsukia,Organized Plantation,,,,No,,Kolkata,"Apeejay House, 15 Park Street, Kolkata 700016",Disqualified,Disqualified,3,No email listed (paper-dominant) | Kolkata HQ,Conglomerate keyword match (APEEJAY),1-Page Postal Letter,1-Page Postal Dispatch,"Namaskar,

When green leaf trucks move from field divisions to the factory at Pengaree J, what percentage difference are you typically seeing between the field scale and factory weighbridge?

Most independent estates in Tinsukia tell us they only catch leaf discrepancies and proxy hazira 10 to 14 days later when the fortnightly muster roll reaches the office.

Are you able to see your daily leaf reconciliation and worker count on your phone before the evening shift, or is your team still compiling it on paper?"
Assam,PATKAI,Organized Estate,No,PATKAI,Tinsukia,Organized Plantation,,,,No,,Tinsukia,"Tinsukia, Assam",Uncertain / Backlog,Tier 3,2,No email listed (paper-dominant),Low signal density,1-Page Postal Letter,1-Page Postal Dispatch,"Namaskar,

When green leaf trucks move from field divisions to the factory at Patkai, what percentage difference are you typically seeing between the field scale and factory weighbridge?

Most independent estates in Tinsukia tell us they only catch leaf discrepancies and proxy hazira 10 to 14 days later when the fortnightly muster roll reaches the office.

Are you able to see your daily leaf reconciliation and worker count on your phone before the evening shift, or is your team still compiling it on paper?"
Assam,RAIDANG TEA ESTATE,Organized Estate,No,RAIDANG TEA ESTATE,Tinsukia,Organized Plantation,,,,No,,Tinsukia,"Tinsukia, Assam",Uncertain / Backlog,Tier 3,2,No email listed (paper-dominant),Low signal density,1-Page Postal Letter,1-Page Postal Dispatch,"Namaskar,

When green leaf trucks move from field divisions to the factory at Raidang Tea Estate, what percentage difference are you typically seeing between the field scale and factory weighbridge?

Most independent estates in Tinsukia tell us they only catch leaf discrepancies and proxy hazira 10 to 14 days later when the fortnightly muster roll reaches the office.

Are you able to see your daily leaf reconciliation and worker count on your phone before the evening shift, or is your team still compiling it on paper?"
Assam,PARSURAM (SOUTH) TEA ESTATE,Organized Estate,No,PARSURAM (SOUTH) TEA ESTATE,Tinsukia,Organized Plantation,,,,No,,Tinsukia,"Tinsukia, Assam",Uncertain / Backlog,Tier 3,2,No email listed (paper-dominant),Low signal density,1-Page Postal Letter,1-Page Postal Dispatch,"Namaskar,

When green leaf trucks move from field divisions to the factory at Parsuram (South) Tea Estate, what percentage difference are you typically seeing between the field scale and factory weighbridge?

Most independent estates in Tinsukia tell us they only catch leaf discrepancies and proxy hazira 10 to 14 days later when the fortnightly muster roll reaches the office.

Are you able to see your daily leaf reconciliation and worker count on your phone before the evening shift, or is your team still compiling it on paper?"
Assam,PARSURAM (NORTH) TEA ESTATE,Organized Estate,No,PARSURAM (NORTH) TEA ESTATE,Tinsukia,Organized Plantation,,,,No,,Tinsukia,"Tinsukia, Assam",Uncertain / Backlog,Tier 3,2,No email listed (paper-dominant),Low signal density,1-Page Postal Letter,1-Page Postal Dispatch,"Namaskar,

When green leaf trucks move from field divisions to the factory at Parsuram (North) Tea Estate, what percentage difference are you typically seeing between the field scale and factory weighbridge?

Most independent estates in Tinsukia tell us they only catch leaf discrepancies and proxy hazira 10 to 14 days later when the fortnightly muster roll reaches the office.

Are you able to see your daily leaf reconciliation and worker count on your phone before the evening shift, or is your team still compiling it on paper?"
Assam,PADUMANI,Organized Estate,No,Balabux Laxmi Narayan partnership - current group fit unresolved,Tinsukia,51.7,Vivek Agarwal,,,No,padumani@padumanigroup.com,Tinsukia,Rungagora Road Tinsukia Assam 786125,Qualified,Tier 2 (Qualified Independent),4,Custom domain (@padumanigroup.com) | Mid-tier acreage sweet spot (51.7 Ha),,1-Page Postal Letter,1-Page Postal Dispatch + Email,"Namaskar Vivek-ji,

When green leaf trucks move from field divisions to the factory at Padumani, what percentage difference are you typically seeing between the field scale and factory weighbridge?

Most independent estates in Tinsukia tell us they only catch leaf discrepancies and proxy hazira 10 to 14 days later when the fortnightly muster roll reaches the office.

Are you able to see your daily leaf reconciliation and worker count on your phone before the evening shift, or is your team still compiling it on paper?"
Assam,RUPAI TEA ESTATE,Organized Estate,No,Warren Tea Limited,Tinsukia,Organized Plantation,,,,No,,Kolkata,"Suvira House, 4B Hungerford Street, Kolkata 700017",Disqualified,Disqualified,3,No email listed (paper-dominant) | Kolkata HQ,Conglomerate keyword match (WARREN TEA),1-Page Postal Letter,1-Page Postal Dispatch,"Namaskar,

When green leaf trucks move from field divisions to the factory at Rupai Tea Estate, what percentage difference are you typically seeing between the field scale and factory weighbridge?

Most independent estates in Tinsukia tell us they only catch leaf discrepancies and proxy hazira 10 to 14 days later when the fortnightly muster roll reaches the office.

Are you able to see your daily leaf reconciliation and worker count on your phone before the evening shift, or is your team still compiling it on paper?"
Assam,RUNGAGORA,Organized Estate,No,Assam Company India Limited (BRS Group),Tinsukia,Organized Plantation,,,,No,,Guwahati,"Greenwood Tea Estate, Dibrugarh / GS Road Guwahati",Disqualified,Disqualified,3,No email listed (paper-dominant) | Guwahati HQ,Conglomerate keyword match (ASSAM COMPANY),1-Page Postal Letter,1-Page Postal Dispatch,"Namaskar,

When green leaf trucks move from field divisions to the factory at Rungagora, what percentage difference are you typically seeing between the field scale and factory weighbridge?

Most independent estates in Tinsukia tell us they only catch leaf discrepancies and proxy hazira 10 to 14 days later when the fortnightly muster roll reaches the office.

Are you able to see your daily leaf reconciliation and worker count on your phone before the evening shift, or is your team still compiling it on paper?"
Assam,PRABHAT TEA ESTATE,Organized Estate,No,Prabhat Tea Estate Assam Private Limited,Tinsukia,115.85,Prabhudayal Beriwal,9954430589,9954430589,Yes,prabhatte2015@gmail.com,Tinsukia,Rupai Siding Doomdooma Assam 786153,Qualified,Tier 1 (High Leakage / Paper Priority),7,Consumer/ISP email (@gmail.com) | Mid-tier acreage sweet spot (115.85 Ha),,WhatsApp / Phone,WhatsApp / Call + 1-Page Postal Dispatch + Email,"Namaskar Prabhudayal-ji,

When green leaf trucks move from field divisions to the factory at Prabhat Tea Estate, what percentage difference are you typically seeing between the field scale and factory weighbridge?

Most independent estates in Tinsukia tell us they only catch leaf discrepancies and proxy hazira 10 to 14 days later when the fortnightly muster roll reaches the office.

Are you able to see your daily leaf reconciliation and worker count on your phone before the evening shift, or is your team still compiling it on paper?"
Assam,POWAI A,Organized Estate,No,POWAI A,Tinsukia,Organized Plantation,,,,No,,Tinsukia,"Tinsukia, Assam",Uncertain / Backlog,Tier 3,2,No email listed (paper-dominant),Low signal density,1-Page Postal Letter,1-Page Postal Dispatch,"Namaskar,

When green leaf trucks move from field divisions to the factory at Powai A, what percentage difference are you typically seeing between the field scale and factory weighbridge?

Most independent estates in Tinsukia tell us they only catch leaf discrepancies and proxy hazira 10 to 14 days later when the fortnightly muster roll reaches the office.

Are you able to see your daily leaf reconciliation and worker count on your phone before the evening shift, or is your team still compiling it on paper?"
Assam,PANEERY T.E.,Organized Estate,No,McLeod Russel India Limited,Udalguri,Organized Plantation,,,,No,,Kolkata,"Four Mangoe Lane, Surendra Mohan Ghosh Sarani, Kolkata 700001",Disqualified,Disqualified,3,No email listed (paper-dominant) | Kolkata HQ,Conglomerate keyword match (MCLEOD RUSSEL),1-Page Postal Letter,1-Page Postal Dispatch,"Namaskar,

When green leaf trucks move from field divisions to the factory at Paneery T.E., what percentage difference are you typically seeing between the field scale and factory weighbridge?

Most independent estates in Udalguri tell us they only catch leaf discrepancies and proxy hazira 10 to 14 days later when the fortnightly muster roll reaches the office.

Are you able to see your daily leaf reconciliation and worker count on your phone before the evening shift, or is your team still compiling it on paper?"
Assam,ORANGAJULI,Organized Estate,No,Goodricke Group Limited,Udalguri,Organized Plantation,,,,No,,Kolkata,"Camellia House, 14 Gurusaday Road, Kolkata 700019",Disqualified,Disqualified,3,No email listed (paper-dominant) | Kolkata HQ,Conglomerate keyword match (GOODRICKE),1-Page Postal Letter,1-Page Postal Dispatch,"Namaskar,

When green leaf trucks move from field divisions to the factory at Orangajuli, what percentage difference are you typically seeing between the field scale and factory weighbridge?

Most independent estates in Udalguri tell us they only catch leaf discrepancies and proxy hazira 10 to 14 days later when the fortnightly muster roll reaches the office.

Are you able to see your daily leaf reconciliation and worker count on your phone before the evening shift, or is your team still compiling it on paper?"
Assam,ORANG,Organized Estate,No,ORANG,Udalguri,Organized Plantation,,,,No,,Udalguri,"Udalguri, Assam",Uncertain / Backlog,Tier 3,2,No email listed (paper-dominant),Low signal density,1-Page Postal Letter,1-Page Postal Dispatch,"Namaskar,

When green leaf trucks move from field divisions to the factory at Orang, what percentage difference are you typically seeing between the field scale and factory weighbridge?

Most independent estates in Udalguri tell us they only catch leaf discrepancies and proxy hazira 10 to 14 days later when the fortnightly muster roll reaches the office.

Are you able to see your daily leaf reconciliation and worker count on your phone before the evening shift, or is your team still compiling it on paper?"
Assam,SINGRIMARI TEA ESTATE,Organized Estate,No,Goodricke Group Limited,Udalguri,Organized Plantation,,,,No,,Kolkata,"Camellia House, 14 Gurusaday Road, Kolkata 700019",Disqualified,Disqualified,3,No email listed (paper-dominant) | Kolkata HQ,Conglomerate keyword match (GOODRICKE),1-Page Postal Letter,1-Page Postal Dispatch,"Namaskar,

When green leaf trucks move from field divisions to the factory at Singrimari Tea Estate, what percentage difference are you typically seeing between the field scale and factory weighbridge?

Most independent estates in Udalguri tell us they only catch leaf discrepancies and proxy hazira 10 to 14 days later when the fortnightly muster roll reaches the office.

Are you able to see your daily leaf reconciliation and worker count on your phone before the evening shift, or is your team still compiling it on paper?"
Assam,HATTIGOR,Organized Estate,No,Amalgamated Plantations Private Limited (Tata),Udalguri,Organized Plantation,,,,No,,Guwahati,"1st Floor, GS Road, Christian Basti, Guwahati, Assam 781005",Disqualified,Disqualified,3,No email listed (paper-dominant) | Guwahati HQ,Conglomerate keyword match (AMALGAMATED PLANTATIONS),1-Page Postal Letter,1-Page Postal Dispatch,"Namaskar,

When green leaf trucks move from field divisions to the factory at Hattigor, what percentage difference are you typically seeing between the field scale and factory weighbridge?

Most independent estates in Udalguri tell us they only catch leaf discrepancies and proxy hazira 10 to 14 days later when the fortnightly muster roll reaches the office.

Are you able to see your daily leaf reconciliation and worker count on your phone before the evening shift, or is your team still compiling it on paper?"
Assam,DIMAKUSI,Organized Estate,No,DIMAKUSI,Udalguri,Organized Plantation,,,,No,,Udalguri,"Udalguri, Assam",Uncertain / Backlog,Tier 3,2,No email listed (paper-dominant),Low signal density,1-Page Postal Letter,1-Page Postal Dispatch,"Namaskar,

When green leaf trucks move from field divisions to the factory at Dimakusi, what percentage difference are you typically seeing between the field scale and factory weighbridge?

Most independent estates in Udalguri tell us they only catch leaf discrepancies and proxy hazira 10 to 14 days later when the fortnightly muster roll reaches the office.

Are you able to see your daily leaf reconciliation and worker count on your phone before the evening shift, or is your team still compiling it on paper?"
Assam,"ABG CHA UDYOGABG CHA UDYOG, JOYA TEA ESTATE",Bought Leaf Factory (BLF),Yes,"ABG CHA UDYOGABG CHA UDYOG, JOYA TEA ESTATE",Dibrugarh,BLF Processing,,,,No,,Dibrugarh,"Dibrugarh, Assam",Qualified,Tier 1 (High Leakage / Paper Priority),8,No email listed (paper-dominant) | Bought Leaf Factory (daily small-grower leaf friction) | Dibrugarh HQ,,1-Page Postal Letter,1-Page Postal Dispatch,"Namaskar,

During peak leaf intake at Abg Cha Udyogabg Cha Udyog, Joya Tea Estate, how does your weighbridge team handle small grower disputes over tare weight and moisture or coarse leaf deductions?

In Dibrugarh, several BLF owners we know were losing 15 to 20 minutes per vehicle because deductions were still handwritten or keyed manually into a local computer slip.

Does your weighing scale push verified net leaf weights directly to the grower slip and your ledger without manual re-entry?"
Assam,BUDLABETA TEA ESTATE FACTORY & STG,Bought Leaf Factory (BLF),Yes,BUDLABETA TEA ESTATE FACTORY & STG,Dibrugarh,BLF Processing,,,,No,,Dibrugarh,"Dibrugarh, Assam",Qualified,Tier 1 (High Leakage / Paper Priority),8,No email listed (paper-dominant) | Bought Leaf Factory (daily small-grower leaf friction) | Dibrugarh HQ,,1-Page Postal Letter,1-Page Postal Dispatch,"Namaskar,

During peak leaf intake at Budlabeta Tea Estate Factory & Stg, how does your weighbridge team handle small grower disputes over tare weight and moisture or coarse leaf deductions?

In Dibrugarh, several BLF owners we know were losing 15 to 20 minutes per vehicle because deductions were still handwritten or keyed manually into a local computer slip.

Does your weighing scale push verified net leaf weights directly to the grower slip and your ledger without manual re-entry?"
Assam,BUDLAPARA TEA ESTATE FACTORY & STG,Bought Leaf Factory (BLF),Yes,BUDLAPARA TEA ESTATE FACTORY & STG,Dibrugarh,BLF Processing,,,,No,,Dibrugarh,"Dibrugarh, Assam",Qualified,Tier 1 (High Leakage / Paper Priority),8,No email listed (paper-dominant) | Bought Leaf Factory (daily small-grower leaf friction) | Dibrugarh HQ,,1-Page Postal Letter,1-Page Postal Dispatch,"Namaskar,

During peak leaf intake at Budlapara Tea Estate Factory & Stg, how does your weighbridge team handle small grower disputes over tare weight and moisture or coarse leaf deductions?

In Dibrugarh, several BLF owners we know were losing 15 to 20 minutes per vehicle because deductions were still handwritten or keyed manually into a local computer slip.

Does your weighing scale push verified net leaf weights directly to the grower slip and your ledger without manual re-entry?"
Assam,DHUNSERI TEA & INDUSTRIES LTD. HAPJAN TEA ESTATE,Bought Leaf Factory (BLF),Yes,DHUNSERI TEA & INDUSTRIES LTD. HAPJAN TEA ESTATE,Dibrugarh,BLF Processing,,,,No,,Dibrugarh,"Dibrugarh, Assam",Disqualified,Disqualified,8,No email listed (paper-dominant) | Bought Leaf Factory (daily small-grower leaf friction) | Dibrugarh HQ,Conglomerate keyword match (DHUNSERI),1-Page Postal Letter,1-Page Postal Dispatch,"Namaskar,

During peak leaf intake at Dhunseri Tea & Industries Ltd. Hapjan Tea Estate, how does your weighbridge team handle small grower disputes over tare weight and moisture or coarse leaf deductions?

In Dibrugarh, several BLF owners we know were losing 15 to 20 minutes per vehicle because deductions were still handwritten or keyed manually into a local computer slip.

Does your weighing scale push verified net leaf weights directly to the grower slip and your ledger without manual re-entry?"
Assam,MUTTRAPORE TEA ESTATE FACTORY,Bought Leaf Factory (BLF),Yes,MUTTRAPORE TEA ESTATE FACTORY,Dibrugarh,BLF Processing,,,,No,,Dibrugarh,"Dibrugarh, Assam",Qualified,Tier 1 (High Leakage / Paper Priority),8,No email listed (paper-dominant) | Bought Leaf Factory (daily small-grower leaf friction) | Dibrugarh HQ,,1-Page Postal Letter,1-Page Postal Dispatch,"Namaskar,

During peak leaf intake at Muttrapore Tea Estate Factory, how does your weighbridge team handle small grower disputes over tare weight and moisture or coarse leaf deductions?

In Dibrugarh, several BLF owners we know were losing 15 to 20 minutes per vehicle because deductions were still handwritten or keyed manually into a local computer slip.

Does your weighing scale push verified net leaf weights directly to the grower slip and your ledger without manual re-entry?"
Assam,PENGAREE TEA ESTATE FACTORY,Bought Leaf Factory (BLF),Yes,PENGAREE TEA ESTATE FACTORY,Dibrugarh,BLF Processing,,,,No,,Dibrugarh,"Dibrugarh, Assam",Qualified,Tier 1 (High Leakage / Paper Priority),8,No email listed (paper-dominant) | Bought Leaf Factory (daily small-grower leaf friction) | Dibrugarh HQ,,1-Page Postal Letter,1-Page Postal Dispatch,"Namaskar,

During peak leaf intake at Pengaree Tea Estate Factory, how does your weighbridge team handle small grower disputes over tare weight and moisture or coarse leaf deductions?

In Dibrugarh, several BLF owners we know were losing 15 to 20 minutes per vehicle because deductions were still handwritten or keyed manually into a local computer slip.

Does your weighing scale push verified net leaf weights directly to the grower slip and your ledger without manual re-entry?"
Assam,TALUP TEA ESTATE FACTORY,Bought Leaf Factory (BLF),Yes,TALUP TEA ESTATE FACTORY,Dibrugarh,BLF Processing,,,,No,,Dibrugarh,"Dibrugarh, Assam",Qualified,Tier 1 (High Leakage / Paper Priority),8,No email listed (paper-dominant) | Bought Leaf Factory (daily small-grower leaf friction) | Dibrugarh HQ,,1-Page Postal Letter,1-Page Postal Dispatch,"Namaskar,

During peak leaf intake at Talup Tea Estate Factory, how does your weighbridge team handle small grower disputes over tare weight and moisture or coarse leaf deductions?

In Dibrugarh, several BLF owners we know were losing 15 to 20 minutes per vehicle because deductions were still handwritten or keyed manually into a local computer slip.

Does your weighing scale push verified net leaf weights directly to the grower slip and your ledger without manual re-entry?"
Assam,BARUAH TEA FACTORY,Bought Leaf Factory (BLF),Yes,BARUAH TEA FACTORY,Dibrugarh,BLF Processing,,,,No,,Dibrugarh,"Dibrugarh, Assam",Qualified,Tier 1 (High Leakage / Paper Priority),8,No email listed (paper-dominant) | Bought Leaf Factory (daily small-grower leaf friction) | Dibrugarh HQ,,1-Page Postal Letter,1-Page Postal Dispatch,"Namaskar,

During peak leaf intake at Baruah Tea Factory, how does your weighbridge team handle small grower disputes over tare weight and moisture or coarse leaf deductions?

In Dibrugarh, several BLF owners we know were losing 15 to 20 minutes per vehicle because deductions were still handwritten or keyed manually into a local computer slip.

Does your weighing scale push verified net leaf weights directly to the grower slip and your ledger without manual re-entry?"
Assam,BORSILLAH TEA ESTATE FACTORY II,Bought Leaf Factory (BLF),Yes,BORSILLAH TEA ESTATE FACTORY II,Dibrugarh,BLF Processing,,,,No,,Dibrugarh,"Dibrugarh, Assam",Qualified,Tier 1 (High Leakage / Paper Priority),8,No email listed (paper-dominant) | Bought Leaf Factory (daily small-grower leaf friction) | Dibrugarh HQ,,1-Page Postal Letter,1-Page Postal Dispatch,"Namaskar,

During peak leaf intake at Borsillah Tea Estate Factory Ii, how does your weighbridge team handle small grower disputes over tare weight and moisture or coarse leaf deductions?

In Dibrugarh, several BLF owners we know were losing 15 to 20 minutes per vehicle because deductions were still handwritten or keyed manually into a local computer slip.

Does your weighing scale push verified net leaf weights directly to the grower slip and your ledger without manual re-entry?"
Assam,BALAJI TEA INDUSTRIESBALAJI TEA INDUSTRIES,Bought Leaf Factory (BLF),Yes,BALAJI TEA INDUSTRIESBALAJI TEA INDUSTRIES,Dibrugarh,BLF Processing,,,,No,,Dibrugarh,"Dibrugarh, Assam",Qualified,Tier 1 (High Leakage / Paper Priority),8,No email listed (paper-dominant) | Bought Leaf Factory (daily small-grower leaf friction) | Dibrugarh HQ,,1-Page Postal Letter,1-Page Postal Dispatch,"Namaskar,

During peak leaf intake at Balaji Tea Industriesbalaji Tea Industries, how does your weighbridge team handle small grower disputes over tare weight and moisture or coarse leaf deductions?

In Dibrugarh, several BLF owners we know were losing 15 to 20 minutes per vehicle because deductions were still handwritten or keyed manually into a local computer slip.

Does your weighing scale push verified net leaf weights directly to the grower slip and your ledger without manual re-entry?"
Assam,BCS AGRO & MERCANTILEKOLONG TEA FACTORY & STGs,Bought Leaf Factory (BLF),Yes,BCS AGRO & MERCANTILEKOLONG TEA FACTORY & STGs,Dibrugarh,BLF Processing,,,,No,,Dibrugarh,"Dibrugarh, Assam",Qualified,Tier 1 (High Leakage / Paper Priority),8,No email listed (paper-dominant) | Bought Leaf Factory (daily small-grower leaf friction) | Dibrugarh HQ,,1-Page Postal Letter,1-Page Postal Dispatch,"Namaskar,

During peak leaf intake at Bcs Agro & Mercantilekolong Tea Factory & Stgs, how does your weighbridge team handle small grower disputes over tare weight and moisture or coarse leaf deductions?

In Dibrugarh, several BLF owners we know were losing 15 to 20 minutes per vehicle because deductions were still handwritten or keyed manually into a local computer slip.

Does your weighing scale push verified net leaf weights directly to the grower slip and your ledger without manual re-entry?"
Assam,BHAWANIPUR TEA CO. PVT LTD BHAWANIPUR TEA FACTORY & STG,Bought Leaf Factory (BLF),Yes,BHAWANIPUR TEA CO. PVT LTD BHAWANIPUR TEA FACTORY & STG,Dibrugarh,BLF Processing,,,,No,,Dibrugarh,"Dibrugarh, Assam",Qualified,Tier 1 (High Leakage / Paper Priority),8,No email listed (paper-dominant) | Bought Leaf Factory (daily small-grower leaf friction) | Dibrugarh HQ,,1-Page Postal Letter,1-Page Postal Dispatch,"Namaskar,

During peak leaf intake at Bhawanipur Tea Co. Pvt Ltd Bhawanipur Tea Factory & Stg, how does your weighbridge team handle small grower disputes over tare weight and moisture or coarse leaf deductions?

In Dibrugarh, several BLF owners we know were losing 15 to 20 minutes per vehicle because deductions were still handwritten or keyed manually into a local computer slip.

Does your weighing scale push verified net leaf weights directly to the grower slip and your ledger without manual re-entry?"
Assam,BHERGAON TEA INDUSTRIES P. LTD BHERGAON TE,Bought Leaf Factory (BLF),Yes,BHERGAON TEA INDUSTRIES P. LTD BHERGAON TE,Dibrugarh,BLF Processing,,,,No,,Dibrugarh,"Dibrugarh, Assam",Disqualified,Disqualified,8,No email listed (paper-dominant) | Bought Leaf Factory (daily small-grower leaf friction) | Dibrugarh HQ,Public limited company,1-Page Postal Letter,1-Page Postal Dispatch,"Namaskar,

During peak leaf intake at Bhergaon Tea Industries P. Ltd Bhergaon Te, how does your weighbridge team handle small grower disputes over tare weight and moisture or coarse leaf deductions?

In Dibrugarh, several BLF owners we know were losing 15 to 20 minutes per vehicle because deductions were still handwritten or keyed manually into a local computer slip.

Does your weighing scale push verified net leaf weights directly to the grower slip and your ledger without manual re-entry?"
Assam,BL TEA INDUSTRIESBLTI FACTORY & STG,Bought Leaf Factory (BLF),Yes,BL TEA INDUSTRIESBLTI FACTORY & STG,Dibrugarh,BLF Processing,,,,No,,Dibrugarh,"Dibrugarh, Assam",Qualified,Tier 1 (High Leakage / Paper Priority),8,No email listed (paper-dominant) | Bought Leaf Factory (daily small-grower leaf friction) | Dibrugarh HQ,,1-Page Postal Letter,1-Page Postal Dispatch,"Namaskar,

During peak leaf intake at Bl Tea Industriesblti Factory & Stg, how does your weighbridge team handle small grower disputes over tare weight and moisture or coarse leaf deductions?

In Dibrugarh, several BLF owners we know were losing 15 to 20 minutes per vehicle because deductions were still handwritten or keyed manually into a local computer slip.

Does your weighing scale push verified net leaf weights directly to the grower slip and your ledger without manual re-entry?"
Assam,BORPATHER TEA CO. LLPBORPATHAR TEA FACTORY & STG,Bought Leaf Factory (BLF),Yes,BORPATHER TEA CO. LLPBORPATHAR TEA FACTORY & STG,Dibrugarh,BLF Processing,,,,No,,Dibrugarh,"Dibrugarh, Assam",Qualified,Tier 1 (High Leakage / Paper Priority),8,No email listed (paper-dominant) | Bought Leaf Factory (daily small-grower leaf friction) | Dibrugarh HQ,,1-Page Postal Letter,1-Page Postal Dispatch,"Namaskar,

During peak leaf intake at Borpather Tea Co. Llpborpathar Tea Factory & Stg, how does your weighbridge team handle small grower disputes over tare weight and moisture or coarse leaf deductions?

In Dibrugarh, several BLF owners we know were losing 15 to 20 minutes per vehicle because deductions were still handwritten or keyed manually into a local computer slip.

Does your weighing scale push verified net leaf weights directly to the grower slip and your ledger without manual re-entry?"
Assam,CHANDPUR TEA PLANTERS & INDUSTRIES - SHG,Bought Leaf Factory (BLF),Yes,CHANDPUR TEA PLANTERS & INDUSTRIES - SHG,Dibrugarh,BLF Processing,,,,No,,Dibrugarh,"Dibrugarh, Assam",Qualified,Tier 1 (High Leakage / Paper Priority),8,No email listed (paper-dominant) | Bought Leaf Factory (daily small-grower leaf friction) | Dibrugarh HQ,,1-Page Postal Letter,1-Page Postal Dispatch,"Namaskar,

During peak leaf intake at Chandpur Tea Planters & Industries - Shg, how does your weighbridge team handle small grower disputes over tare weight and moisture or coarse leaf deductions?

In Dibrugarh, several BLF owners we know were losing 15 to 20 minutes per vehicle because deductions were still handwritten or keyed manually into a local computer slip.

Does your weighing scale push verified net leaf weights directly to the grower slip and your ledger without manual re-entry?"
Assam,FACTORY ( A UNIT OF GOPAL BHOROLI TEA CO PVT. LTD) GOPAL BHOROLI TEA CO PVT LTD,Bought Leaf Factory (BLF),Yes,FACTORY ( A UNIT OF GOPAL BHOROLI TEA CO PVT. LTD) GOPAL BHOROLI TEA CO PVT LTD,Dibrugarh,BLF Processing,,,,No,,Dibrugarh,"Dibrugarh, Assam",Qualified,Tier 1 (High Leakage / Paper Priority),8,No email listed (paper-dominant) | Bought Leaf Factory (daily small-grower leaf friction) | Dibrugarh HQ,,1-Page Postal Letter,1-Page Postal Dispatch,"Namaskar,

During peak leaf intake at Factory ( A Unit Of Gopal Bhoroli Tea Co Pvt. Ltd) Gopal Bhoroli Tea Co, how does your weighbridge team handle small grower disputes over tare weight and moisture or coarse leaf deductions?

In Dibrugarh, several BLF owners we know were losing 15 to 20 minutes per vehicle because deductions were still handwritten or keyed manually into a local computer slip.

Does your weighing scale push verified net leaf weights directly to the grower slip and your ledger without manual re-entry?"
Assam,"CORNHILL TEA PVT LTDCORNHILL TEA ESTATE, FACTORY &",Bought Leaf Factory (BLF),Yes,"CORNHILL TEA PVT LTDCORNHILL TEA ESTATE, FACTORY &",Dibrugarh,BLF Processing,,,,No,,Dibrugarh,"Dibrugarh, Assam",Qualified,Tier 1 (High Leakage / Paper Priority),8,No email listed (paper-dominant) | Bought Leaf Factory (daily small-grower leaf friction) | Dibrugarh HQ,,1-Page Postal Letter,1-Page Postal Dispatch,"Namaskar,

During peak leaf intake at Cornhill Tea Pvt Ltdcornhill Tea Estate, Factory &, how does your weighbridge team handle small grower disputes over tare weight and moisture or coarse leaf deductions?

In Dibrugarh, several BLF owners we know were losing 15 to 20 minutes per vehicle because deductions were still handwritten or keyed manually into a local computer slip.

Does your weighing scale push verified net leaf weights directly to the grower slip and your ledger without manual re-entry?"
Assam,DARSHANLAL ANAND PRAKASH & SONS PVT LTD KHONGEA TEA FACTORY,Bought Leaf Factory (BLF),Yes,DARSHANLAL ANAND PRAKASH & SONS PVT LTD KHONGEA TEA FACTORY,Dibrugarh,BLF Processing,,,,No,,Dibrugarh,"Dibrugarh, Assam",Qualified,Tier 1 (High Leakage / Paper Priority),8,No email listed (paper-dominant) | Bought Leaf Factory (daily small-grower leaf friction) | Dibrugarh HQ,,1-Page Postal Letter,1-Page Postal Dispatch,"Namaskar,

During peak leaf intake at Darshanlal Anand Prakash & Sons Pvt Ltd Khongea Tea Factory, how does your weighbridge team handle small grower disputes over tare weight and moisture or coarse leaf deductions?

In Dibrugarh, several BLF owners we know were losing 15 to 20 minutes per vehicle because deductions were still handwritten or keyed manually into a local computer slip.

Does your weighing scale push verified net leaf weights directly to the grower slip and your ledger without manual re-entry?"
Assam,DHANSHREE TEA INDUSTRIESDHANSHREE TEA INDUSTRIES,Bought Leaf Factory (BLF),Yes,DHANSHREE TEA INDUSTRIESDHANSHREE TEA INDUSTRIES,Dibrugarh,BLF Processing,,,,No,,Dibrugarh,"Dibrugarh, Assam",Qualified,Tier 1 (High Leakage / Paper Priority),8,No email listed (paper-dominant) | Bought Leaf Factory (daily small-grower leaf friction) | Dibrugarh HQ,,1-Page Postal Letter,1-Page Postal Dispatch,"Namaskar,

During peak leaf intake at Dhanshree Tea Industriesdhanshree Tea Industries, how does your weighbridge team handle small grower disputes over tare weight and moisture or coarse leaf deductions?

In Dibrugarh, several BLF owners we know were losing 15 to 20 minutes per vehicle because deductions were still handwritten or keyed manually into a local computer slip.

Does your weighing scale push verified net leaf weights directly to the grower slip and your ledger without manual re-entry?"
Assam,DHANSRI TEA INDUSTRIESDHANSRI TEA FACTORY & STGS,Bought Leaf Factory (BLF),Yes,DHANSRI TEA INDUSTRIESDHANSRI TEA FACTORY & STGS,Dibrugarh,BLF Processing,,,,No,,Dibrugarh,"Dibrugarh, Assam",Qualified,Tier 1 (High Leakage / Paper Priority),8,No email listed (paper-dominant) | Bought Leaf Factory (daily small-grower leaf friction) | Dibrugarh HQ,,1-Page Postal Letter,1-Page Postal Dispatch,"Namaskar,

During peak leaf intake at Dhansri Tea Industriesdhansri Tea Factory & Stgs, how does your weighbridge team handle small grower disputes over tare weight and moisture or coarse leaf deductions?

In Dibrugarh, several BLF owners we know were losing 15 to 20 minutes per vehicle because deductions were still handwritten or keyed manually into a local computer slip.

Does your weighing scale push verified net leaf weights directly to the grower slip and your ledger without manual re-entry?"
Assam,HATIBARI TEA FACTORY,Bought Leaf Factory (BLF),Yes,HATIBARI TEA FACTORY,Dibrugarh,BLF Processing,,,,No,,Dibrugarh,"Dibrugarh, Assam",Qualified,Tier 1 (High Leakage / Paper Priority),8,No email listed (paper-dominant) | Bought Leaf Factory (daily small-grower leaf friction) | Dibrugarh HQ,,1-Page Postal Letter,1-Page Postal Dispatch,"Namaskar,

During peak leaf intake at Hatibari Tea Factory, how does your weighbridge team handle small grower disputes over tare weight and moisture or coarse leaf deductions?

In Dibrugarh, several BLF owners we know were losing 15 to 20 minutes per vehicle because deductions were still handwritten or keyed manually into a local computer slip.

Does your weighing scale push verified net leaf weights directly to the grower slip and your ledger without manual re-entry?"
Assam,DOYAPORE TEA & INDUSTRIES PVT LTD DOYAPORE TEA ESTATE,Bought Leaf Factory (BLF),Yes,DOYAPORE TEA & INDUSTRIES PVT LTD DOYAPORE TEA ESTATE,Dibrugarh,BLF Processing,,,,No,,Dibrugarh,"Dibrugarh, Assam",Qualified,Tier 1 (High Leakage / Paper Priority),8,No email listed (paper-dominant) | Bought Leaf Factory (daily small-grower leaf friction) | Dibrugarh HQ,,1-Page Postal Letter,1-Page Postal Dispatch,"Namaskar,

During peak leaf intake at Doyapore Tea & Industries Pvt Ltd Doyapore Tea Estate, how does your weighbridge team handle small grower disputes over tare weight and moisture or coarse leaf deductions?

In Dibrugarh, several BLF owners we know were losing 15 to 20 minutes per vehicle because deductions were still handwritten or keyed manually into a local computer slip.

Does your weighing scale push verified net leaf weights directly to the grower slip and your ledger without manual re-entry?"
Assam,GORUNGA TEA FACTORY & STG,Bought Leaf Factory (BLF),Yes,GORUNGA TEA FACTORY & STG,Dibrugarh,BLF Processing,,,,No,,Dibrugarh,"Dibrugarh, Assam",Qualified,Tier 1 (High Leakage / Paper Priority),8,No email listed (paper-dominant) | Bought Leaf Factory (daily small-grower leaf friction) | Dibrugarh HQ,,1-Page Postal Letter,1-Page Postal Dispatch,"Namaskar,

During peak leaf intake at Gorunga Tea Factory & Stg, how does your weighbridge team handle small grower disputes over tare weight and moisture or coarse leaf deductions?

In Dibrugarh, several BLF owners we know were losing 15 to 20 minutes per vehicle because deductions were still handwritten or keyed manually into a local computer slip.

Does your weighing scale push verified net leaf weights directly to the grower slip and your ledger without manual re-entry?"
Assam,NONAIPARA TEA FACTORY & STG,Bought Leaf Factory (BLF),Yes,NONAIPARA TEA FACTORY & STG,Dibrugarh,BLF Processing,,,,No,,Dibrugarh,"Dibrugarh, Assam",Qualified,Tier 1 (High Leakage / Paper Priority),8,No email listed (paper-dominant) | Bought Leaf Factory (daily small-grower leaf friction) | Dibrugarh HQ,,1-Page Postal Letter,1-Page Postal Dispatch,"Namaskar,

During peak leaf intake at Nonaipara Tea Factory & Stg, how does your weighbridge team handle small grower disputes over tare weight and moisture or coarse leaf deductions?

In Dibrugarh, several BLF owners we know were losing 15 to 20 minutes per vehicle because deductions were still handwritten or keyed manually into a local computer slip.

Does your weighing scale push verified net leaf weights directly to the grower slip and your ledger without manual re-entry?"
Assam,NONAIPARA TEA FACTORY,Bought Leaf Factory (BLF),Yes,NONAIPARA TEA FACTORY,Dibrugarh,BLF Processing,,,,No,,Dibrugarh,"Dibrugarh, Assam",Qualified,Tier 1 (High Leakage / Paper Priority),8,No email listed (paper-dominant) | Bought Leaf Factory (daily small-grower leaf friction) | Dibrugarh HQ,,1-Page Postal Letter,1-Page Postal Dispatch,"Namaskar,

During peak leaf intake at Nonaipara Tea Factory, how does your weighbridge team handle small grower disputes over tare weight and moisture or coarse leaf deductions?

In Dibrugarh, several BLF owners we know were losing 15 to 20 minutes per vehicle because deductions were still handwritten or keyed manually into a local computer slip.

Does your weighing scale push verified net leaf weights directly to the grower slip and your ledger without manual re-entry?"
Assam,GOROMPANI AGRO TEA FACTORY & STGS,Bought Leaf Factory (BLF),Yes,GOROMPANI AGRO TEA FACTORY & STGS,Dibrugarh,BLF Processing,,,,No,,Dibrugarh,"Dibrugarh, Assam",Qualified,Tier 1 (High Leakage / Paper Priority),8,No email listed (paper-dominant) | Bought Leaf Factory (daily small-grower leaf friction) | Dibrugarh HQ,,1-Page Postal Letter,1-Page Postal Dispatch,"Namaskar,

During peak leaf intake at Gorompani Agro Tea Factory & Stgs, how does your weighbridge team handle small grower disputes over tare weight and moisture or coarse leaf deductions?

In Dibrugarh, several BLF owners we know were losing 15 to 20 minutes per vehicle because deductions were still handwritten or keyed manually into a local computer slip.

Does your weighing scale push verified net leaf weights directly to the grower slip and your ledger without manual re-entry?"
Assam,J J TEA PVT LTDSRI DANGARIA TEA FACTORY & STG,Bought Leaf Factory (BLF),Yes,J J TEA PVT LTDSRI DANGARIA TEA FACTORY & STG,Dibrugarh,BLF Processing,,,,No,,Dibrugarh,"Dibrugarh, Assam",Qualified,Tier 1 (High Leakage / Paper Priority),8,No email listed (paper-dominant) | Bought Leaf Factory (daily small-grower leaf friction) | Dibrugarh HQ,,1-Page Postal Letter,1-Page Postal Dispatch,"Namaskar,

During peak leaf intake at J J Tea Pvt Ltdsri Dangaria Tea Factory & Stg, how does your weighbridge team handle small grower disputes over tare weight and moisture or coarse leaf deductions?

In Dibrugarh, several BLF owners we know were losing 15 to 20 minutes per vehicle because deductions were still handwritten or keyed manually into a local computer slip.

Does your weighing scale push verified net leaf weights directly to the grower slip and your ledger without manual re-entry?"
Assam,KANCO TEA AND INDUSTRIES LTD BAMONPOOKRIE TEA ESTATE,Bought Leaf Factory (BLF),Yes,KANCO TEA AND INDUSTRIES LTD BAMONPOOKRIE TEA ESTATE,Dibrugarh,BLF Processing,,,,No,,Dibrugarh,"Dibrugarh, Assam",Disqualified,Disqualified,8,No email listed (paper-dominant) | Bought Leaf Factory (daily small-grower leaf friction) | Dibrugarh HQ,Public limited company,1-Page Postal Letter,1-Page Postal Dispatch,"Namaskar,

During peak leaf intake at Kanco Tea And Industries Ltd Bamonpookrie Tea Estate, how does your weighbridge team handle small grower disputes over tare weight and moisture or coarse leaf deductions?

In Dibrugarh, several BLF owners we know were losing 15 to 20 minutes per vehicle because deductions were still handwritten or keyed manually into a local computer slip.

Does your weighing scale push verified net leaf weights directly to the grower slip and your ledger without manual re-entry?"
Assam,JORBAGH TEA FACTORY & LINGRIPOOKRIE TEA ESTATE,Bought Leaf Factory (BLF),Yes,JORBAGH TEA FACTORY & LINGRIPOOKRIE TEA ESTATE,Dibrugarh,BLF Processing,,,,No,,Dibrugarh,"Dibrugarh, Assam",Qualified,Tier 1 (High Leakage / Paper Priority),8,No email listed (paper-dominant) | Bought Leaf Factory (daily small-grower leaf friction) | Dibrugarh HQ,,1-Page Postal Letter,1-Page Postal Dispatch,"Namaskar,

During peak leaf intake at Jorbagh Tea Factory & Lingripookrie Tea Estate, how does your weighbridge team handle small grower disputes over tare weight and moisture or coarse leaf deductions?

In Dibrugarh, several BLF owners we know were losing 15 to 20 minutes per vehicle because deductions were still handwritten or keyed manually into a local computer slip.

Does your weighing scale push verified net leaf weights directly to the grower slip and your ledger without manual re-entry?"
Assam,KESHAN TEA INDUSTRIESKESHAN TEA FACTORY & STGS,Bought Leaf Factory (BLF),Yes,KESHAN TEA INDUSTRIESKESHAN TEA FACTORY & STGS,Dibrugarh,BLF Processing,,,,No,,Dibrugarh,"Dibrugarh, Assam",Qualified,Tier 1 (High Leakage / Paper Priority),8,No email listed (paper-dominant) | Bought Leaf Factory (daily small-grower leaf friction) | Dibrugarh HQ,,1-Page Postal Letter,1-Page Postal Dispatch,"Namaskar,

During peak leaf intake at Keshan Tea Industrieskeshan Tea Factory & Stgs, how does your weighbridge team handle small grower disputes over tare weight and moisture or coarse leaf deductions?

In Dibrugarh, several BLF owners we know were losing 15 to 20 minutes per vehicle because deductions were still handwritten or keyed manually into a local computer slip.

Does your weighing scale push verified net leaf weights directly to the grower slip and your ledger without manual re-entry?"
Assam,LAKHESHWARI TEA INDUSTRIES LAKHESHWARI TEA FACTORY & STGS,Bought Leaf Factory (BLF),Yes,LAKHESHWARI TEA INDUSTRIES LAKHESHWARI TEA FACTORY & STGS,Dibrugarh,BLF Processing,,,,No,,Dibrugarh,"Dibrugarh, Assam",Qualified,Tier 1 (High Leakage / Paper Priority),8,No email listed (paper-dominant) | Bought Leaf Factory (daily small-grower leaf friction) | Dibrugarh HQ,,1-Page Postal Letter,1-Page Postal Dispatch,"Namaskar,

During peak leaf intake at Lakheshwari Tea Industries Lakheshwari Tea Factory & Stgs, how does your weighbridge team handle small grower disputes over tare weight and moisture or coarse leaf deductions?

In Dibrugarh, several BLF owners we know were losing 15 to 20 minutes per vehicle because deductions were still handwritten or keyed manually into a local computer slip.

Does your weighing scale push verified net leaf weights directly to the grower slip and your ledger without manual re-entry?"
Assam,LALBAGAN TEA LLPSIRAJULI TEA FACTORY & STGs,Bought Leaf Factory (BLF),Yes,LALBAGAN TEA LLPSIRAJULI TEA FACTORY & STGs,Dibrugarh,BLF Processing,,,,No,,Dibrugarh,"Dibrugarh, Assam",Qualified,Tier 1 (High Leakage / Paper Priority),8,No email listed (paper-dominant) | Bought Leaf Factory (daily small-grower leaf friction) | Dibrugarh HQ,,1-Page Postal Letter,1-Page Postal Dispatch,"Namaskar,

During peak leaf intake at Lalbagan Tea Llpsirajuli Tea Factory & Stgs, how does your weighbridge team handle small grower disputes over tare weight and moisture or coarse leaf deductions?

In Dibrugarh, several BLF owners we know were losing 15 to 20 minutes per vehicle because deductions were still handwritten or keyed manually into a local computer slip.

Does your weighing scale push verified net leaf weights directly to the grower slip and your ledger without manual re-entry?"
Assam,LAOJAN TEA CO. PVT. LTD. LAOJAN TEA FACTORY & STGs,Bought Leaf Factory (BLF),Yes,LAOJAN TEA CO. PVT. LTD. LAOJAN TEA FACTORY & STGs,Dibrugarh,BLF Processing,,,,No,,Dibrugarh,"Dibrugarh, Assam",Qualified,Tier 1 (High Leakage / Paper Priority),8,No email listed (paper-dominant) | Bought Leaf Factory (daily small-grower leaf friction) | Dibrugarh HQ,,1-Page Postal Letter,1-Page Postal Dispatch,"Namaskar,

During peak leaf intake at Laojan Tea Co. Pvt. Ltd. Laojan Tea Factory & Stgs, how does your weighbridge team handle small grower disputes over tare weight and moisture or coarse leaf deductions?

In Dibrugarh, several BLF owners we know were losing 15 to 20 minutes per vehicle because deductions were still handwritten or keyed manually into a local computer slip.

Does your weighing scale push verified net leaf weights directly to the grower slip and your ledger without manual re-entry?"
Assam,LAXMI TEA INDUSTRIESLAXMI TEA FACTORY & STG,Bought Leaf Factory (BLF),Yes,LAXMI TEA INDUSTRIESLAXMI TEA FACTORY & STG,Dibrugarh,BLF Processing,,,,No,,Dibrugarh,"Dibrugarh, Assam",Qualified,Tier 1 (High Leakage / Paper Priority),8,No email listed (paper-dominant) | Bought Leaf Factory (daily small-grower leaf friction) | Dibrugarh HQ,,1-Page Postal Letter,1-Page Postal Dispatch,"Namaskar,

During peak leaf intake at Laxmi Tea Industrieslaxmi Tea Factory & Stg, how does your weighbridge team handle small grower disputes over tare weight and moisture or coarse leaf deductions?

In Dibrugarh, several BLF owners we know were losing 15 to 20 minutes per vehicle because deductions were still handwritten or keyed manually into a local computer slip.

Does your weighing scale push verified net leaf weights directly to the grower slip and your ledger without manual re-entry?"
Assam,SHYAMAGURI TEA ESTATE & FACTORY,Bought Leaf Factory (BLF),Yes,SHYAMAGURI TEA ESTATE & FACTORY,Dibrugarh,BLF Processing,,,,No,,Dibrugarh,"Dibrugarh, Assam",Qualified,Tier 1 (High Leakage / Paper Priority),8,No email listed (paper-dominant) | Bought Leaf Factory (daily small-grower leaf friction) | Dibrugarh HQ,,1-Page Postal Letter,1-Page Postal Dispatch,"Namaskar,

During peak leaf intake at Shyamaguri Tea Estate & Factory, how does your weighbridge team handle small grower disputes over tare weight and moisture or coarse leaf deductions?

In Dibrugarh, several BLF owners we know were losing 15 to 20 minutes per vehicle because deductions were still handwritten or keyed manually into a local computer slip.

Does your weighing scale push verified net leaf weights directly to the grower slip and your ledger without manual re-entry?"
Assam,M/S ATCO TEA CO. PVT. LTDATCO TEA FACTORY & STG,Bought Leaf Factory (BLF),Yes,M/S ATCO TEA CO. PVT. LTDATCO TEA FACTORY & STG,Dibrugarh,BLF Processing,,,,No,,Dibrugarh,"Dibrugarh, Assam",Qualified,Tier 1 (High Leakage / Paper Priority),8,No email listed (paper-dominant) | Bought Leaf Factory (daily small-grower leaf friction) | Dibrugarh HQ,,1-Page Postal Letter,1-Page Postal Dispatch,"Namaskar,

During peak leaf intake at Atco Tea Co. Pvt. Ltdatco Tea Factory & Stg, how does your weighbridge team handle small grower disputes over tare weight and moisture or coarse leaf deductions?

In Dibrugarh, several BLF owners we know were losing 15 to 20 minutes per vehicle because deductions were still handwritten or keyed manually into a local computer slip.

Does your weighing scale push verified net leaf weights directly to the grower slip and your ledger without manual re-entry?"
Assam,M/S MANGLA TEA FACTORYM/S MANGLA TEA FACTORY,Bought Leaf Factory (BLF),Yes,M/S MANGLA TEA FACTORYM/S MANGLA TEA FACTORY,Dibrugarh,BLF Processing,,,,No,,Dibrugarh,"Dibrugarh, Assam",Qualified,Tier 1 (High Leakage / Paper Priority),8,No email listed (paper-dominant) | Bought Leaf Factory (daily small-grower leaf friction) | Dibrugarh HQ,,1-Page Postal Letter,1-Page Postal Dispatch,"Namaskar,

During peak leaf intake at Mangla Tea Factorym/S Mangla Tea Factory, how does your weighbridge team handle small grower disputes over tare weight and moisture or coarse leaf deductions?

In Dibrugarh, several BLF owners we know were losing 15 to 20 minutes per vehicle because deductions were still handwritten or keyed manually into a local computer slip.

Does your weighing scale push verified net leaf weights directly to the grower slip and your ledger without manual re-entry?"
Assam,MADHHUPUR TEA ESTATE FACTORY & STG,Bought Leaf Factory (BLF),Yes,MADHHUPUR TEA ESTATE FACTORY & STG,Dibrugarh,BLF Processing,,,,No,,Dibrugarh,"Dibrugarh, Assam",Qualified,Tier 1 (High Leakage / Paper Priority),8,No email listed (paper-dominant) | Bought Leaf Factory (daily small-grower leaf friction) | Dibrugarh HQ,,1-Page Postal Letter,1-Page Postal Dispatch,"Namaskar,

During peak leaf intake at Madhhupur Tea Estate Factory & Stg, how does your weighbridge team handle small grower disputes over tare weight and moisture or coarse leaf deductions?

In Dibrugarh, several BLF owners we know were losing 15 to 20 minutes per vehicle because deductions were still handwritten or keyed manually into a local computer slip.

Does your weighing scale push verified net leaf weights directly to the grower slip and your ledger without manual re-entry?"
Assam,MANDHANIA TEA & INDUSTRIES MANDHANIA TEA & INDUSTRIES- SHG,Bought Leaf Factory (BLF),Yes,MANDHANIA TEA & INDUSTRIES MANDHANIA TEA & INDUSTRIES- SHG,Dibrugarh,BLF Processing,,,,No,,Dibrugarh,"Dibrugarh, Assam",Qualified,Tier 1 (High Leakage / Paper Priority),8,No email listed (paper-dominant) | Bought Leaf Factory (daily small-grower leaf friction) | Dibrugarh HQ,,1-Page Postal Letter,1-Page Postal Dispatch,"Namaskar,

During peak leaf intake at Mandhania Tea & Industries Mandhania Tea & Industries- Shg, how does your weighbridge team handle small grower disputes over tare weight and moisture or coarse leaf deductions?

In Dibrugarh, several BLF owners we know were losing 15 to 20 minutes per vehicle because deductions were still handwritten or keyed manually into a local computer slip.

Does your weighing scale push verified net leaf weights directly to the grower slip and your ledger without manual re-entry?"
Assam,MODI TEA & INDUSTRIES PVT. LTD MODI TEA & INDUSTRIES PVT. LTD,Bought Leaf Factory (BLF),Yes,MODI TEA & INDUSTRIES PVT. LTD MODI TEA & INDUSTRIES PVT. LTD,Dibrugarh,BLF Processing,,,,No,,Dibrugarh,"Dibrugarh, Assam",Qualified,Tier 1 (High Leakage / Paper Priority),8,No email listed (paper-dominant) | Bought Leaf Factory (daily small-grower leaf friction) | Dibrugarh HQ,,1-Page Postal Letter,1-Page Postal Dispatch,"Namaskar,

During peak leaf intake at Modi Tea & Industries, how does your weighbridge team handle small grower disputes over tare weight and moisture or coarse leaf deductions?

In Dibrugarh, several BLF owners we know were losing 15 to 20 minutes per vehicle because deductions were still handwritten or keyed manually into a local computer slip.

Does your weighing scale push verified net leaf weights directly to the grower slip and your ledger without manual re-entry?"
Assam,MURARI TEA INDUSTRIES-FACTORY & SHG,Bought Leaf Factory (BLF),Yes,MURARI TEA INDUSTRIES-FACTORY & SHG,Dibrugarh,BLF Processing,,,,No,,Dibrugarh,"Dibrugarh, Assam",Qualified,Tier 1 (High Leakage / Paper Priority),8,No email listed (paper-dominant) | Bought Leaf Factory (daily small-grower leaf friction) | Dibrugarh HQ,,1-Page Postal Letter,1-Page Postal Dispatch,"Namaskar,

During peak leaf intake at Murari Tea Industries-Factory & Shg, how does your weighbridge team handle small grower disputes over tare weight and moisture or coarse leaf deductions?

In Dibrugarh, several BLF owners we know were losing 15 to 20 minutes per vehicle because deductions were still handwritten or keyed manually into a local computer slip.

Does your weighing scale push verified net leaf weights directly to the grower slip and your ledger without manual re-entry?"
Assam,NEFAA TEA INDUSTRIESNEFAA TEA INDUSTRIES & STG,Bought Leaf Factory (BLF),Yes,NEFAA TEA INDUSTRIESNEFAA TEA INDUSTRIES & STG,Dibrugarh,BLF Processing,,,,No,,Dibrugarh,"Dibrugarh, Assam",Qualified,Tier 1 (High Leakage / Paper Priority),8,No email listed (paper-dominant) | Bought Leaf Factory (daily small-grower leaf friction) | Dibrugarh HQ,,1-Page Postal Letter,1-Page Postal Dispatch,"Namaskar,

During peak leaf intake at Nefaa Tea Industriesnefaa Tea Industries & Stg, how does your weighbridge team handle small grower disputes over tare weight and moisture or coarse leaf deductions?

In Dibrugarh, several BLF owners we know were losing 15 to 20 minutes per vehicle because deductions were still handwritten or keyed manually into a local computer slip.

Does your weighing scale push verified net leaf weights directly to the grower slip and your ledger without manual re-entry?"
Assam,RAJAJULI FACTORY & STG,Bought Leaf Factory (BLF),Yes,RAJAJULI FACTORY & STG,Dibrugarh,BLF Processing,,,,No,,Dibrugarh,"Dibrugarh, Assam",Qualified,Tier 1 (High Leakage / Paper Priority),8,No email listed (paper-dominant) | Bought Leaf Factory (daily small-grower leaf friction) | Dibrugarh HQ,,1-Page Postal Letter,1-Page Postal Dispatch,"Namaskar,

During peak leaf intake at Rajajuli Factory & Stg, how does your weighbridge team handle small grower disputes over tare weight and moisture or coarse leaf deductions?

In Dibrugarh, several BLF owners we know were losing 15 to 20 minutes per vehicle because deductions were still handwritten or keyed manually into a local computer slip.

Does your weighing scale push verified net leaf weights directly to the grower slip and your ledger without manual re-entry?"
Assam,PRABHUNI TEA COMPANYPRABHUNI TEA FACTORY,Bought Leaf Factory (BLF),Yes,PRABHUNI TEA COMPANYPRABHUNI TEA FACTORY,Dibrugarh,BLF Processing,,,,No,,Dibrugarh,"Dibrugarh, Assam",Qualified,Tier 1 (High Leakage / Paper Priority),8,No email listed (paper-dominant) | Bought Leaf Factory (daily small-grower leaf friction) | Dibrugarh HQ,,1-Page Postal Letter,1-Page Postal Dispatch,"Namaskar,

During peak leaf intake at Prabhuni Tea Companyprabhuni Tea Factory, how does your weighbridge team handle small grower disputes over tare weight and moisture or coarse leaf deductions?

In Dibrugarh, several BLF owners we know were losing 15 to 20 minutes per vehicle because deductions were still handwritten or keyed manually into a local computer slip.

Does your weighing scale push verified net leaf weights directly to the grower slip and your ledger without manual re-entry?"
Assam,RAMESHWARA TEA PROCESSING UNIT RAMESHWARA TEA FACTORY & STG,Bought Leaf Factory (BLF),Yes,RAMESHWARA TEA PROCESSING UNIT RAMESHWARA TEA FACTORY & STG,Dibrugarh,BLF Processing,,,,No,,Dibrugarh,"Dibrugarh, Assam",Qualified,Tier 1 (High Leakage / Paper Priority),8,No email listed (paper-dominant) | Bought Leaf Factory (daily small-grower leaf friction) | Dibrugarh HQ,,1-Page Postal Letter,1-Page Postal Dispatch,"Namaskar,

During peak leaf intake at Rameshwara Tea Processing Unit Rameshwara Tea Factory & Stg, how does your weighbridge team handle small grower disputes over tare weight and moisture or coarse leaf deductions?

In Dibrugarh, several BLF owners we know were losing 15 to 20 minutes per vehicle because deductions were still handwritten or keyed manually into a local computer slip.

Does your weighing scale push verified net leaf weights directly to the grower slip and your ledger without manual re-entry?"
Assam,RAMJULI TEA COMPANYRAMJULI TEA FACTORY,Bought Leaf Factory (BLF),Yes,RAMJULI TEA COMPANYRAMJULI TEA FACTORY,Dibrugarh,BLF Processing,,,,No,,Dibrugarh,"Dibrugarh, Assam",Qualified,Tier 1 (High Leakage / Paper Priority),8,No email listed (paper-dominant) | Bought Leaf Factory (daily small-grower leaf friction) | Dibrugarh HQ,,1-Page Postal Letter,1-Page Postal Dispatch,"Namaskar,

During peak leaf intake at Ramjuli Tea Companyramjuli Tea Factory, how does your weighbridge team handle small grower disputes over tare weight and moisture or coarse leaf deductions?

In Dibrugarh, several BLF owners we know were losing 15 to 20 minutes per vehicle because deductions were still handwritten or keyed manually into a local computer slip.

Does your weighing scale push verified net leaf weights directly to the grower slip and your ledger without manual re-entry?"
Assam,ROYAL TEA COMPANYPARVATI TEA FACTORY & STG,Bought Leaf Factory (BLF),Yes,ROYAL TEA COMPANYPARVATI TEA FACTORY & STG,Dibrugarh,BLF Processing,,,,No,,Dibrugarh,"Dibrugarh, Assam",Qualified,Tier 1 (High Leakage / Paper Priority),8,No email listed (paper-dominant) | Bought Leaf Factory (daily small-grower leaf friction) | Dibrugarh HQ,,1-Page Postal Letter,1-Page Postal Dispatch,"Namaskar,

During peak leaf intake at Royal Tea Companyparvati Tea Factory & Stg, how does your weighbridge team handle small grower disputes over tare weight and moisture or coarse leaf deductions?

In Dibrugarh, several BLF owners we know were losing 15 to 20 minutes per vehicle because deductions were still handwritten or keyed manually into a local computer slip.

Does your weighing scale push verified net leaf weights directly to the grower slip and your ledger without manual re-entry?"
Assam,SAMPRIKIMI TEA INDUSTRIESSAMPRIKIMI TEA INDUSTRIES,Bought Leaf Factory (BLF),Yes,SAMPRIKIMI TEA INDUSTRIESSAMPRIKIMI TEA INDUSTRIES,Dibrugarh,BLF Processing,,,,No,,Dibrugarh,"Dibrugarh, Assam",Qualified,Tier 1 (High Leakage / Paper Priority),8,No email listed (paper-dominant) | Bought Leaf Factory (daily small-grower leaf friction) | Dibrugarh HQ,,1-Page Postal Letter,1-Page Postal Dispatch,"Namaskar,

During peak leaf intake at Samprikimi Tea Industriessamprikimi Tea Industries, how does your weighbridge team handle small grower disputes over tare weight and moisture or coarse leaf deductions?

In Dibrugarh, several BLF owners we know were losing 15 to 20 minutes per vehicle because deductions were still handwritten or keyed manually into a local computer slip.

Does your weighing scale push verified net leaf weights directly to the grower slip and your ledger without manual re-entry?"
Assam,SANJEEVANI TEA INDUSTRIESSANJEEVANI TEA FACTORY & STG,Bought Leaf Factory (BLF),Yes,SANJEEVANI TEA INDUSTRIESSANJEEVANI TEA FACTORY & STG,Dibrugarh,BLF Processing,,,,No,,Dibrugarh,"Dibrugarh, Assam",Qualified,Tier 1 (High Leakage / Paper Priority),8,No email listed (paper-dominant) | Bought Leaf Factory (daily small-grower leaf friction) | Dibrugarh HQ,,1-Page Postal Letter,1-Page Postal Dispatch,"Namaskar,

During peak leaf intake at Sanjeevani Tea Industriessanjeevani Tea Factory & Stg, how does your weighbridge team handle small grower disputes over tare weight and moisture or coarse leaf deductions?

In Dibrugarh, several BLF owners we know were losing 15 to 20 minutes per vehicle because deductions were still handwritten or keyed manually into a local computer slip.

Does your weighing scale push verified net leaf weights directly to the grower slip and your ledger without manual re-entry?"
Assam,SANJIV TEA INDUSTRIES PVT LTD SANJIV TEA INDUSTRIES PVT LTD,Bought Leaf Factory (BLF),Yes,SANJIV TEA INDUSTRIES PVT LTD SANJIV TEA INDUSTRIES PVT LTD,Dibrugarh,BLF Processing,,,,No,,Dibrugarh,"Dibrugarh, Assam",Qualified,Tier 1 (High Leakage / Paper Priority),8,No email listed (paper-dominant) | Bought Leaf Factory (daily small-grower leaf friction) | Dibrugarh HQ,,1-Page Postal Letter,1-Page Postal Dispatch,"Namaskar,

During peak leaf intake at Sanjiv Tea Industries, how does your weighbridge team handle small grower disputes over tare weight and moisture or coarse leaf deductions?

In Dibrugarh, several BLF owners we know were losing 15 to 20 minutes per vehicle because deductions were still handwritten or keyed manually into a local computer slip.

Does your weighing scale push verified net leaf weights directly to the grower slip and your ledger without manual re-entry?"
Assam,SHRISTI TEA INDUSTRY SHRISTI BLF & STG,Bought Leaf Factory (BLF),Yes,SHRISTI TEA INDUSTRY SHRISTI BLF & STG,Dibrugarh,BLF Processing,,,,No,,Dibrugarh,"Dibrugarh, Assam",Qualified,Tier 1 (High Leakage / Paper Priority),8,No email listed (paper-dominant) | Bought Leaf Factory (daily small-grower leaf friction) | Dibrugarh HQ,,1-Page Postal Letter,1-Page Postal Dispatch,"Namaskar,

During peak leaf intake at Shristi Tea Industry Shristi Blf & Stg, how does your weighbridge team handle small grower disputes over tare weight and moisture or coarse leaf deductions?

In Dibrugarh, several BLF owners we know were losing 15 to 20 minutes per vehicle because deductions were still handwritten or keyed manually into a local computer slip.

Does your weighing scale push verified net leaf weights directly to the grower slip and your ledger without manual re-entry?"
Assam,Singlo Suffry Tea Estate LLPSUFFRY TEA ESTATE FACTORY,Bought Leaf Factory (BLF),Yes,Singlo Suffry Tea Estate LLPSUFFRY TEA ESTATE FACTORY,Dibrugarh,BLF Processing,,,,No,,Dibrugarh,"Dibrugarh, Assam",Qualified,Tier 1 (High Leakage / Paper Priority),8,No email listed (paper-dominant) | Bought Leaf Factory (daily small-grower leaf friction) | Dibrugarh HQ,,1-Page Postal Letter,1-Page Postal Dispatch,"Namaskar,

During peak leaf intake at Singlo Suffry Tea Estate Llpsuffry Tea Estate Factory, how does your weighbridge team handle small grower disputes over tare weight and moisture or coarse leaf deductions?

In Dibrugarh, several BLF owners we know were losing 15 to 20 minutes per vehicle because deductions were still handwritten or keyed manually into a local computer slip.

Does your weighing scale push verified net leaf weights directly to the grower slip and your ledger without manual re-entry?"
Assam,SONALI TEA INDUSTRIESSONALI TEA INDUSTRIES,Bought Leaf Factory (BLF),Yes,SONALI TEA INDUSTRIESSONALI TEA INDUSTRIES,Dibrugarh,BLF Processing,,,,No,,Dibrugarh,"Dibrugarh, Assam",Qualified,Tier 1 (High Leakage / Paper Priority),8,No email listed (paper-dominant) | Bought Leaf Factory (daily small-grower leaf friction) | Dibrugarh HQ,,1-Page Postal Letter,1-Page Postal Dispatch,"Namaskar,

During peak leaf intake at Sonali Tea Industriessonali Tea Industries, how does your weighbridge team handle small grower disputes over tare weight and moisture or coarse leaf deductions?

In Dibrugarh, several BLF owners we know were losing 15 to 20 minutes per vehicle because deductions were still handwritten or keyed manually into a local computer slip.

Does your weighing scale push verified net leaf weights directly to the grower slip and your ledger without manual re-entry?"
Assam,SUBLIME AGRO LTDDOOMNI TEA ESTATE,Bought Leaf Factory (BLF),Yes,SUBLIME AGRO LTDDOOMNI TEA ESTATE,Dibrugarh,BLF Processing,,,,No,,Dibrugarh,"Dibrugarh, Assam",Disqualified,Disqualified,8,No email listed (paper-dominant) | Bought Leaf Factory (daily small-grower leaf friction) | Dibrugarh HQ,Public limited company,1-Page Postal Letter,1-Page Postal Dispatch,"Namaskar,

During peak leaf intake at Sublime Agro Ltddoomni Tea Estate, how does your weighbridge team handle small grower disputes over tare weight and moisture or coarse leaf deductions?

In Dibrugarh, several BLF owners we know were losing 15 to 20 minutes per vehicle because deductions were still handwritten or keyed manually into a local computer slip.

Does your weighing scale push verified net leaf weights directly to the grower slip and your ledger without manual re-entry?"
Assam,SUKLAI TEA CO. PVT. LTD.SUKLAI TEA FACTORY,Bought Leaf Factory (BLF),Yes,SUKLAI TEA CO. PVT. LTD.SUKLAI TEA FACTORY,Dibrugarh,BLF Processing,,,,No,,Dibrugarh,"Dibrugarh, Assam",Qualified,Tier 1 (High Leakage / Paper Priority),8,No email listed (paper-dominant) | Bought Leaf Factory (daily small-grower leaf friction) | Dibrugarh HQ,,1-Page Postal Letter,1-Page Postal Dispatch,"Namaskar,

During peak leaf intake at Suklai Tea Co. Pvt. Ltd.Suklai Tea Factory, how does your weighbridge team handle small grower disputes over tare weight and moisture or coarse leaf deductions?

In Dibrugarh, several BLF owners we know were losing 15 to 20 minutes per vehicle because deductions were still handwritten or keyed manually into a local computer slip.

Does your weighing scale push verified net leaf weights directly to the grower slip and your ledger without manual re-entry?"
Assam,SURYA TEA INDUSTRIESSURYA TEA INDUSTRIES,Bought Leaf Factory (BLF),Yes,SURYA TEA INDUSTRIESSURYA TEA INDUSTRIES,Dibrugarh,BLF Processing,,,,No,,Dibrugarh,"Dibrugarh, Assam",Qualified,Tier 1 (High Leakage / Paper Priority),8,No email listed (paper-dominant) | Bought Leaf Factory (daily small-grower leaf friction) | Dibrugarh HQ,,1-Page Postal Letter,1-Page Postal Dispatch,"Namaskar,

During peak leaf intake at Surya Tea Industriessurya Tea Industries, how does your weighbridge team handle small grower disputes over tare weight and moisture or coarse leaf deductions?

In Dibrugarh, several BLF owners we know were losing 15 to 20 minutes per vehicle because deductions were still handwritten or keyed manually into a local computer slip.

Does your weighing scale push verified net leaf weights directly to the grower slip and your ledger without manual re-entry?"
Assam,TEAMAFCO PRIVATE LIMITEDTEAMAFCO FACTORY & STGs,Bought Leaf Factory (BLF),Yes,TEAMAFCO PRIVATE LIMITEDTEAMAFCO FACTORY & STGs,Dibrugarh,BLF Processing,,,,No,,Dibrugarh,"Dibrugarh, Assam",Qualified,Tier 1 (High Leakage / Paper Priority),8,No email listed (paper-dominant) | Bought Leaf Factory (daily small-grower leaf friction) | Dibrugarh HQ,,1-Page Postal Letter,1-Page Postal Dispatch,"Namaskar,

During peak leaf intake at Teamafco Private Limitedteamafco Factory & Stgs, how does your weighbridge team handle small grower disputes over tare weight and moisture or coarse leaf deductions?

In Dibrugarh, several BLF owners we know were losing 15 to 20 minutes per vehicle because deductions were still handwritten or keyed manually into a local computer slip.

Does your weighing scale push verified net leaf weights directly to the grower slip and your ledger without manual re-entry?"
Assam,DESSOIE TEA ESTATE & FACTORY,Bought Leaf Factory (BLF),Yes,DESSOIE TEA ESTATE & FACTORY,Dibrugarh,BLF Processing,,,,No,,Dibrugarh,"Dibrugarh, Assam",Qualified,Tier 1 (High Leakage / Paper Priority),8,No email listed (paper-dominant) | Bought Leaf Factory (daily small-grower leaf friction) | Dibrugarh HQ,,1-Page Postal Letter,1-Page Postal Dispatch,"Namaskar,

During peak leaf intake at Dessoie Tea Estate & Factory, how does your weighbridge team handle small grower disputes over tare weight and moisture or coarse leaf deductions?

In Dibrugarh, several BLF owners we know were losing 15 to 20 minutes per vehicle because deductions were still handwritten or keyed manually into a local computer slip.

Does your weighing scale push verified net leaf weights directly to the grower slip and your ledger without manual re-entry?"
Assam,THE JOREHAUT AGRO LIMITED BHADRA TEA FACTORY,Bought Leaf Factory (BLF),Yes,THE JOREHAUT AGRO LIMITED BHADRA TEA FACTORY,Dibrugarh,BLF Processing,,,,No,,Dibrugarh,"Dibrugarh, Assam",Disqualified,Disqualified,8,No email listed (paper-dominant) | Bought Leaf Factory (daily small-grower leaf friction) | Dibrugarh HQ,Public limited company,1-Page Postal Letter,1-Page Postal Dispatch,"Namaskar,

During peak leaf intake at The Jorehaut Agro Limited Bhadra Tea Factory, how does your weighbridge team handle small grower disputes over tare weight and moisture or coarse leaf deductions?

In Dibrugarh, several BLF owners we know were losing 15 to 20 minutes per vehicle because deductions were still handwritten or keyed manually into a local computer slip.

Does your weighing scale push verified net leaf weights directly to the grower slip and your ledger without manual re-entry?"
Assam,THE TELIOJAN TEA COMPANY LTD TELIOJAN TEA ESTATE & FACTORY,Bought Leaf Factory (BLF),Yes,THE TELIOJAN TEA COMPANY LTD TELIOJAN TEA ESTATE & FACTORY,Dibrugarh,BLF Processing,,,,No,,Dibrugarh,"Dibrugarh, Assam",Disqualified,Disqualified,8,No email listed (paper-dominant) | Bought Leaf Factory (daily small-grower leaf friction) | Dibrugarh HQ,Public limited company,1-Page Postal Letter,1-Page Postal Dispatch,"Namaskar,

During peak leaf intake at The Teliojan Tea Company Ltd Teliojan Tea Estate & Factory, how does your weighbridge team handle small grower disputes over tare weight and moisture or coarse leaf deductions?

In Dibrugarh, several BLF owners we know were losing 15 to 20 minutes per vehicle because deductions were still handwritten or keyed manually into a local computer slip.

Does your weighing scale push verified net leaf weights directly to the grower slip and your ledger without manual re-entry?"
Assam,TSANGPOOL TEA PVT. LTD. TSANGPOOL FACTORY & STG,Bought Leaf Factory (BLF),Yes,TSANGPOOL TEA PVT. LTD. TSANGPOOL FACTORY & STG,Dibrugarh,BLF Processing,,,,No,,Dibrugarh,"Dibrugarh, Assam",Qualified,Tier 1 (High Leakage / Paper Priority),8,No email listed (paper-dominant) | Bought Leaf Factory (daily small-grower leaf friction) | Dibrugarh HQ,,1-Page Postal Letter,1-Page Postal Dispatch,"Namaskar,

During peak leaf intake at Tsangpool Tea Pvt. Ltd. Tsangpool Factory & Stg, how does your weighbridge team handle small grower disputes over tare weight and moisture or coarse leaf deductions?

In Dibrugarh, several BLF owners we know were losing 15 to 20 minutes per vehicle because deductions were still handwritten or keyed manually into a local computer slip.

Does your weighing scale push verified net leaf weights directly to the grower slip and your ledger without manual re-entry?"
Assam,MANAKAMNA TEA INDUSTRIES PRIVATE LIMITED,Bought Leaf Factory (BLF),Yes,MANAKAMNA TEA INDUSTRIES PRIVATE LIMITED,Dibrugarh,BLF Processing,,,,No,,Dibrugarh,"Dibrugarh, Assam",Qualified,Tier 1 (High Leakage / Paper Priority),8,No email listed (paper-dominant) | Bought Leaf Factory (daily small-grower leaf friction) | Dibrugarh HQ,,1-Page Postal Letter,1-Page Postal Dispatch,"Namaskar,

During peak leaf intake at Manakamna Tea Industries, how does your weighbridge team handle small grower disputes over tare weight and moisture or coarse leaf deductions?

In Dibrugarh, several BLF owners we know were losing 15 to 20 minutes per vehicle because deductions were still handwritten or keyed manually into a local computer slip.

Does your weighing scale push verified net leaf weights directly to the grower slip and your ledger without manual re-entry?"
Assam,INDUSTRIES GREEN,Bought Leaf Factory (BLF),Yes,INDUSTRIES GREEN,Dibrugarh,BLF Processing,,,,No,,Dibrugarh,"Dibrugarh, Assam",Qualified,Tier 1 (High Leakage / Paper Priority),8,No email listed (paper-dominant) | Bought Leaf Factory (daily small-grower leaf friction) | Dibrugarh HQ,,1-Page Postal Letter,1-Page Postal Dispatch,"Namaskar,

During peak leaf intake at Industries Green, how does your weighbridge team handle small grower disputes over tare weight and moisture or coarse leaf deductions?

In Dibrugarh, several BLF owners we know were losing 15 to 20 minutes per vehicle because deductions were still handwritten or keyed manually into a local computer slip.

Does your weighing scale push verified net leaf weights directly to the grower slip and your ledger without manual re-entry?"
Assam,SHREE TEA (ASSAM) MANUFACTURING INDUSTRIES LTD.,Bought Leaf Factory (BLF),Yes,SHREE TEA (ASSAM) MANUFACTURING INDUSTRIES LTD.,Dibrugarh,BLF Processing,,,,No,,Dibrugarh,"Dibrugarh, Assam",Disqualified,Disqualified,8,No email listed (paper-dominant) | Bought Leaf Factory (daily small-grower leaf friction) | Dibrugarh HQ,Public limited company,1-Page Postal Letter,1-Page Postal Dispatch,"Namaskar,

During peak leaf intake at Shree Tea (Assam) Manufacturing Industries, how does your weighbridge team handle small grower disputes over tare weight and moisture or coarse leaf deductions?

In Dibrugarh, several BLF owners we know were losing 15 to 20 minutes per vehicle because deductions were still handwritten or keyed manually into a local computer slip.

Does your weighing scale push verified net leaf weights directly to the grower slip and your ledger without manual re-entry?"
Assam,RANGLAL TEA & INDUSTRIES PRIVATE LIMITED,Bought Leaf Factory (BLF),Yes,RANGLAL TEA & INDUSTRIES PRIVATE LIMITED,Dibrugarh,BLF Processing,,,,No,,Dibrugarh,"Dibrugarh, Assam",Qualified,Tier 1 (High Leakage / Paper Priority),8,No email listed (paper-dominant) | Bought Leaf Factory (daily small-grower leaf friction) | Dibrugarh HQ,,1-Page Postal Letter,1-Page Postal Dispatch,"Namaskar,

During peak leaf intake at Ranglal Tea & Industries, how does your weighbridge team handle small grower disputes over tare weight and moisture or coarse leaf deductions?

In Dibrugarh, several BLF owners we know were losing 15 to 20 minutes per vehicle because deductions were still handwritten or keyed manually into a local computer slip.

Does your weighing scale push verified net leaf weights directly to the grower slip and your ledger without manual re-entry?"
Assam,MUNIN PHUKAN AGRO ESTATE MUNIN PHUKAN AGRO ESTATE,Bought Leaf Factory (BLF),Yes,MUNIN PHUKAN AGRO ESTATE MUNIN PHUKAN AGRO ESTATE,Dibrugarh,BLF Processing,,,,No,,Dibrugarh,"Dibrugarh, Assam",Qualified,Tier 1 (High Leakage / Paper Priority),8,No email listed (paper-dominant) | Bought Leaf Factory (daily small-grower leaf friction) | Dibrugarh HQ,,1-Page Postal Letter,1-Page Postal Dispatch,"Namaskar,

During peak leaf intake at Munin Phukan Agro Estate, how does your weighbridge team handle small grower disputes over tare weight and moisture or coarse leaf deductions?

In Dibrugarh, several BLF owners we know were losing 15 to 20 minutes per vehicle because deductions were still handwritten or keyed manually into a local computer slip.

Does your weighing scale push verified net leaf weights directly to the grower slip and your ledger without manual re-entry?"
