state,name,type,is_blf,company,district,scale_hectares,decision_maker,phone,phone_raw,is_mobile,email,hq_city,hq_address,status,tier,tech_score,score_signals,disqualification_reason,primary_channel,available_channels,engagement_hook
West Bengal,AIBHEEL TEA GARDEN,Organized Estate,No,GOODRICKE GROUP LIMITED,Jalpaiguri,827.8,MR.A.N.SINGH,033 2287 3067,033 2287 3067,No,aib@goodricke.com,Kolkata,"Goodricke Group Limited, 14, Gurusaday Dutta Rd, Beck Bagan, Ballygunge, Kolkata, West Bengal 700019",Disqualified,Disqualified,0,Custom domain (@goodricke.com) | Large enterprise acreage (827.8 Ha) | Kolkata HQ,Conglomerate keyword match (GOODRICKE),1-Page Postal Letter,1-Page Postal Dispatch + Email,"Namaskar A.N.Singh-ji,

When green leaf trucks move from field divisions to the factory at Aibheel Tea Garden, what percentage difference are you typically seeing between the field scale and factory weighbridge?

Most independent estates in Jalpaiguri tell us they only catch leaf discrepancies and proxy hazira 10 to 14 days later when the fortnightly muster roll reaches the office.

Are you able to see your daily leaf reconciliation and worker count on your phone before the evening shift, or is your team still compiling it on paper?"
West Bengal,ANANDAPUR TEA ESTATE,Organized Estate,No,NEW CHUMTA TEA CO. LTD,Jalpaiguri,402.2,MR. H.K.SHARMA,9800882719,098008 82719,Yes,anandapurteaestate@yahoo.com,Kolkata,"New Chumta Tea, New Chumta Tea garden PO - New Chumta PS - Matigara, Siliguri, West Bengal 734009",Disqualified,Disqualified,5,Consumer/ISP email (@yahoo.com) | Kolkata HQ,Public limited company,WhatsApp / Phone,WhatsApp / Call + 1-Page Postal Dispatch + Email,"Namaskar H.K.Sharma-ji,

When green leaf trucks move from field divisions to the factory at Anandapur Tea Estate, what percentage difference are you typically seeing between the field scale and factory weighbridge?

Most independent estates in Jalpaiguri tell us they only catch leaf discrepancies and proxy hazira 10 to 14 days later when the fortnightly muster roll reaches the office.

Are you able to see your daily leaf reconciliation and worker count on your phone before the evening shift, or is your team still compiling it on paper?"
West Bengal,BAGRACOTE TEA GARDEN,Organized Estate,No,DUNCANS INDUSTRIES LIMITED,Jalpaiguri,488.9,MR. G.P. GOENKA,033 2242 1605,033 2242 1605,No,bagtg@duncan.tea.co.in,Kolkata,"4th Floor, Duncans Tea Limited, Duncan House, 31, Netaji Subhas Rd, Murgighata, B.B.D. Bagh, Kolkata, West Bengal 700001",Disqualified,Disqualified,2,Custom domain (@duncan.tea.co.in) | Kolkata HQ,Conglomerate keyword match (DUNCANS),1-Page Postal Letter,1-Page Postal Dispatch + Email,"Namaskar G.P.-ji,

When green leaf trucks move from field divisions to the factory at Bagracote Tea Garden, what percentage difference are you typically seeing between the field scale and factory weighbridge?

Most independent estates in Jalpaiguri tell us they only catch leaf discrepancies and proxy hazira 10 to 14 days later when the fortnightly muster roll reaches the office.

Are you able to see your daily leaf reconciliation and worker count on your phone before the evening shift, or is your team still compiling it on paper?"
West Bengal,BAINTGOORIE TEA ESTATE,Organized Estate,No,DIANA TEA CO. LTD.,Jalpaiguri,657.9,MR.SANDEEP KUMER SINGHANIA,033 2248 8672,033 2248 8672,No,senguptaaloke@rediffmail.com,Kolkata,"4th Floor, Diana Tea Company Limited, SIR RNM House, 3/B, Lal Bazar St, Lal Bazar, Kolkata, West Bengal 700001",Disqualified,Disqualified,3,Consumer/ISP email (@rediffmail.com) | Large enterprise acreage (657.9 Ha) | Kolkata HQ,Conglomerate keyword match (DIANA TEA),1-Page Postal Letter,1-Page Postal Dispatch + Email,"Namaskar Sandeep-ji,

When green leaf trucks move from field divisions to the factory at Baintgoorie Tea Estate, what percentage difference are you typically seeing between the field scale and factory weighbridge?

Most independent estates in Jalpaiguri tell us they only catch leaf discrepancies and proxy hazira 10 to 14 days later when the fortnightly muster roll reaches the office.

Are you able to see your daily leaf reconciliation and worker count on your phone before the evening shift, or is your team still compiling it on paper?"
West Bengal,BATABARI,Organized Estate,No,AMALGAMATED PLANTATIONS,Jalpaiguri,299.6,DEEPAK ATAL,0361 234 0037,0361 234 0037,No,deepak.atal@amalgamated.in,Assam,"Amalgamated Plantations Guwahati, GS Rd, Ananda Nagar, Christian Basti, Guwahati, Assam 781005",Disqualified,Disqualified,4,Custom domain (@amalgamated.in) | Mid-tier acreage sweet spot (299.6 Ha),Conglomerate keyword match (AMALGAMATED PLANTATIONS),1-Page Postal Letter,1-Page Postal Dispatch + Email,"Namaskar Deepak-ji,

When green leaf trucks move from field divisions to the factory at Batabari, what percentage difference are you typically seeing between the field scale and factory weighbridge?

Most independent estates in Jalpaiguri tell us they only catch leaf discrepancies and proxy hazira 10 to 14 days later when the fortnightly muster roll reaches the office.

Are you able to see your daily leaf reconciliation and worker count on your phone before the evening shift, or is your team still compiling it on paper?"
West Bengal,CHALOUNI,Organized Estate,No,GOODRICKE GROUP LIMITED,Jalpaiguri,562.9,MR. ARUN SINGH,033 2287 3067,033 2287 3067,No,chalouni@goodricke.com,Kolkata,"Goodricke Group Limited, 14, Gurusaday Dutta Rd, Beck Bagan, Ballygunge, Kolkata, West Bengal 700019",Disqualified,Disqualified,0,Custom domain (@goodricke.com) | Large enterprise acreage (562.9 Ha) | Kolkata HQ,Conglomerate keyword match (GOODRICKE),1-Page Postal Letter,1-Page Postal Dispatch + Email,"Namaskar Arun-ji,

When green leaf trucks move from field divisions to the factory at Chalouni, what percentage difference are you typically seeing between the field scale and factory weighbridge?

Most independent estates in Jalpaiguri tell us they only catch leaf discrepancies and proxy hazira 10 to 14 days later when the fortnightly muster roll reaches the office.

Are you able to see your daily leaf reconciliation and worker count on your phone before the evening shift, or is your team still compiling it on paper?"
West Bengal,CHHAOPHALI TEA ESTATE,Organized Estate,No,DUTTA AGRO PLANTATION PVT LTD,Jalpaiguri,35.2,SANJOY DUTTA,9733149174,9733149174,Yes,,Siliguri,"Dutta Agro Products Pvt Ltd., Kalna Rd, Gargeswar, Bardhaman, Jabui, West Bengal 713146",Qualified,Tier 2 (Qualified Independent),6,No email listed (paper-dominant) | Small holding (35.2 Ha) | Siliguri HQ (local operating hub),,WhatsApp / Phone,WhatsApp / Call + 1-Page Postal Dispatch,"Namaskar Sanjoy-ji,

When green leaf trucks move from field divisions to the factory at Chhaophali Tea Estate, what percentage difference are you typically seeing between the field scale and factory weighbridge?

Most independent estates in Jalpaiguri tell us they only catch leaf discrepancies and proxy hazira 10 to 14 days later when the fortnightly muster roll reaches the office.

Are you able to see your daily leaf reconciliation and worker count on your phone before the evening shift, or is your team still compiling it on paper?"
West Bengal,CHULSA TEA ESTATE,Organized Estate,No,GOODRICKE GROUP LIMITED,Jalpaiguri,442.6,MR.A.N.SINGH,033 2287 3067,033 2287 3067,No,chulsa@goodricke.com,Kolkata,"Goodricke Group Limited, 14, Gurusaday Dutta Rd, Beck Bagan, Ballygunge, Kolkata, West Bengal 700019",Disqualified,Disqualified,2,Custom domain (@goodricke.com) | Kolkata HQ,Conglomerate keyword match (GOODRICKE),1-Page Postal Letter,1-Page Postal Dispatch + Email,"Namaskar A.N.Singh-ji,

When green leaf trucks move from field divisions to the factory at Chulsa Tea Estate, what percentage difference are you typically seeing between the field scale and factory weighbridge?

Most independent estates in Jalpaiguri tell us they only catch leaf discrepancies and proxy hazira 10 to 14 days later when the fortnightly muster roll reaches the office.

Are you able to see your daily leaf reconciliation and worker count on your phone before the evening shift, or is your team still compiling it on paper?"
West Bengal,DAGAPUR,Organized Estate,No,SUBLIME AGRO LTD.,Jalpaiguri,194.8,SUBLIME AGRO LTD.,0353-2511305,0353-2511305,No,sublimeagro@gmail.com,Kolkata,"Surobhi Agro Industries Pvt Ltd, Anwesha, opposite lahari dance institute, aam tala shiv than, Fartabad, Garia, Rajpur Sonarpur, West Bengal 700084",Disqualified,Disqualified,8,Consumer/ISP email (@gmail.com) | Mid-tier acreage sweet spot (194.8 Ha) | Kolkata HQ,Public limited company,1-Page Postal Letter,1-Page Postal Dispatch + Email,"Namaskar Sublime-ji,

When green leaf trucks move from field divisions to the factory at Dagapur, what percentage difference are you typically seeing between the field scale and factory weighbridge?

Most independent estates in Jalpaiguri tell us they only catch leaf discrepancies and proxy hazira 10 to 14 days later when the fortnightly muster roll reaches the office.

Are you able to see your daily leaf reconciliation and worker count on your phone before the evening shift, or is your team still compiling it on paper?"
West Bengal,ELLENBARRIE TEA ESTATE,Organized Estate,No,THE ELLENBARRIE TEA CO.LTD. SHANTI PROSAD AGARWALLA,Jalpaiguri,229.5,746 BLOCK'P'NEW,033 2229 1923,033 2229 1923,No,shanti.agarwala@ellenbarrie.co,Kolkata,"The Ellenbarrie Tea Co Limited, 3a, Ripon St, Block K, Taltala, Kolkata, West Bengal 700014",Disqualified,Disqualified,5,Custom domain (@ellenbarrie.co) | Mid-tier acreage sweet spot (229.5 Ha) | Kolkata HQ,Public limited company,1-Page Postal Letter,1-Page Postal Dispatch + Email,"Namaskar 746-ji,

When green leaf trucks move from field divisions to the factory at Ellenbarrie Tea Estate, what percentage difference are you typically seeing between the field scale and factory weighbridge?

Most independent estates in Jalpaiguri tell us they only catch leaf discrepancies and proxy hazira 10 to 14 days later when the fortnightly muster roll reaches the office.

Are you able to see your daily leaf reconciliation and worker count on your phone before the evening shift, or is your team still compiling it on paper?"
West Bengal,ENGO TEA ESTATE,Organized Estate,No,ENGO TRADING & TEA CO.(P),Jalpaiguri,109.1,MR ASHOK KUMAR BHUWALKA,033 3029 5000,033 3029 5000,No,engotea2008@gmail.com,Kolkata,"FLOOR, FLAT NO.5A, Engo Tea Co. Ltd., 12, 5TH, Pretoria St, Kolkata, West Bengal 700071",Qualified,Tier 1 (High Leakage / Paper Priority),8,Consumer/ISP email (@gmail.com) | Mid-tier acreage sweet spot (109.1 Ha) | Kolkata HQ,,1-Page Postal Letter,1-Page Postal Dispatch + Email,"Namaskar Ashok-ji,

When green leaf trucks move from field divisions to the factory at Engo Tea Estate, what percentage difference are you typically seeing between the field scale and factory weighbridge?

Most independent estates in Jalpaiguri tell us they only catch leaf discrepancies and proxy hazira 10 to 14 days later when the fortnightly muster roll reaches the office.

Are you able to see your daily leaf reconciliation and worker count on your phone before the evening shift, or is your team still compiling it on paper?"
West Bengal,GOOD HOPE TEA ESTATE,Organized Estate,No,DIANA TEA CO. LTD.,Jalpaiguri,418.3,MR. MONOJ AGARWAL,033 2248 8672,033 2248 8672,No,,Kolkata,"4th Floor, Diana Tea Company Limited, SIR RNM House, 3/B, Lal Bazar St, Lal Bazar, Kolkata, West Bengal 700001",Disqualified,Disqualified,3,No email listed (paper-dominant) | Kolkata HQ,Conglomerate keyword match (DIANA TEA),1-Page Postal Letter,1-Page Postal Dispatch,"Namaskar Monoj-ji,

When green leaf trucks move from field divisions to the factory at Good Hope Tea Estate, what percentage difference are you typically seeing between the field scale and factory weighbridge?

Most independent estates in Jalpaiguri tell us they only catch leaf discrepancies and proxy hazira 10 to 14 days later when the fortnightly muster roll reaches the office.

Are you able to see your daily leaf reconciliation and worker count on your phone before the evening shift, or is your team still compiling it on paper?"
West Bengal,GOPALPUR TEA ESTATE,Organized Estate,No,THE GOPALPUR TEA COMPANY LIMITED,Jalpaiguri,510.3,SHRI NATHMAL MAHESWARI,033 2229 1684,033 2229 1684,No,gopal_tea@bsnl.in,Kolkata,"THE GOPALPUR TEA CO. LTD., 3rd Floor, Suite No.12, 30 Chowringhee Road, Kolkata, West Bengal 700013",Disqualified,Disqualified,3,Consumer/ISP email (@bsnl.in) | Large enterprise acreage (510.3 Ha) | Kolkata HQ,Public limited company,1-Page Postal Letter,1-Page Postal Dispatch + Email,"Namaskar Nathmal-ji,

When green leaf trucks move from field divisions to the factory at Gopalpur Tea Estate, what percentage difference are you typically seeing between the field scale and factory weighbridge?

Most independent estates in Jalpaiguri tell us they only catch leaf discrepancies and proxy hazira 10 to 14 days later when the fortnightly muster roll reaches the office.

Are you able to see your daily leaf reconciliation and worker count on your phone before the evening shift, or is your team still compiling it on paper?"
West Bengal,GURJANGJHORA TEA ESTATE,Organized Estate,No,GURJANGJHORA TEA &,Jalpaiguri,268.8,MR.S.SAHA,9641404338,9641404338,Yes,kalyanigroupho@rediffmail.com,Kolkata,"Gurjang Jhora Tea Garden, West Bengal",Qualified,Tier 1 (High Leakage / Paper Priority),8,Consumer/ISP email (@rediffmail.com) | Mid-tier acreage sweet spot (268.8 Ha) | Kolkata HQ,,WhatsApp / Phone,WhatsApp / Call + 1-Page Postal Dispatch + Email,"Namaskar S.Saha-ji,

When green leaf trucks move from field divisions to the factory at Gurjangjhora Tea Estate, what percentage difference are you typically seeing between the field scale and factory weighbridge?

Most independent estates in Jalpaiguri tell us they only catch leaf discrepancies and proxy hazira 10 to 14 days later when the fortnightly muster roll reaches the office.

Are you able to see your daily leaf reconciliation and worker count on your phone before the evening shift, or is your team still compiling it on paper?"
West Bengal,INDONG TEA ESTATE,Organized Estate,No,INDONG TEA CO. PVT. LTD.,Jalpaiguri,483.8,MR. DEVVRAT GUPTA,033 4006 3601,033 4006 3601,No,devvrat61@sifi.com,Kolkata,"Indong Tea Company Limited, Sikkim Commerce House, 4/1, Middleton St, Kankaria Estates, Park Street area, Kolkata, West Bengal 700071",Qualified,Tier 2 (Qualified Independent),5,Consumer/ISP email (@sifi.com) | Kolkata HQ,,1-Page Postal Letter,1-Page Postal Dispatch + Email,"Namaskar Devvrat-ji,

When green leaf trucks move from field divisions to the factory at Indong Tea Estate, what percentage difference are you typically seeing between the field scale and factory weighbridge?

Most independent estates in Jalpaiguri tell us they only catch leaf discrepancies and proxy hazira 10 to 14 days later when the fortnightly muster roll reaches the office.

Are you able to see your daily leaf reconciliation and worker count on your phone before the evening shift, or is your team still compiling it on paper?"
West Bengal,JOGESH CHANDRA TEA ESTATE,Organized Estate,No,MALHATI TEA AND INDS. LTD.,Jalpaiguri,463.5,MR.NARENDRA BARELIA,9733473975,9733473975,Yes,,Siliguri,"PMG6+3VP Malhati Division, Jogesh Chandra Tea Garden, West Bengal 735218",Disqualified,Disqualified,5,No email listed (paper-dominant) | Siliguri HQ (local operating hub),Public limited company,WhatsApp / Phone,WhatsApp / Call + 1-Page Postal Dispatch,"Namaskar Narendra-ji,

When green leaf trucks move from field divisions to the factory at Jogesh Chandra Tea Estate, what percentage difference are you typically seeing between the field scale and factory weighbridge?

Most independent estates in Jalpaiguri tell us they only catch leaf discrepancies and proxy hazira 10 to 14 days later when the fortnightly muster roll reaches the office.

Are you able to see your daily leaf reconciliation and worker count on your phone before the evening shift, or is your team still compiling it on paper?"
West Bengal,KAILASHPUR TEA ESTATE,Organized Estate,No,THE FRIENDS TEA COMPANY LTD. MR. RANJIT BALOW,Jalpaiguri,294.5,UILDING,7797802384,7797802384,Yes,kpte.jal@gmail.com,Jalpaiguri,"HJMH+7Q5 Praakritik Tea Industries Pvt Ltd, Patkata Colony, Denguajhar, Jalpaiguri, West Bengal 735133",Disqualified,Disqualified,8,Consumer/ISP email (@gmail.com) | Mid-tier acreage sweet spot (294.5 Ha) | Jalpaiguri HQ,Public limited company,WhatsApp / Phone,WhatsApp / Call + 1-Page Postal Dispatch + Email,"Namaskar Uilding-ji,

When green leaf trucks move from field divisions to the factory at Kailashpur Tea Estate, what percentage difference are you typically seeing between the field scale and factory weighbridge?

Most independent estates in Jalpaiguri tell us they only catch leaf discrepancies and proxy hazira 10 to 14 days later when the fortnightly muster roll reaches the office.

Are you able to see your daily leaf reconciliation and worker count on your phone before the evening shift, or is your team still compiling it on paper?"
West Bengal,KILLCOTT,Organized Estate,No,DUNCANS INDUSTRIES LIMITED,Jalpaiguri,431.2,DUNCANS INDUSTRIES LIMITED,033 2242 1605,033 2242 1605,No,killtg@duncans-tea.com,Jalpaiguri,"4th Floor, Duncans Tea Limited, Duncan House, 31, Netaji Subhas Rd, Murgighata, B.B.D. Bagh, Kolkata, West Bengal 700001",Disqualified,Disqualified,2,Custom domain (@duncans-tea.com) | Jalpaiguri HQ,Conglomerate keyword match (DUNCANS),1-Page Postal Letter,1-Page Postal Dispatch + Email,"Namaskar Duncans-ji,

When green leaf trucks move from field divisions to the factory at Killcott, what percentage difference are you typically seeing between the field scale and factory weighbridge?

Most independent estates in Jalpaiguri tell us they only catch leaf discrepancies and proxy hazira 10 to 14 days later when the fortnightly muster roll reaches the office.

Are you able to see your daily leaf reconciliation and worker count on your phone before the evening shift, or is your team still compiling it on paper?"
West Bengal,LEESH RIVER TEAGARDEN,Organized Estate,No,GOODRICKE GROUP LIMITED,Jalpaiguri,634.6,MR A N SINGH,033 2287 3067,033 2287 3067,No,leesh@goodricke.com,Kolkata,"Goodricke Group Limited, 14, Gurusaday Dutta Rd, Beck Bagan, Ballygunge, Kolkata, West Bengal 700019",Disqualified,Disqualified,0,Custom domain (@goodricke.com) | Large enterprise acreage (634.6 Ha) | Kolkata HQ,Conglomerate keyword match (GOODRICKE),1-Page Postal Letter,1-Page Postal Dispatch + Email,"Namaskar A-ji,

When green leaf trucks move from field divisions to the factory at Leesh River Teagarden, what percentage difference are you typically seeing between the field scale and factory weighbridge?

Most independent estates in Jalpaiguri tell us they only catch leaf discrepancies and proxy hazira 10 to 14 days later when the fortnightly muster roll reaches the office.

Are you able to see your daily leaf reconciliation and worker count on your phone before the evening shift, or is your team still compiling it on paper?"
West Bengal,MALNADY TEA ESTATE,Organized Estate,No,"MALNADY TEA ESTATE PVT. LTD., MALNADY TEA ESTATE PVT. LTD.,",Jalpaiguri,97.7,"ESTATE PVT, LTD.,",03434339664,03434339664,No,malnady.te@gmail.com,Siliguri,"2ND FLOOR, Malnady Tea Garden office, Gopal Bhawan, Church Rd, Ward 10, Janta Nagar, Siliguri, West Bengal 734001",Qualified,Tier 1 (High Leakage / Paper Priority),10,Consumer/ISP email (@gmail.com) | Mid-tier acreage sweet spot (97.7 Ha) | Siliguri HQ (local operating hub),,1-Page Postal Letter,1-Page Postal Dispatch + Email,"Namaskar Estate-ji,

When green leaf trucks move from field divisions to the factory at Malnady Tea Estate, what percentage difference are you typically seeing between the field scale and factory weighbridge?

Most independent estates in Jalpaiguri tell us they only catch leaf discrepancies and proxy hazira 10 to 14 days later when the fortnightly muster roll reaches the office.

Are you able to see your daily leaf reconciliation and worker count on your phone before the evening shift, or is your team still compiling it on paper?"
West Bengal,MANABARRIE,Organized Estate,No,TODI TEA CO. LTD.,Jalpaiguri,292.0,N. P. TODI,03562-250061,03562-250061,No,manabarite@indiatimes.com,Kolkata,"Todi Tea Company, 114, Rabindra Sarani, Malapara, Santoshpur, Jorabagan, Kolkata, West Bengal 700007",Disqualified,Disqualified,8,Consumer/ISP email (@indiatimes.com) | Mid-tier acreage sweet spot (292.0 Ha) | Kolkata HQ,Public limited company,1-Page Postal Letter,1-Page Postal Dispatch + Email,"Namaskar N.-ji,

When green leaf trucks move from field divisions to the factory at Manabarrie, what percentage difference are you typically seeing between the field scale and factory weighbridge?

Most independent estates in Jalpaiguri tell us they only catch leaf discrepancies and proxy hazira 10 to 14 days later when the fortnightly muster roll reaches the office.

Are you able to see your daily leaf reconciliation and worker count on your phone before the evening shift, or is your team still compiling it on paper?"
West Bengal,MATELLI TEA ESTATE,Organized Estate,No,LUXMI TEA COMPANY LIMITED,Jalpaiguri,730.1,LUXMI TEA COMPANY LIMITED,033 2248 4437,033 2248 4437,No,matelliteaestate@gmail.com,Kolkata,"Luxmi Tea Company Private Limited, 17, RN Mukherjee Rd, B.B.D. Bagh, Kolkata, West Bengal 700001",Disqualified,Disqualified,3,Consumer/ISP email (@gmail.com) | Large enterprise acreage (730.1 Ha) | Kolkata HQ,Conglomerate keyword match (LUXMI TEA),1-Page Postal Letter,1-Page Postal Dispatch + Email,"Namaskar Luxmi-ji,

When green leaf trucks move from field divisions to the factory at Matelli Tea Estate, what percentage difference are you typically seeing between the field scale and factory weighbridge?

Most independent estates in Jalpaiguri tell us they only catch leaf discrepancies and proxy hazira 10 to 14 days later when the fortnightly muster roll reaches the office.

Are you able to see your daily leaf reconciliation and worker count on your phone before the evening shift, or is your team still compiling it on paper?"
West Bengal,MEENGLAS TEA GARDEN,Organized Estate,No,GOODRICKE GROUP LIMITED,Jalpaiguri,617.8,MR A.N.SINGH,033 2287 3067,033 2287 3067,No,meen@goodricke.com,Kolkata,"Goodricke Group Limited, 14, Gurusaday Dutta Rd, Beck Bagan, Ballygunge, Kolkata, West Bengal 700019",Disqualified,Disqualified,0,Custom domain (@goodricke.com) | Large enterprise acreage (617.8 Ha) | Kolkata HQ,Conglomerate keyword match (GOODRICKE),1-Page Postal Letter,1-Page Postal Dispatch + Email,"Namaskar A.N.Singh-ji,

When green leaf trucks move from field divisions to the factory at Meenglas Tea Garden, what percentage difference are you typically seeing between the field scale and factory weighbridge?

Most independent estates in Jalpaiguri tell us they only catch leaf discrepancies and proxy hazira 10 to 14 days later when the fortnightly muster roll reaches the office.

Are you able to see your daily leaf reconciliation and worker count on your phone before the evening shift, or is your team still compiling it on paper?"
West Bengal,NAGAISUREE,Organized Estate,No,DUNCANS INDUSTRIES LIMITED,Jalpaiguri,630.0,MR M.GURBAXANI,033 2242 1605,033 2242 1605,No,nagtg@ducans-tea.com,Kolkata,"4th Floor, Duncans Tea Limited, Duncan House, 31, Netaji Subhas Rd, Murgighata, B.B.D. Bagh, Kolkata, West Bengal 700001",Disqualified,Disqualified,0,Custom domain (@ducans-tea.com) | Large enterprise acreage (630.0 Ha) | Kolkata HQ,Conglomerate keyword match (DUNCANS),1-Page Postal Letter,1-Page Postal Dispatch + Email,"Namaskar M.Gurbaxani-ji,

When green leaf trucks move from field divisions to the factory at Nagaisuree, what percentage difference are you typically seeing between the field scale and factory weighbridge?

Most independent estates in Jalpaiguri tell us they only catch leaf discrepancies and proxy hazira 10 to 14 days later when the fortnightly muster roll reaches the office.

Are you able to see your daily leaf reconciliation and worker count on your phone before the evening shift, or is your team still compiling it on paper?"
West Bengal,NEDAM TEA ESTATE,Organized Estate,No,NORTHERN BENGAL TEA,Jalpaiguri,255.8,ANAND AGARWAL,03561 230 733,03561 230 733,No,nbtcl@rediffmail.com,Jalpaiguri,"Atiabari Building, Kadamtalla, Northern Bengal Tea Corporation Limited, Jalpaiguri, West Bengal 735101",Qualified,Tier 1 (High Leakage / Paper Priority),8,Consumer/ISP email (@rediffmail.com) | Mid-tier acreage sweet spot (255.8 Ha) | Jalpaiguri HQ,,1-Page Postal Letter,1-Page Postal Dispatch + Email,"Namaskar Anand-ji,

When green leaf trucks move from field divisions to the factory at Nedam Tea Estate, what percentage difference are you typically seeing between the field scale and factory weighbridge?

Most independent estates in Jalpaiguri tell us they only catch leaf discrepancies and proxy hazira 10 to 14 days later when the fortnightly muster roll reaches the office.

Are you able to see your daily leaf reconciliation and worker count on your phone before the evening shift, or is your team still compiling it on paper?"
West Bengal,NEPUCHAPUR TEA ESTATE,Organized Estate,No,DIPALI DASGUPTA,Jalpaiguri,296.4,MR. RAJA RAY,03562240324,03562240324,No,raja.ray@nepuchapurtea.com,Kolkata,"Dipali Dasgupta Bari, 61, Patwari Para Rd, Patwari Para, Haltu, Kolkata, West Bengal 700075",Qualified,Tier 2 (Qualified Independent),5,Custom domain (@nepuchapurtea.com) | Mid-tier acreage sweet spot (296.4 Ha) | Kolkata HQ,,1-Page Postal Letter,1-Page Postal Dispatch + Email,"Namaskar Raja-ji,

When green leaf trucks move from field divisions to the factory at Nepuchapur Tea Estate, what percentage difference are you typically seeing between the field scale and factory weighbridge?

Most independent estates in Jalpaiguri tell us they only catch leaf discrepancies and proxy hazira 10 to 14 days later when the fortnightly muster roll reaches the office.

Are you able to see your daily leaf reconciliation and worker count on your phone before the evening shift, or is your team still compiling it on paper?"
West Bengal,NEW GLENCO TEA ESTATE,Organized Estate,No,SOONGACHI TEA INDUSTRIES (P) LTD,Jalpaiguri,349.8,S.K.SARIA,03532510831,03532510831,No,soongachi@gmail.com,Siliguri,"Soongachi Tea !! BEST TEA SUPPLIERS IN SILIGURI !! BEST TEA MANUFACTURER IN SILIGURI !! BEST TEA WHOLESALER IN SILIGURI, Arjun Enclave C & E Block 1st Floor, Tea Auction Rd, Green Park Colony, Siliguri, West Bengal 734003",Qualified,Tier 1 (High Leakage / Paper Priority),10,Consumer/ISP email (@gmail.com) | Mid-tier acreage sweet spot (349.8 Ha) | Siliguri HQ (local operating hub),,1-Page Postal Letter,1-Page Postal Dispatch + Email,"Namaskar S.K.Saria-ji,

When green leaf trucks move from field divisions to the factory at New Glenco Tea Estate, what percentage difference are you typically seeing between the field scale and factory weighbridge?

Most independent estates in Jalpaiguri tell us they only catch leaf discrepancies and proxy hazira 10 to 14 days later when the fortnightly muster roll reaches the office.

Are you able to see your daily leaf reconciliation and worker count on your phone before the evening shift, or is your team still compiling it on paper?"
West Bengal,OODLABARI TEA ESTATE,Organized Estate,No,SHRI AJOY KUMAR NAHATA,Jalpaiguri,484.2,NOT APPLICABLE,033 2248 1101,033 2248 1101,No,oodlabariteagarden@hotmail.co,Kolkata,"Oodlabari, RN Mukherjee Rd, Chowringhee North, Bow Barracks, Kolkata, West Bengal 700001",Uncertain / Backlog,Tier 3,2,Custom domain (@hotmail.co) | Kolkata HQ,Low signal density,1-Page Postal Letter,1-Page Postal Dispatch + Email,"Namaskar Not-ji,

When green leaf trucks move from field divisions to the factory at Oodlabari Tea Estate, what percentage difference are you typically seeing between the field scale and factory weighbridge?

Most independent estates in Jalpaiguri tell us they only catch leaf discrepancies and proxy hazira 10 to 14 days later when the fortnightly muster roll reaches the office.

Are you able to see your daily leaf reconciliation and worker count on your phone before the evening shift, or is your team still compiling it on paper?"
West Bengal,PUTHARJHORA TEA ESTATE,Organized Estate,No,PUTHARJHORA TEA GARDEN,Jalpaiguri,369.4,MR. K.C.AGARWAL,934079907,934079907,No,tpiptg@gmail.com,Kolkata,"Putharjhora organic tea garden,factory, TEA GARDEN FACTORY LINE, Patharjhora Tea Garden, West Bengal 735231",Qualified,Tier 2 (Qualified Independent),5,Consumer/ISP email (@gmail.com) | Kolkata HQ,,1-Page Postal Letter,1-Page Postal Dispatch + Email,"Namaskar K.C.Agarwal-ji,

When green leaf trucks move from field divisions to the factory at Putharjhora Tea Estate, what percentage difference are you typically seeing between the field scale and factory weighbridge?

Most independent estates in Jalpaiguri tell us they only catch leaf discrepancies and proxy hazira 10 to 14 days later when the fortnightly muster roll reaches the office.

Are you able to see your daily leaf reconciliation and worker count on your phone before the evening shift, or is your team still compiling it on paper?"
West Bengal,RAJA TEA ESTATE,Organized Estate,No,ABHIJIT TEA CO.(P) LTD.,Jalpaiguri,417.7,MR.V.D.DUA,03562255023,03562255023,No,teraitea@gmail.com,Siliguri,"Deesha Trade Endeavours P. Ltd., 195, Sukanta Sarani, opp. Bsnl Residential Complex, New Milanpally, Saktigarh, Siliguri, West Bengal 734005",Qualified,Tier 1 (High Leakage / Paper Priority),7,Consumer/ISP email (@gmail.com) | Siliguri HQ (local operating hub),,1-Page Postal Letter,1-Page Postal Dispatch + Email,"Namaskar V.D.Dua-ji,

When green leaf trucks move from field divisions to the factory at Raja Tea Estate, what percentage difference are you typically seeing between the field scale and factory weighbridge?

Most independent estates in Jalpaiguri tell us they only catch leaf discrepancies and proxy hazira 10 to 14 days later when the fortnightly muster roll reaches the office.

Are you able to see your daily leaf reconciliation and worker count on your phone before the evening shift, or is your team still compiling it on paper?"
West Bengal,RANICHERRA TEA ESTATE,Organized Estate,No,RANICHERRA TEA CO.LTD,Jalpaiguri,715.3,PRADEEP KUMAR GOEL,8436716419,084367 16419,Yes,ranicherra_tea@rediffmail.com,Jalpaiguri,"RANICHERRA TEA COMPANY LIMITED, MATELLI BAZAR MATELLI , JALPAIGURI WEST BENGAL PIN, Jalpaiguri, West Bengal 735223",Disqualified,Disqualified,3,Consumer/ISP email (@rediffmail.com) | Large enterprise acreage (715.3 Ha) | Jalpaiguri HQ,Public limited company,WhatsApp / Phone,WhatsApp / Call + 1-Page Postal Dispatch + Email,"Namaskar Pradeep-ji,

When green leaf trucks move from field divisions to the factory at Ranicherra Tea Estate, what percentage difference are you typically seeing between the field scale and factory weighbridge?

Most independent estates in Jalpaiguri tell us they only catch leaf discrepancies and proxy hazira 10 to 14 days later when the fortnightly muster roll reaches the office.

Are you able to see your daily leaf reconciliation and worker count on your phone before the evening shift, or is your team still compiling it on paper?"
West Bengal,RUNGAMUTTEE TEA ESTATE,Organized Estate,No,AMALGAMATED PLANTATIONS,Jalpaiguri,771.7,MR DEEPAK ATAL(MD),033 6605 3750,033 6605 3750,No,,Kolkata,"G8RX+3C2 Amalgamated Plantations Pvt. Ltd., 1, Bishop Lefroy Rd, Near Rabindra Sadan METRO Gate, Sreepally, Bhowanipore, Kolkata, West Bengal 700020",Disqualified,Disqualified,1,No email listed (paper-dominant) | Large enterprise acreage (771.7 Ha) | Kolkata HQ,Conglomerate keyword match (AMALGAMATED PLANTATIONS),1-Page Postal Letter,1-Page Postal Dispatch,"Namaskar Deepak-ji,

When green leaf trucks move from field divisions to the factory at Rungamuttee Tea Estate, what percentage difference are you typically seeing between the field scale and factory weighbridge?

Most independent estates in Jalpaiguri tell us they only catch leaf discrepancies and proxy hazira 10 to 14 days later when the fortnightly muster roll reaches the office.

Are you able to see your daily leaf reconciliation and worker count on your phone before the evening shift, or is your team still compiling it on paper?"
West Bengal,SONALI TEA ESTATE,Organized Estate,No,SHRI RAJHESH JHUNJHUNWALA,Jalpaiguri,217.6,SHRI RAJHESH JHUNJHONWALA,8972564243,8972564243,Yes,pradhanshiv@gmail.com,Other / Unspecified,"SONALI T.E.,P.O. BGRACOTE",Qualified,Tier 1 (High Leakage / Paper Priority),7,Consumer/ISP email (@gmail.com) | Mid-tier acreage sweet spot (217.6 Ha),,WhatsApp / Phone,WhatsApp / Call + 1-Page Postal Dispatch + Email,"Namaskar Rajhesh-ji,

When green leaf trucks move from field divisions to the factory at Sonali Tea Estate, what percentage difference are you typically seeing between the field scale and factory weighbridge?

Most independent estates in Jalpaiguri tell us they only catch leaf discrepancies and proxy hazira 10 to 14 days later when the fortnightly muster roll reaches the office.

Are you able to see your daily leaf reconciliation and worker count on your phone before the evening shift, or is your team still compiling it on paper?"
West Bengal,SOONGACHI,Organized Estate,No,G.D. AGARWAL,Jalpaiguri,639.4,S.K. SARIA,9434050033,9434050033,Yes,soongachi@gmail.com,Siliguri,"Siliguri, West Bengal",Disqualified,Disqualified,5,Consumer/ISP email (@gmail.com) | Large enterprise acreage (639.4 Ha) | Siliguri HQ (local operating hub),Acreage too large for independent owner tier (639.4 Ha),WhatsApp / Phone,WhatsApp / Call + 1-Page Postal Dispatch + Email,"Namaskar S.K.-ji,

When green leaf trucks move from field divisions to the factory at Soongachi, what percentage difference are you typically seeing between the field scale and factory weighbridge?

Most independent estates in Jalpaiguri tell us they only catch leaf discrepancies and proxy hazira 10 to 14 days later when the fortnightly muster roll reaches the office.

Are you able to see your daily leaf reconciliation and worker count on your phone before the evening shift, or is your team still compiling it on paper?"
West Bengal,TOONBARRIE TEA ESTATE,Organized Estate,No,TOONBARI TEA ESTATE PVT.,Jalpaiguri,154.3,TOONBARI TEA ESTATE PVT.,9464583479,09464583479,Yes,malnady.te@gmail.co,Kolkata,"R72H+VCR MarionBari Tea Estate, Marionbari Tea Garden, West Bengal 734009",Qualified,Tier 2 (Qualified Independent),5,Custom domain (@gmail.co) | Mid-tier acreage sweet spot (154.3 Ha) | Kolkata HQ,,WhatsApp / Phone,WhatsApp / Call + 1-Page Postal Dispatch + Email,"Namaskar Toonbari-ji,

When green leaf trucks move from field divisions to the factory at Toonbarrie Tea Estate, what percentage difference are you typically seeing between the field scale and factory weighbridge?

Most independent estates in Jalpaiguri tell us they only catch leaf discrepancies and proxy hazira 10 to 14 days later when the fortnightly muster roll reaches the office.

Are you able to see your daily leaf reconciliation and worker count on your phone before the evening shift, or is your team still compiling it on paper?"
West Bengal,WASHABARIETEA ESTATE,Organized Estate,No,"A.PALCHOUDHURI,NAYANTARA",Jalpaiguri,438.2,"A.PALCHOUDHURI,NAYANTARA",9734155750,9734155750,Yes,subhasish.dey24@gmail.com,Kolkata,"Kolkata, West Bengal",Qualified,Tier 2 (Qualified Independent),5,Consumer/ISP email (@gmail.com) | Kolkata HQ,,WhatsApp / Phone,WhatsApp / Call + 1-Page Postal Dispatch + Email,"Namaskar A.Palchoudhuri,Nayantara-ji,

When green leaf trucks move from field divisions to the factory at Washabarietea Estate, what percentage difference are you typically seeing between the field scale and factory weighbridge?

Most independent estates in Jalpaiguri tell us they only catch leaf discrepancies and proxy hazira 10 to 14 days later when the fortnightly muster roll reaches the office.

Are you able to see your daily leaf reconciliation and worker count on your phone before the evening shift, or is your team still compiling it on paper?"
West Bengal,ZURRANTEE TEA,Organized Estate,No,SHASHANK PRASAD,Jalpaiguri,510.2,MR.SHASHANK PRASAD,03562-200004,03562-200004,No,tea@ddptl.com,Kolkata,"Kolkata, West Bengal",Uncertain / Backlog,Tier 3,0,Custom domain (@ddptl.com) | Large enterprise acreage (510.2 Ha) | Kolkata HQ,Low signal density,1-Page Postal Letter,1-Page Postal Dispatch + Email,"Namaskar Shashank-ji,

When green leaf trucks move from field divisions to the factory at Zurrantee Tea, what percentage difference are you typically seeing between the field scale and factory weighbridge?

Most independent estates in Jalpaiguri tell us they only catch leaf discrepancies and proxy hazira 10 to 14 days later when the fortnightly muster roll reaches the office.

Are you able to see your daily leaf reconciliation and worker count on your phone before the evening shift, or is your team still compiling it on paper?"
West Bengal,AMARPUR TEA ESTATE,Organized Estate,No,AMARPUR TEA PLANTATIONS LTD ALOK CHAMARIA,Jalpaiguri,70.3,"TTART ROW, KOL-1",033 3502 5701,033 3502 5701,No,amarpur89@gmail.com,Kolkata,"Halmira Estate Tea Private Limited, 23, Pankaj Mullick Sarani, near st.lawrence school, Garcha, Ballygunge, Kolkata, West Bengal 700019",Disqualified,Disqualified,8,Consumer/ISP email (@gmail.com) | Mid-tier acreage sweet spot (70.3 Ha) | Kolkata HQ,Public limited company,1-Page Postal Letter,1-Page Postal Dispatch + Email,"Namaskar Ttart-ji,

When green leaf trucks move from field divisions to the factory at Amarpur Tea Estate, what percentage difference are you typically seeing between the field scale and factory weighbridge?

Most independent estates in Jalpaiguri tell us they only catch leaf discrepancies and proxy hazira 10 to 14 days later when the fortnightly muster roll reaches the office.

Are you able to see your daily leaf reconciliation and worker count on your phone before the evening shift, or is your team still compiling it on paper?"
West Bengal,DAM DIM,Organized Estate,No,AMALGAMATED PLANTATIONS,Jalpaiguri,738.0,MR.A.BORDOLOI,033 6605 3750,033 6605 3750,No,,Kolkata,"G8RX+3C2 Amalgamated Plantations Pvt. Ltd., 1, Bishop Lefroy Rd, Near Rabindra Sadan METRO Gate, Sreepally, Bhowanipore, Kolkata, West Bengal 700020",Disqualified,Disqualified,1,No email listed (paper-dominant) | Large enterprise acreage (738.0 Ha) | Kolkata HQ,Conglomerate keyword match (AMALGAMATED PLANTATIONS),1-Page Postal Letter,1-Page Postal Dispatch,"Namaskar A.Bordoloi-ji,

When green leaf trucks move from field divisions to the factory at Dam Dim, what percentage difference are you typically seeing between the field scale and factory weighbridge?

Most independent estates in Jalpaiguri tell us they only catch leaf discrepancies and proxy hazira 10 to 14 days later when the fortnightly muster roll reaches the office.

Are you able to see your daily leaf reconciliation and worker count on your phone before the evening shift, or is your team still compiling it on paper?"
West Bengal,DANGUAJHAR TEA GARDEN,Organized Estate,No,GOODRICKE GROUP LIMITED,Jalpaiguri,660.6,A. N. SINGH,033 2287 3067,033 2287 3067,No,deng@gooricke.com,Kolkata,"Goodricke Group Limited, 14, Gurusaday Dutta Rd, Beck Bagan, Ballygunge, Kolkata, West Bengal 700019",Disqualified,Disqualified,0,Custom domain (@gooricke.com) | Large enterprise acreage (660.6 Ha) | Kolkata HQ,Conglomerate keyword match (GOODRICKE),1-Page Postal Letter,1-Page Postal Dispatch + Email,"Namaskar A.-ji,

When green leaf trucks move from field divisions to the factory at Danguajhar Tea Garden, what percentage difference are you typically seeing between the field scale and factory weighbridge?

Most independent estates in Jalpaiguri tell us they only catch leaf discrepancies and proxy hazira 10 to 14 days later when the fortnightly muster roll reaches the office.

Are you able to see your daily leaf reconciliation and worker count on your phone before the evening shift, or is your team still compiling it on paper?"
West Bengal,JOYPUR,Organized Estate,No,SUNNY VALLEY TEA &,Jalpaiguri,343.7,RAJENDRA KR. MAHESWARI,03561-204489,03561-204489,No,,Jalpaiguri,"GMXG+MV3 KARLAVALLEY TEA FACTORY Bada line photo ka location bhejiye, Patkata Colony, Jalpaiguri, West Bengal 735133",Qualified,Tier 2 (Qualified Independent),6,No email listed (paper-dominant) | Mid-tier acreage sweet spot (343.7 Ha) | Jalpaiguri HQ,,1-Page Postal Letter,1-Page Postal Dispatch,"Namaskar Rajendra-ji,

When green leaf trucks move from field divisions to the factory at Joypur, what percentage difference are you typically seeing between the field scale and factory weighbridge?

Most independent estates in Jalpaiguri tell us they only catch leaf discrepancies and proxy hazira 10 to 14 days later when the fortnightly muster roll reaches the office.

Are you able to see your daily leaf reconciliation and worker count on your phone before the evening shift, or is your team still compiling it on paper?"
West Bengal,KARALA VALLEY TEA ESTATE,Organized Estate,No,DARJEELING DOOARS,Jalpaiguri,224.3,SHASHANK PRASAD,033 2248 7908,033 2248 7908,No,tea@ddptl.com,Kolkata,"4th Floor, Darjeeling Dooars Plantations Tea Limited, Nicco House, 2, Hare St, Above Canara Bank, B.B.D. Bagh, Kolkata, West Bengal 700001",Qualified,Tier 2 (Qualified Independent),5,Custom domain (@ddptl.com) | Mid-tier acreage sweet spot (224.3 Ha) | Kolkata HQ,,1-Page Postal Letter,1-Page Postal Dispatch + Email,"Namaskar Shashank-ji,

When green leaf trucks move from field divisions to the factory at Karala Valley Tea Estate, what percentage difference are you typically seeing between the field scale and factory weighbridge?

Most independent estates in Jalpaiguri tell us they only catch leaf discrepancies and proxy hazira 10 to 14 days later when the fortnightly muster roll reaches the office.

Are you able to see your daily leaf reconciliation and worker count on your phone before the evening shift, or is your team still compiling it on paper?"
West Bengal,KONPAKRI AGRO INDUSTRIES (P),Organized Estate,No,KONPAKRI AGRO INDUS. (P) LTD PUROJIT BAKSHI GUPTA,Jalpaiguri,35.6,", P.O-MOHITNAGAR,",03561-255397,03561-255397,No,puro24@gmail.com,Jalpaiguri,"GMJ8+3RQ Bhatrisakti Agro Pvt. Ltd., Patkata Colony, Mohitnagar, Golghumti, Jalpaiguri, West Bengal 735102",Qualified,Tier 2 (Qualified Independent),6,Consumer/ISP email (@gmail.com) | Small holding (35.6 Ha) | Jalpaiguri HQ,,1-Page Postal Letter,1-Page Postal Dispatch + Email,"Namaskar ,-ji,

When green leaf trucks move from field divisions to the factory at Konpakri Agro Industries (P), what percentage difference are you typically seeing between the field scale and factory weighbridge?

Most independent estates in Jalpaiguri tell us they only catch leaf discrepancies and proxy hazira 10 to 14 days later when the fortnightly muster roll reaches the office.

Are you able to see your daily leaf reconciliation and worker count on your phone before the evening shift, or is your team still compiling it on paper?"
West Bengal,NANDAN TEA ESTATE,Organized Estate,No,CHUNIAJHORA TEA CO LTD,Jalpaiguri,25.1,ANAND KUMAR AGARWAL,9932627668,9932627668,Yes,,Siliguri,"Chuniajhora Tea Co Ltd, 62, Hill Cart Rd, Ward 10, Hakim Para, Siliguri, West Bengal 734001",Disqualified,Disqualified,6,No email listed (paper-dominant) | Small holding (25.1 Ha) | Siliguri HQ (local operating hub),Public limited company,WhatsApp / Phone,WhatsApp / Call + 1-Page Postal Dispatch,"Namaskar Anand-ji,

When green leaf trucks move from field divisions to the factory at Nandan Tea Estate, what percentage difference are you typically seeing between the field scale and factory weighbridge?

Most independent estates in Jalpaiguri tell us they only catch leaf discrepancies and proxy hazira 10 to 14 days later when the fortnightly muster roll reaches the office.

Are you able to see your daily leaf reconciliation and worker count on your phone before the evening shift, or is your team still compiling it on paper?"
West Bengal,NEPATI VALLEY TEA ESTATE,Organized Estate,No,NEPATI VALLEY TEA ESTATE (P) LTD,Jalpaiguri,26.9,BADAL CHANDRA DAS,0353-2530946,0353-2530946,No,das.samir133@gmail.com,Siliguri,"Happy Valley Tea Estate, Lebong Cart Rd, near Darjeeling, Chauk Bazaar, Darjeeling, West Bengal 734101",Qualified,Tier 1 (High Leakage / Paper Priority),8,Consumer/ISP email (@gmail.com) | Small holding (26.9 Ha) | Siliguri HQ (local operating hub),,1-Page Postal Letter,1-Page Postal Dispatch + Email,"Namaskar Badal-ji,

When green leaf trucks move from field divisions to the factory at Nepati Valley Tea Estate, what percentage difference are you typically seeing between the field scale and factory weighbridge?

Most independent estates in Jalpaiguri tell us they only catch leaf discrepancies and proxy hazira 10 to 14 days later when the fortnightly muster roll reaches the office.

Are you able to see your daily leaf reconciliation and worker count on your phone before the evening shift, or is your team still compiling it on paper?"
West Bengal,PARBATI T.E AND GOURANGA,Organized Estate,No,GOURANGA PARBATI TEA CO PVT DILIP DAS AND PRADIP DAS,Jalpaiguri,27.7,"HAKIMPARA,",9832092716,9832092716,Yes,,Siliguri,"STALL NO. T - 435, PRADIP TEA COMPANY, TULAPATTY ROAD, Bidhan Market Rd, near SECTOR BUILDING, Ward 11, Hakim Para, Siliguri, West Bengal 734001",Qualified,Tier 2 (Qualified Independent),6,No email listed (paper-dominant) | Small holding (27.7 Ha) | Siliguri HQ (local operating hub),,WhatsApp / Phone,WhatsApp / Call + 1-Page Postal Dispatch,"Namaskar Hakimpara,-ji,

When green leaf trucks move from field divisions to the factory at Parbati T.E And Gouranga, what percentage difference are you typically seeing between the field scale and factory weighbridge?

Most independent estates in Jalpaiguri tell us they only catch leaf discrepancies and proxy hazira 10 to 14 days later when the fortnightly muster roll reaches the office.

Are you able to see your daily leaf reconciliation and worker count on your phone before the evening shift, or is your team still compiling it on paper?"
West Bengal,RAIPUR TEA ESTATE,Organized Estate,No,SUBRATA SAHA,Jalpaiguri,239.8,SUBRATA SAHA,9434064999,9434064999,Yes,amritapurteaslg@gmail.com,Jalpaiguri,"VRF3+C69 Subrata Saha, NH 717, Mangalbari, West Bengal 735206",Qualified,Tier 1 (High Leakage / Paper Priority),8,Consumer/ISP email (@gmail.com) | Mid-tier acreage sweet spot (239.8 Ha) | Jalpaiguri HQ,,WhatsApp / Phone,WhatsApp / Call + 1-Page Postal Dispatch + Email,"Namaskar Subrata-ji,

When green leaf trucks move from field divisions to the factory at Raipur Tea Estate, what percentage difference are you typically seeing between the field scale and factory weighbridge?

Most independent estates in Jalpaiguri tell us they only catch leaf discrepancies and proxy hazira 10 to 14 days later when the fortnightly muster roll reaches the office.

Are you able to see your daily leaf reconciliation and worker count on your phone before the evening shift, or is your team still compiling it on paper?"
West Bengal,SARASWATIPUR T.E,Organized Estate,No,SARASWATIPUR TEA &,Jalpaiguri,326.4,SARASWATIPUR TEA &,8100577114,081005 77114,Yes,,Kolkata,"QH42+28 Saraswatipur Tea Resort, Unnamed Road, Saraswatipur Tea Estate, Junglee Mohal, West Bengal 734008",Qualified,Tier 2 (Qualified Independent),6,No email listed (paper-dominant) | Mid-tier acreage sweet spot (326.4 Ha) | Kolkata HQ,,WhatsApp / Phone,WhatsApp / Call + 1-Page Postal Dispatch,"Namaskar Saraswatipur-ji,

When green leaf trucks move from field divisions to the factory at Saraswatipur T.E, what percentage difference are you typically seeing between the field scale and factory weighbridge?

Most independent estates in Jalpaiguri tell us they only catch leaf discrepancies and proxy hazira 10 to 14 days later when the fortnightly muster roll reaches the office.

Are you able to see your daily leaf reconciliation and worker count on your phone before the evening shift, or is your team still compiling it on paper?"
West Bengal,AMBARI TEA ESTATE,Organized Estate,No,DIANA TEA CO. LTD.,Jalpaiguri,587.1,SHRI MANOJ AGARWAL,033 2248 8672,033 2248 8672,No,,Kolkata,"4th Floor, Diana Tea Company Limited, SIR RNM House, 3/B, Lal Bazar St, Lal Bazar, Kolkata, West Bengal 700001",Disqualified,Disqualified,1,No email listed (paper-dominant) | Large enterprise acreage (587.1 Ha) | Kolkata HQ,Conglomerate keyword match (DIANA TEA),1-Page Postal Letter,1-Page Postal Dispatch,"Namaskar Manoj-ji,

When green leaf trucks move from field divisions to the factory at Ambari Tea Estate, what percentage difference are you typically seeing between the field scale and factory weighbridge?

Most independent estates in Jalpaiguri tell us they only catch leaf discrepancies and proxy hazira 10 to 14 days later when the fortnightly muster roll reaches the office.

Are you able to see your daily leaf reconciliation and worker count on your phone before the evening shift, or is your team still compiling it on paper?"
West Bengal,BANARHAT,Organized Estate,No,ANDREW YULE & COMPANY LIMITED,Jalpaiguri,634.2,S MUNSHI,033 2242 7722,033 2242 7722,No,yule.banarhat@gmail.com,Kolkata,"ANDREW YULE & CO.LTD., Yule House, 8, Dr Rajendra Prasad Sarani, China Bazar, B.B.D. Bagh, Kolkata, West Bengal 700001",Disqualified,Disqualified,3,Consumer/ISP email (@gmail.com) | Large enterprise acreage (634.2 Ha) | Kolkata HQ,Conglomerate keyword match (ANDREW YULE),1-Page Postal Letter,1-Page Postal Dispatch + Email,"Namaskar S-ji,

When green leaf trucks move from field divisions to the factory at Banarhat, what percentage difference are you typically seeing between the field scale and factory weighbridge?

Most independent estates in Jalpaiguri tell us they only catch leaf discrepancies and proxy hazira 10 to 14 days later when the fortnightly muster roll reaches the office.

Are you able to see your daily leaf reconciliation and worker count on your phone before the evening shift, or is your team still compiling it on paper?"
West Bengal,BHOGATPORE TEA ESTATE,Organized Estate,No,BHOGOTPUR TEA CO.LTD,Jalpaiguri,643.1,ANIL KUMAR NAHATA,9163302244,091633 02244,Yes,rudrajalpaiguri@rediffmail.co,Kolkata,"Bhagatpur Tea Co Ltd, 11, RN Mukherjee Rd, B.B.D. Bagh, Kolkata, West Bengal 700001",Disqualified,Disqualified,0,Custom domain (@rediffmail.co) | Large enterprise acreage (643.1 Ha) | Kolkata HQ,Public limited company,WhatsApp / Phone,WhatsApp / Call + 1-Page Postal Dispatch + Email,"Namaskar Anil-ji,

When green leaf trucks move from field divisions to the factory at Bhogatpore Tea Estate, what percentage difference are you typically seeing between the field scale and factory weighbridge?

Most independent estates in Jalpaiguri tell us they only catch leaf discrepancies and proxy hazira 10 to 14 days later when the fortnightly muster roll reaches the office.

Are you able to see your daily leaf reconciliation and worker count on your phone before the evening shift, or is your team still compiling it on paper?"
West Bengal,BINAGURI TEA ESTATE,Organized Estate,No,BINAGURI TEA CO. PVT.LTD.,Jalpaiguri,602.6,SHRI R.K.SINGH,03563-259311,03563-259311,No,binaguri@gmail.com,Kolkata,"Binaguri Tea Co Pvt Ltd, 238 A, AJC Bose Rd, Sreepally, Ballygunge, Kolkata, West Bengal 700020",Disqualified,Disqualified,3,Consumer/ISP email (@gmail.com) | Large enterprise acreage (602.6 Ha) | Kolkata HQ,Acreage too large for independent owner tier (602.6 Ha),1-Page Postal Letter,1-Page Postal Dispatch + Email,"Namaskar R.K.Singh-ji,

When green leaf trucks move from field divisions to the factory at Binaguri Tea Estate, what percentage difference are you typically seeing between the field scale and factory weighbridge?

Most independent estates in Jalpaiguri tell us they only catch leaf discrepancies and proxy hazira 10 to 14 days later when the fortnightly muster roll reaches the office.

Are you able to see your daily leaf reconciliation and worker count on your phone before the evening shift, or is your team still compiling it on paper?"
West Bengal,CARRON TEA ESTATE,Organized Estate,No,BASU TEA PRIVATE LTD,Jalpaiguri,303.9,MR. P.K BASU,9831195470,9831195470,Yes,,Kolkata,"BASU TEA STALL, Sapuipara, Ghosh Para, Howrah, West Bengal 711227",Qualified,Tier 2 (Qualified Independent),6,No email listed (paper-dominant) | Mid-tier acreage sweet spot (303.9 Ha) | Kolkata HQ,,WhatsApp / Phone,WhatsApp / Call + 1-Page Postal Dispatch,"Namaskar P.K-ji,

When green leaf trucks move from field divisions to the factory at Carron Tea Estate, what percentage difference are you typically seeing between the field scale and factory weighbridge?

Most independent estates in Jalpaiguri tell us they only catch leaf discrepancies and proxy hazira 10 to 14 days later when the fortnightly muster roll reaches the office.

Are you able to see your daily leaf reconciliation and worker count on your phone before the evening shift, or is your team still compiling it on paper?"
West Bengal,CHAMURCHI TEA ESTATE,Organized Estate,No,RAJENDRA PRASAD TIWARI,Jalpaiguri,493.2,RAJENDRA PRASAD TIWARI,033 2555 7675,033 2555 7675,No,chamurchi.2010@gmail.com,Kolkata,"Cardiology opd R G Kar MCH, 01, Khudiram Bose Sarani, Bidhan Sarani, Belgachia, Kolkata, West Bengal 700004",Qualified,Tier 2 (Qualified Independent),5,Consumer/ISP email (@gmail.com) | Kolkata HQ,,1-Page Postal Letter,1-Page Postal Dispatch + Email,"Namaskar Rajendra-ji,

When green leaf trucks move from field divisions to the factory at Chamurchi Tea Estate, what percentage difference are you typically seeing between the field scale and factory weighbridge?

Most independent estates in Jalpaiguri tell us they only catch leaf discrepancies and proxy hazira 10 to 14 days later when the fortnightly muster roll reaches the office.

Are you able to see your daily leaf reconciliation and worker count on your phone before the evening shift, or is your team still compiling it on paper?"
West Bengal,CHENGMARI,Organized Estate,No,CHENGMARI TEA CO. LTD.,Jalpaiguri,1290.9,RAMESH KR. MORE,033 2287 9834,033 2287 9834,No,dsparmar13@gmail.com,Kolkata,"Chengmari Tea Company Limited, 37, Kala Mandir,, Shakespeare Sarani, Mullick Bazar, Park Street area, Kolkata, West Bengal 700017",Disqualified,Disqualified,3,Consumer/ISP email (@gmail.com) | Large enterprise acreage (1290.9 Ha) | Kolkata HQ,Public limited company,1-Page Postal Letter,1-Page Postal Dispatch + Email,"Namaskar Ramesh-ji,

When green leaf trucks move from field divisions to the factory at Chengmari, what percentage difference are you typically seeing between the field scale and factory weighbridge?

Most independent estates in Jalpaiguri tell us they only catch leaf discrepancies and proxy hazira 10 to 14 days later when the fortnightly muster roll reaches the office.

Are you able to see your daily leaf reconciliation and worker count on your phone before the evening shift, or is your team still compiling it on paper?"
West Bengal,CHOONABHUTTI TEA ESTATE,Organized Estate,No,ANDREW YULE & COMPANY LIMITED,Jalpaiguri,401.8,SUNIL MUNSHI,033 2242 7722,033 2242 7722,No,yule.choonabhutti@gmail.com,Kolkata,"ANDREW YULE & CO.LTD., Yule House, 8, Dr Rajendra Prasad Sarani, China Bazar, B.B.D. Bagh, Kolkata, West Bengal 700001",Disqualified,Disqualified,5,Consumer/ISP email (@gmail.com) | Kolkata HQ,Conglomerate keyword match (ANDREW YULE),1-Page Postal Letter,1-Page Postal Dispatch + Email,"Namaskar Sunil-ji,

When green leaf trucks move from field divisions to the factory at Choonabhutti Tea Estate, what percentage difference are you typically seeing between the field scale and factory weighbridge?

Most independent estates in Jalpaiguri tell us they only catch leaf discrepancies and proxy hazira 10 to 14 days later when the fortnightly muster roll reaches the office.

Are you able to see your daily leaf reconciliation and worker count on your phone before the evening shift, or is your team still compiling it on paper?"
West Bengal,DEBPARA TEA ESTATE,Organized Estate,No,DEBPARA TEA CO. LTD.,Jalpaiguri,546.2,MR. S.MITTAL,9434010469,9434010469,Yes,debparatea@gmail.com,Jalpaiguri,"Debpara Tea Co. Ltd., 10, Sevoke Rd, Ward 10, Hakim Para, Siliguri, West Bengal 734001",Disqualified,Disqualified,3,Consumer/ISP email (@gmail.com) | Large enterprise acreage (546.2 Ha) | Jalpaiguri HQ,Current GardenSuite client (DEBPARA),WhatsApp / Phone,WhatsApp / Call + 1-Page Postal Dispatch + Email,"Namaskar S.Mittal-ji,

When green leaf trucks move from field divisions to the factory at Debpara Tea Estate, what percentage difference are you typically seeing between the field scale and factory weighbridge?

Most independent estates in Jalpaiguri tell us they only catch leaf discrepancies and proxy hazira 10 to 14 days later when the fortnightly muster roll reaches the office.

Are you able to see your daily leaf reconciliation and worker count on your phone before the evening shift, or is your team still compiling it on paper?"
West Bengal,DHARANIPUR,Organized Estate,No,ROSHANLAL AGARWAL,Jalpaiguri,264.5,N K BASU,9547701884,9547701884,Yes,redbank@yahoo.com,Siliguri,"Roshan Lal & Company, Nehru Rd, Ward 8, Khalpara, Siliguri, West Bengal 734001",Disqualified,Disqualified,10,Consumer/ISP email (@yahoo.com) | Mid-tier acreage sweet spot (264.5 Ha) | Siliguri HQ (local operating hub),Multi-garden group (4 gardens),WhatsApp / Phone,WhatsApp / Call + 1-Page Postal Dispatch + Email,"Namaskar N-ji,

When green leaf trucks move from field divisions to the factory at Dharanipur, what percentage difference are you typically seeing between the field scale and factory weighbridge?

Most independent estates in Jalpaiguri tell us they only catch leaf discrepancies and proxy hazira 10 to 14 days later when the fortnightly muster roll reaches the office.

Are you able to see your daily leaf reconciliation and worker count on your phone before the evening shift, or is your team still compiling it on paper?"
West Bengal,DIANA TEA ESTATE,Organized Estate,No,DIANA TEA CO. LTD.,Jalpaiguri,418.3,MR. MONO AGRWALLA,033 2248 8672,033 2248 8672,No,gmdiana@rediffmail.com,Kolkata,"4th Floor, Diana Tea Company Limited, SIR RNM House, 3/B, Lal Bazar St, Lal Bazar, Kolkata, West Bengal 700001",Disqualified,Disqualified,5,Consumer/ISP email (@rediffmail.com) | Kolkata HQ,Conglomerate keyword match (DIANA TEA),1-Page Postal Letter,1-Page Postal Dispatch + Email,"Namaskar Mono-ji,

When green leaf trucks move from field divisions to the factory at Diana Tea Estate, what percentage difference are you typically seeing between the field scale and factory weighbridge?

Most independent estates in Jalpaiguri tell us they only catch leaf discrepancies and proxy hazira 10 to 14 days later when the fortnightly muster roll reaches the office.

Are you able to see your daily leaf reconciliation and worker count on your phone before the evening shift, or is your team still compiling it on paper?"
West Bengal,GHATIA TEA ESTATE,Organized Estate,No,H.V. KEJRIWAL,Jalpaiguri,599.6,H.V. KEJRIWAL,033 4801 6753,033 4801 6753,No,ghatia.tea@gmail.com,Kolkata,"14th Floor, Kejriwal Castings Limited, Tower - 2, DN 62, Salt Lake Bypass, DN Block, Sector V, Bidhannagar, Kolkata, West Bengal 700091",Uncertain / Backlog,Tier 3,3,Consumer/ISP email (@gmail.com) | Large enterprise acreage (599.6 Ha) | Kolkata HQ,Low signal density,1-Page Postal Letter,1-Page Postal Dispatch + Email,"Namaskar H.V.-ji,

When green leaf trucks move from field divisions to the factory at Ghatia Tea Estate, what percentage difference are you typically seeing between the field scale and factory weighbridge?

Most independent estates in Jalpaiguri tell us they only catch leaf discrepancies and proxy hazira 10 to 14 days later when the fortnightly muster roll reaches the office.

Are you able to see your daily leaf reconciliation and worker count on your phone before the evening shift, or is your team still compiling it on paper?"
West Bengal,HILLA,Organized Estate,No,WEST BENGAL TEA,Jalpaiguri,310.0,MISS. MAUSAMI GUHA ROY,033 2283 6416,033 2283 6416,No,webtea@vsnl.net,Kolkata,"4th floor, Bengal Tea & Fabrics Limited, Century Tower, 45, Shakespeare Sarani, opposite Kala Mandir, Mullick Bazar, Park Street area, Kolkata, West Bengal 700017",Disqualified,Disqualified,8,Consumer/ISP email (@vsnl.net) | Mid-tier acreage sweet spot (310.0 Ha) | Kolkata HQ,Multi-garden group (4 gardens),1-Page Postal Letter,1-Page Postal Dispatch + Email,"Namaskar Miss.-ji,

When green leaf trucks move from field divisions to the factory at Hilla, what percentage difference are you typically seeing between the field scale and factory weighbridge?

Most independent estates in Jalpaiguri tell us they only catch leaf discrepancies and proxy hazira 10 to 14 days later when the fortnightly muster roll reaches the office.

Are you able to see your daily leaf reconciliation and worker count on your phone before the evening shift, or is your team still compiling it on paper?"
West Bengal,HOPE TEA GARDEN,Organized Estate,No,V.MANDAL,Jalpaiguri,432.1,MR. ARUN NARAYAN SINGH,03563200051,03563200051,No,hope@goodricke.com,Kolkata,"93/1, Mandal villa, Dr Meghnad Saha Rd, Lakshminagar, Dum Dum, Kolkata, West Bengal 700074",Uncertain / Backlog,Tier 3,2,Custom domain (@goodricke.com) | Kolkata HQ,Low signal density,1-Page Postal Letter,1-Page Postal Dispatch + Email,"Namaskar Arun-ji,

When green leaf trucks move from field divisions to the factory at Hope Tea Garden, what percentage difference are you typically seeing between the field scale and factory weighbridge?

Most independent estates in Jalpaiguri tell us they only catch leaf discrepancies and proxy hazira 10 to 14 days later when the fortnightly muster roll reaches the office.

Are you able to see your daily leaf reconciliation and worker count on your phone before the evening shift, or is your team still compiling it on paper?"
West Bengal,JALDACCA ALTADANGA TEA ESTATE 15,Organized Estate,No,AJIT KUMAR AGARWAL,Jalpaiguri,197.4,V.D.DUA,03563-246045,03563-246045,No,teraitea@gmail.com,Siliguri,"Dr. Ajit Kumar Singh - Best Nephrologist in Siliguri | Kidney Doctor in Siliguri | Best Kidney Transplant Doctor in Siliguri, Inside Uttarayan Township City centre Matigara, Siliguri, West Bengal 734010",Qualified,Tier 1 (High Leakage / Paper Priority),10,Consumer/ISP email (@gmail.com) | Mid-tier acreage sweet spot (197.4 Ha) | Siliguri HQ (local operating hub),,1-Page Postal Letter,1-Page Postal Dispatch + Email,"Namaskar V.D.Dua-ji,

When green leaf trucks move from field divisions to the factory at Jaldacca Altadanga Tea Estate 15, what percentage difference are you typically seeing between the field scale and factory weighbridge?

Most independent estates in Jalpaiguri tell us they only catch leaf discrepancies and proxy hazira 10 to 14 days later when the fortnightly muster roll reaches the office.

Are you able to see your daily leaf reconciliation and worker count on your phone before the evening shift, or is your team still compiling it on paper?"
West Bengal,JITI,Organized Estate,No,GOODRICKE GROUP LIMITED,Jalpaiguri,546.9,MR A.N. SINGH,033 2287 3067,033 2287 3067,No,jiti@goodricke.com,Kolkata,"Goodricke Group Limited, 14, Gurusaday Dutta Rd, Beck Bagan, Ballygunge, Kolkata, West Bengal 700019",Disqualified,Disqualified,0,Custom domain (@goodricke.com) | Large enterprise acreage (546.9 Ha) | Kolkata HQ,Conglomerate keyword match (GOODRICKE),1-Page Postal Letter,1-Page Postal Dispatch + Email,"Namaskar A.N.-ji,

When green leaf trucks move from field divisions to the factory at Jiti, what percentage difference are you typically seeing between the field scale and factory weighbridge?

Most independent estates in Jalpaiguri tell us they only catch leaf discrepancies and proxy hazira 10 to 14 days later when the fortnightly muster roll reaches the office.

Are you able to see your daily leaf reconciliation and worker count on your phone before the evening shift, or is your team still compiling it on paper?"
West Bengal,KARBALA TEA ESTATE,Organized Estate,No,ANDREW YULE & COMPANY LIMITED,Jalpaiguri,755.2,SHRI SUNIL MUNSHI,033 2242 7722,033 2242 7722,No,yule.karballa@gmail.com,Kolkata,"ANDREW YULE & CO.LTD., Yule House, 8, Dr Rajendra Prasad Sarani, China Bazar, B.B.D. Bagh, Kolkata, West Bengal 700001",Disqualified,Disqualified,3,Consumer/ISP email (@gmail.com) | Large enterprise acreage (755.2 Ha) | Kolkata HQ,Conglomerate keyword match (ANDREW YULE),1-Page Postal Letter,1-Page Postal Dispatch + Email,"Namaskar Sunil-ji,

When green leaf trucks move from field divisions to the factory at Karbala Tea Estate, what percentage difference are you typically seeing between the field scale and factory weighbridge?

Most independent estates in Jalpaiguri tell us they only catch leaf discrepancies and proxy hazira 10 to 14 days later when the fortnightly muster roll reaches the office.

Are you able to see your daily leaf reconciliation and worker count on your phone before the evening shift, or is your team still compiling it on paper?"
West Bengal,KATALGURI TEA ESTATE,Organized Estate,No,ARION AGENCIES PVT. LTD.,Jalpaiguri,495.2,NARENDRA BERLIA,03563200068,03563200068,No,sevokemotors@vsnl.net,Siliguri,"3rd Mile, Anil agencies, near Urban Palms Apartment, Ward 42, Salugara, Siliguri, West Bengal 734008",Disqualified,Disqualified,7,Consumer/ISP email (@vsnl.net) | Siliguri HQ (local operating hub),Current GardenSuite client (ATAL),1-Page Postal Letter,1-Page Postal Dispatch + Email,"Namaskar Narendra-ji,

When green leaf trucks move from field divisions to the factory at Katalguri Tea Estate, what percentage difference are you typically seeing between the field scale and factory weighbridge?

Most independent estates in Jalpaiguri tell us they only catch leaf discrepancies and proxy hazira 10 to 14 days later when the fortnightly muster roll reaches the office.

Are you able to see your daily leaf reconciliation and worker count on your phone before the evening shift, or is your team still compiling it on paper?"
West Bengal,KATHALDHURA TEA ESTATE,Organized Estate,No,KANCHAN TREE PLANTATIONS,Jalpaiguri,74.9,MR. DEEPAK BERLIA,9434496215,9434496215,Yes,deepakberlia@yahoo.com,Siliguri,"Siliguri, West Bengal",Qualified,Tier 1 (High Leakage / Paper Priority),10,Consumer/ISP email (@yahoo.com) | Mid-tier acreage sweet spot (74.9 Ha) | Siliguri HQ (local operating hub),,WhatsApp / Phone,WhatsApp / Call + 1-Page Postal Dispatch + Email,"Namaskar Deepak-ji,

When green leaf trucks move from field divisions to the factory at Kathaldhura Tea Estate, what percentage difference are you typically seeing between the field scale and factory weighbridge?

Most independent estates in Jalpaiguri tell us they only catch leaf discrepancies and proxy hazira 10 to 14 days later when the fortnightly muster roll reaches the office.

Are you able to see your daily leaf reconciliation and worker count on your phone before the evening shift, or is your team still compiling it on paper?"
West Bengal,KURTI TEA ESTATE,Organized Estate,No,QUALITY TEA PRODUCING CO. PVT. LTD.,Jalpaiguri,417.9,B.K.DALMIA,033 2230 8994,033 2230 8994,No,kurtitea@gmail.com,Kolkata,"Quality Tea Plantations P Ltd, 24, Hemanta Basu Sarani, Lal Dighi, B.B.D. Bagh, Kolkata, West Bengal 700062",Disqualified,Disqualified,5,Consumer/ISP email (@gmail.com) | Kolkata HQ,Current GardenSuite client (KURTI),1-Page Postal Letter,1-Page Postal Dispatch + Email,"Namaskar B.K.Dalmia-ji,

When green leaf trucks move from field divisions to the factory at Kurti Tea Estate, what percentage difference are you typically seeing between the field scale and factory weighbridge?

Most independent estates in Jalpaiguri tell us they only catch leaf discrepancies and proxy hazira 10 to 14 days later when the fortnightly muster roll reaches the office.

Are you able to see your daily leaf reconciliation and worker count on your phone before the evening shift, or is your team still compiling it on paper?"
West Bengal,LAKHIPARA TEA GARDEN,Organized Estate,No,GOODRICKE GROUP LIMITED,Jalpaiguri,627.5,MR.A.N.SINGH,033 2287 3067,033 2287 3067,No,lak@goodricke.com,Kolkata,"Goodricke Group Limited, 14, Gurusaday Dutta Rd, Beck Bagan, Ballygunge, Kolkata, West Bengal 700019",Disqualified,Disqualified,0,Custom domain (@goodricke.com) | Large enterprise acreage (627.5 Ha) | Kolkata HQ,Conglomerate keyword match (GOODRICKE),1-Page Postal Letter,1-Page Postal Dispatch + Email,"Namaskar A.N.Singh-ji,

When green leaf trucks move from field divisions to the factory at Lakhipara Tea Garden, what percentage difference are you typically seeing between the field scale and factory weighbridge?

Most independent estates in Jalpaiguri tell us they only catch leaf discrepancies and proxy hazira 10 to 14 days later when the fortnightly muster roll reaches the office.

Are you able to see your daily leaf reconciliation and worker count on your phone before the evening shift, or is your team still compiling it on paper?"
West Bengal,LANKAPARA TEA GARDEN,Organized Estate,No,DUNCANS INDUSTRIES LIMITED,Jalpaiguri,758.5,G.P.GOENKA,033 2242 1605,033 2242 1605,No,lantg@ducanstea.com,Kolkata,"4th Floor, Duncans Tea Limited, Duncan House, 31, Netaji Subhas Rd, Murgighata, B.B.D. Bagh, Kolkata, West Bengal 700001",Disqualified,Disqualified,0,Custom domain (@ducanstea.com) | Large enterprise acreage (758.5 Ha) | Kolkata HQ,Conglomerate keyword match (DUNCANS),1-Page Postal Letter,1-Page Postal Dispatch + Email,"Namaskar G.P.Goenka-ji,

When green leaf trucks move from field divisions to the factory at Lankapara Tea Garden, what percentage difference are you typically seeing between the field scale and factory weighbridge?

Most independent estates in Jalpaiguri tell us they only catch leaf discrepancies and proxy hazira 10 to 14 days later when the fortnightly muster roll reaches the office.

Are you able to see your daily leaf reconciliation and worker count on your phone before the evening shift, or is your team still compiling it on paper?"
West Bengal,LOOKSUN TEA ESTATE,Organized Estate,No,GIRIRAJ PLANTATIONS PVT. LTD,Jalpaiguri,424.7,DEPAK BERLIA,03532779337,03532779337,No,deepakberlia@yahoo.com,Siliguri,"Siliguri, West Bengal",Qualified,Tier 1 (High Leakage / Paper Priority),7,Consumer/ISP email (@yahoo.com) | Siliguri HQ (local operating hub),,1-Page Postal Letter,1-Page Postal Dispatch + Email,"Namaskar Depak-ji,

When green leaf trucks move from field divisions to the factory at Looksun Tea Estate, what percentage difference are you typically seeing between the field scale and factory weighbridge?

Most independent estates in Jalpaiguri tell us they only catch leaf discrepancies and proxy hazira 10 to 14 days later when the fortnightly muster roll reaches the office.

Are you able to see your daily leaf reconciliation and worker count on your phone before the evening shift, or is your team still compiling it on paper?"
West Bengal,MOGULKATA TEA ESTATE,Organized Estate,No,BIJOYNAGAR TEA CO. LTD,Jalpaiguri,408.4,MR. R.S.CHATTERJEE,033 2248 8672,033 2248 8672,No,sengupta@gmail.com,Kolkata,"4th Floor, Diana Tea Company Limited, SIR RNM House, 3/B, Lal Bazar St, Lal Bazar, Kolkata, West Bengal 700001",Disqualified,Disqualified,5,Consumer/ISP email (@gmail.com) | Kolkata HQ,Current GardenSuite client (MOGULKATA),1-Page Postal Letter,1-Page Postal Dispatch + Email,"Namaskar R.S.Chatterjee-ji,

When green leaf trucks move from field divisions to the factory at Mogulkata Tea Estate, what percentage difference are you typically seeing between the field scale and factory weighbridge?

Most independent estates in Jalpaiguri tell us they only catch leaf discrepancies and proxy hazira 10 to 14 days later when the fortnightly muster roll reaches the office.

Are you able to see your daily leaf reconciliation and worker count on your phone before the evening shift, or is your team still compiling it on paper?"
West Bengal,MORAGHAT TEA ESTATE,Organized Estate,No,BINAGURI TEA CO. PVT.LTD.,Jalpaiguri,513.5,BINAGURI TEA CO. PVT.LTD.,03563-203008,03563-203008,No,,Kolkata,"Binaguri Tea Co Pvt Ltd, 238 A, AJC Bose Rd, Sreepally, Ballygunge, Kolkata, West Bengal 700020",Uncertain / Backlog,Tier 3,1,No email listed (paper-dominant) | Large enterprise acreage (513.5 Ha) | Kolkata HQ,Low signal density,1-Page Postal Letter,1-Page Postal Dispatch,"Namaskar Binaguri-ji,

When green leaf trucks move from field divisions to the factory at Moraghat Tea Estate, what percentage difference are you typically seeing between the field scale and factory weighbridge?

Most independent estates in Jalpaiguri tell us they only catch leaf discrepancies and proxy hazira 10 to 14 days later when the fortnightly muster roll reaches the office.

Are you able to see your daily leaf reconciliation and worker count on your phone before the evening shift, or is your team still compiling it on paper?"
West Bengal,NAGRAKATA TEA ESTATE,Organized Estate,No,QUALITY TEA PRODUCING CO. PVT. LTD.,Jalpaiguri,549.8,MR.SANJAY DALMIA,033 2230 8994,033 2230 8994,No,qualitytea@hotmail.com,Kolkata,"Quality Tea Plantations P Ltd, 24, Hemanta Basu Sarani, Lal Dighi, B.B.D. Bagh, Kolkata, West Bengal 700062",Uncertain / Backlog,Tier 3,3,Consumer/ISP email (@hotmail.com) | Large enterprise acreage (549.8 Ha) | Kolkata HQ,Low signal density,1-Page Postal Letter,1-Page Postal Dispatch + Email,"Namaskar Sanjay-ji,

When green leaf trucks move from field divisions to the factory at Nagrakata Tea Estate, what percentage difference are you typically seeing between the field scale and factory weighbridge?

Most independent estates in Jalpaiguri tell us they only catch leaf discrepancies and proxy hazira 10 to 14 days later when the fortnightly muster roll reaches the office.

Are you able to see your daily leaf reconciliation and worker count on your phone before the evening shift, or is your team still compiling it on paper?"
West Bengal,NEW DOOARS,Organized Estate,No,ANDREW YULE & COMPANY LIMITED,Jalpaiguri,792.4,SUNIL MUNSHI,033 2242 7722,033 2242 7722,No,yulenewdooars@gmail.com,Kolkata,"ANDREW YULE & CO.LTD., Yule House, 8, Dr Rajendra Prasad Sarani, China Bazar, B.B.D. Bagh, Kolkata, West Bengal 700001",Disqualified,Disqualified,3,Consumer/ISP email (@gmail.com) | Large enterprise acreage (792.4 Ha) | Kolkata HQ,Conglomerate keyword match (ANDREW YULE),1-Page Postal Letter,1-Page Postal Dispatch + Email,"Namaskar Sunil-ji,

When green leaf trucks move from field divisions to the factory at New Dooars, what percentage difference are you typically seeing between the field scale and factory weighbridge?

Most independent estates in Jalpaiguri tell us they only catch leaf discrepancies and proxy hazira 10 to 14 days later when the fortnightly muster roll reaches the office.

Are you able to see your daily leaf reconciliation and worker count on your phone before the evening shift, or is your team still compiling it on paper?"
West Bengal,NYA SYLEE,Organized Estate,No,OCTIVIOUS TEA & INDIA LTD.,Jalpaiguri,460.8,MR. SUSHIL KR. JAIN,9775842525,9775842525,Yes,susil@octiviouste.com,Kolkata,"Octavius Tea & Industries Ltd., 2, Transport Depot Rd, Alipore Mint Colony, Alipore, Kolkata, West Bengal 700088",Disqualified,Disqualified,2,Custom domain (@octiviouste.com) | Kolkata HQ,Public limited company,WhatsApp / Phone,WhatsApp / Call + 1-Page Postal Dispatch + Email,"Namaskar Sushil-ji,

When green leaf trucks move from field divisions to the factory at Nya Sylee, what percentage difference are you typically seeing between the field scale and factory weighbridge?

Most independent estates in Jalpaiguri tell us they only catch leaf discrepancies and proxy hazira 10 to 14 days later when the fortnightly muster roll reaches the office.

Are you able to see your daily leaf reconciliation and worker count on your phone before the evening shift, or is your team still compiling it on paper?"
West Bengal,RED BANK,Organized Estate,No,ROSHANLAL AGARWAL,Jalpaiguri,361.6,N K BASU,9002735011,9002735011,Yes,redbank@yahoo.com,Siliguri,"Roshan Lal & Company, Nehru Rd, Ward 8, Khalpara, Siliguri, West Bengal 734001",Disqualified,Disqualified,7,Consumer/ISP email (@yahoo.com) | Siliguri HQ (local operating hub),Multi-garden group (4 gardens),WhatsApp / Phone,WhatsApp / Call + 1-Page Postal Dispatch + Email,"Namaskar N-ji,

When green leaf trucks move from field divisions to the factory at Red Bank, what percentage difference are you typically seeing between the field scale and factory weighbridge?

Most independent estates in Jalpaiguri tell us they only catch leaf discrepancies and proxy hazira 10 to 14 days later when the fortnightly muster roll reaches the office.

Are you able to see your daily leaf reconciliation and worker count on your phone before the evening shift, or is your team still compiling it on paper?"
West Bengal,RHEABARI TEA ESTATE,Organized Estate,No,ASHOK KUMAR BANSAL,Jalpaiguri,374.6,ARVIND KUMAR,9828020548,098280 20548,Yes,info@newteaCo.com,Kolkata,"Ashok Kumar Bansal & Associates, K-10-A, KRISHNA PURI, Jhalana, Brij Mohan Marg, Sector 12, Malviya Nagar, Jaipur, Rajasthan 302017",Disqualified,Disqualified,2,Custom domain (@newteaco.com) | Kolkata HQ,Current GardenSuite client (RHEABARI),WhatsApp / Phone,WhatsApp / Call + 1-Page Postal Dispatch + Email,"Namaskar Arvind-ji,

When green leaf trucks move from field divisions to the factory at Rheabari Tea Estate, what percentage difference are you typically seeing between the field scale and factory weighbridge?

Most independent estates in Jalpaiguri tell us they only catch leaf discrepancies and proxy hazira 10 to 14 days later when the fortnightly muster roll reaches the office.

Are you able to see your daily leaf reconciliation and worker count on your phone before the evening shift, or is your team still compiling it on paper?"
West Bengal,SURENDRA NAGAR,Organized Estate,No,ROSHANLAL AGARWAL,Jalpaiguri,172.2,NK BASU,9002735011,9002735011,Yes,redbank@yahoo.com,Siliguri,"Roshan Lal & Company, Nehru Rd, Ward 8, Khalpara, Siliguri, West Bengal 734001",Disqualified,Disqualified,10,Consumer/ISP email (@yahoo.com) | Mid-tier acreage sweet spot (172.2 Ha) | Siliguri HQ (local operating hub),Multi-garden group (4 gardens),WhatsApp / Phone,WhatsApp / Call + 1-Page Postal Dispatch + Email,"Namaskar Nk-ji,

When green leaf trucks move from field divisions to the factory at Surendra Nagar, what percentage difference are you typically seeing between the field scale and factory weighbridge?

Most independent estates in Jalpaiguri tell us they only catch leaf discrepancies and proxy hazira 10 to 14 days later when the fortnightly muster roll reaches the office.

Are you able to see your daily leaf reconciliation and worker count on your phone before the evening shift, or is your team still compiling it on paper?"
West Bengal,AMBIOK TEA ESTATE,Organized Estate,No,ANAND GOPAL TEA CO.,Darjeeling,152.1,MR. SANJAY MITTAL,03532430018,03532430018,No,hilton@sancharnet.in,Siliguri,"Block, 1st Floor, Gopaldhara Tea Co. Pvt. Ltd., Arjun Enclave, Green Park Colony, C & E, Tea Auction Rd, Ward 46, Champasari, Mallaguri, Siliguri, West Bengal 734003",Qualified,Tier 1 (High Leakage / Paper Priority),10,Consumer/ISP email (@sancharnet.in) | Mid-tier acreage sweet spot (152.1 Ha) | Siliguri HQ (local operating hub),,1-Page Postal Letter,1-Page Postal Dispatch + Email,"Namaskar Sanjay-ji,

When green leaf trucks move from field divisions to the factory at Ambiok Tea Estate, what percentage difference are you typically seeing between the field scale and factory weighbridge?

Most independent estates in Darjeeling tell us they only catch leaf discrepancies and proxy hazira 10 to 14 days later when the fortnightly muster roll reaches the office.

Are you able to see your daily leaf reconciliation and worker count on your phone before the evening shift, or is your team still compiling it on paper?"
West Bengal,FAGU,Organized Estate,No,GBC ENTERPRISE LTD.,Darjeeling,190.2,KRISHNENDU DAS,9474101791,9474101791,Yes,fagu.gbc@gmail.com,Other / Unspecified,"VIKRAM APPARTMENT ,B, 1,MEGHNATH SAHA, SARANI,PRODHAN NAGAR.",Disqualified,Disqualified,7,Consumer/ISP email (@gmail.com) | Mid-tier acreage sweet spot (190.2 Ha),Public limited company,WhatsApp / Phone,WhatsApp / Call + 1-Page Postal Dispatch + Email,"Namaskar Krishnendu-ji,

When green leaf trucks move from field divisions to the factory at Fagu, what percentage difference are you typically seeing between the field scale and factory weighbridge?

Most independent estates in Darjeeling tell us they only catch leaf discrepancies and proxy hazira 10 to 14 days later when the fortnightly muster roll reaches the office.

Are you able to see your daily leaf reconciliation and worker count on your phone before the evening shift, or is your team still compiling it on paper?"
West Bengal,MISSION HILL,Organized Estate,No,ASHA TEA COMPANY PVT LTD,Darjeeling,244.2,MR SUBHADEEP ROY,9593662523,095936 62523,Yes,missionhill.tea@gmail.com,Jalpaiguri,"Asha Tea Company, Rishi Rd, Mal Bazar, Tunbari Tea Garden P, West Bengal 735221",Qualified,Tier 1 (High Leakage / Paper Priority),8,Consumer/ISP email (@gmail.com) | Mid-tier acreage sweet spot (244.2 Ha) | Jalpaiguri HQ,,WhatsApp / Phone,WhatsApp / Call + 1-Page Postal Dispatch + Email,"Namaskar Subhadeep-ji,

When green leaf trucks move from field divisions to the factory at Mission Hill, what percentage difference are you typically seeing between the field scale and factory weighbridge?

Most independent estates in Darjeeling tell us they only catch leaf discrepancies and proxy hazira 10 to 14 days later when the fortnightly muster roll reaches the office.

Are you able to see your daily leaf reconciliation and worker count on your phone before the evening shift, or is your team still compiling it on paper?"
West Bengal,MOHAN MAJHUA TEA ESTATE,Organized Estate,No,MAHANADI TEA COMPANY PVT.,Darjeeling,52.2,SHANTANU KEJRIWAL,033 2210 7383,033 2210 7383,No,rungamattee.jung@gmail.com,Kolkata,"1, Ground Floor, Victoria Tea Company, Martin Burn House, Head Quarter, RN Mukherjee Rd, opposite Lal Bazar, Lal Bazar, Kolkata, West Bengal 700001",Qualified,Tier 1 (High Leakage / Paper Priority),8,Consumer/ISP email (@gmail.com) | Mid-tier acreage sweet spot (52.2 Ha) | Kolkata HQ,,1-Page Postal Letter,1-Page Postal Dispatch + Email,"Namaskar Shantanu-ji,

When green leaf trucks move from field divisions to the factory at Mohan Majhua Tea Estate, what percentage difference are you typically seeing between the field scale and factory weighbridge?

Most independent estates in Darjeeling tell us they only catch leaf discrepancies and proxy hazira 10 to 14 days later when the fortnightly muster roll reaches the office.

Are you able to see your daily leaf reconciliation and worker count on your phone before the evening shift, or is your team still compiling it on paper?"
West Bengal,NARBADA MAJHUA TEA ESTATE,Organized Estate,No,4,Darjeeling,38.8,0,9733045451,09733045451,Yes,rungamattee.jung@gmail.com,Kolkata,,Qualified,Tier 2 (Qualified Independent),6,Consumer/ISP email (@gmail.com) | Small holding (38.8 Ha) | Kolkata HQ,,WhatsApp / Phone,WhatsApp / Call + Email,"Namaskar 0-ji,

When green leaf trucks move from field divisions to the factory at Narbada Majhua Tea Estate, what percentage difference are you typically seeing between the field scale and factory weighbridge?

Most independent estates in Darjeeling tell us they only catch leaf discrepancies and proxy hazira 10 to 14 days later when the fortnightly muster roll reaches the office.

Are you able to see your daily leaf reconciliation and worker count on your phone before the evening shift, or is your team still compiling it on paper?"
West Bengal,SYLEE,Organized Estate,No,OCTIVIOUS TEA & INDIA LTD.,Darjeeling,591.4,MR. SUSHIL KR JAIN,9331289107,9331289107,Yes,sylee@octaviustea.com,Kolkata,"Octavius Tea & Industries Ltd., 2, Transport Depot Rd, Alipore Mint Colony, Alipore, Kolkata, West Bengal 700088",Disqualified,Disqualified,0,Custom domain (@octaviustea.com) | Large enterprise acreage (591.4 Ha) | Kolkata HQ,Public limited company,WhatsApp / Phone,WhatsApp / Call + 1-Page Postal Dispatch + Email,"Namaskar Sushil-ji,

When green leaf trucks move from field divisions to the factory at Sylee, what percentage difference are you typically seeing between the field scale and factory weighbridge?

Most independent estates in Darjeeling tell us they only catch leaf discrepancies and proxy hazira 10 to 14 days later when the fortnightly muster roll reaches the office.

Are you able to see your daily leaf reconciliation and worker count on your phone before the evening shift, or is your team still compiling it on paper?"
West Bengal,UPPER FAGU,Organized Estate,No,SOMBARIA CO LTD,Darjeeling,121.3,MR ASHOK CHATTERJEE,033 6625 5252,033 6625 5252,No,upperfagu@yahoo.co.in,Kolkata,"Shakambhari Ispat & Power Limited, Diamond Prestige 41A, A. J. C. Bose Road Room No. 801, 8th Floor, Kolkata, West Bengal 700017",Disqualified,Disqualified,8,Consumer/ISP email (@yahoo.co.in) | Mid-tier acreage sweet spot (121.3 Ha) | Kolkata HQ,Public limited company,1-Page Postal Letter,1-Page Postal Dispatch + Email,"Namaskar Ashok-ji,

When green leaf trucks move from field divisions to the factory at Upper Fagu, what percentage difference are you typically seeing between the field scale and factory weighbridge?

Most independent estates in Darjeeling tell us they only catch leaf discrepancies and proxy hazira 10 to 14 days later when the fortnightly muster roll reaches the office.

Are you able to see your daily leaf reconciliation and worker count on your phone before the evening shift, or is your team still compiling it on paper?"
West Bengal,AMBOOTIA TEA ESTATE,Organized Estate,No,DARJEELING ORGANIC TEA,Darjeeling,346.9,MR SANJOY PRAKASH BANSAL,900702132,900702132,No,ambootiagarden@gmail.com,Kolkata,"Darjeeling Organictea Estates Private Limited., 4A, Camac St, Kankaria Estates, Elgin, Kolkata, West Bengal 700071",Disqualified,Disqualified,8,Consumer/ISP email (@gmail.com) | Mid-tier acreage sweet spot (346.9 Ha) | Kolkata HQ,Multi-garden group (3 gardens),1-Page Postal Letter,1-Page Postal Dispatch + Email,"Namaskar Sanjoy-ji,

When green leaf trucks move from field divisions to the factory at Ambootia Tea Estate, what percentage difference are you typically seeing between the field scale and factory weighbridge?

Most independent estates in Darjeeling tell us they only catch leaf discrepancies and proxy hazira 10 to 14 days later when the fortnightly muster roll reaches the office.

Are you able to see your daily leaf reconciliation and worker count on your phone before the evening shift, or is your team still compiling it on paper?"
West Bengal,CASTLETON TEA GARDEN,Organized Estate,No,AMGOORIE INDIA LIMITED,Darjeeling,173.0,MR A N SINGH,033 2287 3067,033 2287 3067,No,castleton@goodricke.com,Kolkata,"Goodricke Group Limited, 14, Gurusaday Dutta Rd, Beck Bagan, Ballygunge, Kolkata, West Bengal 700019",Disqualified,Disqualified,5,Custom domain (@goodricke.com) | Mid-tier acreage sweet spot (173.0 Ha) | Kolkata HQ,Public limited company,1-Page Postal Letter,1-Page Postal Dispatch + Email,"Namaskar A-ji,

When green leaf trucks move from field divisions to the factory at Castleton Tea Garden, what percentage difference are you typically seeing between the field scale and factory weighbridge?

Most independent estates in Darjeeling tell us they only catch leaf discrepancies and proxy hazira 10 to 14 days later when the fortnightly muster roll reaches the office.

Are you able to see your daily leaf reconciliation and worker count on your phone before the evening shift, or is your team still compiling it on paper?"
West Bengal,DOOTERIAH TEA ESTATE,Organized Estate,No,K.D. SINGH,Darjeeling,443.9,K.D. SINGH,8240066731,082400 66731,Yes,dtkvdarj@gmail.com,Kolkata,"20/1/1N, K.D.SINGH ENTERPRISE, Ballygunge Station Rd, Golpark, Fern Place, Gariahat, Kolkata, West Bengal 700019",Qualified,Tier 2 (Qualified Independent),5,Consumer/ISP email (@gmail.com) | Kolkata HQ,,WhatsApp / Phone,WhatsApp / Call + 1-Page Postal Dispatch + Email,"Namaskar K.D.-ji,

When green leaf trucks move from field divisions to the factory at Dooteriah Tea Estate, what percentage difference are you typically seeing between the field scale and factory weighbridge?

Most independent estates in Darjeeling tell us they only catch leaf discrepancies and proxy hazira 10 to 14 days later when the fortnightly muster roll reaches the office.

Are you able to see your daily leaf reconciliation and worker count on your phone before the evening shift, or is your team still compiling it on paper?"
West Bengal,GIDAPAHAR TEA ESTATE,Organized Estate,No,H.K.SHAW,Darjeeling,94.3,NOT APPLICABLE,0354-2338014,0354-2338014,No,giddapahar@rediffmail.com,Darjeeling,"Happy Valley Tea Estate, Lebong Cart Rd, near Darjeeling, Chauk Bazaar, Darjeeling, West Bengal 734101",Qualified,Tier 1 (High Leakage / Paper Priority),7,Consumer/ISP email (@rediffmail.com) | Mid-tier acreage sweet spot (94.3 Ha),,1-Page Postal Letter,1-Page Postal Dispatch + Email,"Namaskar Not-ji,

When green leaf trucks move from field divisions to the factory at Gidapahar Tea Estate, what percentage difference are you typically seeing between the field scale and factory weighbridge?

Most independent estates in Darjeeling tell us they only catch leaf discrepancies and proxy hazira 10 to 14 days later when the fortnightly muster roll reaches the office.

Are you able to see your daily leaf reconciliation and worker count on your phone before the evening shift, or is your team still compiling it on paper?"
West Bengal,GOOMTEE TEA ESTATE,Organized Estate,No,MAHANADI TEA COMPANY PVT.,Darjeeling,134.0,SANTANU KRJRIWAL,033 2210 7383,033 2210 7383,No,rungamattee.jung@gmail.com,Kolkata,"1, Ground Floor, Victoria Tea Company, Martin Burn House, Head Quarter, RN Mukherjee Rd, opposite Lal Bazar, Lal Bazar, Kolkata, West Bengal 700001",Qualified,Tier 1 (High Leakage / Paper Priority),8,Consumer/ISP email (@gmail.com) | Mid-tier acreage sweet spot (134.0 Ha) | Kolkata HQ,,1-Page Postal Letter,1-Page Postal Dispatch + Email,"Namaskar Santanu-ji,

When green leaf trucks move from field divisions to the factory at Goomtee Tea Estate, what percentage difference are you typically seeing between the field scale and factory weighbridge?

Most independent estates in Darjeeling tell us they only catch leaf discrepancies and proxy hazira 10 to 14 days later when the fortnightly muster roll reaches the office.

Are you able to see your daily leaf reconciliation and worker count on your phone before the evening shift, or is your team still compiling it on paper?"
West Bengal,JOGMAYA TEA ESTATE,Organized Estate,No,JOGMAYA TEA ESTATE PVT. LTD.,Darjeeling,107.3,M/S NAINA JOHAR,8670877700,8670877700,Yes,jogmayatea@yahoo.in,Kolkata,"V85C+3HQ JOGMAYA TEA FACTORY, Gayabari, West Bengal 734223",Qualified,Tier 1 (High Leakage / Paper Priority),8,Consumer/ISP email (@yahoo.in) | Mid-tier acreage sweet spot (107.3 Ha) | Kolkata HQ,,WhatsApp / Phone,WhatsApp / Call + 1-Page Postal Dispatch + Email,"Namaskar M/S-ji,

When green leaf trucks move from field divisions to the factory at Jogmaya Tea Estate, what percentage difference are you typically seeing between the field scale and factory weighbridge?

Most independent estates in Darjeeling tell us they only catch leaf discrepancies and proxy hazira 10 to 14 days later when the fortnightly muster roll reaches the office.

Are you able to see your daily leaf reconciliation and worker count on your phone before the evening shift, or is your team still compiling it on paper?"
West Bengal,JUNGPANA,Organized Estate,No,JUTE & STORES LTD.,Darjeeling,75.7,SANTANU KEJRIWAL,9733045451,9733045451,Yes,rungamattee.jung@rediffmail.com,Kolkata,"Jute & Stores Ltd, 28/1, Shakespeare Sarani, Elgin, Kolkata, West Bengal 700017",Disqualified,Disqualified,8,Consumer/ISP email (@rediffmail.com) | Mid-tier acreage sweet spot (75.7 Ha) | Kolkata HQ,Public limited company,WhatsApp / Phone,WhatsApp / Call + 1-Page Postal Dispatch + Email,"Namaskar Santanu-ji,

When green leaf trucks move from field divisions to the factory at Jungpana, what percentage difference are you typically seeing between the field scale and factory weighbridge?

Most independent estates in Darjeeling tell us they only catch leaf discrepancies and proxy hazira 10 to 14 days later when the fortnightly muster roll reaches the office.

Are you able to see your daily leaf reconciliation and worker count on your phone before the evening shift, or is your team still compiling it on paper?"
West Bengal,LONGVIEW TE,Organized Estate,No,LONGVIEW TEA & AGRO LIMITED,Darjeeling,500.1,MOHAN KRISHNAN,9475763001,9475763001,Yes,longview123@gmail.com,Kolkata,"Longview Tea & Agro Limited, 51, Shakespeare Sarani, Park Circus, Park Street area, Kolkata, West Bengal 700017",Disqualified,Disqualified,3,Consumer/ISP email (@gmail.com) | Large enterprise acreage (500.1 Ha) | Kolkata HQ,Current GardenSuite client (LONGVIEW),WhatsApp / Phone,WhatsApp / Call + 1-Page Postal Dispatch + Email,"Namaskar Mohan-ji,

When green leaf trucks move from field divisions to the factory at Longview Te, what percentage difference are you typically seeing between the field scale and factory weighbridge?

Most independent estates in Darjeeling tell us they only catch leaf discrepancies and proxy hazira 10 to 14 days later when the fortnightly muster roll reaches the office.

Are you able to see your daily leaf reconciliation and worker count on your phone before the evening shift, or is your team still compiling it on paper?"
West Bengal,MAKAIBARI TEAESTATE,Organized Estate,No,MAKAIBARITEA 7 TRADING CO. PVT. LTD.,Darjeeling,248.2,KULDIP BASU,9147127351,091471 27351,Yes,lamatarun@gmail.com,Darjeeling,"V756+W87 Makaibari Tea Estate, Pankhabari Rd, Kurseong, West Bengal 734203",Qualified,Tier 1 (High Leakage / Paper Priority),7,Consumer/ISP email (@gmail.com) | Mid-tier acreage sweet spot (248.2 Ha),,WhatsApp / Phone,WhatsApp / Call + 1-Page Postal Dispatch + Email,"Namaskar Kuldip-ji,

When green leaf trucks move from field divisions to the factory at Makaibari Teaestate, what percentage difference are you typically seeing between the field scale and factory weighbridge?

Most independent estates in Darjeeling tell us they only catch leaf discrepancies and proxy hazira 10 to 14 days later when the fortnightly muster roll reaches the office.

Are you able to see your daily leaf reconciliation and worker count on your phone before the evening shift, or is your team still compiling it on paper?"
West Bengal,MONTEVIOT TEA ESTATE,Organized Estate,No,MR. SANJAY BANSAL,Darjeeling,59.9,MR. KRISHNENDU CHATTERJEE,8420109409,084201 09409,Yes,te.monteviot@smbootia.com,Kolkata,"Bansal Medical Services – Diagnostic Centre in Ekbalpur, Kolkata, Rampuria House, 57/2F, Diamond Harbour Rd, Naptani Bagan, Mominpore, Kolkata, West Bengal 700023",Disqualified,Disqualified,5,Custom domain (@smbootia.com) | Mid-tier acreage sweet spot (59.9 Ha) | Kolkata HQ,Multi-garden group (6 gardens),WhatsApp / Phone,WhatsApp / Call + 1-Page Postal Dispatch + Email,"Namaskar Krishnendu-ji,

When green leaf trucks move from field divisions to the factory at Monteviot Tea Estate, what percentage difference are you typically seeing between the field scale and factory weighbridge?

Most independent estates in Darjeeling tell us they only catch leaf discrepancies and proxy hazira 10 to 14 days later when the fortnightly muster roll reaches the office.

Are you able to see your daily leaf reconciliation and worker count on your phone before the evening shift, or is your team still compiling it on paper?"
West Bengal,MOONDAKOTEE TEA ESTATE,Organized Estate,No,MR. SANJAY BANSAL,Darjeeling,298.8,K.CHATTERJEE,8420109409,084201 09409,Yes,moondakoteegarden@gmail.com,Kolkata,"Bansal Medical Services – Diagnostic Centre in Ekbalpur, Kolkata, Rampuria House, 57/2F, Diamond Harbour Rd, Naptani Bagan, Mominpore, Kolkata, West Bengal 700023",Disqualified,Disqualified,8,Consumer/ISP email (@gmail.com) | Mid-tier acreage sweet spot (298.8 Ha) | Kolkata HQ,Multi-garden group (6 gardens),WhatsApp / Phone,WhatsApp / Call + 1-Page Postal Dispatch + Email,"Namaskar K.Chatterjee-ji,

When green leaf trucks move from field divisions to the factory at Moondakotee Tea Estate, what percentage difference are you typically seeing between the field scale and factory weighbridge?

Most independent estates in Darjeeling tell us they only catch leaf discrepancies and proxy hazira 10 to 14 days later when the fortnightly muster roll reaches the office.

Are you able to see your daily leaf reconciliation and worker count on your phone before the evening shift, or is your team still compiling it on paper?"
West Bengal,MULLOTAR TEA ESTATE,Organized Estate,No,MR. SANJAY BANSAL,Darjeeling,172.7,SHRI K.CHATTERJEE,8420109409,084201 09409,Yes,mullotar10@gmail.com,Kolkata,"Bansal Medical Services – Diagnostic Centre in Ekbalpur, Kolkata, Rampuria House, 57/2F, Diamond Harbour Rd, Naptani Bagan, Mominpore, Kolkata, West Bengal 700023",Disqualified,Disqualified,8,Consumer/ISP email (@gmail.com) | Mid-tier acreage sweet spot (172.7 Ha) | Kolkata HQ,Multi-garden group (6 gardens),WhatsApp / Phone,WhatsApp / Call + 1-Page Postal Dispatch + Email,"Namaskar K.Chatterjee-ji,

When green leaf trucks move from field divisions to the factory at Mullotar Tea Estate, what percentage difference are you typically seeing between the field scale and factory weighbridge?

Most independent estates in Darjeeling tell us they only catch leaf discrepancies and proxy hazira 10 to 14 days later when the fortnightly muster roll reaches the office.

Are you able to see your daily leaf reconciliation and worker count on your phone before the evening shift, or is your team still compiling it on paper?"
West Bengal,POBONG TEA ESTATE,Organized Estate,No,SRI D.PODDAR & SRI MANOJ,Darjeeling,166.8,SRI F.L.BABINALL,9434878611,9434878611,Yes,chottopobong@gmail.com,Kolkata,"4d, Poddar And Poddar, 99, Karaya Rd, Lower Range, Beck Bagan, Ballygunge, Kolkata, West Bengal 700019",Qualified,Tier 1 (High Leakage / Paper Priority),8,Consumer/ISP email (@gmail.com) | Mid-tier acreage sweet spot (166.8 Ha) | Kolkata HQ,,WhatsApp / Phone,WhatsApp / Call + 1-Page Postal Dispatch + Email,"Namaskar Sri-ji,

When green leaf trucks move from field divisions to the factory at Pobong Tea Estate, what percentage difference are you typically seeing between the field scale and factory weighbridge?

Most independent estates in Darjeeling tell us they only catch leaf discrepancies and proxy hazira 10 to 14 days later when the fortnightly muster roll reaches the office.

Are you able to see your daily leaf reconciliation and worker count on your phone before the evening shift, or is your team still compiling it on paper?"
West Bengal,POTONG,Organized Estate,No,UNITED NATUREX DOT COM (P) LTD,Darjeeling,138.4,MR. K.C. AGARWAL,033 4004 1637,033 4004 1637,No,,Kolkata,"13th Floor, Nature Technologies Pvt Ltd | Software Development Company, SRIJAN CORPORATE PARK, PS, GP Block, Sector V, Bidhannagar, Kolkata, West Bengal 700091",Qualified,Tier 2 (Qualified Independent),6,No email listed (paper-dominant) | Mid-tier acreage sweet spot (138.4 Ha) | Kolkata HQ,,1-Page Postal Letter,1-Page Postal Dispatch,"Namaskar K.C.-ji,

When green leaf trucks move from field divisions to the factory at Potong, what percentage difference are you typically seeing between the field scale and factory weighbridge?

Most independent estates in Darjeeling tell us they only catch leaf discrepancies and proxy hazira 10 to 14 days later when the fortnightly muster roll reaches the office.

Are you able to see your daily leaf reconciliation and worker count on your phone before the evening shift, or is your team still compiling it on paper?"
West Bengal,ROHINI TEA ESTATE,Organized Estate,No,SONA TEA LIMITED,Darjeeling,142.0,S.K.SARIA,03542510831,03542510831,No,shivksaria@gmail.com,Siliguri,"Surajmukhi Tea Private Limited, Madhuban Complex, Zilla Parishad Rd, Ward 41, Don Bosco Colony, Siliguri, West Bengal 734001",Disqualified,Disqualified,10,Consumer/ISP email (@gmail.com) | Mid-tier acreage sweet spot (142.0 Ha) | Siliguri HQ (local operating hub),Public limited company,1-Page Postal Letter,1-Page Postal Dispatch + Email,"Namaskar S.K.Saria-ji,

When green leaf trucks move from field divisions to the factory at Rohini Tea Estate, what percentage difference are you typically seeing between the field scale and factory weighbridge?

Most independent estates in Darjeeling tell us they only catch leaf discrepancies and proxy hazira 10 to 14 days later when the fortnightly muster roll reaches the office.

Are you able to see your daily leaf reconciliation and worker count on your phone before the evening shift, or is your team still compiling it on paper?"
West Bengal,SELIMHILL,Organized Estate,No,THE PEERLESS TEA &,Darjeeling,176.5,MAHENDRA AGARWAALA,033 4400 3900,033 4400 3900,No,,Kolkata,"H972+2HF Ego Bar - The Peerless Inn, Peerless Inn Hotel, 12, Jawaharlal Nehru Road, New Market Area, Dharmatala, Taltala, Esplanade, Kolkata, West Bengal 700013",Qualified,Tier 2 (Qualified Independent),6,No email listed (paper-dominant) | Mid-tier acreage sweet spot (176.5 Ha) | Kolkata HQ,,1-Page Postal Letter,1-Page Postal Dispatch,"Namaskar Mahendra-ji,

When green leaf trucks move from field divisions to the factory at Selimhill, what percentage difference are you typically seeing between the field scale and factory weighbridge?

Most independent estates in Darjeeling tell us they only catch leaf discrepancies and proxy hazira 10 to 14 days later when the fortnightly muster roll reaches the office.

Are you able to see your daily leaf reconciliation and worker count on your phone before the evening shift, or is your team still compiling it on paper?"
West Bengal,SEPOYDHOORAH TEA ESTATE,Organized Estate,No,MR. SANJAY BANSAL,Darjeeling,138.9,K.CHATTERJEE,8420109409,084201 09409,Yes,amb.plantation@yahoo.com,Kolkata,"Bansal Medical Services – Diagnostic Centre in Ekbalpur, Kolkata, Rampuria House, 57/2F, Diamond Harbour Rd, Naptani Bagan, Mominpore, Kolkata, West Bengal 700023",Disqualified,Disqualified,8,Consumer/ISP email (@yahoo.com) | Mid-tier acreage sweet spot (138.9 Ha) | Kolkata HQ,Multi-garden group (6 gardens),WhatsApp / Phone,WhatsApp / Call + 1-Page Postal Dispatch + Email,"Namaskar K.Chatterjee-ji,

When green leaf trucks move from field divisions to the factory at Sepoydhoorah Tea Estate, what percentage difference are you typically seeing between the field scale and factory weighbridge?

Most independent estates in Darjeeling tell us they only catch leaf discrepancies and proxy hazira 10 to 14 days later when the fortnightly muster roll reaches the office.

Are you able to see your daily leaf reconciliation and worker count on your phone before the evening shift, or is your team still compiling it on paper?"
West Bengal,SINGELL TEA ESTATE,Organized Estate,No,SINGELL TEA &AGRICULTURAL,Darjeeling,242.5,MR. N SENGUPTA,9831375612,098313 75612,Yes,tpisgl@gmail.com,Kolkata,"Singell Tea Bungalow, Singel Tea Garden, Kurseong, West Bengal 734220",Qualified,Tier 1 (High Leakage / Paper Priority),8,Consumer/ISP email (@gmail.com) | Mid-tier acreage sweet spot (242.5 Ha) | Kolkata HQ,,WhatsApp / Phone,WhatsApp / Call + 1-Page Postal Dispatch + Email,"Namaskar N-ji,

When green leaf trucks move from field divisions to the factory at Singell Tea Estate, what percentage difference are you typically seeing between the field scale and factory weighbridge?

Most independent estates in Darjeeling tell us they only catch leaf discrepancies and proxy hazira 10 to 14 days later when the fortnightly muster roll reaches the office.

Are you able to see your daily leaf reconciliation and worker count on your phone before the evening shift, or is your team still compiling it on paper?"
West Bengal,SIVITAR TEA ESTATE,Organized Estate,No,MR. SANJAY BANSAL,Darjeeling,148.9,K.CHATTERJEE,8420109409,084201 09409,Yes,te.sivitar1@gmail.com,Kolkata,"Bansal Medical Services – Diagnostic Centre in Ekbalpur, Kolkata, Rampuria House, 57/2F, Diamond Harbour Rd, Naptani Bagan, Mominpore, Kolkata, West Bengal 700023",Disqualified,Disqualified,8,Consumer/ISP email (@gmail.com) | Mid-tier acreage sweet spot (148.9 Ha) | Kolkata HQ,Multi-garden group (6 gardens),WhatsApp / Phone,WhatsApp / Call + 1-Page Postal Dispatch + Email,"Namaskar K.Chatterjee-ji,

When green leaf trucks move from field divisions to the factory at Sivitar Tea Estate, what percentage difference are you typically seeing between the field scale and factory weighbridge?

Most independent estates in Darjeeling tell us they only catch leaf discrepancies and proxy hazira 10 to 14 days later when the fortnightly muster roll reaches the office.

Are you able to see your daily leaf reconciliation and worker count on your phone before the evening shift, or is your team still compiling it on paper?"
West Bengal,SPRINGSIDE,Organized Estate,No,AMGOORIE INDIA LIMITED,Darjeeling,146.0,A.N. SINGH,033 2287 3067,033 2287 3067,No,castletan@goodrick.e.com,Kolkata,"Goodricke Group Limited, 14, Gurusaday Dutta Rd, Beck Bagan, Ballygunge, Kolkata, West Bengal 700019",Disqualified,Disqualified,5,Custom domain (@goodrick.e.com) | Mid-tier acreage sweet spot (146.0 Ha) | Kolkata HQ,Public limited company,1-Page Postal Letter,1-Page Postal Dispatch + Email,"Namaskar A.N.-ji,

When green leaf trucks move from field divisions to the factory at Springside, what percentage difference are you typically seeing between the field scale and factory weighbridge?

Most independent estates in Darjeeling tell us they only catch leaf discrepancies and proxy hazira 10 to 14 days later when the fortnightly muster roll reaches the office.

Are you able to see your daily leaf reconciliation and worker count on your phone before the evening shift, or is your team still compiling it on paper?"
West Bengal,TINDHARIA TEA ESTATE,Organized Estate,No,SRI A.KANORIA & S.KANORIA,Darjeeling,154.9,SRI A.KANORIA & S.KANORIA,9614933382,9614933382,Yes,balaji@cal.vsnl.net.in,Kolkata,"House, 8/5, Kanoria House, Kanoria, 3, Alipore Rd, Alipore, Kolkata, West Bengal 700027",Qualified,Tier 2 (Qualified Independent),5,Custom domain (@cal.vsnl.net.in) | Mid-tier acreage sweet spot (154.9 Ha) | Kolkata HQ,,WhatsApp / Phone,WhatsApp / Call + 1-Page Postal Dispatch + Email,"Namaskar Sri-ji,

When green leaf trucks move from field divisions to the factory at Tindharia Tea Estate, what percentage difference are you typically seeing between the field scale and factory weighbridge?

Most independent estates in Darjeeling tell us they only catch leaf discrepancies and proxy hazira 10 to 14 days later when the fortnightly muster roll reaches the office.

Are you able to see your daily leaf reconciliation and worker count on your phone before the evening shift, or is your team still compiling it on paper?"
West Bengal,ARYA TEA ESTATE,Organized Estate,No,RAM KISHORE BANSAL,Darjeeling,123.3,RAM KISHORE BANSAL,8420109409,084201 09409,Yes,arya.sry@gmail.com,Kolkata,"Bansal Medical Services – Diagnostic Centre in Ekbalpur, Kolkata, Rampuria House, 57/2F, Diamond Harbour Rd, Naptani Bagan, Mominpore, Kolkata, West Bengal 700023",Qualified,Tier 1 (High Leakage / Paper Priority),8,Consumer/ISP email (@gmail.com) | Mid-tier acreage sweet spot (123.3 Ha) | Kolkata HQ,,WhatsApp / Phone,WhatsApp / Call + 1-Page Postal Dispatch + Email,"Namaskar Ram-ji,

When green leaf trucks move from field divisions to the factory at Arya Tea Estate, what percentage difference are you typically seeing between the field scale and factory weighbridge?

Most independent estates in Darjeeling tell us they only catch leaf discrepancies and proxy hazira 10 to 14 days later when the fortnightly muster roll reaches the office.

Are you able to see your daily leaf reconciliation and worker count on your phone before the evening shift, or is your team still compiling it on paper?"
West Bengal,BADAMTAM TEA ESTATE,Organized Estate,No,GOODRICKE GROUP LIMITED,Darjeeling,321.1,A.N. SINGH,033 2287 3067,033 2287 3067,No,bdmtam@goodricke.com,Kolkata,"Goodricke Group Limited, 14, Gurusaday Dutta Rd, Beck Bagan, Ballygunge, Kolkata, West Bengal 700019",Disqualified,Disqualified,5,Custom domain (@goodricke.com) | Mid-tier acreage sweet spot (321.1 Ha) | Kolkata HQ,Conglomerate keyword match (GOODRICKE),1-Page Postal Letter,1-Page Postal Dispatch + Email,"Namaskar A.N.-ji,

When green leaf trucks move from field divisions to the factory at Badamtam Tea Estate, what percentage difference are you typically seeing between the field scale and factory weighbridge?

Most independent estates in Darjeeling tell us they only catch leaf discrepancies and proxy hazira 10 to 14 days later when the fortnightly muster roll reaches the office.

Are you able to see your daily leaf reconciliation and worker count on your phone before the evening shift, or is your team still compiling it on paper?"
West Bengal,BANNOCKBURN TEA ESTATE,Organized Estate,No,B.D. TEA ESTATES PVT. LTD.,Darjeeling,136.6,B. K. TIBREWAL,033 3502 5701,033 3502 5701,No,bdtbannockburnte@yahoo.in,Kolkata,"Halmira Estate Tea Private Limited, 23, Pankaj Mullick Sarani, near st.lawrence school, Garcha, Ballygunge, Kolkata, West Bengal 700019",Disqualified,Disqualified,8,Consumer/ISP email (@yahoo.in) | Mid-tier acreage sweet spot (136.6 Ha) | Kolkata HQ,Multi-garden group (3 gardens),1-Page Postal Letter,1-Page Postal Dispatch + Email,"Namaskar B.-ji,

When green leaf trucks move from field divisions to the factory at Bannockburn Tea Estate, what percentage difference are you typically seeing between the field scale and factory weighbridge?

Most independent estates in Darjeeling tell us they only catch leaf discrepancies and proxy hazira 10 to 14 days later when the fortnightly muster roll reaches the office.

Are you able to see your daily leaf reconciliation and worker count on your phone before the evening shift, or is your team still compiling it on paper?"
West Bengal,BARNESBEG TEA GARDEN,Organized Estate,No,GOODRICKE GROUP LIMITED,Darjeeling,132.0,A. N. SINGH,033 2287 3067,033 2287 3067,No,,Other / Unspecified,"Goodricke Group Limited, 14, Gurusaday Dutta Rd, Beck Bagan, Ballygunge, Kolkata, West Bengal 700019",Disqualified,Disqualified,5,No email listed (paper-dominant) | Mid-tier acreage sweet spot (132.0 Ha),Conglomerate keyword match (GOODRICKE),1-Page Postal Letter,1-Page Postal Dispatch,"Namaskar A.-ji,

When green leaf trucks move from field divisions to the factory at Barnesbeg Tea Garden, what percentage difference are you typically seeing between the field scale and factory weighbridge?

Most independent estates in Darjeeling tell us they only catch leaf discrepancies and proxy hazira 10 to 14 days later when the fortnightly muster roll reaches the office.

Are you able to see your daily leaf reconciliation and worker count on your phone before the evening shift, or is your team still compiling it on paper?"
West Bengal,DILARAM,Organized Estate,No,AMGOORIE INDIA LIMITED,Darjeeling,196.8,A N SINGH,033 2287 3067,033 2287 3067,No,jcpande@goodricke.com,Kolkata,"Goodricke Group Limited, 14, Gurusaday Dutta Rd, Beck Bagan, Ballygunge, Kolkata, West Bengal 700019",Disqualified,Disqualified,5,Custom domain (@goodricke.com) | Mid-tier acreage sweet spot (196.8 Ha) | Kolkata HQ,Public limited company,1-Page Postal Letter,1-Page Postal Dispatch + Email,"Namaskar A-ji,

When green leaf trucks move from field divisions to the factory at Dilaram, what percentage difference are you typically seeing between the field scale and factory weighbridge?

Most independent estates in Darjeeling tell us they only catch leaf discrepancies and proxy hazira 10 to 14 days later when the fortnightly muster roll reaches the office.

Are you able to see your daily leaf reconciliation and worker count on your phone before the evening shift, or is your team still compiling it on paper?"
West Bengal,EDENVALE,Organized Estate,No,AMGOORIE INDIA LIMITED,Darjeeling,28.3,A . N. SINGH,033 2287 3067,033 2287 3067,No,mhope@goodricke.com,Kolkata,"Goodricke Group Limited, 14, Gurusaday Dutta Rd, Beck Bagan, Ballygunge, Kolkata, West Bengal 700019",Disqualified,Disqualified,3,Custom domain (@goodricke.com) | Small holding (28.3 Ha) | Kolkata HQ,Public limited company,1-Page Postal Letter,1-Page Postal Dispatch + Email,"Namaskar A-ji,

When green leaf trucks move from field divisions to the factory at Edenvale, what percentage difference are you typically seeing between the field scale and factory weighbridge?

Most independent estates in Darjeeling tell us they only catch leaf discrepancies and proxy hazira 10 to 14 days later when the fortnightly muster roll reaches the office.

Are you able to see your daily leaf reconciliation and worker count on your phone before the evening shift, or is your team still compiling it on paper?"
West Bengal,GING TEA ESTATE,Organized Estate,No,BD TEA ESTATE PVT. LTD.,Darjeeling,254.1,B K TIBREWAL,033 3502 5701,033 3502 5701,No,bdtgingte@yahoo.in,Kolkata,"Halmira Estate Tea Private Limited, 23, Pankaj Mullick Sarani, near st.lawrence school, Garcha, Ballygunge, Kolkata, West Bengal 700019",Qualified,Tier 1 (High Leakage / Paper Priority),8,Consumer/ISP email (@yahoo.in) | Mid-tier acreage sweet spot (254.1 Ha) | Kolkata HQ,,1-Page Postal Letter,1-Page Postal Dispatch + Email,"Namaskar B-ji,

When green leaf trucks move from field divisions to the factory at Ging Tea Estate, what percentage difference are you typically seeing between the field scale and factory weighbridge?

Most independent estates in Darjeeling tell us they only catch leaf discrepancies and proxy hazira 10 to 14 days later when the fortnightly muster roll reaches the office.

Are you able to see your daily leaf reconciliation and worker count on your phone before the evening shift, or is your team still compiling it on paper?"
West Bengal,GLENBURN TEA ESTATE,Organized Estate,No,DLX LIMITED,Darjeeling,285.5,MR.K.N.NOWROJEE,033 2288 3970,033 2288 3970,No,glenburn1859@yahoo.com,Kolkata,"DLX Limited, Kanak Building, Kanak Tower, 41, Jawaharlal Nehru Rd, Park Street area, Kolkata, West Bengal 700071",Disqualified,Disqualified,8,Consumer/ISP email (@yahoo.com) | Mid-tier acreage sweet spot (285.5 Ha) | Kolkata HQ,Public limited company,1-Page Postal Letter,1-Page Postal Dispatch + Email,"Namaskar K.N.Nowrojee-ji,

When green leaf trucks move from field divisions to the factory at Glenburn Tea Estate, what percentage difference are you typically seeing between the field scale and factory weighbridge?

Most independent estates in Darjeeling tell us they only catch leaf discrepancies and proxy hazira 10 to 14 days later when the fortnightly muster roll reaches the office.

Are you able to see your daily leaf reconciliation and worker count on your phone before the evening shift, or is your team still compiling it on paper?"
West Bengal,HAPPY VALLEY TEA ESTATE,Organized Estate,No,MR. SANJAY BANSAL,Darjeeling,122.8,MR. SANJAY BANSAL,8420109409,084201 09409,Yes,ddas29@gmail.com,Kolkata,"Bansal Medical Services – Diagnostic Centre in Ekbalpur, Kolkata, Rampuria House, 57/2F, Diamond Harbour Rd, Naptani Bagan, Mominpore, Kolkata, West Bengal 700023",Disqualified,Disqualified,8,Consumer/ISP email (@gmail.com) | Mid-tier acreage sweet spot (122.8 Ha) | Kolkata HQ,Multi-garden group (6 gardens),WhatsApp / Phone,WhatsApp / Call + 1-Page Postal Dispatch + Email,"Namaskar Sanjay-ji,

When green leaf trucks move from field divisions to the factory at Happy Valley Tea Estate, what percentage difference are you typically seeing between the field scale and factory weighbridge?

Most independent estates in Darjeeling tell us they only catch leaf discrepancies and proxy hazira 10 to 14 days later when the fortnightly muster roll reaches the office.

Are you able to see your daily leaf reconciliation and worker count on your phone before the evening shift, or is your team still compiling it on paper?"
West Bengal,KALEJ VALLEY TEA ESTATE,Organized Estate,No,K.D. SINGH,Darjeeling,237.6,DEBABRATA MITRA,8240066731,082400 66731,Yes,dtkv.kv@gmail.com,Kolkata,"20/1/1N, K.D.SINGH ENTERPRISE, Ballygunge Station Rd, Golpark, Fern Place, Gariahat, Kolkata, West Bengal 700019",Qualified,Tier 1 (High Leakage / Paper Priority),8,Consumer/ISP email (@gmail.com) | Mid-tier acreage sweet spot (237.6 Ha) | Kolkata HQ,,WhatsApp / Phone,WhatsApp / Call + 1-Page Postal Dispatch + Email,"Namaskar Debabrata-ji,

When green leaf trucks move from field divisions to the factory at Kalej Valley Tea Estate, what percentage difference are you typically seeing between the field scale and factory weighbridge?

Most independent estates in Darjeeling tell us they only catch leaf discrepancies and proxy hazira 10 to 14 days later when the fortnightly muster roll reaches the office.

Are you able to see your daily leaf reconciliation and worker count on your phone before the evening shift, or is your team still compiling it on paper?"
West Bengal,LIZAHILL TEA ESTATE,Organized Estate,No,JAYSHREE TEA & INDUSTRIES,Darjeeling,114.7,D.P.MAHESHWARI,033 2282 7531,033 2282 7531,No,risheehatteaestate@yahoo.in,Kolkata,"Jayshree Tea & Industries Ltd, 10, Camac St, Elgin, Kolkata, West Bengal 700071",Disqualified,Disqualified,8,Consumer/ISP email (@yahoo.in) | Mid-tier acreage sweet spot (114.7 Ha) | Kolkata HQ,Conglomerate keyword match (JAYSHREE TEA),1-Page Postal Letter,1-Page Postal Dispatch + Email,"Namaskar D.P.Maheshwari-ji,

When green leaf trucks move from field divisions to the factory at Lizahill Tea Estate, what percentage difference are you typically seeing between the field scale and factory weighbridge?

Most independent estates in Darjeeling tell us they only catch leaf discrepancies and proxy hazira 10 to 14 days later when the fortnightly muster roll reaches the office.

Are you able to see your daily leaf reconciliation and worker count on your phone before the evening shift, or is your team still compiling it on paper?"
West Bengal,MARGARET'S HOPE,Organized Estate,No,AMGOORIE INDIA LIMITED,Darjeeling,361.0,A N SINGH,033 2287 3067,033 2287 3067,No,ansingh@goodricke.com,Kolkata,"Goodricke Group Limited, 14, Gurusaday Dutta Rd, Beck Bagan, Ballygunge, Kolkata, West Bengal 700019",Disqualified,Disqualified,2,Custom domain (@goodricke.com) | Kolkata HQ,Public limited company,1-Page Postal Letter,1-Page Postal Dispatch + Email,"Namaskar A-ji,

When green leaf trucks move from field divisions to the factory at Margaret'S Hope, what percentage difference are you typically seeing between the field scale and factory weighbridge?

Most independent estates in Darjeeling tell us they only catch leaf discrepancies and proxy hazira 10 to 14 days later when the fortnightly muster roll reaches the office.

Are you able to see your daily leaf reconciliation and worker count on your phone before the evening shift, or is your team still compiling it on paper?"
West Bengal,NORTH TUKVAR,Organized Estate,No,NORTH TUKVAR TEA CO. LTD.,Darjeeling,195.5,D.P. MAHESHWARI,9647700815,9647700815,Yes,aloksharma66@gmail.com,Kolkata,"Industry House, North Tukvar Tea Company Limited, 10, Camac St, Elgin, Kolkata, West Bengal 700071",Disqualified,Disqualified,8,Consumer/ISP email (@gmail.com) | Mid-tier acreage sweet spot (195.5 Ha) | Kolkata HQ,Public limited company,WhatsApp / Phone,WhatsApp / Call + 1-Page Postal Dispatch + Email,"Namaskar D.P.-ji,

When green leaf trucks move from field divisions to the factory at North Tukvar, what percentage difference are you typically seeing between the field scale and factory weighbridge?

Most independent estates in Darjeeling tell us they only catch leaf discrepancies and proxy hazira 10 to 14 days later when the fortnightly muster roll reaches the office.

Are you able to see your daily leaf reconciliation and worker count on your phone before the evening shift, or is your team still compiling it on paper?"
West Bengal,NURBONG TEA ESTATE,Organized Estate,No,DARJEELING ORGANIC TEA,Darjeeling,271.2,K.C. CHATTERJEE,9733221506,9733221506,Yes,nurbonggarden3@gmail.com,Kolkata,"Darjeeling Organictea Estates Private Limited., 4A, Camac St, Kankaria Estates, Elgin, Kolkata, West Bengal 700071",Disqualified,Disqualified,8,Consumer/ISP email (@gmail.com) | Mid-tier acreage sweet spot (271.2 Ha) | Kolkata HQ,Multi-garden group (3 gardens),WhatsApp / Phone,WhatsApp / Call + 1-Page Postal Dispatch + Email,"Namaskar K.C.-ji,

When green leaf trucks move from field divisions to the factory at Nurbong Tea Estate, what percentage difference are you typically seeing between the field scale and factory weighbridge?

Most independent estates in Darjeeling tell us they only catch leaf discrepancies and proxy hazira 10 to 14 days later when the fortnightly muster roll reaches the office.

Are you able to see your daily leaf reconciliation and worker count on your phone before the evening shift, or is your team still compiling it on paper?"
West Bengal,OAKS TEA ESTATE,Organized Estate,No,S.K.AGARWAWAL,Darjeeling,138.9,MR MAHENDRA AGARWALA,033 4008 9902,033 4008 9902,No,,Kolkata,"S K Agrawal and Co Chartered Accountants LLP, Agrawal and Co Chartered Accountants LLP The chambers, S K, Rajdanga Main Rd, opposite Gitanjali Stadium, Sector E, East Kolkata Twp, Kolkata, West Bengal 700107",Qualified,Tier 2 (Qualified Independent),6,No email listed (paper-dominant) | Mid-tier acreage sweet spot (138.9 Ha) | Kolkata HQ,,1-Page Postal Letter,1-Page Postal Dispatch,"Namaskar Mahendra-ji,

When green leaf trucks move from field divisions to the factory at Oaks Tea Estate, what percentage difference are you typically seeing between the field scale and factory weighbridge?

Most independent estates in Darjeeling tell us they only catch leaf discrepancies and proxy hazira 10 to 14 days later when the fortnightly muster roll reaches the office.

Are you able to see your daily leaf reconciliation and worker count on your phone before the evening shift, or is your team still compiling it on paper?"
West Bengal,ORANGE VALLEY TEA ESTATE,Organized Estate,No,SS BAGARIA,Darjeeling,189.5,B.K. BIHANI,033 2210 7789,033 2210 7789,No,orangevalleyte@rediffmail.com,Kolkata,"4th Floor, Bagaria Trading Limited, 16, Netaji Subhas Rd, Murgighata, B.B.D. Bagh, Kolkata, West Bengal 700001",Qualified,Tier 1 (High Leakage / Paper Priority),8,Consumer/ISP email (@rediffmail.com) | Mid-tier acreage sweet spot (189.5 Ha) | Kolkata HQ,,1-Page Postal Letter,1-Page Postal Dispatch + Email,"Namaskar B.K.-ji,

When green leaf trucks move from field divisions to the factory at Orange Valley Tea Estate, what percentage difference are you typically seeing between the field scale and factory weighbridge?

Most independent estates in Darjeeling tell us they only catch leaf discrepancies and proxy hazira 10 to 14 days later when the fortnightly muster roll reaches the office.

Are you able to see your daily leaf reconciliation and worker count on your phone before the evening shift, or is your team still compiling it on paper?"
West Bengal,PANDAM,Organized Estate,No,WEST BENGAL TEA,Darjeeling,131.3,M. GUHA ROY,033 2283 6416,033 2283 6416,No,webtea@vsnl.net,Kolkata,"4th floor, Bengal Tea & Fabrics Limited, Century Tower, 45, Shakespeare Sarani, opposite Kala Mandir, Mullick Bazar, Park Street area, Kolkata, West Bengal 700017",Disqualified,Disqualified,8,Consumer/ISP email (@vsnl.net) | Mid-tier acreage sweet spot (131.3 Ha) | Kolkata HQ,Multi-garden group (4 gardens),1-Page Postal Letter,1-Page Postal Dispatch + Email,"Namaskar M.-ji,

When green leaf trucks move from field divisions to the factory at Pandam, what percentage difference are you typically seeing between the field scale and factory weighbridge?

Most independent estates in Darjeeling tell us they only catch leaf discrepancies and proxy hazira 10 to 14 days later when the fortnightly muster roll reaches the office.

Are you able to see your daily leaf reconciliation and worker count on your phone before the evening shift, or is your team still compiling it on paper?"
West Bengal,PHOOBSERING TEA ESTATE,Organized Estate,No,B.D. TEA ESTATES PVT. LTD.,Darjeeling,235.8,B K TEBREWAL,033 3502 5701,033 3502 5701,No,bdtphobseringte@yahoo.com,Kolkata,"Halmira Estate Tea Private Limited, 23, Pankaj Mullick Sarani, near st.lawrence school, Garcha, Ballygunge, Kolkata, West Bengal 700019",Disqualified,Disqualified,8,Consumer/ISP email (@yahoo.com) | Mid-tier acreage sweet spot (235.8 Ha) | Kolkata HQ,Multi-garden group (3 gardens),1-Page Postal Letter,1-Page Postal Dispatch + Email,"Namaskar B-ji,

When green leaf trucks move from field divisions to the factory at Phoobsering Tea Estate, what percentage difference are you typically seeing between the field scale and factory weighbridge?

Most independent estates in Darjeeling tell us they only catch leaf discrepancies and proxy hazira 10 to 14 days later when the fortnightly muster roll reaches the office.

Are you able to see your daily leaf reconciliation and worker count on your phone before the evening shift, or is your team still compiling it on paper?"
West Bengal,RISHEEHAT TEA ESTATE,Organized Estate,No,JAYSHREE TEA & INDUSTRIES,Darjeeling,141.8,D.P.MAHESHWARI,033 2282 7531,033 2282 7531,No,risheehatteaestate@yahoo.in,Kolkata,"Jayshree Tea & Industries Ltd, 10, Camac St, Elgin, Kolkata, West Bengal 700071",Disqualified,Disqualified,8,Consumer/ISP email (@yahoo.in) | Mid-tier acreage sweet spot (141.8 Ha) | Kolkata HQ,Conglomerate keyword match (JAYSHREE TEA),1-Page Postal Letter,1-Page Postal Dispatch + Email,"Namaskar D.P.Maheshwari-ji,

When green leaf trucks move from field divisions to the factory at Risheehat Tea Estate, what percentage difference are you typically seeing between the field scale and factory weighbridge?

Most independent estates in Darjeeling tell us they only catch leaf discrepancies and proxy hazira 10 to 14 days later when the fortnightly muster roll reaches the office.

Are you able to see your daily leaf reconciliation and worker count on your phone before the evening shift, or is your team still compiling it on paper?"
West Bengal,RUNGLEE RUNGLIOT,Organized Estate,No,DUNCANS INDUSTRIES LIMITED,Darjeeling,184.0,M.GURBAXANI,033 2242 1605,033 2242 1605,No,rungtg@rediffmail.com,Kolkata,"4th Floor, Duncans Tea Limited, Duncan House, 31, Netaji Subhas Rd, Murgighata, B.B.D. Bagh, Kolkata, West Bengal 700001",Disqualified,Disqualified,8,Consumer/ISP email (@rediffmail.com) | Mid-tier acreage sweet spot (184.0 Ha) | Kolkata HQ,Conglomerate keyword match (DUNCANS),1-Page Postal Letter,1-Page Postal Dispatch + Email,"Namaskar M.Gurbaxani-ji,

When green leaf trucks move from field divisions to the factory at Runglee Rungliot, what percentage difference are you typically seeing between the field scale and factory weighbridge?

Most independent estates in Darjeeling tell us they only catch leaf discrepancies and proxy hazira 10 to 14 days later when the fortnightly muster roll reaches the office.

Are you able to see your daily leaf reconciliation and worker count on your phone before the evening shift, or is your team still compiling it on paper?"
West Bengal,RUNGMOOK/CEDARS TEA ESTATE,Organized Estate,No,WEST BENGAL TEA,Darjeeling,460.7,WEST BENGAL TEA,033 2283 6416,033 2283 6416,No,webtea@vsnl.net,Kolkata,"4th floor, Bengal Tea & Fabrics Limited, Century Tower, 45, Shakespeare Sarani, opposite Kala Mandir, Mullick Bazar, Park Street area, Kolkata, West Bengal 700017",Disqualified,Disqualified,5,Consumer/ISP email (@vsnl.net) | Kolkata HQ,Multi-garden group (4 gardens),1-Page Postal Letter,1-Page Postal Dispatch + Email,"Namaskar West-ji,

When green leaf trucks move from field divisions to the factory at Rungmook/Cedars Tea Estate, what percentage difference are you typically seeing between the field scale and factory weighbridge?

Most independent estates in Darjeeling tell us they only catch leaf discrepancies and proxy hazira 10 to 14 days later when the fortnightly muster roll reaches the office.

Are you able to see your daily leaf reconciliation and worker count on your phone before the evening shift, or is your team still compiling it on paper?"
West Bengal,S00M TEA ESTATE,Organized Estate,No,ASHOK KUMAR LOHIA,Darjeeling,237.3,0,9339145068,919339145068,Yes,soomte@chamong.com,Kolkata,"Ashok Kumar Shaw LICI, 23, R.N.Banerjee Rd, Narkel Bagan, Shibbati Para, Khardah, Khardaha, West Bengal 700117",Qualified,Tier 2 (Qualified Independent),5,Custom domain (@chamong.com) | Mid-tier acreage sweet spot (237.3 Ha) | Kolkata HQ,,WhatsApp / Phone,WhatsApp / Call + 1-Page Postal Dispatch + Email,"Namaskar 0-ji,

When green leaf trucks move from field divisions to the factory at S00M Tea Estate, what percentage difference are you typically seeing between the field scale and factory weighbridge?

Most independent estates in Darjeeling tell us they only catch leaf discrepancies and proxy hazira 10 to 14 days later when the fortnightly muster roll reaches the office.

Are you able to see your daily leaf reconciliation and worker count on your phone before the evening shift, or is your team still compiling it on paper?"
West Bengal,SHREE DWARIK T E,Organized Estate,No,MR A K LOHIA,Darjeeling,181.1,MR A K LOHIA,9339145068,9339145068,Yes,soomte@chamong.com,Kolkata,"7th Floor, Room 711, S.S Lohia & Co., 27, Brabourne Rd, Murgighata, B.B.D. Bagh, Kolkata, West Bengal 700001",Qualified,Tier 2 (Qualified Independent),5,Custom domain (@chamong.com) | Mid-tier acreage sweet spot (181.1 Ha) | Kolkata HQ,,WhatsApp / Phone,WhatsApp / Call + 1-Page Postal Dispatch + Email,"Namaskar A-ji,

When green leaf trucks move from field divisions to the factory at Shree Dwarik T E, what percentage difference are you typically seeing between the field scale and factory weighbridge?

Most independent estates in Darjeeling tell us they only catch leaf discrepancies and proxy hazira 10 to 14 days later when the fortnightly muster roll reaches the office.

Are you able to see your daily leaf reconciliation and worker count on your phone before the evening shift, or is your team still compiling it on paper?"
West Bengal,SINGTOM TEA ESTATE,Organized Estate,No,MOHAN KUMAR CHIRIMAR,Darjeeling,236.5,MOHAN KUMAR CHIRIMAR,9836654681,098366 54681,Yes,mohan@rexiindia.net,Kolkata,"Raghunath Exports Company, 4E, Park Plaza, North Block, 71 Park Street, Kolkata, West Bengal 700016",Qualified,Tier 2 (Qualified Independent),5,Custom domain (@rexiindia.net) | Mid-tier acreage sweet spot (236.5 Ha) | Kolkata HQ,,WhatsApp / Phone,WhatsApp / Call + 1-Page Postal Dispatch + Email,"Namaskar Mohan-ji,

When green leaf trucks move from field divisions to the factory at Singtom Tea Estate, what percentage difference are you typically seeing between the field scale and factory weighbridge?

Most independent estates in Darjeeling tell us they only catch leaf discrepancies and proxy hazira 10 to 14 days later when the fortnightly muster roll reaches the office.

Are you able to see your daily leaf reconciliation and worker count on your phone before the evening shift, or is your team still compiling it on paper?"
West Bengal,TEESTA VALLEY TEA ESTATE,Organized Estate,No,TEESTA VALLEY TEA CO LTD,Darjeeling,297.5,A.K. ROY,033 2248 8704,033 2248 8704,No,adev@teestavalley.com,Kolkata,"Teesta Valley Tea Co. Ltd., 5 & 7, Netaji Subhas Road, Kolkata, West Bengal 700001",Disqualified,Disqualified,5,Custom domain (@teestavalley.com) | Mid-tier acreage sweet spot (297.5 Ha) | Kolkata HQ,Public limited company,1-Page Postal Letter,1-Page Postal Dispatch + Email,"Namaskar A.K.-ji,

When green leaf trucks move from field divisions to the factory at Teesta Valley Tea Estate, what percentage difference are you typically seeing between the field scale and factory weighbridge?

Most independent estates in Darjeeling tell us they only catch leaf discrepancies and proxy hazira 10 to 14 days later when the fortnightly muster roll reaches the office.

Are you able to see your daily leaf reconciliation and worker count on your phone before the evening shift, or is your team still compiling it on paper?"
West Bengal,TUKVAR,Organized Estate,No,JAYSHREE TEA & INDUSTRIES,Darjeeling,436.7,D.P. MAHESHWARI,033 2282 7531,033 2282 7531,No,rajeshpareek2007@rediffmail.com,Kolkata,"Jayshree Tea & Industries Ltd, 10, Camac St, Elgin, Kolkata, West Bengal 700071",Disqualified,Disqualified,5,Consumer/ISP email (@rediffmail.com) | Kolkata HQ,Conglomerate keyword match (JAYSHREE TEA),1-Page Postal Letter,1-Page Postal Dispatch + Email,"Namaskar D.P.-ji,

When green leaf trucks move from field divisions to the factory at Tukvar, what percentage difference are you typically seeing between the field scale and factory weighbridge?

Most independent estates in Darjeeling tell us they only catch leaf discrepancies and proxy hazira 10 to 14 days later when the fortnightly muster roll reaches the office.

Are you able to see your daily leaf reconciliation and worker count on your phone before the evening shift, or is your team still compiling it on paper?"
West Bengal,TUMSONG TEA ESTATE,Organized Estate,No,SYCOTTA TEA CO. PVT. LTD.,Darjeeling,113.8,MR.ASHIOK KUMAR LOHIA,033 4044 1201,033 4044 1201,No,tumsongte@chamong.com,Kolkata,"1st Floor, Asian Tea Company Private Limited, Gajraj Point, 209 A, AJC Bose Rd, Park Circus, Elgin, Kolkata, West Bengal 700017",Disqualified,Disqualified,5,Custom domain (@chamong.com) | Mid-tier acreage sweet spot (113.8 Ha) | Kolkata HQ,Multi-garden group (3 gardens),1-Page Postal Letter,1-Page Postal Dispatch + Email,"Namaskar Ashiok-ji,

When green leaf trucks move from field divisions to the factory at Tumsong Tea Estate, what percentage difference are you typically seeing between the field scale and factory weighbridge?

Most independent estates in Darjeeling tell us they only catch leaf discrepancies and proxy hazira 10 to 14 days later when the fortnightly muster roll reaches the office.

Are you able to see your daily leaf reconciliation and worker count on your phone before the evening shift, or is your team still compiling it on paper?"
West Bengal,TURZUM TEA ESTATE,Organized Estate,No,JAYSHREE TEA & INDUSTRIES,Darjeeling,145.9,SHRI D.P. MAHESWARI,033 2282 7531,033 2282 7531,No,sungmaorganic1@yahoo.co.in,Kolkata,"Jayshree Tea & Industries Ltd, 10, Camac St, Elgin, Kolkata, West Bengal 700071",Disqualified,Disqualified,8,Consumer/ISP email (@yahoo.co.in) | Mid-tier acreage sweet spot (145.9 Ha) | Kolkata HQ,Conglomerate keyword match (JAYSHREE TEA),1-Page Postal Letter,1-Page Postal Dispatch + Email,"Namaskar D.P.-ji,

When green leaf trucks move from field divisions to the factory at Turzum Tea Estate, what percentage difference are you typically seeing between the field scale and factory weighbridge?

Most independent estates in Darjeeling tell us they only catch leaf discrepancies and proxy hazira 10 to 14 days later when the fortnightly muster roll reaches the office.

Are you able to see your daily leaf reconciliation and worker count on your phone before the evening shift, or is your team still compiling it on paper?"
West Bengal,ASHAPUR TEA ESTATE,Organized Estate,No,THE ASHAPUR TEA CO. LTD.,Darjeeling,125.1,MR. TULSIDAS SANYAL,03532559118,03532559118,No,ashapurteaestate@gmail.com,Kolkata,"The Ashapur Tea Co Ltd, 97, Ballygunge Gardens Rd, Golpark, Ballygunge Gardens, Keyatala, Kolkata, West Bengal 700019",Disqualified,Disqualified,8,Consumer/ISP email (@gmail.com) | Mid-tier acreage sweet spot (125.1 Ha) | Kolkata HQ,Public limited company,1-Page Postal Letter,1-Page Postal Dispatch + Email,"Namaskar Tulsidas-ji,

When green leaf trucks move from field divisions to the factory at Ashapur Tea Estate, what percentage difference are you typically seeing between the field scale and factory weighbridge?

Most independent estates in Darjeeling tell us they only catch leaf discrepancies and proxy hazira 10 to 14 days later when the fortnightly muster roll reaches the office.

Are you able to see your daily leaf reconciliation and worker count on your phone before the evening shift, or is your team still compiling it on paper?"
West Bengal,ATAL,Organized Estate,No,ATAL TEA CO. (1943) LTD.,Darjeeling,360.5,ARVIND KUMAR,0353-2005205,0353-2005205,No,atalteaestate@gmail.com,Kolkata,"M7Q2+RF4 Atal Tea Estate Factory, Atal, West Bengal 734429",Disqualified,Disqualified,5,Consumer/ISP email (@gmail.com) | Kolkata HQ,Current GardenSuite client (ATAL),1-Page Postal Letter,1-Page Postal Dispatch + Email,"Namaskar Arvind-ji,

When green leaf trucks move from field divisions to the factory at Atal, what percentage difference are you typically seeing between the field scale and factory weighbridge?

Most independent estates in Darjeeling tell us they only catch leaf discrepancies and proxy hazira 10 to 14 days later when the fortnightly muster roll reaches the office.

Are you able to see your daily leaf reconciliation and worker count on your phone before the evening shift, or is your team still compiling it on paper?"
West Bengal,AZAMABAD,Organized Estate,No,AZAMABAD TEA CO. (P) LTD,Darjeeling,131.1,AJAY GARG,0353-2004059,0353-2004059,No,ajaigargslg@yahoo.co.in,Siliguri,"Azamabad Tea Co. (P) Ltd., No. 2, Sevoke Rd, Ward 11, Bankim Nagar, Siliguri, West Bengal 734001",Qualified,Tier 1 (High Leakage / Paper Priority),10,Consumer/ISP email (@yahoo.co.in) | Mid-tier acreage sweet spot (131.1 Ha) | Siliguri HQ (local operating hub),,1-Page Postal Letter,1-Page Postal Dispatch + Email,"Namaskar Ajay-ji,

When green leaf trucks move from field divisions to the factory at Azamabad, what percentage difference are you typically seeing between the field scale and factory weighbridge?

Most independent estates in Darjeeling tell us they only catch leaf discrepancies and proxy hazira 10 to 14 days later when the fortnightly muster roll reaches the office.

Are you able to see your daily leaf reconciliation and worker count on your phone before the evening shift, or is your team still compiling it on paper?"
West Bengal,BELGACHI TEA ESTATE,Organized Estate,No,462.83,Darjeeling,462.8,37970,9609775851,9609775851,Yes,amit.mlagroup@gmail.com,Siliguri,"P9HP+HP2 REGIONAL RESPONSE CENTRE,(2BN NDRF)SILIGURI, Paribahan Nagar, Ghokla Jote, Matigara, Siliguri, West Bengal 734010",Qualified,Tier 1 (High Leakage / Paper Priority),7,Consumer/ISP email (@gmail.com) | Siliguri HQ (local operating hub),,WhatsApp / Phone,WhatsApp / Call + 1-Page Postal Dispatch + Email,"Namaskar 37970-ji,

When green leaf trucks move from field divisions to the factory at Belgachi Tea Estate, what percentage difference are you typically seeing between the field scale and factory weighbridge?

Most independent estates in Darjeeling tell us they only catch leaf discrepancies and proxy hazira 10 to 14 days later when the fortnightly muster roll reaches the office.

Are you able to see your daily leaf reconciliation and worker count on your phone before the evening shift, or is your team still compiling it on paper?"
West Bengal,BHOJNARAIN TEA ESTATE,Organized Estate,No,BHOJNARAIN TEA CO. LTD,Darjeeling,246.8,BHOJNARAIN TEA CO. LTD,0353-2004181,0353-2004181,No,,Siliguri,"Bhojnarayan Tea Garden, Nembutari, Hetmuri, West Bengal 734426",Disqualified,Disqualified,8,No email listed (paper-dominant) | Mid-tier acreage sweet spot (246.8 Ha) | Siliguri HQ (local operating hub),Public limited company,1-Page Postal Letter,1-Page Postal Dispatch,"Namaskar Bhojnarain-ji,

When green leaf trucks move from field divisions to the factory at Bhojnarain Tea Estate, what percentage difference are you typically seeing between the field scale and factory weighbridge?

Most independent estates in Darjeeling tell us they only catch leaf discrepancies and proxy hazira 10 to 14 days later when the fortnightly muster roll reaches the office.

Are you able to see your daily leaf reconciliation and worker count on your phone before the evening shift, or is your team still compiling it on paper?"
West Bengal,BIJOYNAGAR T.E.,Organized Estate,No,BIJOYNAGAR TEA CO. LTD,Darjeeling,274.4,BIJOYNAGAR TEA CO. LTD,033 2248 8672,033 2248 8672,No,bijoynagarte@gmail.com,Kolkata,"4th Floor, Diana Tea Company Limited, SIR RNM House, 3/B, Lal Bazar St, Lal Bazar, Kolkata, West Bengal 700001",Disqualified,Disqualified,8,Consumer/ISP email (@gmail.com) | Mid-tier acreage sweet spot (274.4 Ha) | Kolkata HQ,Public limited company,1-Page Postal Letter,1-Page Postal Dispatch + Email,"Namaskar Bijoynagar-ji,

When green leaf trucks move from field divisions to the factory at Bijoynagar T.E., what percentage difference are you typically seeing between the field scale and factory weighbridge?

Most independent estates in Darjeeling tell us they only catch leaf discrepancies and proxy hazira 10 to 14 days later when the fortnightly muster roll reaches the office.

Are you able to see your daily leaf reconciliation and worker count on your phone before the evening shift, or is your team still compiling it on paper?"
West Bengal,FULBARI PATAN TEA ESTATE,Organized Estate,No,FULBARI PATAN TEA ESTATE,Darjeeling,99.3,KAMAL SINGH BAID,03532575531,03532575531,No,,Kolkata,"Q84J+CXM Fulbaritea estate, Fulbari Pataner Chhat, West Bengal 734010",Qualified,Tier 2 (Qualified Independent),6,No email listed (paper-dominant) | Mid-tier acreage sweet spot (99.3 Ha) | Kolkata HQ,,1-Page Postal Letter,1-Page Postal Dispatch,"Namaskar Kamal-ji,

When green leaf trucks move from field divisions to the factory at Fulbari Patan Tea Estate, what percentage difference are you typically seeing between the field scale and factory weighbridge?

Most independent estates in Darjeeling tell us they only catch leaf discrepancies and proxy hazira 10 to 14 days later when the fortnightly muster roll reaches the office.

Are you able to see your daily leaf reconciliation and worker count on your phone before the evening shift, or is your team still compiling it on paper?"
West Bengal,GUNGARAM TEA ESTATE,Organized Estate,No,MR. G.P.GOENKA,Darjeeling,642.3,MR. A.K.GOEL,033 7155 8000,033 7155 8000,No,gung@duncans-tea.com,Kolkata,"RP Goenka International School, 34 1/1, Diamond Harbour Rd, Majherhat, Mominpore, Kolkata, West Bengal 700027",Disqualified,Disqualified,0,Custom domain (@duncans-tea.com) | Large enterprise acreage (642.3 Ha) | Kolkata HQ,Acreage too large for independent owner tier (642.3 Ha),1-Page Postal Letter,1-Page Postal Dispatch + Email,"Namaskar A.K.Goel-ji,

When green leaf trucks move from field divisions to the factory at Gungaram Tea Estate, what percentage difference are you typically seeing between the field scale and factory weighbridge?

Most independent estates in Darjeeling tell us they only catch leaf discrepancies and proxy hazira 10 to 14 days later when the fortnightly muster roll reaches the office.

Are you able to see your daily leaf reconciliation and worker count on your phone before the evening shift, or is your team still compiling it on paper?"
West Bengal,HANSQUA TEA ESTATE,Organized Estate,No,R.D TEA LTD,Darjeeling,545.4,R.D TEA LTD,9007902650,090079 02650,Yes,hansquatea@gmail.com,Kolkata,"R.D. Tea Limited, 4, Middleton St, Kankaria Estates, Park Street area, Kolkata, West Bengal 700071",Disqualified,Disqualified,3,Consumer/ISP email (@gmail.com) | Large enterprise acreage (545.4 Ha) | Kolkata HQ,Public limited company,WhatsApp / Phone,WhatsApp / Call + 1-Page Postal Dispatch + Email,"Namaskar R.D-ji,

When green leaf trucks move from field divisions to the factory at Hansqua Tea Estate, what percentage difference are you typically seeing between the field scale and factory weighbridge?

Most independent estates in Darjeeling tell us they only catch leaf discrepancies and proxy hazira 10 to 14 days later when the fortnightly muster roll reaches the office.

Are you able to see your daily leaf reconciliation and worker count on your phone before the evening shift, or is your team still compiling it on paper?"
West Bengal,JAYANTIKA,Organized Estate,No,JAYSHREE TEA & INDUSTRIES,Darjeeling,585.2,D P MAHASHWARI,033 2282 7531,033 2282 7531,No,jayantika@rediffmail.com,Kolkata,"Jayshree Tea & Industries Ltd, 10, Camac St, Elgin, Kolkata, West Bengal 700071",Disqualified,Disqualified,3,Consumer/ISP email (@rediffmail.com) | Large enterprise acreage (585.2 Ha) | Kolkata HQ,Conglomerate keyword match (JAYSHREE TEA),1-Page Postal Letter,1-Page Postal Dispatch + Email,"Namaskar D-ji,

When green leaf trucks move from field divisions to the factory at Jayantika, what percentage difference are you typically seeing between the field scale and factory weighbridge?

Most independent estates in Darjeeling tell us they only catch leaf discrepancies and proxy hazira 10 to 14 days later when the fortnightly muster roll reaches the office.

Are you able to see your daily leaf reconciliation and worker count on your phone before the evening shift, or is your team still compiling it on paper?"
West Bengal,KIRAN CHANDRA,Organized Estate,No,NEW DARJEELING UNION TEA,Darjeeling,270.4,NEW DARJEELING UNION TEA,0353-2004176,0353-2004176,No,ndutcoslg123d@gmail.com,Siliguri,"Darjeeling Tea House, Uttarapan market complex, Hill Cart Rd, Ward 1, Patiram Jote, Siliguri, West Bengal 734003",Qualified,Tier 1 (High Leakage / Paper Priority),10,Consumer/ISP email (@gmail.com) | Mid-tier acreage sweet spot (270.4 Ha) | Siliguri HQ (local operating hub),,1-Page Postal Letter,1-Page Postal Dispatch + Email,"Namaskar New-ji,

When green leaf trucks move from field divisions to the factory at Kiran Chandra, what percentage difference are you typically seeing between the field scale and factory weighbridge?

Most independent estates in Darjeeling tell us they only catch leaf discrepancies and proxy hazira 10 to 14 days later when the fortnightly muster roll reaches the office.

Are you able to see your daily leaf reconciliation and worker count on your phone before the evening shift, or is your team still compiling it on paper?"
West Bengal,LOHAGARH TEA ESTATE,Organized Estate,No,AJIT KUMAR AGARWAL,Darjeeling,226.4,V.D. DUA,03532004116,03532004116,No,teraitea@gmail.com,Siliguri,"Dr. Ajit Kumar Singh - Best Nephrologist in Siliguri | Kidney Doctor in Siliguri | Best Kidney Transplant Doctor in Siliguri, Inside Uttarayan Township City centre Matigara, Siliguri, West Bengal 734010",Qualified,Tier 1 (High Leakage / Paper Priority),10,Consumer/ISP email (@gmail.com) | Mid-tier acreage sweet spot (226.4 Ha) | Siliguri HQ (local operating hub),,1-Page Postal Letter,1-Page Postal Dispatch + Email,"Namaskar V.D.-ji,

When green leaf trucks move from field divisions to the factory at Lohagarh Tea Estate, what percentage difference are you typically seeing between the field scale and factory weighbridge?

Most independent estates in Darjeeling tell us they only catch leaf discrepancies and proxy hazira 10 to 14 days later when the fortnightly muster roll reaches the office.

Are you able to see your daily leaf reconciliation and worker count on your phone before the evening shift, or is your team still compiling it on paper?"
West Bengal,MANJHA TEA ESTATE,Organized Estate,No,THE CORONATION TEA CO. LTD.,Darjeeling,215.5,S.K. KALYANI,033 2248 8704,033 2248 8704,No,,Kolkata,"Teesta Valley Tea Co. Ltd., 5 & 7, Netaji Subhas Road, Kolkata, West Bengal 700001",Disqualified,Disqualified,6,No email listed (paper-dominant) | Mid-tier acreage sweet spot (215.5 Ha) | Kolkata HQ,Public limited company,1-Page Postal Letter,1-Page Postal Dispatch,"Namaskar S.K.-ji,

When green leaf trucks move from field divisions to the factory at Manjha Tea Estate, what percentage difference are you typically seeing between the field scale and factory weighbridge?

Most independent estates in Darjeeling tell us they only catch leaf discrepancies and proxy hazira 10 to 14 days later when the fortnightly muster roll reaches the office.

Are you able to see your daily leaf reconciliation and worker count on your phone before the evening shift, or is your team still compiling it on paper?"
West Bengal,MARAPUR TEA ESTATE,Organized Estate,No,AJIT PRASAD,Darjeeling,137.4,AJIT PRASAD,7679180621,7679180621,Yes,,Siliguri,"Bagrakote Oppo, Ajit Prasad, FCI Godown, Hakimpara, Subhas Pally, Siliguri, West Bengal 734001",Qualified,Tier 1 (High Leakage / Paper Priority),8,No email listed (paper-dominant) | Mid-tier acreage sweet spot (137.4 Ha) | Siliguri HQ (local operating hub),,WhatsApp / Phone,WhatsApp / Call + 1-Page Postal Dispatch,"Namaskar Ajit-ji,

When green leaf trucks move from field divisions to the factory at Marapur Tea Estate, what percentage difference are you typically seeing between the field scale and factory weighbridge?

Most independent estates in Darjeeling tell us they only catch leaf discrepancies and proxy hazira 10 to 14 days later when the fortnightly muster roll reaches the office.

Are you able to see your daily leaf reconciliation and worker count on your phone before the evening shift, or is your team still compiling it on paper?"
West Bengal,MERRYVIEW TEA ESTATE,Organized Estate,No,GIRDHAR GOPAL DALMIA,Darjeeling,396.1,G.G. DALMIA,033 6701 2600,033 6701 2600,No,kdas@midgroup.in,Kolkata,"16th floor, Dalmia Bharat Group Regional Office - East, Merlin Acropolis, 1858, Rajdanga Main Rd, Shantipally, Sector B, East Kolkata Twp, Kolkata, West Bengal 700107",Uncertain / Backlog,Tier 3,2,Custom domain (@midgroup.in) | Kolkata HQ,Low signal density,1-Page Postal Letter,1-Page Postal Dispatch + Email,"Namaskar G.G.-ji,

When green leaf trucks move from field divisions to the factory at Merryview Tea Estate, what percentage difference are you typically seeing between the field scale and factory weighbridge?

Most independent estates in Darjeeling tell us they only catch leaf discrepancies and proxy hazira 10 to 14 days later when the fortnightly muster roll reaches the office.

Are you able to see your daily leaf reconciliation and worker count on your phone before the evening shift, or is your team still compiling it on paper?"
West Bengal,NUXALBARI,Organized Estate,No,NUXALBARI TEA CO LTD,Darjeeling,427.9,LALITA JABBAR,9641100574,096411 00574,Yes,nuxalbariteaestate@gmail.com,Kolkata,"Nuxalbari Tea Factory & Office, Nuxalbari Tea Estate, Naxalbari, Hoda Bhitar Chhat, West Bengal 734429",Disqualified,Disqualified,5,Consumer/ISP email (@gmail.com) | Kolkata HQ,Public limited company,WhatsApp / Phone,WhatsApp / Call + 1-Page Postal Dispatch + Email,"Namaskar Lalita-ji,

When green leaf trucks move from field divisions to the factory at Nuxalbari, what percentage difference are you typically seeing between the field scale and factory weighbridge?

Most independent estates in Darjeeling tell us they only catch leaf discrepancies and proxy hazira 10 to 14 days later when the fortnightly muster roll reaches the office.

Are you able to see your daily leaf reconciliation and worker count on your phone before the evening shift, or is your team still compiling it on paper?"
West Bengal,ORD TERAI TEA GARDEN,Organized Estate,No,DUARS UNION TEA CO. LTD,Darjeeling,456.5,B.P. AGGARWAL,033 2227 3388,033 2227 3388,No,duars@vsnl.net,Kolkata,"Duars Union Tea Co. Limited, 3A, Ripon St, Near Anthropological Survey of India, Esplanade, Taltala, Kolkata, West Bengal 700016",Disqualified,Disqualified,5,Consumer/ISP email (@vsnl.net) | Kolkata HQ,Public limited company,1-Page Postal Letter,1-Page Postal Dispatch + Email,"Namaskar B.P.-ji,

When green leaf trucks move from field divisions to the factory at Ord Terai Tea Garden, what percentage difference are you typically seeing between the field scale and factory weighbridge?

Most independent estates in Darjeeling tell us they only catch leaf discrepancies and proxy hazira 10 to 14 days later when the fortnightly muster roll reaches the office.

Are you able to see your daily leaf reconciliation and worker count on your phone before the evening shift, or is your team still compiling it on paper?"
West Bengal,PAHARGOOMIAH TEA ESTATE,Organized Estate,No,PAHARGOOMIAH TEA,Darjeeling,694.8,SUDARSHAN JALAN,033 2248 9916,033 2248 9916,No,pahargoomiah-te@yahaoo.com,Kolkata,"6TH FLOOR, Pahargoomiah Tea Industries Pvt Ltd, Nicco House, 2, Hare St, B.B.D. Bagh, Kolkata, West Bengal 700001",Disqualified,Disqualified,0,Custom domain (@yahaoo.com) | Large enterprise acreage (694.8 Ha) | Kolkata HQ,Current GardenSuite client (PAHARGOOMIAH),1-Page Postal Letter,1-Page Postal Dispatch + Email,"Namaskar Sudarshan-ji,

When green leaf trucks move from field divisions to the factory at Pahargoomiah Tea Estate, what percentage difference are you typically seeing between the field scale and factory weighbridge?

Most independent estates in Darjeeling tell us they only catch leaf discrepancies and proxy hazira 10 to 14 days later when the fortnightly muster roll reaches the office.

Are you able to see your daily leaf reconciliation and worker count on your phone before the evening shift, or is your team still compiling it on paper?"
West Bengal,PANIGHATA,Organized Estate,No,THE NEW TRAI ASSOCIATION LTD DEEPAK BERLIA,Darjeeling,458.4,"LGHACHI, DIST-",033 4073 2658,033 4073 2658,No,deepakberlia@yahoo.com,Kolkata,"Trustea Sustainable Tea Foundation, Chambers Mall, 506, Sector E, East Kolkata Twp, Kolkata, West Bengal 700107",Disqualified,Disqualified,5,Consumer/ISP email (@yahoo.com) | Kolkata HQ,Public limited company,1-Page Postal Letter,1-Page Postal Dispatch + Email,"Namaskar Lghachi,-ji,

When green leaf trucks move from field divisions to the factory at Panighata, what percentage difference are you typically seeing between the field scale and factory weighbridge?

Most independent estates in Darjeeling tell us they only catch leaf discrepancies and proxy hazira 10 to 14 days later when the fortnightly muster roll reaches the office.

Are you able to see your daily leaf reconciliation and worker count on your phone before the evening shift, or is your team still compiling it on paper?"
West Bengal,SACHINDRA CHANDRA TEA ESTATE,Organized Estate,No,SHRI AJIT KUMAR AGARWALA,Darjeeling,224.0,SHRI V.D. DUA,03532005190,03532005190,No,teraitea@gmail.com,Siliguri,"Dr. Ajit Kumar Singh - Best Nephrologist in Siliguri | Kidney Doctor in Siliguri | Best Kidney Transplant Doctor in Siliguri, Inside Uttarayan Township City centre Matigara, Siliguri, West Bengal 734010",Qualified,Tier 1 (High Leakage / Paper Priority),10,Consumer/ISP email (@gmail.com) | Mid-tier acreage sweet spot (224.0 Ha) | Siliguri HQ (local operating hub),,1-Page Postal Letter,1-Page Postal Dispatch + Email,"Namaskar V.D.-ji,

When green leaf trucks move from field divisions to the factory at Sachindra Chandra Tea Estate, what percentage difference are you typically seeing between the field scale and factory weighbridge?

Most independent estates in Darjeeling tell us they only catch leaf discrepancies and proxy hazira 10 to 14 days later when the fortnightly muster roll reaches the office.

Are you able to see your daily leaf reconciliation and worker count on your phone before the evening shift, or is your team still compiling it on paper?"
West Bengal,SANNYASITHAN,Organized Estate,No,SANNYASITHAN TEA CO.PVT. LTD R K SINGH,Darjeeling,128.8,"ROAD, KOLKATA-",0353-2005562,0353-2005562,No,,Kolkata,"M7XV+VC7 Sannyasithan Tea Estate, Sannyasi Thaner Chhat, West Bengal 734014",Qualified,Tier 2 (Qualified Independent),6,No email listed (paper-dominant) | Mid-tier acreage sweet spot (128.8 Ha) | Kolkata HQ,,1-Page Postal Letter,1-Page Postal Dispatch,"Namaskar Road,-ji,

When green leaf trucks move from field divisions to the factory at Sannyasithan, what percentage difference are you typically seeing between the field scale and factory weighbridge?

Most independent estates in Darjeeling tell us they only catch leaf discrepancies and proxy hazira 10 to 14 days later when the fortnightly muster roll reaches the office.

Are you able to see your daily leaf reconciliation and worker count on your phone before the evening shift, or is your team still compiling it on paper?"
West Bengal,SATISH CHANDRA TEA ESTATE,Organized Estate,No,SOUTHERN TERAI TEA CO (P),Darjeeling,134.0,SOUTHERN TERAI TEA CO (P),9734965214,097349 65214,Yes,,Other / Unspecified,"TERAI TEA FARMER PRODUCER COMPANY LIMITED, KESHORDOBA, Khoribari, West Bengal 734427",Qualified,Tier 2 (Qualified Independent),5,No email listed (paper-dominant) | Mid-tier acreage sweet spot (134.0 Ha),,WhatsApp / Phone,WhatsApp / Call + 1-Page Postal Dispatch,"Namaskar Southern-ji,

When green leaf trucks move from field divisions to the factory at Satish Chandra Tea Estate, what percentage difference are you typically seeing between the field scale and factory weighbridge?

Most independent estates in Darjeeling tell us they only catch leaf discrepancies and proxy hazira 10 to 14 days later when the fortnightly muster roll reaches the office.

Are you able to see your daily leaf reconciliation and worker count on your phone before the evening shift, or is your team still compiling it on paper?"
West Bengal,SINGHIA JHORA TEA ESTATE,Organized Estate,No,SINGHIA JHORA TEA CO. (P) LTD,Darjeeling,129.2,MOHAN KRISHNA,03532004168,03532004168,No,singhisjhorste@gmail.com,Kolkata,"Singhia Jhora Tea Co Pvt Ltd, 51, Shakespeare Sarani, Park Circus, Park Street area, Kolkata, West Bengal 700017",Qualified,Tier 1 (High Leakage / Paper Priority),8,Consumer/ISP email (@gmail.com) | Mid-tier acreage sweet spot (129.2 Ha) | Kolkata HQ,,1-Page Postal Letter,1-Page Postal Dispatch + Email,"Namaskar Mohan-ji,

When green leaf trucks move from field divisions to the factory at Singhia Jhora Tea Estate, what percentage difference are you typically seeing between the field scale and factory weighbridge?

Most independent estates in Darjeeling tell us they only catch leaf discrepancies and proxy hazira 10 to 14 days later when the fortnightly muster roll reaches the office.

Are you able to see your daily leaf reconciliation and worker count on your phone before the evening shift, or is your team still compiling it on paper?"
West Bengal,TAIPOO,Organized Estate,No,GILLANDERS ARBUTHNOT & CO.,Darjeeling,298.7,M. SODHANI,033 2230 2331,033 2230 2331,No,taipooslg@rediffmail.com,Kolkata,"Gillanders Arbuthnot & Co. Ltd., C-4, Netaji Subhas Rd, Kolkata, West Bengal 700001",Disqualified,Disqualified,8,Consumer/ISP email (@rediffmail.com) | Mid-tier acreage sweet spot (298.7 Ha) | Kolkata HQ,Conglomerate keyword match (GILLANDERS),1-Page Postal Letter,1-Page Postal Dispatch + Email,"Namaskar M.-ji,

When green leaf trucks move from field divisions to the factory at Taipoo, what percentage difference are you typically seeing between the field scale and factory weighbridge?

Most independent estates in Darjeeling tell us they only catch leaf discrepancies and proxy hazira 10 to 14 days later when the fortnightly muster roll reaches the office.

Are you able to see your daily leaf reconciliation and worker count on your phone before the evening shift, or is your team still compiling it on paper?"
West Bengal,THANJHORA TEA ESTATE,Organized Estate,No,JALPAIGURI DOOARS TEA CO.,Darjeeling,361.7,ROSHANLAL AGARWALA,033 2248 7908,033 2248 7908,No,thanjhora@gmail.com,Kolkata,"4th Floor, Darjeeling Dooars Plantations Tea Limited, Nicco House, 2, Hare St, Above Canara Bank, B.B.D. Bagh, Kolkata, West Bengal 700001",Disqualified,Disqualified,5,Consumer/ISP email (@gmail.com) | Kolkata HQ,Current GardenSuite client (THANJHORA),1-Page Postal Letter,1-Page Postal Dispatch + Email,"Namaskar Roshanlal-ji,

When green leaf trucks move from field divisions to the factory at Thanjhora Tea Estate, what percentage difference are you typically seeing between the field scale and factory weighbridge?

Most independent estates in Darjeeling tell us they only catch leaf discrepancies and proxy hazira 10 to 14 days later when the fortnightly muster roll reaches the office.

Are you able to see your daily leaf reconciliation and worker count on your phone before the evening shift, or is your team still compiling it on paper?"
West Bengal,TIRRIHANNAH CO LTD,Organized Estate,No,TIRRIHANNAH CO LTD,Darjeeling,362.1,GHANSHYAM DASKANKANI,0,0,No,tirrihannah.co@gmail.com,Other / Unspecified,"Q787+H9V Tirrihannah Tea Factory, Tirrihannah Tea Garden, Ord Terai Tea Garden, West Bengal 734423",Disqualified,Disqualified,4,Consumer/ISP email (@gmail.com),Public limited company,1-Page Postal Letter,1-Page Postal Dispatch + Email,"Namaskar Ghanshyam-ji,

When green leaf trucks move from field divisions to the factory at Tirrihannah, what percentage difference are you typically seeing between the field scale and factory weighbridge?

Most independent estates in Darjeeling tell us they only catch leaf discrepancies and proxy hazira 10 to 14 days later when the fortnightly muster roll reaches the office.

Are you able to see your daily leaf reconciliation and worker count on your phone before the evening shift, or is your team still compiling it on paper?"
West Bengal,ATIABARI TEA ESTATE,Organized Estate,No,ATIABARI TEA COMPANY LTD,Jalpaiguri,556.6,MR. NARENDRA BERLIA,03566 200131,03566 200131,No,sevokemotors@vsnl.net,Siliguri,"Awwal Tea, Sevoke Rd, near sachitra hotel, Jyoti Nagar, Bankim Nagar, Siliguri, West Bengal 734001",Disqualified,Disqualified,5,Consumer/ISP email (@vsnl.net) | Large enterprise acreage (556.6 Ha) | Siliguri HQ (local operating hub),Public limited company,1-Page Postal Letter,1-Page Postal Dispatch + Email,"Namaskar Narendra-ji,

When green leaf trucks move from field divisions to the factory at Atiabari Tea Estate, what percentage difference are you typically seeing between the field scale and factory weighbridge?

Most independent estates in Jalpaiguri tell us they only catch leaf discrepancies and proxy hazira 10 to 14 days later when the fortnightly muster roll reaches the office.

Are you able to see your daily leaf reconciliation and worker count on your phone before the evening shift, or is your team still compiling it on paper?"
West Bengal,BEECH TEA ESTATE,Organized Estate,No,KANISKA SETHIA,Jalpaiguri,785.1,S. ROY CHOWDHURY,9933756004,099337 56004,Yes,beech@westcong.com,Kolkata,"KANISHKA SHIPPING LINES, 23A, Netaji Subhas Rd, Fairley Place, B.B.D. Bagh, Kolkata, West Bengal 700001",Disqualified,Disqualified,0,Custom domain (@westcong.com) | Large enterprise acreage (785.1 Ha) | Kolkata HQ,Acreage too large for independent owner tier (785.1 Ha),WhatsApp / Phone,WhatsApp / Call + 1-Page Postal Dispatch + Email,"Namaskar S.-ji,

When green leaf trucks move from field divisions to the factory at Beech Tea Estate, what percentage difference are you typically seeing between the field scale and factory weighbridge?

Most independent estates in Jalpaiguri tell us they only catch leaf discrepancies and proxy hazira 10 to 14 days later when the fortnightly muster roll reaches the office.

Are you able to see your daily leaf reconciliation and worker count on your phone before the evening shift, or is your team still compiling it on paper?"
West Bengal,BHARNOBARI TEA ESTATE,Organized Estate,No,BARNOBARI TEA & INDUSTRIES PVT. LTD.,Jalpaiguri,726.7,S. JOSHI,9476372408,9476372408,Yes,,Kolkata,"Bharnobari Tea & Industries Ltd., 34, Raja Santosh Rd, Mangalam, Alipore, Kolkata, West Bengal 700027",Disqualified,Disqualified,1,No email listed (paper-dominant) | Large enterprise acreage (726.7 Ha) | Kolkata HQ,Acreage too large for independent owner tier (726.7 Ha),WhatsApp / Phone,WhatsApp / Call + 1-Page Postal Dispatch,"Namaskar S.-ji,

When green leaf trucks move from field divisions to the factory at Bharnobari Tea Estate, what percentage difference are you typically seeing between the field scale and factory weighbridge?

Most independent estates in Jalpaiguri tell us they only catch leaf discrepancies and proxy hazira 10 to 14 days later when the fortnightly muster roll reaches the office.

Are you able to see your daily leaf reconciliation and worker count on your phone before the evening shift, or is your team still compiling it on paper?"
West Bengal,BHATKAWA TEA ESTATE,Organized Estate,No,BHATKAWA TEA INDUSTRIES LTD. SRI SUDARSHAN JALAN,Jalpaiguri,634.5,",",22489916,22489916,No,manager-bhatkawa@yahoo.com,Kolkata,"6TH FLOOR, Bhatkawa Tea Estate, Nicco House, 2, Hare St, B.B.D. Bagh, Kolkata, West Bengal 700001",Disqualified,Disqualified,3,Consumer/ISP email (@yahoo.com) | Large enterprise acreage (634.5 Ha) | Kolkata HQ,Public limited company,1-Page Postal Letter,1-Page Postal Dispatch + Email,"Namaskar ,-ji,

When green leaf trucks move from field divisions to the factory at Bhatkawa Tea Estate, what percentage difference are you typically seeing between the field scale and factory weighbridge?

Most independent estates in Jalpaiguri tell us they only catch leaf discrepancies and proxy hazira 10 to 14 days later when the fortnightly muster roll reaches the office.

Are you able to see your daily leaf reconciliation and worker count on your phone before the evening shift, or is your team still compiling it on paper?"
West Bengal,BHATPARA TEA ESTATE,Organized Estate,No,MCLEOD RUSSEL INDIA LIMITED,Jalpaiguri,632.0,MR. RAJEEV TAKRU,9903096991,099030 96991,Yes,bhatpara@wmg.co.in,Kolkata,"Mcleod Russel India limited, Surendra Mohan Ghosh Sarani, 4, Mangoe Ln, Kolkata, West Bengal 700001",Disqualified,Disqualified,0,Custom domain (@wmg.co.in) | Large enterprise acreage (632.0 Ha) | Kolkata HQ,Conglomerate keyword match (MCLEOD RUSSEL),WhatsApp / Phone,WhatsApp / Call + 1-Page Postal Dispatch + Email,"Namaskar Rajeev-ji,

When green leaf trucks move from field divisions to the factory at Bhatpara Tea Estate, what percentage difference are you typically seeing between the field scale and factory weighbridge?

Most independent estates in Jalpaiguri tell us they only catch leaf discrepancies and proxy hazira 10 to 14 days later when the fortnightly muster roll reaches the office.

Are you able to see your daily leaf reconciliation and worker count on your phone before the evening shift, or is your team still compiling it on paper?"
West Bengal,CENTRAL DOOARS TEA ESTATE,Organized Estate,No,MCLEOD RUSSEL INDIA LIMITED,Jalpaiguri,761.6,MR. RAJEEV TAKRU,9903096991,099030 96991,Yes,central-dooars@wmg.co.in,Kolkata,"Mcleod Russel India limited, Surendra Mohan Ghosh Sarani, 4, Mangoe Ln, Kolkata, West Bengal 700001",Disqualified,Disqualified,0,Custom domain (@wmg.co.in) | Large enterprise acreage (761.6 Ha) | Kolkata HQ,Conglomerate keyword match (MCLEOD RUSSEL),WhatsApp / Phone,WhatsApp / Call + 1-Page Postal Dispatch + Email,"Namaskar Rajeev-ji,

When green leaf trucks move from field divisions to the factory at Central Dooars Tea Estate, what percentage difference are you typically seeing between the field scale and factory weighbridge?

Most independent estates in Jalpaiguri tell us they only catch leaf discrepancies and proxy hazira 10 to 14 days later when the fortnightly muster roll reaches the office.

Are you able to see your daily leaf reconciliation and worker count on your phone before the evening shift, or is your team still compiling it on paper?"
West Bengal,CHUAPARA TEA ESTATE,Organized Estate,No,MCLEOD RUSSEL INDIA LIMITED,Jalpaiguri,689.5,RAJEEV TAKRU,9903096991,099030 96991,Yes,chuapara@wmg.co.in,Kolkata,"Mcleod Russel India limited, Surendra Mohan Ghosh Sarani, 4, Mangoe Ln, Kolkata, West Bengal 700001",Disqualified,Disqualified,0,Custom domain (@wmg.co.in) | Large enterprise acreage (689.5 Ha) | Kolkata HQ,Conglomerate keyword match (MCLEOD RUSSEL),WhatsApp / Phone,WhatsApp / Call + 1-Page Postal Dispatch + Email,"Namaskar Rajeev-ji,

When green leaf trucks move from field divisions to the factory at Chuapara Tea Estate, what percentage difference are you typically seeing between the field scale and factory weighbridge?

Most independent estates in Jalpaiguri tell us they only catch leaf discrepancies and proxy hazira 10 to 14 days later when the fortnightly muster roll reaches the office.

Are you able to see your daily leaf reconciliation and worker count on your phone before the evening shift, or is your team still compiling it on paper?"
West Bengal,DIMA TEA ESTATE,Organized Estate,No,SURAJ GOVIND ESTATES PVT.,Jalpaiguri,742.8,SURAJ GOVIND ESTATES PVT.,8017445223,080174 45223,Yes,surajgovind.patel@gmail.com,Kolkata,"Surajgovind Estates Pvt Ltd, 2, Brabourne Rd, Radha Bazar, Lal Bazar, Kolkata, West Bengal 700001",Disqualified,Disqualified,3,Consumer/ISP email (@gmail.com) | Large enterprise acreage (742.8 Ha) | Kolkata HQ,Acreage too large for independent owner tier (742.8 Ha),WhatsApp / Phone,WhatsApp / Call + 1-Page Postal Dispatch + Email,"Namaskar Suraj-ji,

When green leaf trucks move from field divisions to the factory at Dima Tea Estate, what percentage difference are you typically seeing between the field scale and factory weighbridge?

Most independent estates in Jalpaiguri tell us they only catch leaf discrepancies and proxy hazira 10 to 14 days later when the fortnightly muster roll reaches the office.

Are you able to see your daily leaf reconciliation and worker count on your phone before the evening shift, or is your team still compiling it on paper?"
West Bengal,JAINTI TEA ESTATE,Organized Estate,No,MCLEOD RUSSEL INDIA LIMITED,Jalpaiguri,411.9,MCLEOD RUSSEL INDIA LIMITED,9903096991,099030 96991,Yes,jainti@wmg.co.in,Kolkata,"Mcleod Russel India limited, Surendra Mohan Ghosh Sarani, 4, Mangoe Ln, Kolkata, West Bengal 700001",Disqualified,Disqualified,2,Custom domain (@wmg.co.in) | Kolkata HQ,Conglomerate keyword match (MCLEOD RUSSEL),WhatsApp / Phone,WhatsApp / Call + 1-Page Postal Dispatch + Email,"Namaskar Mcleod-ji,

When green leaf trucks move from field divisions to the factory at Jainti Tea Estate, what percentage difference are you typically seeing between the field scale and factory weighbridge?

Most independent estates in Jalpaiguri tell us they only catch leaf discrepancies and proxy hazira 10 to 14 days later when the fortnightly muster roll reaches the office.

Are you able to see your daily leaf reconciliation and worker count on your phone before the evening shift, or is your team still compiling it on paper?"
West Bengal,KALCHINI T E,Organized Estate,No,BUXA DOOARS TEA CO (I) LTD,Jalpaiguri,742.1,N K BASU,03566 240213,03566 240213,No,buxadoors.teastates@gmail.co,Siliguri,"Deesha Trade Endeavours P. Ltd., 195, Sukanta Sarani, opp. Bsnl Residential Complex, New Milanpally, Saktigarh, Siliguri, West Bengal 734005",Disqualified,Disqualified,2,Custom domain (@gmail.co) | Large enterprise acreage (742.1 Ha) | Siliguri HQ (local operating hub),Conglomerate keyword match (BUXA DOOARS),1-Page Postal Letter,1-Page Postal Dispatch + Email,"Namaskar N-ji,

When green leaf trucks move from field divisions to the factory at Kalchini T E, what percentage difference are you typically seeing between the field scale and factory weighbridge?

Most independent estates in Jalpaiguri tell us they only catch leaf discrepancies and proxy hazira 10 to 14 days later when the fortnightly muster roll reaches the office.

Are you able to see your daily leaf reconciliation and worker count on your phone before the evening shift, or is your team still compiling it on paper?"
West Bengal,MADHU TEA ESTATE,Organized Estate,No,DIABARI TEA CO LTD,Jalpaiguri,323.1,N M KEDIA,033 2248 8704,033 2248 8704,No,,Kolkata,"Teesta Valley Tea Co. Ltd., 5 & 7, Netaji Subhas Road, Kolkata, West Bengal 700001",Disqualified,Disqualified,6,No email listed (paper-dominant) | Mid-tier acreage sweet spot (323.1 Ha) | Kolkata HQ,Public limited company,1-Page Postal Letter,1-Page Postal Dispatch,"Namaskar N-ji,

When green leaf trucks move from field divisions to the factory at Madhu Tea Estate, what percentage difference are you typically seeing between the field scale and factory weighbridge?

Most independent estates in Jalpaiguri tell us they only catch leaf discrepancies and proxy hazira 10 to 14 days later when the fortnightly muster roll reaches the office.

Are you able to see your daily leaf reconciliation and worker count on your phone before the evening shift, or is your team still compiling it on paper?"
West Bengal,MECHPARA TEA ESTATE,Organized Estate,No,DARJEELING DOOARS,Jalpaiguri,516.0,DARJEELING DOOARS,033 2248 7908,033 2248 7908,No,vipinamitagupta@gmail.com,Kolkata,"4th Floor, Darjeeling Dooars Plantations Tea Limited, Nicco House, 2, Hare St, Above Canara Bank, B.B.D. Bagh, Kolkata, West Bengal 700001",Uncertain / Backlog,Tier 3,3,Consumer/ISP email (@gmail.com) | Large enterprise acreage (516.0 Ha) | Kolkata HQ,Low signal density,1-Page Postal Letter,1-Page Postal Dispatch + Email,"Namaskar Darjeeling-ji,

When green leaf trucks move from field divisions to the factory at Mechpara Tea Estate, what percentage difference are you typically seeing between the field scale and factory weighbridge?

Most independent estates in Jalpaiguri tell us they only catch leaf discrepancies and proxy hazira 10 to 14 days later when the fortnightly muster roll reaches the office.

Are you able to see your daily leaf reconciliation and worker count on your phone before the evening shift, or is your team still compiling it on paper?"
West Bengal,MERICO TEA ESTATE,Organized Estate,No,SURAJIT BAKSHI,Jalpaiguri,602.1,SURAJIT BAKSHI,03566-200101,03566-200101,No,merico.tea.estate@gmail.com,Kolkata,"Q2QM+M8 SURAJ TIRKEY BNQ, Banarhat Tea Garden, West Bengal 735202",Disqualified,Disqualified,3,Consumer/ISP email (@gmail.com) | Large enterprise acreage (602.1 Ha) | Kolkata HQ,Acreage too large for independent owner tier (602.1 Ha),1-Page Postal Letter,1-Page Postal Dispatch + Email,"Namaskar Surajit-ji,

When green leaf trucks move from field divisions to the factory at Merico Tea Estate, what percentage difference are you typically seeing between the field scale and factory weighbridge?

Most independent estates in Jalpaiguri tell us they only catch leaf discrepancies and proxy hazira 10 to 14 days later when the fortnightly muster roll reaches the office.

Are you able to see your daily leaf reconciliation and worker count on your phone before the evening shift, or is your team still compiling it on paper?"
West Bengal,RAJAHBHAT TEA ESTATE,Organized Estate,No,SRI AJAY PRAKASH,Jalpaiguri,352.1,SRI AJAY PRAKASH,9088498142,090884 98142,Yes,rb.ncc@alomextrusions.com,Kolkata,"Political Consultant- Ajay Prakash Sah, 141/1B, Lenin Sarani Rd, near Indian Overseas Bank, Taltala, Kolkata, West Bengal 700013",Uncertain / Backlog,Tier 3,2,Custom domain (@alomextrusions.com) | Kolkata HQ,Low signal density,WhatsApp / Phone,WhatsApp / Call + 1-Page Postal Dispatch + Email,"Namaskar Sri-ji,

When green leaf trucks move from field divisions to the factory at Rajahbhat Tea Estate, what percentage difference are you typically seeing between the field scale and factory weighbridge?

Most independent estates in Jalpaiguri tell us they only catch leaf discrepancies and proxy hazira 10 to 14 days later when the fortnightly muster roll reaches the office.

Are you able to see your daily leaf reconciliation and worker count on your phone before the evening shift, or is your team still compiling it on paper?"
West Bengal,ATINPUR TEA ESTATE,Organized Estate,No,ATINPUR TEA ESTATE,Darjeeling,17.6,ATINPUR TEA ESTATE,9832097922,9832097922,Yes,,Siliguri,"Kamalpur Tea Estate, Bagdogra - Panighata Main Rd, Kamal Pur, Uttar Bagdogra, Bagdogra, West Bengal 734014",Qualified,Tier 2 (Qualified Independent),6,No email listed (paper-dominant) | Small holding (17.6 Ha) | Siliguri HQ (local operating hub),,WhatsApp / Phone,WhatsApp / Call + 1-Page Postal Dispatch,"Namaskar Atinpur-ji,

When green leaf trucks move from field divisions to the factory at Atinpur Tea Estate, what percentage difference are you typically seeing between the field scale and factory weighbridge?

Most independent estates in Darjeeling tell us they only catch leaf discrepancies and proxy hazira 10 to 14 days later when the fortnightly muster roll reaches the office.

Are you able to see your daily leaf reconciliation and worker count on your phone before the evening shift, or is your team still compiling it on paper?"
West Bengal,BIJALIMONI T.E.,Organized Estate,No,NEW TEA CO. LTD.,Darjeeling,217.8,NEW TEA CO. LTD.,033 2212 6753,033 2212 6753,No,,Kolkata,"New Tea Company Limited, Hindustan Building, New Tea Co. Ltd. 4 Chittaranjan Avenue, 2nd Floor, Kolkata, West Bengal 700072",Disqualified,Disqualified,6,No email listed (paper-dominant) | Mid-tier acreage sweet spot (217.8 Ha) | Kolkata HQ,Public limited company,1-Page Postal Letter,1-Page Postal Dispatch,"Namaskar New-ji,

When green leaf trucks move from field divisions to the factory at Bijalimoni T.E., what percentage difference are you typically seeing between the field scale and factory weighbridge?

Most independent estates in Darjeeling tell us they only catch leaf discrepancies and proxy hazira 10 to 14 days later when the fortnightly muster roll reaches the office.

Are you able to see your daily leaf reconciliation and worker count on your phone before the evening shift, or is your team still compiling it on paper?"
West Bengal,GAYA GANGA TEA ESTATE,Organized Estate,No,MINTRI TEA CO. PVT.LTD.,Darjeeling,468.1,MINTRI TEA CO. PVT.LTD.,0353-2005513,0353-2005513,No,mngr.gayaganga.te@gmail.com,Siliguri,"Mintri Tea Warehouse, 2nd, Sevoke Rd, Ward 10, Janta Nagar, Siliguri, West Bengal 734001",Qualified,Tier 1 (High Leakage / Paper Priority),7,Consumer/ISP email (@gmail.com) | Siliguri HQ (local operating hub),,1-Page Postal Letter,1-Page Postal Dispatch + Email,"Namaskar Mintri-ji,

When green leaf trucks move from field divisions to the factory at Gaya Ganga Tea Estate, what percentage difference are you typically seeing between the field scale and factory weighbridge?

Most independent estates in Darjeeling tell us they only catch leaf discrepancies and proxy hazira 10 to 14 days later when the fortnightly muster roll reaches the office.

Are you able to see your daily leaf reconciliation and worker count on your phone before the evening shift, or is your team still compiling it on paper?"
West Bengal,GIRISH CHANDRA TEA ESTATE,Organized Estate,No,A.C PAUL AGRICULTURAL CO. PVT. LTD,Darjeeling,79.4,SALIL KRISHNA PAUL,03532431675,03532431675,No,,Siliguri,"A. C. Paul & Sons, Mangturam Rd, Ward 8, Khalpara, Siliguri, West Bengal 734005",Qualified,Tier 1 (High Leakage / Paper Priority),8,No email listed (paper-dominant) | Mid-tier acreage sweet spot (79.4 Ha) | Siliguri HQ (local operating hub),,1-Page Postal Letter,1-Page Postal Dispatch,"Namaskar Salil-ji,

When green leaf trucks move from field divisions to the factory at Girish Chandra Tea Estate, what percentage difference are you typically seeing between the field scale and factory weighbridge?

Most independent estates in Darjeeling tell us they only catch leaf discrepancies and proxy hazira 10 to 14 days later when the fortnightly muster roll reaches the office.

Are you able to see your daily leaf reconciliation and worker count on your phone before the evening shift, or is your team still compiling it on paper?"
West Bengal,KAMALA TEA ESTATE,Organized Estate,No,KAMALA TEA CO. LTD,Darjeeling,517.3,SRI M.AGARWALA,0353-3204178,0353-3204178,No,,Siliguri,"Kamala Tea, M5 Building, Hill cart Road, Near, Siliguri Jct Rd, Siliguri, West Bengal 734003",Disqualified,Disqualified,3,No email listed (paper-dominant) | Large enterprise acreage (517.3 Ha) | Siliguri HQ (local operating hub),Public limited company,1-Page Postal Letter,1-Page Postal Dispatch,"Namaskar Sri-ji,

When green leaf trucks move from field divisions to the factory at Kamala Tea Estate, what percentage difference are you typically seeing between the field scale and factory weighbridge?

Most independent estates in Darjeeling tell us they only catch leaf discrepancies and proxy hazira 10 to 14 days later when the fortnightly muster roll reaches the office.

Are you able to see your daily leaf reconciliation and worker count on your phone before the evening shift, or is your team still compiling it on paper?"
West Bengal,MATIDHAR TEA ESTATE,Organized Estate,No,NEW TEA CO. LTD.,Darjeeling,643.0,NEW TEA CO. LTD.,033 2212 6753,033 2212 6753,No,matidhar@gmail.com,Kolkata,"New Tea Company Limited, Hindustan Building, New Tea Co. Ltd. 4 Chittaranjan Avenue, 2nd Floor, Kolkata, West Bengal 700072",Disqualified,Disqualified,3,Consumer/ISP email (@gmail.com) | Large enterprise acreage (643.0 Ha) | Kolkata HQ,Public limited company,1-Page Postal Letter,1-Page Postal Dispatch + Email,"Namaskar New-ji,

When green leaf trucks move from field divisions to the factory at Matidhar Tea Estate, what percentage difference are you typically seeing between the field scale and factory weighbridge?

Most independent estates in Darjeeling tell us they only catch leaf discrepancies and proxy hazira 10 to 14 days later when the fortnightly muster roll reaches the office.

Are you able to see your daily leaf reconciliation and worker count on your phone before the evening shift, or is your team still compiling it on paper?"
West Bengal,SAYEDABAD TEA ESTATE,Organized Estate,No,SRI AJIT KUMAR AGARWALA,Darjeeling,351.7,SRI V.D. DUA,0353-6531857,0353-6531857,No,teraitea@gmail.com,Siliguri,"Dr. Amit Kumar Agarwal, Sanjeevani Apartment, Station Feeder Rd, New Milanpally, Saktigarh, Siliguri, West Bengal 734005",Qualified,Tier 1 (High Leakage / Paper Priority),7,Consumer/ISP email (@gmail.com) | Siliguri HQ (local operating hub),,1-Page Postal Letter,1-Page Postal Dispatch + Email,"Namaskar Sri-ji,

When green leaf trucks move from field divisions to the factory at Sayedabad Tea Estate, what percentage difference are you typically seeing between the field scale and factory weighbridge?

Most independent estates in Darjeeling tell us they only catch leaf discrepancies and proxy hazira 10 to 14 days later when the fortnightly muster roll reaches the office.

Are you able to see your daily leaf reconciliation and worker count on your phone before the evening shift, or is your team still compiling it on paper?"
West Bengal,AVONGROVE TEA ESTATE,Organized Estate,No,KPL INTERNATIONAL LTD,Darjeeling,184.0,M.R. MEHTA,033 2217 8179,033 2217 8179,No,amber.subba@kplintl.com,Kolkata,"KPL International Limited, Park Plaza, 71, Park St, Park Street area, Kolkata, West Bengal 700016",Disqualified,Disqualified,5,Custom domain (@kplintl.com) | Mid-tier acreage sweet spot (184.0 Ha) | Kolkata HQ,Public limited company,1-Page Postal Letter,1-Page Postal Dispatch + Email,"Namaskar M.R.-ji,

When green leaf trucks move from field divisions to the factory at Avongrove Tea Estate, what percentage difference are you typically seeing between the field scale and factory weighbridge?

Most independent estates in Darjeeling tell us they only catch leaf discrepancies and proxy hazira 10 to 14 days later when the fortnightly muster roll reaches the office.

Are you able to see your daily leaf reconciliation and worker count on your phone before the evening shift, or is your team still compiling it on paper?"
West Bengal,BALASON & MURMAH,Organized Estate,No,JAYSHREE TEA & INDUSTRIES,Darjeeling,352.6,PK AGARWAL,033 2282 7531,033 2282 7531,No,balasunteaestate@yahoo.com,Kolkata,"Jayshree Tea & Industries Ltd, 10, Camac St, Elgin, Kolkata, West Bengal 700071",Disqualified,Disqualified,5,Consumer/ISP email (@yahoo.com) | Kolkata HQ,Conglomerate keyword match (JAYSHREE TEA),1-Page Postal Letter,1-Page Postal Dispatch + Email,"Namaskar Pk-ji,

When green leaf trucks move from field divisions to the factory at Balason & Murmah, what percentage difference are you typically seeing between the field scale and factory weighbridge?

Most independent estates in Darjeeling tell us they only catch leaf discrepancies and proxy hazira 10 to 14 days later when the fortnightly muster roll reaches the office.

Are you able to see your daily leaf reconciliation and worker count on your phone before the evening shift, or is your team still compiling it on paper?"
West Bengal,CHAMONG TEA ESTATE,Organized Estate,No,SYCOTTA TEA CO. PVT. LTD.,Darjeeling,139.6,ASHOK KR. LOHIA,033 4044 1201,033 4044 1201,No,chamongtea@chamong.com,Kolkata,"1st Floor, Asian Tea Company Private Limited, Gajraj Point, 209 A, AJC Bose Rd, Park Circus, Elgin, Kolkata, West Bengal 700017",Disqualified,Disqualified,5,Custom domain (@chamong.com) | Mid-tier acreage sweet spot (139.6 Ha) | Kolkata HQ,Conglomerate keyword match (CHAMONG),1-Page Postal Letter,1-Page Postal Dispatch + Email,"Namaskar Ashok-ji,

When green leaf trucks move from field divisions to the factory at Chamong Tea Estate, what percentage difference are you typically seeing between the field scale and factory weighbridge?

Most independent estates in Darjeeling tell us they only catch leaf discrepancies and proxy hazira 10 to 14 days later when the fortnightly muster roll reaches the office.

Are you able to see your daily leaf reconciliation and worker count on your phone before the evening shift, or is your team still compiling it on paper?"
West Bengal,CHONGTONG TEA ESTATE,Organized Estate,No,SANJAY PRAKASH BANSAL,Darjeeling,373.8,MR ANIL BANSAL,9830660012,098306 60012,Yes,chongtonggarden@gmail.com,Kolkata,"Sanjay Om Prakash Gupta & Co., Chartered Accountants, 2/55 Netaji Nagar, Ground Floor, Kolkata, West Bengal 700092",Qualified,Tier 2 (Qualified Independent),5,Consumer/ISP email (@gmail.com) | Kolkata HQ,,WhatsApp / Phone,WhatsApp / Call + 1-Page Postal Dispatch + Email,"Namaskar Anil-ji,

When green leaf trucks move from field divisions to the factory at Chongtong Tea Estate, what percentage difference are you typically seeing between the field scale and factory weighbridge?

Most independent estates in Darjeeling tell us they only catch leaf discrepancies and proxy hazira 10 to 14 days later when the fortnightly muster roll reaches the office.

Are you able to see your daily leaf reconciliation and worker count on your phone before the evening shift, or is your team still compiling it on paper?"
West Bengal,DHAJEA TEA ESTATE,Organized Estate,No,SRI ASHOK KUMAR LOHIA & SRI,Darjeeling,179.3,N.A,033 2241 0531,033 2241 0531,No,dhajeate@chamong.com,Kolkata,"Lohia Commercial Co Private Limited, Lohia House, 112, Chittaranjan Ave, Calcutta University, College Square, Kolkata, West Bengal 700073",Qualified,Tier 2 (Qualified Independent),5,Custom domain (@chamong.com) | Mid-tier acreage sweet spot (179.3 Ha) | Kolkata HQ,,1-Page Postal Letter,1-Page Postal Dispatch + Email,"Namaskar N.A-ji,

When green leaf trucks move from field divisions to the factory at Dhajea Tea Estate, what percentage difference are you typically seeing between the field scale and factory weighbridge?

Most independent estates in Darjeeling tell us they only catch leaf discrepancies and proxy hazira 10 to 14 days later when the fortnightly muster roll reaches the office.

Are you able to see your daily leaf reconciliation and worker count on your phone before the evening shift, or is your team still compiling it on paper?"
West Bengal,GOPALDHARA,Organized Estate,No,GOPALDHARA TEA CO. PVT. LTD.,Darjeeling,168.2,MR.S.K.SARIA,9434051277,9434051277,Yes,gopaldhara@gmail.com,Siliguri,"Block, 1st Floor, Gopaldhara Tea Co. Pvt. Ltd., Arjun Enclave, Green Park Colony, C & E, Tea Auction Rd, Ward 46, Champasari, Mallaguri, Siliguri, West Bengal 734003",Qualified,Tier 1 (High Leakage / Paper Priority),10,Consumer/ISP email (@gmail.com) | Mid-tier acreage sweet spot (168.2 Ha) | Siliguri HQ (local operating hub),,WhatsApp / Phone,WhatsApp / Call + 1-Page Postal Dispatch + Email,"Namaskar S.K.Saria-ji,

When green leaf trucks move from field divisions to the factory at Gopaldhara, what percentage difference are you typically seeing between the field scale and factory weighbridge?

Most independent estates in Darjeeling tell us they only catch leaf discrepancies and proxy hazira 10 to 14 days later when the fortnightly muster roll reaches the office.

Are you able to see your daily leaf reconciliation and worker count on your phone before the evening shift, or is your team still compiling it on paper?"
West Bengal,GYABAREE & MIIIKTHONG TEA,Organized Estate,No,LAKTARIA (I) P LTD,Darjeeling,309.5,S S BAGARIA,033 2235 4802,033 2235 4802,No,tea@bagaria.com,Kolkata,"H9H5+4HX Lakhotia Transport Co. PVT. LTD., Surti Bagan St, Kolutolla, Kolkata, West Bengal 700073",Disqualified,Disqualified,5,Custom domain (@bagaria.com) | Mid-tier acreage sweet spot (309.5 Ha) | Kolkata HQ,Public limited company,1-Page Postal Letter,1-Page Postal Dispatch + Email,"Namaskar S-ji,

When green leaf trucks move from field divisions to the factory at Gyabaree & Miiikthong Tea, what percentage difference are you typically seeing between the field scale and factory weighbridge?

Most independent estates in Darjeeling tell us they only catch leaf discrepancies and proxy hazira 10 to 14 days later when the fortnightly muster roll reaches the office.

Are you able to see your daily leaf reconciliation and worker count on your phone before the evening shift, or is your team still compiling it on paper?"
West Bengal,LINGIA TEA ESTATE,Organized Estate,No,SYCOTTA TEA CO. PVT. LTD.,Darjeeling,141.6,MR.A.K.LOHIA,033 4044 1201,033 4044 1201,No,lingiate@chamong.com,Kolkata,"1st Floor, Asian Tea Company Private Limited, Gajraj Point, 209 A, AJC Bose Rd, Park Circus, Elgin, Kolkata, West Bengal 700017",Disqualified,Disqualified,5,Custom domain (@chamong.com) | Mid-tier acreage sweet spot (141.6 Ha) | Kolkata HQ,Multi-garden group (3 gardens),1-Page Postal Letter,1-Page Postal Dispatch + Email,"Namaskar A.K.Lohia-ji,

When green leaf trucks move from field divisions to the factory at Lingia Tea Estate, what percentage difference are you typically seeing between the field scale and factory weighbridge?

Most independent estates in Darjeeling tell us they only catch leaf discrepancies and proxy hazira 10 to 14 days later when the fortnightly muster roll reaches the office.

Are you able to see your daily leaf reconciliation and worker count on your phone before the evening shift, or is your team still compiling it on paper?"
West Bengal,MARYBONG TEA GARDEN,Organized Estate,No,DUNCANS INDUSTRIES LIMITED,Darjeeling,284.5,MR.BISWAJEET DUTTA,033 2242 1605,033 2242 1605,No,marybongte@chamong.com,Kolkata,"4th Floor, Duncans Tea Limited, Duncan House, 31, Netaji Subhas Rd, Murgighata, B.B.D. Bagh, Kolkata, West Bengal 700001",Disqualified,Disqualified,5,Custom domain (@chamong.com) | Mid-tier acreage sweet spot (284.5 Ha) | Kolkata HQ,Conglomerate keyword match (DUNCANS),1-Page Postal Letter,1-Page Postal Dispatch + Email,"Namaskar Biswajeet-ji,

When green leaf trucks move from field divisions to the factory at Marybong Tea Garden, what percentage difference are you typically seeing between the field scale and factory weighbridge?

Most independent estates in Darjeeling tell us they only catch leaf discrepancies and proxy hazira 10 to 14 days later when the fortnightly muster roll reaches the office.

Are you able to see your daily leaf reconciliation and worker count on your phone before the evening shift, or is your team still compiling it on paper?"
West Bengal,MIM,Organized Estate,No,ANDREW YULE & COMPANY LIMITED,Darjeeling,187.7,SUNIL MUNSHI,033 2242 7722,033 2242 7722,No,yule.mim@gmail.com,Kolkata,"ANDREW YULE & CO.LTD., Yule House, 8, Dr Rajendra Prasad Sarani, China Bazar, B.B.D. Bagh, Kolkata, West Bengal 700001",Disqualified,Disqualified,8,Consumer/ISP email (@gmail.com) | Mid-tier acreage sweet spot (187.7 Ha) | Kolkata HQ,Conglomerate keyword match (ANDREW YULE),1-Page Postal Letter,1-Page Postal Dispatch + Email,"Namaskar Sunil-ji,

When green leaf trucks move from field divisions to the factory at Mim, what percentage difference are you typically seeing between the field scale and factory weighbridge?

Most independent estates in Darjeeling tell us they only catch leaf discrepancies and proxy hazira 10 to 14 days later when the fortnightly muster roll reaches the office.

Are you able to see your daily leaf reconciliation and worker count on your phone before the evening shift, or is your team still compiling it on paper?"
West Bengal,NAGRI,Organized Estate,No,DARJEELING ORGANIC TEA,Darjeeling,321.6,SP BANSAL,9733293769,9733293769,Yes,nagrigarden1@gmail.com,Kolkata,"Darjeeling Organictea Estates Private Limited., 4A, Camac St, Kankaria Estates, Elgin, Kolkata, West Bengal 700071",Disqualified,Disqualified,8,Consumer/ISP email (@gmail.com) | Mid-tier acreage sweet spot (321.6 Ha) | Kolkata HQ,Multi-garden group (3 gardens),WhatsApp / Phone,WhatsApp / Call + 1-Page Postal Dispatch + Email,"Namaskar Sp-ji,

When green leaf trucks move from field divisions to the factory at Nagri, what percentage difference are you typically seeing between the field scale and factory weighbridge?

Most independent estates in Darjeeling tell us they only catch leaf discrepancies and proxy hazira 10 to 14 days later when the fortnightly muster roll reaches the office.

Are you able to see your daily leaf reconciliation and worker count on your phone before the evening shift, or is your team still compiling it on paper?"
West Bengal,NAGRIFARM TEA ESTATE,Organized Estate,No,SRI ASHOK KUMAR LOHIA & SRI,Darjeeling,285.7,N.A,033 2241 0531,033 2241 0531,No,nagrifarmte@chamong.com,Kolkata,"Lohia Commercial Co Private Limited, Lohia House, 112, Chittaranjan Ave, Calcutta University, College Square, Kolkata, West Bengal 700073",Qualified,Tier 2 (Qualified Independent),5,Custom domain (@chamong.com) | Mid-tier acreage sweet spot (285.7 Ha) | Kolkata HQ,,1-Page Postal Letter,1-Page Postal Dispatch + Email,"Namaskar N.A-ji,

When green leaf trucks move from field divisions to the factory at Nagrifarm Tea Estate, what percentage difference are you typically seeing between the field scale and factory weighbridge?

Most independent estates in Darjeeling tell us they only catch leaf discrepancies and proxy hazira 10 to 14 days later when the fortnightly muster roll reaches the office.

Are you able to see your daily leaf reconciliation and worker count on your phone before the evening shift, or is your team still compiling it on paper?"
West Bengal,OKAYTI,Organized Estate,No,OKAYTI TEA COMPANY LTD,Darjeeling,213.3,SRI ANTRIKSH KUMBAT,9733007123,9733007123,Yes,slg@okayti.com,Kolkata,"Okayti Tea Co Ltd, 1, Binoy Badal Dinesh Bag E, Lal Dighi, Lal Bazar, Kolkata, West Bengal 700001",Disqualified,Disqualified,5,Custom domain (@okayti.com) | Mid-tier acreage sweet spot (213.3 Ha) | Kolkata HQ,Public limited company,WhatsApp / Phone,WhatsApp / Call + 1-Page Postal Dispatch + Email,"Namaskar Sri-ji,

When green leaf trucks move from field divisions to the factory at Okayti, what percentage difference are you typically seeing between the field scale and factory weighbridge?

Most independent estates in Darjeeling tell us they only catch leaf discrepancies and proxy hazira 10 to 14 days later when the fortnightly muster roll reaches the office.

Are you able to see your daily leaf reconciliation and worker count on your phone before the evening shift, or is your team still compiling it on paper?"
West Bengal,PHUGURI TEA ESTATE,Organized Estate,No,S.S. BAGARIA,Darjeeling,227.3,S.S.BAGARIA,033 2210 7789,033 2210 7789,No,phuguri@bagariagroup.com,Kolkata,"4th Floor, Bagaria Trading Limited, 16, Netaji Subhas Rd, Murgighata, B.B.D. Bagh, Kolkata, West Bengal 700001",Qualified,Tier 2 (Qualified Independent),5,Custom domain (@bagariagroup.com) | Mid-tier acreage sweet spot (227.3 Ha) | Kolkata HQ,,1-Page Postal Letter,1-Page Postal Dispatch + Email,"Namaskar S.S.Bagaria-ji,

When green leaf trucks move from field divisions to the factory at Phuguri Tea Estate, what percentage difference are you typically seeing between the field scale and factory weighbridge?

Most independent estates in Darjeeling tell us they only catch leaf discrepancies and proxy hazira 10 to 14 days later when the fortnightly muster roll reaches the office.

Are you able to see your daily leaf reconciliation and worker count on your phone before the evening shift, or is your team still compiling it on paper?"
West Bengal,PUSSIMBING TEA ESTATE,Organized Estate,No,SHRI ASHOK KUMAR LOHIA,Darjeeling,201.2,SHRI ASHOK KUMAR LOHIA,033 2241 0531,033 2241 0531,No,pussimbing@chamong.com,Kolkata,"Lohia Commercial Co Private Limited, Lohia House, 112, Chittaranjan Ave, Calcutta University, College Square, Kolkata, West Bengal 700073",Qualified,Tier 2 (Qualified Independent),5,Custom domain (@chamong.com) | Mid-tier acreage sweet spot (201.2 Ha) | Kolkata HQ,,1-Page Postal Letter,1-Page Postal Dispatch + Email,"Namaskar Ashok-ji,

When green leaf trucks move from field divisions to the factory at Pussimbing Tea Estate, what percentage difference are you typically seeing between the field scale and factory weighbridge?

Most independent estates in Darjeeling tell us they only catch leaf discrepancies and proxy hazira 10 to 14 days later when the fortnightly muster roll reaches the office.

Are you able to see your daily leaf reconciliation and worker count on your phone before the evening shift, or is your team still compiling it on paper?"
West Bengal,SEEYOK,Organized Estate,No,SEEYOK TEA COMPANY LTD,Darjeeling,154.0,K.C.AGARWAL,9434079903,9434079903,Yes,tpisyk@gmail.com,Kolkata,"Ste 17, Seeyok Tea Company Limited, Chowringhee Mansion, 30, Jawaharlal Nehru Rd, Taltala, Kolkata, West Bengal 700016",Disqualified,Disqualified,8,Consumer/ISP email (@gmail.com) | Mid-tier acreage sweet spot (154.0 Ha) | Kolkata HQ,Public limited company,WhatsApp / Phone,WhatsApp / Call + 1-Page Postal Dispatch + Email,"Namaskar K.C.Agarwal-ji,

When green leaf trucks move from field divisions to the factory at Seeyok, what percentage difference are you typically seeing between the field scale and factory weighbridge?

Most independent estates in Darjeeling tell us they only catch leaf discrepancies and proxy hazira 10 to 14 days later when the fortnightly muster roll reaches the office.

Are you able to see your daily leaf reconciliation and worker count on your phone before the evening shift, or is your team still compiling it on paper?"
West Bengal,SELIMBONG TEA ESTATE,Organized Estate,No,BRIJ MOHAN,Darjeeling,153.3,KC AGGARWAL,9830087666,098300 87666,Yes,slb@rediffmail.com,Kolkata,"number 6, Brij Mohan and Company, cross road, 67/46, Strand Bank Rd, Kolkata, West Bengal 700007",Qualified,Tier 1 (High Leakage / Paper Priority),8,Consumer/ISP email (@rediffmail.com) | Mid-tier acreage sweet spot (153.3 Ha) | Kolkata HQ,,WhatsApp / Phone,WhatsApp / Call + 1-Page Postal Dispatch + Email,"Namaskar Kc-ji,

When green leaf trucks move from field divisions to the factory at Selimbong Tea Estate, what percentage difference are you typically seeing between the field scale and factory weighbridge?

Most independent estates in Darjeeling tell us they only catch leaf discrepancies and proxy hazira 10 to 14 days later when the fortnightly muster roll reaches the office.

Are you able to see your daily leaf reconciliation and worker count on your phone before the evening shift, or is your team still compiling it on paper?"
West Bengal,SINGBULLI TEA ESTATE,Organized Estate,No,JAYSHREE TEA & INDUSTRIES,Darjeeling,302.7,MR. D.P.MAHESWARI,033 2282 7531,033 2282 7531,No,singbulli@gmail.com,Kolkata,"Jayshree Tea & Industries Ltd, 10, Camac St, Elgin, Kolkata, West Bengal 700071",Disqualified,Disqualified,8,Consumer/ISP email (@gmail.com) | Mid-tier acreage sweet spot (302.7 Ha) | Kolkata HQ,Conglomerate keyword match (JAYSHREE TEA),1-Page Postal Letter,1-Page Postal Dispatch + Email,"Namaskar D.P.Maheswari-ji,

When green leaf trucks move from field divisions to the factory at Singbulli Tea Estate, what percentage difference are you typically seeing between the field scale and factory weighbridge?

Most independent estates in Darjeeling tell us they only catch leaf discrepancies and proxy hazira 10 to 14 days later when the fortnightly muster roll reaches the office.

Are you able to see your daily leaf reconciliation and worker count on your phone before the evening shift, or is your team still compiling it on paper?"
West Bengal,SOURENEE T.E.,Organized Estate,No,SHRI J.P.CHOWDHARY,Darjeeling,95.5,J.P.CHOWDHARY,9378416250,09378416250,Yes,soureneetg@gmail.com,Kolkata,"Chowdhary Para, Rahara, Kolkata, West Bengal 700118",Qualified,Tier 1 (High Leakage / Paper Priority),8,Consumer/ISP email (@gmail.com) | Mid-tier acreage sweet spot (95.5 Ha) | Kolkata HQ,,WhatsApp / Phone,WhatsApp / Call + 1-Page Postal Dispatch + Email,"Namaskar J.P.Chowdhary-ji,

When green leaf trucks move from field divisions to the factory at Sourenee T.E., what percentage difference are you typically seeing between the field scale and factory weighbridge?

Most independent estates in Darjeeling tell us they only catch leaf discrepancies and proxy hazira 10 to 14 days later when the fortnightly muster roll reaches the office.

Are you able to see your daily leaf reconciliation and worker count on your phone before the evening shift, or is your team still compiling it on paper?"
West Bengal,SUNGMA TEA ESTATE,Organized Estate,No,JAYSHREE TEA & INDUSTRIES,Darjeeling,136.0,SHRI D.P. MAHESWARI,033 2282 7531,033 2282 7531,No,sungmaorganic1@yahoo.co.in,Kolkata,"Jayshree Tea & Industries Ltd, 10, Camac St, Elgin, Kolkata, West Bengal 700071",Disqualified,Disqualified,8,Consumer/ISP email (@yahoo.co.in) | Mid-tier acreage sweet spot (136.0 Ha) | Kolkata HQ,Conglomerate keyword match (JAYSHREE TEA),1-Page Postal Letter,1-Page Postal Dispatch + Email,"Namaskar D.P.-ji,

When green leaf trucks move from field divisions to the factory at Sungma Tea Estate, what percentage difference are you typically seeing between the field scale and factory weighbridge?

Most independent estates in Darjeeling tell us they only catch leaf discrepancies and proxy hazira 10 to 14 days later when the fortnightly muster roll reaches the office.

Are you able to see your daily leaf reconciliation and worker count on your phone before the evening shift, or is your team still compiling it on paper?"
West Bengal,THURBO TEA GARDEN,Organized Estate,No,GOODRICKE GROUP LIMITED,Darjeeling,488.4,MR. A.N. SINGH,033 2287 3067,033 2287 3067,No,thurbo@goodricke.com,Kolkata,"Goodricke Group Limited, 14, Gurusaday Dutta Rd, Beck Bagan, Ballygunge, Kolkata, West Bengal 700019",Disqualified,Disqualified,2,Custom domain (@goodricke.com) | Kolkata HQ,Conglomerate keyword match (GOODRICKE),1-Page Postal Letter,1-Page Postal Dispatch + Email,"Namaskar A.N.-ji,

When green leaf trucks move from field divisions to the factory at Thurbo Tea Garden, what percentage difference are you typically seeing between the field scale and factory weighbridge?

Most independent estates in Darjeeling tell us they only catch leaf discrepancies and proxy hazira 10 to 14 days later when the fortnightly muster roll reaches the office.

Are you able to see your daily leaf reconciliation and worker count on your phone before the evening shift, or is your team still compiling it on paper?"
West Bengal,BAGDOGRA TEA ESTATE,Organized Estate,No,MR AJIT KUMAR AGARWALA,Darjeeling,262.3,MR V D DUA,03532003210,03532003210,No,teraitea@gmail.com,Siliguri,"Dr. Ajit Kumar Singh - Best Nephrologist in Siliguri | Kidney Doctor in Siliguri | Best Kidney Transplant Doctor in Siliguri, Inside Uttarayan Township City centre Matigara, Siliguri, West Bengal 734010",Qualified,Tier 1 (High Leakage / Paper Priority),10,Consumer/ISP email (@gmail.com) | Mid-tier acreage sweet spot (262.3 Ha) | Siliguri HQ (local operating hub),,1-Page Postal Letter,1-Page Postal Dispatch + Email,"Namaskar V-ji,

When green leaf trucks move from field divisions to the factory at Bagdogra Tea Estate, what percentage difference are you typically seeing between the field scale and factory weighbridge?

Most independent estates in Darjeeling tell us they only catch leaf discrepancies and proxy hazira 10 to 14 days later when the fortnightly muster roll reaches the office.

Are you able to see your daily leaf reconciliation and worker count on your phone before the evening shift, or is your team still compiling it on paper?"
West Bengal,COOCH BEHAR T.E,Organized Estate,No,COOCH BEHAR TEA CO LTD,Darjeeling,224.3,S.S.AGARWAL & SUMIT AGARWAL,9434490571,09434490571,Yes,koochbeharteagardenfkt@yahoo.co,Kolkata,"Coochbehar Tea Company Limited, 4, Fairlie Pl Rd, Fairley Place, B.B.D. Bagh, Kolkata, West Bengal 700001",Disqualified,Disqualified,5,Custom domain (@yahoo.co) | Mid-tier acreage sweet spot (224.3 Ha) | Kolkata HQ,Public limited company,WhatsApp / Phone,WhatsApp / Call + 1-Page Postal Dispatch + Email,"Namaskar S.S.Agarwal-ji,

When green leaf trucks move from field divisions to the factory at Cooch Behar T.E, what percentage difference are you typically seeing between the field scale and factory weighbridge?

Most independent estates in Darjeeling tell us they only catch leaf discrepancies and proxy hazira 10 to 14 days later when the fortnightly muster roll reaches the office.

Are you able to see your daily leaf reconciliation and worker count on your phone before the evening shift, or is your team still compiling it on paper?"
West Bengal,KAMALPUR,Organized Estate,No,RAJENDRA AGARWAL &,Darjeeling,65.9,RAJENDRA AGARWAL &,9733300329,9733300329,Yes,,Siliguri,"Ground floor, J.R. AGARWAL AND ASSOCIATES, Anjani Apartment, Agrasen Rd, opposite Maheswari Bhawan, Ward 9, Khalpara, Siliguri, West Bengal 734005",Disqualified,Disqualified,8,No email listed (paper-dominant) | Mid-tier acreage sweet spot (65.9 Ha) | Siliguri HQ (local operating hub),Current GardenSuite client (KAMALPUR),WhatsApp / Phone,WhatsApp / Call + 1-Page Postal Dispatch,"Namaskar Rajendra-ji,

When green leaf trucks move from field divisions to the factory at Kamalpur, what percentage difference are you typically seeing between the field scale and factory weighbridge?

Most independent estates in Darjeeling tell us they only catch leaf discrepancies and proxy hazira 10 to 14 days later when the fortnightly muster roll reaches the office.

Are you able to see your daily leaf reconciliation and worker count on your phone before the evening shift, or is your team still compiling it on paper?"
West Bengal,MARIONBARIE,Organized Estate,No,JAYSHREE TEA & INDUSTRIES,Darjeeling,329.1,D.P. MAHESHWARI,033 2282 7531,033 2282 7531,No,marionbarie11@gmail.com,Kolkata,"Jayshree Tea & Industries Ltd, 10, Camac St, Elgin, Kolkata, West Bengal 700071",Disqualified,Disqualified,8,Consumer/ISP email (@gmail.com) | Mid-tier acreage sweet spot (329.1 Ha) | Kolkata HQ,Conglomerate keyword match (JAYSHREE TEA),1-Page Postal Letter,1-Page Postal Dispatch + Email,"Namaskar D.P.-ji,

When green leaf trucks move from field divisions to the factory at Marionbarie, what percentage difference are you typically seeing between the field scale and factory weighbridge?

Most independent estates in Darjeeling tell us they only catch leaf discrepancies and proxy hazira 10 to 14 days later when the fortnightly muster roll reaches the office.

Are you able to see your daily leaf reconciliation and worker count on your phone before the evening shift, or is your team still compiling it on paper?"
West Bengal,MATIGARA T E,Organized Estate,No,MR RAJESH GARG,Darjeeling,142.1,0,9434891476,94348-91476,Yes,,Siliguri,"Dr Rajesh Agarwal - Pulmonologist/Chest specialist, Shanti nursing home Uday shankar sarani, Sevoke Rd, beside International Market, Siliguri, West Bengal 734001",Qualified,Tier 1 (High Leakage / Paper Priority),8,No email listed (paper-dominant) | Mid-tier acreage sweet spot (142.1 Ha) | Siliguri HQ (local operating hub),,WhatsApp / Phone,WhatsApp / Call + 1-Page Postal Dispatch,"Namaskar 0-ji,

When green leaf trucks move from field divisions to the factory at Matigara T E, what percentage difference are you typically seeing between the field scale and factory weighbridge?

Most independent estates in Darjeeling tell us they only catch leaf discrepancies and proxy hazira 10 to 14 days later when the fortnightly muster roll reaches the office.

Are you able to see your daily leaf reconciliation and worker count on your phone before the evening shift, or is your team still compiling it on paper?"
West Bengal,MOHURGONG & GULMA TEA ESTATE 126/1712,Organized Estate,No,MOHURGONG &GULMA TEA,Darjeeling,694.1,MR ADITYA PAL CHOUDHURY,9330031861,093300 31861,Yes,slg@yahaoo.com,Kolkata,"Mohurgong & Gulma Tea Estates, P17, Ganesh Chandra Ave, Chandni Chawk, Bowbazar, Kolkata, West Bengal 700013",Disqualified,Disqualified,0,Custom domain (@yahaoo.com) | Large enterprise acreage (694.1 Ha) | Kolkata HQ,Acreage too large for independent owner tier (694.1 Ha),WhatsApp / Phone,WhatsApp / Call + 1-Page Postal Dispatch + Email,"Namaskar Aditya-ji,

When green leaf trucks move from field divisions to the factory at Mohurgong & Gulma Tea Estate 126/1712, what percentage difference are you typically seeing between the field scale and factory weighbridge?

Most independent estates in Darjeeling tell us they only catch leaf discrepancies and proxy hazira 10 to 14 days later when the fortnightly muster roll reaches the office.

Are you able to see your daily leaf reconciliation and worker count on your phone before the evening shift, or is your team still compiling it on paper?"
West Bengal,NEW CHUMTA TEA ESTATE,Organized Estate,No,ROOPCHERA TEA CO. PVT. LTD.,Darjeeling,285.0,S. BAJORIA,033 4005 3157,033 4005 3157,No,newchumta@ntcl.in,Kolkata,"Dhruba Tea Centre, 2, Lal Bazar St, Lal Bazar, Kolkata, West Bengal 700001",Qualified,Tier 2 (Qualified Independent),5,Custom domain (@ntcl.in) | Mid-tier acreage sweet spot (285.0 Ha) | Kolkata HQ,,1-Page Postal Letter,1-Page Postal Dispatch + Email,"Namaskar S.-ji,

When green leaf trucks move from field divisions to the factory at New Chumta Tea Estate, what percentage difference are you typically seeing between the field scale and factory weighbridge?

Most independent estates in Darjeeling tell us they only catch leaf discrepancies and proxy hazira 10 to 14 days later when the fortnightly muster roll reaches the office.

Are you able to see your daily leaf reconciliation and worker count on your phone before the evening shift, or is your team still compiling it on paper?"
West Bengal,NISCHINTAPUR TEA ESTATE,Organized Estate,No,MR GOVIND GARG,Darjeeling,167.2,MR GOVIND GARG,9230060666,9230060666,Yes,manager.nte@gmail.com,Kolkata,"G8FQ+R46 Govind kr, Alipore, Kolkata, West Bengal 700027",Qualified,Tier 1 (High Leakage / Paper Priority),8,Consumer/ISP email (@gmail.com) | Mid-tier acreage sweet spot (167.2 Ha) | Kolkata HQ,,WhatsApp / Phone,WhatsApp / Call + 1-Page Postal Dispatch + Email,"Namaskar Govind-ji,

When green leaf trucks move from field divisions to the factory at Nischintapur Tea Estate, what percentage difference are you typically seeing between the field scale and factory weighbridge?

Most independent estates in Darjeeling tell us they only catch leaf discrepancies and proxy hazira 10 to 14 days later when the fortnightly muster roll reaches the office.

Are you able to see your daily leaf reconciliation and worker count on your phone before the evening shift, or is your team still compiling it on paper?"
West Bengal,PUTINBARI TEA ESTATE,Organized Estate,No,PUTINBARI TEA ASSOCIATION LTD,Darjeeling,159.4,PUTINBARI TEA ASSOCIATION,9563792361,095637 92361,Yes,putinbareetea@gmail.com,Kolkata,"Q8FH+XPQ Putinbari Tea Garden, SH12, Khaprail, West Bengal 734009",Disqualified,Disqualified,8,Consumer/ISP email (@gmail.com) | Mid-tier acreage sweet spot (159.4 Ha) | Kolkata HQ,Public limited company,WhatsApp / Phone,WhatsApp / Call + 1-Page Postal Dispatch + Email,"Namaskar Putinbari-ji,

When green leaf trucks move from field divisions to the factory at Putinbari Tea Estate, what percentage difference are you typically seeing between the field scale and factory weighbridge?

Most independent estates in Darjeeling tell us they only catch leaf discrepancies and proxy hazira 10 to 14 days later when the fortnightly muster roll reaches the office.

Are you able to see your daily leaf reconciliation and worker count on your phone before the evening shift, or is your team still compiling it on paper?"
West Bengal,SIMULBARIE,Organized Estate,No,SIMULBARIE TEA CO. (P) LTD.,Darjeeling,394.3,MADAN MOHAN SHARMA,9434044275,9434044275,Yes,slg_bansal@sancharnet.com,Kolkata,"Silonibari Tea Co Ltd, 5B, Alipore Park Rd, Alipore, Kolkata, West Bengal 700027",Disqualified,Disqualified,2,Custom domain (@sancharnet.com) | Kolkata HQ,Current GardenSuite client (SIMULBARIE),WhatsApp / Phone,WhatsApp / Call + 1-Page Postal Dispatch + Email,"Namaskar Madan-ji,

When green leaf trucks move from field divisions to the factory at Simulbarie, what percentage difference are you typically seeing between the field scale and factory weighbridge?

Most independent estates in Darjeeling tell us they only catch leaf discrepancies and proxy hazira 10 to 14 days later when the fortnightly muster roll reaches the office.

Are you able to see your daily leaf reconciliation and worker count on your phone before the evening shift, or is your team still compiling it on paper?"
West Bengal,SUKNA,Organized Estate,No,SUKNA TEA & INDUSTRIES LTD,Darjeeling,282.6,S.K. KALYANI,03532574034,03532574034,No,suknatea@hotmail.com,Kolkata,"Sukna Tea & Industries Limited, 2-5, Sarat Bose Rd, Sreepally, Ballygunge, Kolkata, West Bengal 700020",Disqualified,Disqualified,8,Consumer/ISP email (@hotmail.com) | Mid-tier acreage sweet spot (282.6 Ha) | Kolkata HQ,Public limited company,1-Page Postal Letter,1-Page Postal Dispatch + Email,"Namaskar S.K.-ji,

When green leaf trucks move from field divisions to the factory at Sukna, what percentage difference are you typically seeing between the field scale and factory weighbridge?

Most independent estates in Darjeeling tell us they only catch leaf discrepancies and proxy hazira 10 to 14 days later when the fortnightly muster roll reaches the office.

Are you able to see your daily leaf reconciliation and worker count on your phone before the evening shift, or is your team still compiling it on paper?"
West Bengal,BARADIGHI T.E,Organized Estate,No,RYDAK SYNDICATE LIMITED,Jalpaiguri,556.0,MR. R MACWAN,033 2230 4351,033 2230 4351,No,rydak@vsnl.net,Kolkata,"Rydak Syndicate Limited, 4, Dr Rajendra Prasad Sarani, Murgighata, B.B.D. Bagh, Kolkata, West Bengal 700001",Disqualified,Disqualified,3,Consumer/ISP email (@vsnl.net) | Large enterprise acreage (556.0 Ha) | Kolkata HQ,Conglomerate keyword match (RYDAK SYNDICATE),1-Page Postal Letter,1-Page Postal Dispatch + Email,"Namaskar R-ji,

When green leaf trucks move from field divisions to the factory at Baradighi T.E, what percentage difference are you typically seeing between the field scale and factory weighbridge?

Most independent estates in Jalpaiguri tell us they only catch leaf discrepancies and proxy hazira 10 to 14 days later when the fortnightly muster roll reaches the office.

Are you able to see your daily leaf reconciliation and worker count on your phone before the evening shift, or is your team still compiling it on paper?"
West Bengal,BUDS TEA ESTATE,Organized Estate,No,BUDS TEA INDUSTRIES,Jalpaiguri,20.7,SUBRATA SAHA/DEBABRATA,03561-230060,03561-230060,No,budstea@gmail.com,Siliguri,"Buds Tea Factory, Bagjan, West Bengal 735302",Qualified,Tier 1 (High Leakage / Paper Priority),8,Consumer/ISP email (@gmail.com) | Small holding (20.7 Ha) | Siliguri HQ (local operating hub),,1-Page Postal Letter,1-Page Postal Dispatch + Email,"Namaskar Subrata-ji,

When green leaf trucks move from field divisions to the factory at Buds Tea Estate, what percentage difference are you typically seeing between the field scale and factory weighbridge?

Most independent estates in Jalpaiguri tell us they only catch leaf discrepancies and proxy hazira 10 to 14 days later when the fortnightly muster roll reaches the office.

Are you able to see your daily leaf reconciliation and worker count on your phone before the evening shift, or is your team still compiling it on paper?"
West Bengal,JADABPUR TEA GARDEN,Organized Estate,No,JADABPUR TEA CO LTD,Jalpaiguri,141.9,L.N.GUPTA,03561-275261,03561-275261,No,jadabpurtea@rediffmail.com,Kolkata,"Jadabpur Tea Company Limited, 3A, Hare St, Lal Bazar, B.B.D. Bagh, Kolkata, West Bengal 700001",Disqualified,Disqualified,8,Consumer/ISP email (@rediffmail.com) | Mid-tier acreage sweet spot (141.9 Ha) | Kolkata HQ,Public limited company,1-Page Postal Letter,1-Page Postal Dispatch + Email,"Namaskar L.N.Gupta-ji,

When green leaf trucks move from field divisions to the factory at Jadabpur Tea Garden, what percentage difference are you typically seeing between the field scale and factory weighbridge?

Most independent estates in Jalpaiguri tell us they only catch leaf discrepancies and proxy hazira 10 to 14 days later when the fortnightly muster roll reaches the office.

Are you able to see your daily leaf reconciliation and worker count on your phone before the evening shift, or is your team still compiling it on paper?"
West Bengal,NOWERA NUDDY TEA ESTATE,Organized Estate,No,AMALGAMATED PLANTATIONS,Jalpaiguri,257.8,MR. DIPAK ATAL,0361 234 0037,0361 234 0037,No,,Assam,"Amalgamated Plantations Guwahati, GS Rd, Ananda Nagar, Christian Basti, Guwahati, Assam 781005",Disqualified,Disqualified,5,No email listed (paper-dominant) | Mid-tier acreage sweet spot (257.8 Ha),Conglomerate keyword match (AMALGAMATED PLANTATIONS),1-Page Postal Letter,1-Page Postal Dispatch,"Namaskar Dipak-ji,

When green leaf trucks move from field divisions to the factory at Nowera Nuddy Tea Estate, what percentage difference are you typically seeing between the field scale and factory weighbridge?

Most independent estates in Jalpaiguri tell us they only catch leaf discrepancies and proxy hazira 10 to 14 days later when the fortnightly muster roll reaches the office.

Are you able to see your daily leaf reconciliation and worker count on your phone before the evening shift, or is your team still compiling it on paper?"
West Bengal,SONAR BANGLA TEA CO (P) LTD,Organized Estate,No,SONAR BANGLA TEA CO (P) LTD,Jalpaiguri,42.5,SANJOY AGARWALLA,9434039248,9434039248,Yes,,Jalpaiguri,"GV57+6GF Sonar Bangla Tea Co, Pvt. Ltd, Paschim Salbari, West Bengal 735305",Qualified,Tier 2 (Qualified Independent),4,No email listed (paper-dominant) | Small holding (42.5 Ha) | Jalpaiguri HQ,,WhatsApp / Phone,WhatsApp / Call + 1-Page Postal Dispatch,"Namaskar Sanjoy-ji,

When green leaf trucks move from field divisions to the factory at Sonar Bangla Tea Co (P), what percentage difference are you typically seeing between the field scale and factory weighbridge?

Most independent estates in Jalpaiguri tell us they only catch leaf discrepancies and proxy hazira 10 to 14 days later when the fortnightly muster roll reaches the office.

Are you able to see your daily leaf reconciliation and worker count on your phone before the evening shift, or is your team still compiling it on paper?"
West Bengal,TRISAKTI TEA ESTATE,Organized Estate,No,TRISAKTI TEA CO (P) LTD,Jalpaiguri,56.8,SAIBAL GANGULY,033 2210 7383,033 2210 7383,No,,Kolkata,"1, Ground Floor, Victoria Tea Company, Martin Burn House, Head Quarter, RN Mukherjee Rd, opposite Lal Bazar, Lal Bazar, Kolkata, West Bengal 700001",Qualified,Tier 2 (Qualified Independent),6,No email listed (paper-dominant) | Mid-tier acreage sweet spot (56.8 Ha) | Kolkata HQ,,1-Page Postal Letter,1-Page Postal Dispatch,"Namaskar Saibal-ji,

When green leaf trucks move from field divisions to the factory at Trisakti Tea Estate, what percentage difference are you typically seeing between the field scale and factory weighbridge?

Most independent estates in Jalpaiguri tell us they only catch leaf discrepancies and proxy hazira 10 to 14 days later when the fortnightly muster roll reaches the office.

Are you able to see your daily leaf reconciliation and worker count on your phone before the evening shift, or is your team still compiling it on paper?"
West Bengal,BARUAPARA TEA ESTATE,Organized Estate,No,KUKURJAN AGRO PRODUCT PVT LTD,Jalpaiguri,46.6,RAJENDRA KR. GOYAL,9002680366,9002680366,Yes,,Jalpaiguri,"Ruchi Agro Products Private Limited, near Sarodamani High School, School Para, Fatapukur, Chhat Guzrimari, West Bengal 735134",Qualified,Tier 2 (Qualified Independent),4,No email listed (paper-dominant) | Small holding (46.6 Ha) | Jalpaiguri HQ,,WhatsApp / Phone,WhatsApp / Call + 1-Page Postal Dispatch,"Namaskar Rajendra-ji,

When green leaf trucks move from field divisions to the factory at Baruapara Tea Estate, what percentage difference are you typically seeing between the field scale and factory weighbridge?

Most independent estates in Jalpaiguri tell us they only catch leaf discrepancies and proxy hazira 10 to 14 days later when the fortnightly muster roll reaches the office.

Are you able to see your daily leaf reconciliation and worker count on your phone before the evening shift, or is your team still compiling it on paper?"
West Bengal,BHANDAPUR TEA ESTATE,Organized Estate,No,SHIKARPUR & BHANDAPUR TEA,Jalpaiguri,120.1,NARENDRA BERLIA,9800136393,9800136393,Yes,shikarpurteaestate@gmail.com,Siliguri,"JHGF+3Q5 Shikarpur Tea Estate Factory, Shikarpur, West Bengal 735133",Qualified,Tier 1 (High Leakage / Paper Priority),10,Consumer/ISP email (@gmail.com) | Mid-tier acreage sweet spot (120.1 Ha) | Siliguri HQ (local operating hub),,WhatsApp / Phone,WhatsApp / Call + 1-Page Postal Dispatch + Email,"Namaskar Narendra-ji,

When green leaf trucks move from field divisions to the factory at Bhandapur Tea Estate, what percentage difference are you typically seeing between the field scale and factory weighbridge?

Most independent estates in Jalpaiguri tell us they only catch leaf discrepancies and proxy hazira 10 to 14 days later when the fortnightly muster roll reaches the office.

Are you able to see your daily leaf reconciliation and worker count on your phone before the evening shift, or is your team still compiling it on paper?"
West Bengal,BHANDIGURI,Organized Estate,No,ARUN KUMAR MUNDRA,Jalpaiguri,320.2,AMITAVA SENGUPTA,9635304056,096353 04056,Yes,goowill_154@yahoo.co.in,Jalpaiguri,"Arun Watch Co, Dinbazar Rd, Jalpaiguri, West Bengal 735101",Qualified,Tier 1 (High Leakage / Paper Priority),8,Consumer/ISP email (@yahoo.co.in) | Mid-tier acreage sweet spot (320.2 Ha) | Jalpaiguri HQ,,WhatsApp / Phone,WhatsApp / Call + 1-Page Postal Dispatch + Email,"Namaskar Amitava-ji,

When green leaf trucks move from field divisions to the factory at Bhandiguri, what percentage difference are you typically seeing between the field scale and factory weighbridge?

Most independent estates in Jalpaiguri tell us they only catch leaf discrepancies and proxy hazira 10 to 14 days later when the fortnightly muster roll reaches the office.

Are you able to see your daily leaf reconciliation and worker count on your phone before the evening shift, or is your team still compiling it on paper?"
West Bengal,BHARDESHWAR TEA PLANTATION,Organized Estate,No,PARTHA PRATIM PAUL,Jalpaiguri,106.0,PARTHA PRATIM PAUL,8910586504,089105 86504,Yes,,Jalpaiguri,"Dr Partha Pratim Deb, Basu's Clinic, Nandalal Basu Sarani, College Para, Hakim Para, Siliguri, West Bengal 734001",Qualified,Tier 2 (Qualified Independent),6,No email listed (paper-dominant) | Mid-tier acreage sweet spot (106.0 Ha) | Jalpaiguri HQ,,WhatsApp / Phone,WhatsApp / Call + 1-Page Postal Dispatch,"Namaskar Partha-ji,

When green leaf trucks move from field divisions to the factory at Bhardeshwar Tea Plantation, what percentage difference are you typically seeing between the field scale and factory weighbridge?

Most independent estates in Jalpaiguri tell us they only catch leaf discrepancies and proxy hazira 10 to 14 days later when the fortnightly muster roll reaches the office.

Are you able to see your daily leaf reconciliation and worker count on your phone before the evening shift, or is your team still compiling it on paper?"
West Bengal,BHASANI TEA ESTATE,Organized Estate,No,SANJIT PAUL,Jalpaiguri,40.0,SANJIT PAUL,9832064039,9832064039,Yes,,Siliguri,"Shop No - 0108, First Floor, Dr.Paul's Multispeciality Clinic Pvt. Ltd., City Centre Mall, Block - A, Matigara, Siliguri, West Bengal 734010",Qualified,Tier 2 (Qualified Independent),6,No email listed (paper-dominant) | Small holding (40.0 Ha) | Siliguri HQ (local operating hub),,WhatsApp / Phone,WhatsApp / Call + 1-Page Postal Dispatch,"Namaskar Sanjit-ji,

When green leaf trucks move from field divisions to the factory at Bhasani Tea Estate, what percentage difference are you typically seeing between the field scale and factory weighbridge?

Most independent estates in Jalpaiguri tell us they only catch leaf discrepancies and proxy hazira 10 to 14 days later when the fortnightly muster roll reaches the office.

Are you able to see your daily leaf reconciliation and worker count on your phone before the evening shift, or is your team still compiling it on paper?"
West Bengal,GADRA TEA ESTATE,Organized Estate,No,BINDO BEHARI TEA INDUSTRIES PVT LTD,Jalpaiguri,22.7,DR. SUSANTA KR. ROY,9775428615,9775428615,Yes,,Siliguri,"Dewill Industries Pvt Ltd, Ashirbad Apartment, Road, 02, Rd Number 2, Siliguri, West Bengal 734005",Qualified,Tier 2 (Qualified Independent),6,No email listed (paper-dominant) | Small holding (22.7 Ha) | Siliguri HQ (local operating hub),,WhatsApp / Phone,WhatsApp / Call + 1-Page Postal Dispatch,"Namaskar Susanta-ji,

When green leaf trucks move from field divisions to the factory at Gadra Tea Estate, what percentage difference are you typically seeing between the field scale and factory weighbridge?

Most independent estates in Jalpaiguri tell us they only catch leaf discrepancies and proxy hazira 10 to 14 days later when the fortnightly muster roll reaches the office.

Are you able to see your daily leaf reconciliation and worker count on your phone before the evening shift, or is your team still compiling it on paper?"
West Bengal,HARINAGAR TEA ESTATE,Organized Estate,No,RUCHI AGRO PRODUCTS PVT LTD SANDIP AGARWAL,Jalpaiguri,18.0,". ROAD, SILIGURI BAZAR,",9832041691,98320-41691,Yes,slsandip@yahoo.com,Siliguri,"Ruchi Agro Products Private Limited, near Sarodamani High School, School Para, Fatapukur, Chhat Guzrimari, West Bengal 735134",Qualified,Tier 1 (High Leakage / Paper Priority),8,Consumer/ISP email (@yahoo.com) | Small holding (18.0 Ha) | Siliguri HQ (local operating hub),,WhatsApp / Phone,WhatsApp / Call + 1-Page Postal Dispatch + Email,"Namaskar .-ji,

When green leaf trucks move from field divisions to the factory at Harinagar Tea Estate, what percentage difference are you typically seeing between the field scale and factory weighbridge?

Most independent estates in Jalpaiguri tell us they only catch leaf discrepancies and proxy hazira 10 to 14 days later when the fortnightly muster roll reaches the office.

Are you able to see your daily leaf reconciliation and worker count on your phone before the evening shift, or is your team still compiling it on paper?"
West Bengal,HIRALAL TEA GARDEN,Organized Estate,No,NARAYAN CHANDRA DUTTA,Jalpaiguri,84.4,NARAYAN CHANDRA DUTTA,9933391167,9933391167,Yes,bissudut@rediffmail.com,Siliguri,"Dr. Arunava Datta, Pratik Medico, Hill Cart Rd, opposite Howrah Petrol Pump, Ward 10, Janta Nagar, Siliguri, West Bengal 734001",Qualified,Tier 1 (High Leakage / Paper Priority),10,Consumer/ISP email (@rediffmail.com) | Mid-tier acreage sweet spot (84.4 Ha) | Siliguri HQ (local operating hub),,WhatsApp / Phone,WhatsApp / Call + 1-Page Postal Dispatch + Email,"Namaskar Narayan-ji,

When green leaf trucks move from field divisions to the factory at Hiralal Tea Garden, what percentage difference are you typically seeing between the field scale and factory weighbridge?

Most independent estates in Jalpaiguri tell us they only catch leaf discrepancies and proxy hazira 10 to 14 days later when the fortnightly muster roll reaches the office.

Are you able to see your daily leaf reconciliation and worker count on your phone before the evening shift, or is your team still compiling it on paper?"
West Bengal,JAGAT BANDHU TEA ESTATE,Organized Estate,No,DILIP KR. GHOSH,Jalpaiguri,42.5,DILIP KR. GHOSH,033 2337 4736,033 2337 4736,No,,Kolkata,"Dr Dilip Kr Ghosh, Salt Lake, BF 247, BF Block, Sector 1, Bidhannagar, Kolkata, West Bengal 700064",Qualified,Tier 2 (Qualified Independent),4,No email listed (paper-dominant) | Small holding (42.5 Ha) | Kolkata HQ,,1-Page Postal Letter,1-Page Postal Dispatch,"Namaskar Dilip-ji,

When green leaf trucks move from field divisions to the factory at Jagat Bandhu Tea Estate, what percentage difference are you typically seeing between the field scale and factory weighbridge?

Most independent estates in Jalpaiguri tell us they only catch leaf discrepancies and proxy hazira 10 to 14 days later when the fortnightly muster roll reaches the office.

Are you able to see your daily leaf reconciliation and worker count on your phone before the evening shift, or is your team still compiling it on paper?"
West Bengal,JANAKI GOSAI TEA ESTATE,Organized Estate,No,JANAKI GOSAI TEA ESTATE PVT LTD,Jalpaiguri,20.5,JAYANTA BANIK,03561-276882,03561-276882,No,julie_jayanta@yahoo.co.in,Jalpaiguri,"HJWP+HG7 Joypur Tea Estate, Patkata Colony, Denguajhar, Jalpaiguri, West Bengal 735121",Qualified,Tier 2 (Qualified Independent),6,Consumer/ISP email (@yahoo.co.in) | Small holding (20.5 Ha) | Jalpaiguri HQ,,1-Page Postal Letter,1-Page Postal Dispatch + Email,"Namaskar Jayanta-ji,

When green leaf trucks move from field divisions to the factory at Janaki Gosai Tea Estate, what percentage difference are you typically seeing between the field scale and factory weighbridge?

Most independent estates in Jalpaiguri tell us they only catch leaf discrepancies and proxy hazira 10 to 14 days later when the fortnightly muster roll reaches the office.

Are you able to see your daily leaf reconciliation and worker count on your phone before the evening shift, or is your team still compiling it on paper?"
West Bengal,RUNGGOTI TEA GARDEN,Organized Estate,No,NPS COLD STORAGE PVT LTD,Jalpaiguri,44.5,NANI GOPAL PAUL,0353-2436673,0353-2436673,No,,Siliguri,"Nps Cold Storage Pvt. Ltd., Nps cold Storage pvt. Ltd, Fatapukur, Chhat Guzrimari, West Bengal 735134",Qualified,Tier 2 (Qualified Independent),6,No email listed (paper-dominant) | Small holding (44.5 Ha) | Siliguri HQ (local operating hub),,1-Page Postal Letter,1-Page Postal Dispatch,"Namaskar Nani-ji,

When green leaf trucks move from field divisions to the factory at Runggoti Tea Garden, what percentage difference are you typically seeing between the field scale and factory weighbridge?

Most independent estates in Jalpaiguri tell us they only catch leaf discrepancies and proxy hazira 10 to 14 days later when the fortnightly muster roll reaches the office.

Are you able to see your daily leaf reconciliation and worker count on your phone before the evening shift, or is your team still compiling it on paper?"
West Bengal,SHAAKTIMANN TEA ESTATE,Organized Estate,No,GOLDEN LEAF TEA PLANTATIONS ASHOK KUMAR AGAEWAL,Jalpaiguri,94.0,GOLDEN LEAF TEA,9434760747,9434760747,Yes,goldenleaf@rediffmail.com,Siliguri,"Golden Leaf, near Murgi Hati Bidhan Market, Ward 11, Hakim Para, Siliguri, West Bengal 734001",Qualified,Tier 1 (High Leakage / Paper Priority),10,Consumer/ISP email (@rediffmail.com) | Mid-tier acreage sweet spot (94.0 Ha) | Siliguri HQ (local operating hub),,WhatsApp / Phone,WhatsApp / Call + 1-Page Postal Dispatch + Email,"Namaskar Golden-ji,

When green leaf trucks move from field divisions to the factory at Shaaktimann Tea Estate, what percentage difference are you typically seeing between the field scale and factory weighbridge?

Most independent estates in Jalpaiguri tell us they only catch leaf discrepancies and proxy hazira 10 to 14 days later when the fortnightly muster roll reaches the office.

Are you able to see your daily leaf reconciliation and worker count on your phone before the evening shift, or is your team still compiling it on paper?"
West Bengal,SHIKARPUR TEA ESTATE,Organized Estate,No,SHIKARPUR & BHANDAPUR TEA,Jalpaiguri,491.4,NARENDRA BERLIA,9800136393,9800136393,Yes,shikarpurteaestate@gmail.com,Siliguri,"JHGF+3Q5 Shikarpur Tea Estate Factory, Shikarpur, West Bengal 735133",Qualified,Tier 1 (High Leakage / Paper Priority),7,Consumer/ISP email (@gmail.com) | Siliguri HQ (local operating hub),,WhatsApp / Phone,WhatsApp / Call + 1-Page Postal Dispatch + Email,"Namaskar Narendra-ji,

When green leaf trucks move from field divisions to the factory at Shikarpur Tea Estate, what percentage difference are you typically seeing between the field scale and factory weighbridge?

Most independent estates in Jalpaiguri tell us they only catch leaf discrepancies and proxy hazira 10 to 14 days later when the fortnightly muster roll reaches the office.

Are you able to see your daily leaf reconciliation and worker count on your phone before the evening shift, or is your team still compiling it on paper?"
West Bengal,SHYAMAL BAG TEA ESTATE,Organized Estate,No,HARISHPUR TEA CO. PVT. LTD.,Jalpaiguri,28.1,SAIBAL GANGULY,033 2460 2870,033 2460 2870,No,,Kolkata,"Flat no. 2A( 2nd floor, Harishpur Tea Company Private Limited, Kolkatta Branch Office, 18/1, Gariahat Rd, Ballygunge Gardens, Gariahat, Kolkata, West Bengal 700019",Disqualified,Disqualified,4,No email listed (paper-dominant) | Small holding (28.1 Ha) | Kolkata HQ,Current GardenSuite client (HARISHPUR),1-Page Postal Letter,1-Page Postal Dispatch,"Namaskar Saibal-ji,

When green leaf trucks move from field divisions to the factory at Shyamal Bag Tea Estate, what percentage difference are you typically seeing between the field scale and factory weighbridge?

Most independent estates in Jalpaiguri tell us they only catch leaf discrepancies and proxy hazira 10 to 14 days later when the fortnightly muster roll reaches the office.

Are you able to see your daily leaf reconciliation and worker count on your phone before the evening shift, or is your team still compiling it on paper?"
West Bengal,BILATIBARI TEA ESTATE,Organized Estate,No,BILATIBARI TEA COMPANY PVT. LTD,Uttar Dinajpur,45.5,BILATIBARI TEA COMPANY PVT.,03526255224,03526255224,No,bilatibariteaco@gmail.com,Islampur,"Bilatibari Tea Co. Factory, Dakshin Kundal Pukhar, West Bengal 733207",Qualified,Tier 2 (Qualified Independent),5,Consumer/ISP email (@gmail.com) | Small holding (45.5 Ha),,1-Page Postal Letter,1-Page Postal Dispatch + Email,"Namaskar Bilatibari-ji,

When green leaf trucks move from field divisions to the factory at Bilatibari Tea Estate, what percentage difference are you typically seeing between the field scale and factory weighbridge?

Most independent estates in Uttar Dinajpur tell us they only catch leaf discrepancies and proxy hazira 10 to 14 days later when the fortnightly muster roll reaches the office.

Are you able to see your daily leaf reconciliation and worker count on your phone before the evening shift, or is your team still compiling it on paper?"
West Bengal,CHANDAN TEA ESTATE,Organized Estate,No,CHANDAN TEA INDUSTRIES PVT.,Uttar Dinajpur,257.2,MR. RAJ BANSAL,9733244970,09733244970,Yes,,Kolkata,"Chandan Tea Industries Pvt Ltd, 4, Chittaranjan Ave, Esplanade, Chandni Chawk, Bowbazar, Kolkata, West Bengal 700072",Disqualified,Disqualified,6,No email listed (paper-dominant) | Mid-tier acreage sweet spot (257.2 Ha) | Kolkata HQ,Current GardenSuite client (CHANDAN),WhatsApp / Phone,WhatsApp / Call + 1-Page Postal Dispatch,"Namaskar Raj-ji,

When green leaf trucks move from field divisions to the factory at Chandan Tea Estate, what percentage difference are you typically seeing between the field scale and factory weighbridge?

Most independent estates in Uttar Dinajpur tell us they only catch leaf discrepancies and proxy hazira 10 to 14 days later when the fortnightly muster roll reaches the office.

Are you able to see your daily leaf reconciliation and worker count on your phone before the evening shift, or is your team still compiling it on paper?"
West Bengal,DEBIJHORA,Organized Estate,No,DEBIJHORA TEA CO. LTD.,Uttar Dinajpur,305.4,A. K. CHATTEERJEE,9735038114,9735038114,Yes,samdutt62@gmail.com,Siliguri,"Debijhora Tea Estate Factory, Butijhari, West Bengal 733207",Disqualified,Disqualified,10,Consumer/ISP email (@gmail.com) | Mid-tier acreage sweet spot (305.4 Ha) | Siliguri HQ (local operating hub),Public limited company,WhatsApp / Phone,WhatsApp / Call + 1-Page Postal Dispatch + Email,"Namaskar A.-ji,

When green leaf trucks move from field divisions to the factory at Debijhora, what percentage difference are you typically seeing between the field scale and factory weighbridge?

Most independent estates in Uttar Dinajpur tell us they only catch leaf discrepancies and proxy hazira 10 to 14 days later when the fortnightly muster roll reaches the office.

Are you able to see your daily leaf reconciliation and worker count on your phone before the evening shift, or is your team still compiling it on paper?"
West Bengal,GOALGACH TEA ESTATE,Organized Estate,No,473.66,Uttar Dinajpur,473.7,0,9333057749,9333057749,Yes,,Kolkata,"Kolkata, West Bengal",Uncertain / Backlog,Tier 3,3,No email listed (paper-dominant) | Kolkata HQ,Low signal density,WhatsApp / Phone,WhatsApp / Call + 1-Page Postal Dispatch,"Namaskar 0-ji,

When green leaf trucks move from field divisions to the factory at Goalgach Tea Estate, what percentage difference are you typically seeing between the field scale and factory weighbridge?

Most independent estates in Uttar Dinajpur tell us they only catch leaf discrepancies and proxy hazira 10 to 14 days later when the fortnightly muster roll reaches the office.

Are you able to see your daily leaf reconciliation and worker count on your phone before the evening shift, or is your team still compiling it on paper?"
West Bengal,GOPE TEA ESTATE,Organized Estate,No,GOPE TEA PLANTATION PVT. LTD. MR. DIPAK GOPE,Uttar Dinajpur,46.2,"DYA SAGAR PALLY,P.O.",9932144072,09932144072,Yes,adv.dipakgope@yahoo.com,Siliguri,"9CV7+7Q9 Gope Tea Plantation Factory, GOPE TEA ESTATE VILL. UTTAR HAZARBIGHA P.O. ASAARU BASTI P.S. CHOPRA, Daspara, Ghirnigaon Khas, West Bengal 733207",Qualified,Tier 1 (High Leakage / Paper Priority),8,Consumer/ISP email (@yahoo.com) | Small holding (46.2 Ha) | Siliguri HQ (local operating hub),,WhatsApp / Phone,WhatsApp / Call + 1-Page Postal Dispatch + Email,"Namaskar Dya-ji,

When green leaf trucks move from field divisions to the factory at Gope Tea Estate, what percentage difference are you typically seeing between the field scale and factory weighbridge?

Most independent estates in Uttar Dinajpur tell us they only catch leaf discrepancies and proxy hazira 10 to 14 days later when the fortnightly muster roll reaches the office.

Are you able to see your daily leaf reconciliation and worker count on your phone before the evening shift, or is your team still compiling it on paper?"
West Bengal,GUPTA TEA ESTATE,Organized Estate,No,GUPTA TEA ESTATE,Uttar Dinajpur,34.0,MR. KRISHNA KR GUPTA,+977 981-5050555,+977 981-5050555,No,badamitea@rediffmail.com,Other / Unspecified,"Gupta Tea Estate, Bhadrapur, Koshi Province 57200, Nepal",Qualified,Tier 2 (Qualified Independent),5,Consumer/ISP email (@rediffmail.com) | Small holding (34.0 Ha),,1-Page Postal Letter,1-Page Postal Dispatch + Email,"Namaskar Krishna-ji,

When green leaf trucks move from field divisions to the factory at Gupta Tea Estate, what percentage difference are you typically seeing between the field scale and factory weighbridge?

Most independent estates in Uttar Dinajpur tell us they only catch leaf discrepancies and proxy hazira 10 to 14 days later when the fortnightly muster roll reaches the office.

Are you able to see your daily leaf reconciliation and worker count on your phone before the evening shift, or is your team still compiling it on paper?"
West Bengal,ICHHAMOTI,Organized Estate,No,PURBASHA PLANTATIONS & TEA,Uttar Dinajpur,134.9,MRS. DEBOMITRA DEY SARKAR,9832435772,9832435772,Yes,purbashaslgind@yahoo.in,Siliguri,"First Floor, Deepak Plastic Udyog, 262, Bidhan Rd, Ward 11, Hakim Para, Siliguri, West Bengal 734001",Qualified,Tier 1 (High Leakage / Paper Priority),10,Consumer/ISP email (@yahoo.in) | Mid-tier acreage sweet spot (134.9 Ha) | Siliguri HQ (local operating hub),,WhatsApp / Phone,WhatsApp / Call + 1-Page Postal Dispatch + Email,"Namaskar S.-ji,

When green leaf trucks move from field divisions to the factory at Ichhamoti, what percentage difference are you typically seeing between the field scale and factory weighbridge?

Most independent estates in Uttar Dinajpur tell us they only catch leaf discrepancies and proxy hazira 10 to 14 days later when the fortnightly muster roll reaches the office.

Are you able to see your daily leaf reconciliation and worker count on your phone before the evening shift, or is your team still compiling it on paper?"
West Bengal,JOTINDRA MOHAN,Organized Estate,No,JOTINDRA MOHON TEA,Uttar Dinajpur,51.5,PROKASH DAS,9399038532,093990 38532,Yes,adv.dipakgope@yahoo.com,Darjeeling,"CCX2+GC8 Jatindra Mohan Tea Company Factory, Choagari, West Bengal 733207",Qualified,Tier 1 (High Leakage / Paper Priority),7,Consumer/ISP email (@yahoo.com) | Mid-tier acreage sweet spot (51.5 Ha),,WhatsApp / Phone,WhatsApp / Call + 1-Page Postal Dispatch + Email,"Namaskar Prokash-ji,

When green leaf trucks move from field divisions to the factory at Jotindra Mohan, what percentage difference are you typically seeing between the field scale and factory weighbridge?

Most independent estates in Uttar Dinajpur tell us they only catch leaf discrepancies and proxy hazira 10 to 14 days later when the fortnightly muster roll reaches the office.

Are you able to see your daily leaf reconciliation and worker count on your phone before the evening shift, or is your team still compiling it on paper?"
West Bengal,KUSUM TEA ESTATE,Organized Estate,No,NORTH BENGAL TEA PLANTATION JAGDISH PRASAD AGARWAL,Uttar Dinajpur,204.0,ILIGURI,03532502010,03532502010,No,kusum.slg@gmail.com,Siliguri,"WARD NO 5, North Bengal Tea & Allied, Hanuman Mandir Rd, Ganga Nagar, Mahananda Para, Siliguri, West Bengal 734005",Qualified,Tier 1 (High Leakage / Paper Priority),10,Consumer/ISP email (@gmail.com) | Mid-tier acreage sweet spot (204.0 Ha) | Siliguri HQ (local operating hub),,1-Page Postal Letter,1-Page Postal Dispatch + Email,"Namaskar Iliguri-ji,

When green leaf trucks move from field divisions to the factory at Kusum Tea Estate, what percentage difference are you typically seeing between the field scale and factory weighbridge?

Most independent estates in Uttar Dinajpur tell us they only catch leaf discrepancies and proxy hazira 10 to 14 days later when the fortnightly muster roll reaches the office.

Are you able to see your daily leaf reconciliation and worker count on your phone before the evening shift, or is your team still compiling it on paper?"
West Bengal,LAKHIPUR (DUNCANS),Organized Estate,No,DUNCANS INDUSTRIES LIMITED,Uttar Dinajpur,126.8,MR M GURBAXANI,033 2242 1605,033 2242 1605,No,,Kolkata,"4th Floor, Duncans Tea Limited, Duncan House, 31, Netaji Subhas Rd, Murgighata, B.B.D. Bagh, Kolkata, West Bengal 700001",Disqualified,Disqualified,6,No email listed (paper-dominant) | Mid-tier acreage sweet spot (126.8 Ha) | Kolkata HQ,Conglomerate keyword match (DUNCANS),1-Page Postal Letter,1-Page Postal Dispatch,"Namaskar M-ji,

When green leaf trucks move from field divisions to the factory at Lakhipur (Duncans), what percentage difference are you typically seeing between the field scale and factory weighbridge?

Most independent estates in Uttar Dinajpur tell us they only catch leaf discrepancies and proxy hazira 10 to 14 days later when the fortnightly muster roll reaches the office.

Are you able to see your daily leaf reconciliation and worker count on your phone before the evening shift, or is your team still compiling it on paper?"
West Bengal,MAHAMAYA TEA ESTATE,Organized Estate,No,MAHAMAYA AGRO INDUSTRIES PVT. LTD.,Uttar Dinajpur,53.3,MR. SWAPAN DAS,9851783306,098517 83306,Yes,das.sqapan65@yahoo.com,Islampur,"Mahamaya Tea & Agro Industries Pvt Ltd, Sonamoti Rd, BSF Camp, Gunabari, West Bengal 733202",Qualified,Tier 1 (High Leakage / Paper Priority),7,Consumer/ISP email (@yahoo.com) | Mid-tier acreage sweet spot (53.3 Ha),,WhatsApp / Phone,WhatsApp / Call + 1-Page Postal Dispatch + Email,"Namaskar Swapan-ji,

When green leaf trucks move from field divisions to the factory at Mahamaya Tea Estate, what percentage difference are you typically seeing between the field scale and factory weighbridge?

Most independent estates in Uttar Dinajpur tell us they only catch leaf discrepancies and proxy hazira 10 to 14 days later when the fortnightly muster roll reaches the office.

Are you able to see your daily leaf reconciliation and worker count on your phone before the evening shift, or is your team still compiling it on paper?"
West Bengal,MATRI,Organized Estate,No,M C NANDI,Uttar Dinajpur,129.0,NIL,03526 255 224,03526 255 224,No,nanditeaslg@bsnl.in,Islampur,"Nandi Trading, Netaji Subhash Rd, Teenpool, Islampur, West Bengal 733202",Qualified,Tier 1 (High Leakage / Paper Priority),7,Consumer/ISP email (@bsnl.in) | Mid-tier acreage sweet spot (129.0 Ha),,1-Page Postal Letter,1-Page Postal Dispatch + Email,"Namaskar Nil-ji,

When green leaf trucks move from field divisions to the factory at Matri, what percentage difference are you typically seeing between the field scale and factory weighbridge?

Most independent estates in Uttar Dinajpur tell us they only catch leaf discrepancies and proxy hazira 10 to 14 days later when the fortnightly muster roll reaches the office.

Are you able to see your daily leaf reconciliation and worker count on your phone before the evening shift, or is your team still compiling it on paper?"
West Bengal,MAYA TEA ESTATE,Organized Estate,No,SEAL & CO (P) LTD.,Uttar Dinajpur,59.0,PRABIR SEAL,03532435425,03532435425,No,sealtea@sanchernet.in,Siliguri,"Dolphin Labels, 453, Bidhan Rd, beside P.G.Jewellers, near Auto Stand, Ward 11, Hakim Para, Siliguri, West Bengal 734001",Qualified,Tier 1 (High Leakage / Paper Priority),7,Custom domain (@sanchernet.in) | Mid-tier acreage sweet spot (59.0 Ha) | Siliguri HQ (local operating hub),,1-Page Postal Letter,1-Page Postal Dispatch + Email,"Namaskar Prabir-ji,

When green leaf trucks move from field divisions to the factory at Maya Tea Estate, what percentage difference are you typically seeing between the field scale and factory weighbridge?

Most independent estates in Uttar Dinajpur tell us they only catch leaf discrepancies and proxy hazira 10 to 14 days later when the fortnightly muster roll reaches the office.

Are you able to see your daily leaf reconciliation and worker count on your phone before the evening shift, or is your team still compiling it on paper?"
West Bengal,PARAGON TEA ESTATE,Organized Estate,No,.81,Uttar Dinajpur,38.4,38.40,9434741736,9434741736,Yes,,Islampur,"Islampur, West Bengal",Uncertain / Backlog,Tier 3,3,No email listed (paper-dominant) | Small holding (38.4 Ha),Low signal density,WhatsApp / Phone,WhatsApp / Call + 1-Page Postal Dispatch,"Namaskar 38.40-ji,

When green leaf trucks move from field divisions to the factory at Paragon Tea Estate, what percentage difference are you typically seeing between the field scale and factory weighbridge?

Most independent estates in Uttar Dinajpur tell us they only catch leaf discrepancies and proxy hazira 10 to 14 days later when the fortnightly muster roll reaches the office.

Are you able to see your daily leaf reconciliation and worker count on your phone before the evening shift, or is your team still compiling it on paper?"
West Bengal,PATAGORA TEA GARDEN (DUNCANS,Organized Estate,No,DUNCANS INDUSTRIES LIMITED,Uttar Dinajpur,295.9,DUNCANS INDUSTRIES LIMITED,033 2242 1605,033 2242 1605,No,,Kolkata,"4th Floor, Duncans Tea Limited, Duncan House, 31, Netaji Subhas Rd, Murgighata, B.B.D. Bagh, Kolkata, West Bengal 700001",Disqualified,Disqualified,6,No email listed (paper-dominant) | Mid-tier acreage sweet spot (295.9 Ha) | Kolkata HQ,Conglomerate keyword match (DUNCANS),1-Page Postal Letter,1-Page Postal Dispatch,"Namaskar Duncans-ji,

When green leaf trucks move from field divisions to the factory at Patagora Tea Garden (Duncans, what percentage difference are you typically seeing between the field scale and factory weighbridge?

Most independent estates in Uttar Dinajpur tell us they only catch leaf discrepancies and proxy hazira 10 to 14 days later when the fortnightly muster roll reaches the office.

Are you able to see your daily leaf reconciliation and worker count on your phone before the evening shift, or is your team still compiling it on paper?"
West Bengal,"PUSPA TEA ESTATE PVT. LTD.,",Organized Estate,No,PUSPA TEA ESTATE PVT. LTD,Uttar Dinajpur,54.1,PUSPA TEA ESTATE PVT. LTD,03532535668,03532535668,No,sondeepteapvt.ltd50@yahoo.in,Other / Unspecified,"CCQQ+788 Puspa Tea Estate, Uttar Jaypura, West Bengal 733207",Qualified,Tier 1 (High Leakage / Paper Priority),7,Consumer/ISP email (@yahoo.in) | Mid-tier acreage sweet spot (54.1 Ha),,1-Page Postal Letter,1-Page Postal Dispatch + Email,"Namaskar Puspa-ji,

When green leaf trucks move from field divisions to the factory at Puspa Tea Estate Pvt. Ltd.,, what percentage difference are you typically seeing between the field scale and factory weighbridge?

Most independent estates in Uttar Dinajpur tell us they only catch leaf discrepancies and proxy hazira 10 to 14 days later when the fortnightly muster roll reaches the office.

Are you able to see your daily leaf reconciliation and worker count on your phone before the evening shift, or is your team still compiling it on paper?"
West Bengal,RAHAMAN AGRO PLANTATION PVT.,Organized Estate,No,RAHAMAN AGRO PLANTATION,Uttar Dinajpur,83.0,MR. JAHANGIR ALAM,9635303122,9635303122,Yes,jajhangiralam62@gmail.com,Siliguri,"RAHAMAN AGRO PLANTATION TEA FACTORY, Dakshin Kundal Pukhar, West Bengal 733207",Qualified,Tier 1 (High Leakage / Paper Priority),10,Consumer/ISP email (@gmail.com) | Mid-tier acreage sweet spot (83.0 Ha) | Siliguri HQ (local operating hub),,WhatsApp / Phone,WhatsApp / Call + 1-Page Postal Dispatch + Email,"Namaskar Jahangir-ji,

When green leaf trucks move from field divisions to the factory at Rahaman Agro Plantation Pvt., what percentage difference are you typically seeing between the field scale and factory weighbridge?

Most independent estates in Uttar Dinajpur tell us they only catch leaf discrepancies and proxy hazira 10 to 14 days later when the fortnightly muster roll reaches the office.

Are you able to see your daily leaf reconciliation and worker count on your phone before the evening shift, or is your team still compiling it on paper?"
West Bengal,RAMABOTY TEA ESTATE,Organized Estate,No,A.C PAUL AGRICULTURAL CO. PVT. LTD,Uttar Dinajpur,233.1,SUNIL KRISHNA PAUL,269251,269251,No,slg@yahoo.co.in,Siliguri,"A. C. Paul & Sons, Mangturam Rd, Ward 8, Khalpara, Siliguri, West Bengal 734005",Qualified,Tier 1 (High Leakage / Paper Priority),10,Consumer/ISP email (@yahoo.co.in) | Mid-tier acreage sweet spot (233.1 Ha) | Siliguri HQ (local operating hub),,1-Page Postal Letter,1-Page Postal Dispatch + Email,"Namaskar Sunil-ji,

When green leaf trucks move from field divisions to the factory at Ramaboty Tea Estate, what percentage difference are you typically seeing between the field scale and factory weighbridge?

Most independent estates in Uttar Dinajpur tell us they only catch leaf discrepancies and proxy hazira 10 to 14 days later when the fortnightly muster roll reaches the office.

Are you able to see your daily leaf reconciliation and worker count on your phone before the evening shift, or is your team still compiling it on paper?"
West Bengal,RIDHI SIDHI TEA ESTATE,Organized Estate,No,KAMAL MITRUKA,Uttar Dinajpur,60.7,KAMAL MITRUKA,9933158269,9933158269,Yes,lionkamalmitruka@yahoo.com,Siliguri,"Kamala Trading, Sevoke Rd, opposite Hotel Sabera, Ward 10, Sevoke more, Siliguri, West Bengal 734001",Qualified,Tier 1 (High Leakage / Paper Priority),10,Consumer/ISP email (@yahoo.com) | Mid-tier acreage sweet spot (60.7 Ha) | Siliguri HQ (local operating hub),,WhatsApp / Phone,WhatsApp / Call + 1-Page Postal Dispatch + Email,"Namaskar Kamal-ji,

When green leaf trucks move from field divisions to the factory at Ridhi Sidhi Tea Estate, what percentage difference are you typically seeing between the field scale and factory weighbridge?

Most independent estates in Uttar Dinajpur tell us they only catch leaf discrepancies and proxy hazira 10 to 14 days later when the fortnightly muster roll reaches the office.

Are you able to see your daily leaf reconciliation and worker count on your phone before the evening shift, or is your team still compiling it on paper?"
West Bengal,T.N.CHOWDHURY TEA ESTATE,Organized Estate,No,T.N.CHOWDHURY TEA ESTATE PVT. LTD.,Uttar Dinajpur,161.8,MR. DIPANKAR CHOWDHURY,03526255034,03526255034,No,tnchowdhury34@gmail.com,Islampur,"T N Chowdhury Tea Estate Factory, Benikandar, West Bengal 733202",Qualified,Tier 1 (High Leakage / Paper Priority),7,Consumer/ISP email (@gmail.com) | Mid-tier acreage sweet spot (161.8 Ha),,1-Page Postal Letter,1-Page Postal Dispatch + Email,"Namaskar Dipankar-ji,

When green leaf trucks move from field divisions to the factory at T.N.Chowdhury Tea Estate, what percentage difference are you typically seeing between the field scale and factory weighbridge?

Most independent estates in Uttar Dinajpur tell us they only catch leaf discrepancies and proxy hazira 10 to 14 days later when the fortnightly muster roll reaches the office.

Are you able to see your daily leaf reconciliation and worker count on your phone before the evening shift, or is your team still compiling it on paper?"
West Bengal,BIRPARA TE,Organized Estate,No,DUNCANS INDUSTRIES LIMITED,Jalpaiguri,1004.4,M. GURBAXANI,033 2242 1605,033 2242 1605,No,birtg@rediffmail.com,Kolkata,"4th Floor, Duncans Tea Limited, Duncan House, 31, Netaji Subhas Rd, Murgighata, B.B.D. Bagh, Kolkata, West Bengal 700001",Disqualified,Disqualified,3,Consumer/ISP email (@rediffmail.com) | Large enterprise acreage (1004.4 Ha) | Kolkata HQ,Conglomerate keyword match (DUNCANS),1-Page Postal Letter,1-Page Postal Dispatch + Email,"Namaskar M.-ji,

When green leaf trucks move from field divisions to the factory at Birpara Te, what percentage difference are you typically seeing between the field scale and factory weighbridge?

Most independent estates in Jalpaiguri tell us they only catch leaf discrepancies and proxy hazira 10 to 14 days later when the fortnightly muster roll reaches the office.

Are you able to see your daily leaf reconciliation and worker count on your phone before the evening shift, or is your team still compiling it on paper?"
West Bengal,BUNDAPANI TEA GARDEN,Organized Estate,No,ALIPURDUAR ENTERPRISES LTD,Jalpaiguri,529.6,RAKESH SRIVASTAVA,9333449097,9333449097,Yes,bundapani@rediffmail.com,Siliguri,"Choudhury Enterprise (AD), Hill Cart Rd, Ward 11, Hakim Para, Siliguri, West Bengal 734001",Disqualified,Disqualified,5,Consumer/ISP email (@rediffmail.com) | Large enterprise acreage (529.6 Ha) | Siliguri HQ (local operating hub),Public limited company,WhatsApp / Phone,WhatsApp / Call + 1-Page Postal Dispatch + Email,"Namaskar Rakesh-ji,

When green leaf trucks move from field divisions to the factory at Bundapani Tea Garden, what percentage difference are you typically seeing between the field scale and factory weighbridge?

Most independent estates in Jalpaiguri tell us they only catch leaf discrepancies and proxy hazira 10 to 14 days later when the fortnightly muster roll reaches the office.

Are you able to see your daily leaf reconciliation and worker count on your phone before the evening shift, or is your team still compiling it on paper?"
West Bengal,DAHUK VALLEY TEA ESTATE,Organized Estate,No,USHA TEA CO PVT LTD,Jalpaiguri,174.8,SUNIL KUMAR KUNDU,9434021763,94340-21763,Yes,sanjaykundu1970@yahoo.com,Siliguri,"HC4J+QFJ Usha Tea Co Pvt Ltd, Sannyasikata, West Bengal 735134",Qualified,Tier 1 (High Leakage / Paper Priority),10,Consumer/ISP email (@yahoo.com) | Mid-tier acreage sweet spot (174.8 Ha) | Siliguri HQ (local operating hub),,WhatsApp / Phone,WhatsApp / Call + 1-Page Postal Dispatch + Email,"Namaskar Sunil-ji,

When green leaf trucks move from field divisions to the factory at Dahuk Valley Tea Estate, what percentage difference are you typically seeing between the field scale and factory weighbridge?

Most independent estates in Jalpaiguri tell us they only catch leaf discrepancies and proxy hazira 10 to 14 days later when the fortnightly muster roll reaches the office.

Are you able to see your daily leaf reconciliation and worker count on your phone before the evening shift, or is your team still compiling it on paper?"
West Bengal,DALGAON TEA ESTATE,Organized Estate,No,RNT PLANTATIONS LIMITED,Jalpaiguri,656.0,K.K. KHEMKA,033 6605 3750,033 6605 3750,No,dalgaont1896@yahoo.com,Kolkata,"G8RX+3C2 Amalgamated Plantations Pvt. Ltd., 1, Bishop Lefroy Rd, Near Rabindra Sadan METRO Gate, Sreepally, Bhowanipore, Kolkata, West Bengal 700020",Disqualified,Disqualified,3,Consumer/ISP email (@yahoo.com) | Large enterprise acreage (656.0 Ha) | Kolkata HQ,Public limited company,1-Page Postal Letter,1-Page Postal Dispatch + Email,"Namaskar K.K.-ji,

When green leaf trucks move from field divisions to the factory at Dalgaon Tea Estate, what percentage difference are you typically seeing between the field scale and factory weighbridge?

Most independent estates in Jalpaiguri tell us they only catch leaf discrepancies and proxy hazira 10 to 14 days later when the fortnightly muster roll reaches the office.

Are you able to see your daily leaf reconciliation and worker count on your phone before the evening shift, or is your team still compiling it on paper?"
West Bengal,DEMDIMA,Organized Estate,No,SANTIPARA TEA CO. LTD.,Jalpaiguri,683.6,M GURBAXANI,9333057750,9333057750,Yes,demtg@duncans-tea.com,Kolkata,"M7XV+VC7 Sannyasithan Tea Estate, Sannyasi Thaner Chhat, West Bengal 734014",Disqualified,Disqualified,0,Custom domain (@duncans-tea.com) | Large enterprise acreage (683.6 Ha) | Kolkata HQ,Public limited company,WhatsApp / Phone,WhatsApp / Call + 1-Page Postal Dispatch + Email,"Namaskar M-ji,

When green leaf trucks move from field divisions to the factory at Demdima, what percentage difference are you typically seeing between the field scale and factory weighbridge?

Most independent estates in Jalpaiguri tell us they only catch leaf discrepancies and proxy hazira 10 to 14 days later when the fortnightly muster roll reaches the office.

Are you able to see your daily leaf reconciliation and worker count on your phone before the evening shift, or is your team still compiling it on paper?"
West Bengal,DUMCHIPARA TEA ESTATE,Organized Estate,No,DUNCANS INDUSTRIES LIMITED,Jalpaiguri,695.8,AK GOEL,033 2242 1605,033 2242 1605,No,dumchipara@rediffmail.com,Kolkata,"4th Floor, Duncans Tea Limited, Duncan House, 31, Netaji Subhas Rd, Murgighata, B.B.D. Bagh, Kolkata, West Bengal 700001",Disqualified,Disqualified,3,Consumer/ISP email (@rediffmail.com) | Large enterprise acreage (695.8 Ha) | Kolkata HQ,Conglomerate keyword match (DUNCANS),1-Page Postal Letter,1-Page Postal Dispatch + Email,"Namaskar Ak-ji,

When green leaf trucks move from field divisions to the factory at Dumchipara Tea Estate, what percentage difference are you typically seeing between the field scale and factory weighbridge?

Most independent estates in Jalpaiguri tell us they only catch leaf discrepancies and proxy hazira 10 to 14 days later when the fortnightly muster roll reaches the office.

Are you able to see your daily leaf reconciliation and worker count on your phone before the evening shift, or is your team still compiling it on paper?"
West Bengal,GARGANDA TAE ESTATE,Organized Estate,No,DUNCANS INDUSTRIES LIMITED,Jalpaiguri,528.4,MR. M.GURBAXANI,033 2242 1605,033 2242 1605,No,,Kolkata,"4th Floor, Duncans Tea Limited, Duncan House, 31, Netaji Subhas Rd, Murgighata, B.B.D. Bagh, Kolkata, West Bengal 700001",Disqualified,Disqualified,1,No email listed (paper-dominant) | Large enterprise acreage (528.4 Ha) | Kolkata HQ,Conglomerate keyword match (DUNCANS),1-Page Postal Letter,1-Page Postal Dispatch,"Namaskar M.Gurbaxani-ji,

When green leaf trucks move from field divisions to the factory at Garganda Tae Estate, what percentage difference are you typically seeing between the field scale and factory weighbridge?

Most independent estates in Jalpaiguri tell us they only catch leaf discrepancies and proxy hazira 10 to 14 days later when the fortnightly muster roll reaches the office.

Are you able to see your daily leaf reconciliation and worker count on your phone before the evening shift, or is your team still compiling it on paper?"
West Bengal,GOPIMOHAN TEA ESTATE,Organized Estate,No,JAHURI DURGA TEA CO (P) LTD,Jalpaiguri,43.3,SOHANLAL MUKHERJEE,033 2287 3067,033 2287 3067,No,,Jalpaiguri,"Danguajhar Tea Garden, Denguajhar, Jalpaiguri, Paharpur, West Bengal 735121",Qualified,Tier 2 (Qualified Independent),4,No email listed (paper-dominant) | Small holding (43.3 Ha) | Jalpaiguri HQ,,1-Page Postal Letter,1-Page Postal Dispatch,"Namaskar Sohanlal-ji,

When green leaf trucks move from field divisions to the factory at Gopimohan Tea Estate, what percentage difference are you typically seeing between the field scale and factory weighbridge?

Most independent estates in Jalpaiguri tell us they only catch leaf discrepancies and proxy hazira 10 to 14 days later when the fortnightly muster roll reaches the office.

Are you able to see your daily leaf reconciliation and worker count on your phone before the evening shift, or is your team still compiling it on paper?"
West Bengal,HANTAPARA TEA ESTATE,Organized Estate,No,DUNCANS INDUSTRIES LIMITED,Jalpaiguri,655.0,DUNCANS INDUSTRIES LIMITED,033 2242 1605,033 2242 1605,No,hantatg@rediffmail.com,Kolkata,"4th Floor, Duncans Tea Limited, Duncan House, 31, Netaji Subhas Rd, Murgighata, B.B.D. Bagh, Kolkata, West Bengal 700001",Disqualified,Disqualified,3,Consumer/ISP email (@rediffmail.com) | Large enterprise acreage (655.0 Ha) | Kolkata HQ,Conglomerate keyword match (DUNCANS),1-Page Postal Letter,1-Page Postal Dispatch + Email,"Namaskar Duncans-ji,

When green leaf trucks move from field divisions to the factory at Hantapara Tea Estate, what percentage difference are you typically seeing between the field scale and factory weighbridge?

Most independent estates in Jalpaiguri tell us they only catch leaf discrepancies and proxy hazira 10 to 14 days later when the fortnightly muster roll reaches the office.

Are you able to see your daily leaf reconciliation and worker count on your phone before the evening shift, or is your team still compiling it on paper?"
West Bengal,MAKRAPARA TEA ESTATE,Organized Estate,No,ANOOP TEA CO (PVT) LTD,Jalpaiguri,177.0,AMAR AGARWAL,8926651032,89266-51032,Yes,,Kolkata,"Anup tea shop, James Long Sarani, 18 Bigha, Muradpur, Sarada Pally, Kolkata, West Bengal 700034",Qualified,Tier 2 (Qualified Independent),6,No email listed (paper-dominant) | Mid-tier acreage sweet spot (177.0 Ha) | Kolkata HQ,,WhatsApp / Phone,WhatsApp / Call + 1-Page Postal Dispatch,"Namaskar Amar-ji,

When green leaf trucks move from field divisions to the factory at Makrapara Tea Estate, what percentage difference are you typically seeing between the field scale and factory weighbridge?

Most independent estates in Jalpaiguri tell us they only catch leaf discrepancies and proxy hazira 10 to 14 days later when the fortnightly muster roll reaches the office.

Are you able to see your daily leaf reconciliation and worker count on your phone before the evening shift, or is your team still compiling it on paper?"
West Bengal,MOHUA,Organized Estate,No,WEST BENGAL TEA,Jalpaiguri,65.5,SMT. M.GUHAROY,033 2283 6416,033 2283 6416,No,,Kolkata,"4th floor, Bengal Tea & Fabrics Limited, Century Tower, 45, Shakespeare Sarani, opposite Kala Mandir, Mullick Bazar, Park Street area, Kolkata, West Bengal 700017",Disqualified,Disqualified,6,No email listed (paper-dominant) | Mid-tier acreage sweet spot (65.5 Ha) | Kolkata HQ,Multi-garden group (4 gardens),1-Page Postal Letter,1-Page Postal Dispatch,"Namaskar Smt.-ji,

When green leaf trucks move from field divisions to the factory at Mohua, what percentage difference are you typically seeing between the field scale and factory weighbridge?

Most independent estates in Jalpaiguri tell us they only catch leaf discrepancies and proxy hazira 10 to 14 days later when the fortnightly muster roll reaches the office.

Are you able to see your daily leaf reconciliation and worker count on your phone before the evening shift, or is your team still compiling it on paper?"
West Bengal,MUJNAI TEA ESTATE,Organized Estate,No,ANJUMAN TEA CO LTD,Jalpaiguri,400.2,RUPENDRA SINGH RANAWAT,7602538502,76025-38502,Yes,kamalsingh241262@rediffmail.com,Kolkata,"Anjuman Tea Co Ltd, 8, Khairu Pl, Bow Barracks, Kolkata, West Bengal 700012",Disqualified,Disqualified,5,Consumer/ISP email (@rediffmail.com) | Kolkata HQ,Public limited company,WhatsApp / Phone,WhatsApp / Call + 1-Page Postal Dispatch + Email,"Namaskar Rupendra-ji,

When green leaf trucks move from field divisions to the factory at Mujnai Tea Estate, what percentage difference are you typically seeing between the field scale and factory weighbridge?

Most independent estates in Jalpaiguri tell us they only catch leaf discrepancies and proxy hazira 10 to 14 days later when the fortnightly muster roll reaches the office.

Are you able to see your daily leaf reconciliation and worker count on your phone before the evening shift, or is your team still compiling it on paper?"
West Bengal,RAMJHORA TEA ESTATE,Organized Estate,No,HIND TEA COMPANY LIMITED,Jalpaiguri,452.8,NARENDRA BERLIA,9153864304,9153864304,Yes,sevokemotors@vsnl.net,Siliguri,"T, Darjeeling Tea Retailer - Hindusthan Tea Co., gate 1, 74, Bidhan Market Rd, opposite Hongkong market, Ward 11, Hakim Para, Siliguri, West Bengal 734001",Disqualified,Disqualified,7,Consumer/ISP email (@vsnl.net) | Siliguri HQ (local operating hub),Public limited company,WhatsApp / Phone,WhatsApp / Call + 1-Page Postal Dispatch + Email,"Namaskar Narendra-ji,

When green leaf trucks move from field divisions to the factory at Ramjhora Tea Estate, what percentage difference are you typically seeing between the field scale and factory weighbridge?

Most independent estates in Jalpaiguri tell us they only catch leaf discrepancies and proxy hazira 10 to 14 days later when the fortnightly muster roll reaches the office.

Are you able to see your daily leaf reconciliation and worker count on your phone before the evening shift, or is your team still compiling it on paper?"
West Bengal,SATALI TEA ESTATE,Organized Estate,No,DEVI BAGARIA,Jalpaiguri,903.6,DEVI BAGARIA,033 2210 7789,033 2210 7789,No,satali_tg@rediff.com,Kolkata,"4th Floor, Bagaria Trading Limited, 16, Netaji Subhas Rd, Murgighata, B.B.D. Bagh, Kolkata, West Bengal 700001",Disqualified,Disqualified,0,Custom domain (@rediff.com) | Large enterprise acreage (903.6 Ha) | Kolkata HQ,Current GardenSuite client (ATAL),1-Page Postal Letter,1-Page Postal Dispatch + Email,"Namaskar Devi-ji,

When green leaf trucks move from field divisions to the factory at Satali Tea Estate, what percentage difference are you typically seeing between the field scale and factory weighbridge?

Most independent estates in Jalpaiguri tell us they only catch leaf discrepancies and proxy hazira 10 to 14 days later when the fortnightly muster roll reaches the office.

Are you able to see your daily leaf reconciliation and worker count on your phone before the evening shift, or is your team still compiling it on paper?"
West Bengal,SINGHANIA TEA ESTATE,Organized Estate,No,SINGHANIA TEA COMPANY,Jalpaiguri,201.7,SHRI S.K.SUTODIYA,9733438584,9733438584,Yes,managersinghania@yahoo.com,Kolkata,"P5H6+567 Singhania Tea Estate, Hoasinbad Tea Garden, West Bengal 735228",Qualified,Tier 1 (High Leakage / Paper Priority),8,Consumer/ISP email (@yahoo.com) | Mid-tier acreage sweet spot (201.7 Ha) | Kolkata HQ,,WhatsApp / Phone,WhatsApp / Call + 1-Page Postal Dispatch + Email,"Namaskar S.K.Sutodiya-ji,

When green leaf trucks move from field divisions to the factory at Singhania Tea Estate, what percentage difference are you typically seeing between the field scale and factory weighbridge?

Most independent estates in Jalpaiguri tell us they only catch leaf discrepancies and proxy hazira 10 to 14 days later when the fortnightly muster roll reaches the office.

Are you able to see your daily leaf reconciliation and worker count on your phone before the evening shift, or is your team still compiling it on paper?"
West Bengal,SUBHASINI TEA ESTATE,Organized Estate,No,SUBHOJIT GHOSH,Jalpaiguri,371.8,RABI SANKAR CHATTERJEE,03566-255006,03566-255006,No,btcl@cal2.vsnl.net.in,Kolkata,"Subhajit ghosh, 228, Acharya Prafulla Chandra Rd, Shyambazar, Shyam Bazar, Fariapukur, Shyam Bazar, Kolkata, West Bengal 700004",Disqualified,Disqualified,2,Custom domain (@cal2.vsnl.net.in) | Kolkata HQ,Current GardenSuite client (SUBHASINI),1-Page Postal Letter,1-Page Postal Dispatch + Email,"Namaskar Rabi-ji,

When green leaf trucks move from field divisions to the factory at Subhasini Tea Estate, what percentage difference are you typically seeing between the field scale and factory weighbridge?

Most independent estates in Jalpaiguri tell us they only catch leaf discrepancies and proxy hazira 10 to 14 days later when the fortnightly muster roll reaches the office.

Are you able to see your daily leaf reconciliation and worker count on your phone before the evening shift, or is your team still compiling it on paper?"
West Bengal,TOORSA,Organized Estate,No,SS GUPTA,Jalpaiguri,482.0,VASISHT PACHICIA,8420890735,084208 90735,Yes,Toorsatea@gmail.com,Kolkata,"Dr. S Gupta, Shoo8, Maidan, Howrah, West Bengal 711101",Qualified,Tier 2 (Qualified Independent),5,Consumer/ISP email (@gmail.com) | Kolkata HQ,,WhatsApp / Phone,WhatsApp / Call + 1-Page Postal Dispatch + Email,"Namaskar Vasisht-ji,

When green leaf trucks move from field divisions to the factory at Toorsa, what percentage difference are you typically seeing between the field scale and factory weighbridge?

Most independent estates in Jalpaiguri tell us they only catch leaf discrepancies and proxy hazira 10 to 14 days later when the fortnightly muster roll reaches the office.

Are you able to see your daily leaf reconciliation and worker count on your phone before the evening shift, or is your team still compiling it on paper?"
West Bengal,TULSIPARA TEA ESTATE,Organized Estate,No,DUNCANS INDUSTRIES LIMITED,Jalpaiguri,477.5,M.GURBAXANI,033 2242 1605,033 2242 1605,No,tultg@duncans-tea.com,Kolkata,"4th Floor, Duncans Tea Limited, Duncan House, 31, Netaji Subhas Rd, Murgighata, B.B.D. Bagh, Kolkata, West Bengal 700001",Disqualified,Disqualified,2,Custom domain (@duncans-tea.com) | Kolkata HQ,Conglomerate keyword match (DUNCANS),1-Page Postal Letter,1-Page Postal Dispatch + Email,"Namaskar M.Gurbaxani-ji,

When green leaf trucks move from field divisions to the factory at Tulsipara Tea Estate, what percentage difference are you typically seeing between the field scale and factory weighbridge?

Most independent estates in Jalpaiguri tell us they only catch leaf discrepancies and proxy hazira 10 to 14 days later when the fortnightly muster roll reaches the office.

Are you able to see your daily leaf reconciliation and worker count on your phone before the evening shift, or is your team still compiling it on paper?"
West Bengal,DALMORE TEA ESTATE,Organized Estate,No,H.C. JAIN,Jalpaiguri,552.9,SUSHIL JAIN,033 2242 9190,033 2242 9190,No,dalmore@octaviustea.com,Kolkata,"2nd floor, Jain & Co, P21/22, Radha Bazar St, near India Exchange Place, Murgighata, B.B.D. Bagh, Kolkata, West Bengal 700001",Uncertain / Backlog,Tier 3,0,Custom domain (@octaviustea.com) | Large enterprise acreage (552.9 Ha) | Kolkata HQ,Low signal density,1-Page Postal Letter,1-Page Postal Dispatch + Email,"Namaskar Sushil-ji,

When green leaf trucks move from field divisions to the factory at Dalmore Tea Estate, what percentage difference are you typically seeing between the field scale and factory weighbridge?

Most independent estates in Jalpaiguri tell us they only catch leaf discrepancies and proxy hazira 10 to 14 days later when the fortnightly muster roll reaches the office.

Are you able to see your daily leaf reconciliation and worker count on your phone before the evening shift, or is your team still compiling it on paper?"
West Bengal,DALSINGPARA,Organized Estate,No,LAXMIKANT GAUR,Jalpaiguri,809.7,LAXMIKANT GAUR,9733162990,9733162990,Yes,,Siliguri,"PCPC+465 Laxmi Kanta Dey, Ward 45, Pradhan Nagar, Siliguri, West Bengal 734003",Disqualified,Disqualified,3,No email listed (paper-dominant) | Large enterprise acreage (809.7 Ha) | Siliguri HQ (local operating hub),Acreage too large for independent owner tier (809.7 Ha),WhatsApp / Phone,WhatsApp / Call + 1-Page Postal Dispatch,"Namaskar Laxmikant-ji,

When green leaf trucks move from field divisions to the factory at Dalsingpara, what percentage difference are you typically seeing between the field scale and factory weighbridge?

Most independent estates in Jalpaiguri tell us they only catch leaf discrepancies and proxy hazira 10 to 14 days later when the fortnightly muster roll reaches the office.

Are you able to see your daily leaf reconciliation and worker count on your phone before the evening shift, or is your team still compiling it on paper?"
West Bengal,KADAMBINI TEA ESTATE,Organized Estate,No,HIMALAYAN TEA & AGRO PVT LTD NARENDRA BERLIA,Jalpaiguri,399.7,"40B, AJC BOSE RAOD, 3RD",9734903505,9734903505,Yes,arbindchoudhury26@gmail.com,Kolkata,"HIMALAYAN TEA & AGRO PVT. LTD., Budharugaon, West Bengal 734425",Qualified,Tier 2 (Qualified Independent),5,Consumer/ISP email (@gmail.com) | Kolkata HQ,,WhatsApp / Phone,WhatsApp / Call + 1-Page Postal Dispatch + Email,"Namaskar 40B,-ji,

When green leaf trucks move from field divisions to the factory at Kadambini Tea Estate, what percentage difference are you typically seeing between the field scale and factory weighbridge?

Most independent estates in Jalpaiguri tell us they only catch leaf discrepancies and proxy hazira 10 to 14 days later when the fortnightly muster roll reaches the office.

Are you able to see your daily leaf reconciliation and worker count on your phone before the evening shift, or is your team still compiling it on paper?"
West Bengal,SARUGAON TEAESTATE,Organized Estate,No,ETEHLBARI TEA COMPANY 1932,Jalpaiguri,227.9,NIL,033 2248 3110,033 2248 3110,No,,Kolkata,"Ethel Bari Tea Co (1932) Ltd, 24, R N Mukherjee Road, Lal Bazar, Kolkata, West Bengal 700001",Qualified,Tier 2 (Qualified Independent),6,No email listed (paper-dominant) | Mid-tier acreage sweet spot (227.9 Ha) | Kolkata HQ,,1-Page Postal Letter,1-Page Postal Dispatch,"Namaskar Nil-ji,

When green leaf trucks move from field divisions to the factory at Sarugaon Teaestate, what percentage difference are you typically seeing between the field scale and factory weighbridge?

Most independent estates in Jalpaiguri tell us they only catch leaf discrepancies and proxy hazira 10 to 14 days later when the fortnightly muster roll reaches the office.

Are you able to see your daily leaf reconciliation and worker count on your phone before the evening shift, or is your team still compiling it on paper?"
West Bengal,TASATI TEA ESTATE,Organized Estate,No,A.K. CHAMARIA,Jalpaiguri,450.7,ASHOK CHAMARIA,9830039341,9830039341,Yes,ashokchamaria@hotmail.com,Kolkata,"Chamaria House, 123, Bangur Ave, Block B, Block D, Lake Town, Kolkata, West Bengal 700055",Qualified,Tier 2 (Qualified Independent),5,Consumer/ISP email (@hotmail.com) | Kolkata HQ,,WhatsApp / Phone,WhatsApp / Call + 1-Page Postal Dispatch + Email,"Namaskar Ashok-ji,

When green leaf trucks move from field divisions to the factory at Tasati Tea Estate, what percentage difference are you typically seeing between the field scale and factory weighbridge?

Most independent estates in Jalpaiguri tell us they only catch leaf discrepancies and proxy hazira 10 to 14 days later when the fortnightly muster roll reaches the office.

Are you able to see your daily leaf reconciliation and worker count on your phone before the evening shift, or is your team still compiling it on paper?"
West Bengal,DHOWLAJHORA TEA ESTATE,Organized Estate,No,THE BENGAL DFOOARS,Jalpaiguri,446.7,DEEPAK BERLIA,03564240042,03564240042,No,deepakberlia@yahoo.com,Siliguri,"DOOARS TASTE, College Para, Hakim Para, Siliguri, West Bengal 734001",Qualified,Tier 1 (High Leakage / Paper Priority),7,Consumer/ISP email (@yahoo.com) | Siliguri HQ (local operating hub),,1-Page Postal Letter,1-Page Postal Dispatch + Email,"Namaskar Deepak-ji,

When green leaf trucks move from field divisions to the factory at Dhowlajhora Tea Estate, what percentage difference are you typically seeing between the field scale and factory weighbridge?

Most independent estates in Jalpaiguri tell us they only catch leaf discrepancies and proxy hazira 10 to 14 days later when the fortnightly muster roll reaches the office.

Are you able to see your daily leaf reconciliation and worker count on your phone before the evening shift, or is your team still compiling it on paper?"
West Bengal,KARTICK,Organized Estate,No,RYDAK SYNDICATE LIMITED,Jalpaiguri,338.3,MR. PREM SINGH (MD),033 2230 4351,033 2230 4351,No,kartick_tea@rediffmail.com,Kolkata,"Rydak Syndicate Limited, 4, Dr Rajendra Prasad Sarani, Murgighata, B.B.D. Bagh, Kolkata, West Bengal 700001",Disqualified,Disqualified,8,Consumer/ISP email (@rediffmail.com) | Mid-tier acreage sweet spot (338.3 Ha) | Kolkata HQ,Conglomerate keyword match (RYDAK SYNDICATE),1-Page Postal Letter,1-Page Postal Dispatch + Email,"Namaskar Prem-ji,

When green leaf trucks move from field divisions to the factory at Kartick, what percentage difference are you typically seeing between the field scale and factory weighbridge?

Most independent estates in Jalpaiguri tell us they only catch leaf discrepancies and proxy hazira 10 to 14 days later when the fortnightly muster roll reaches the office.

Are you able to see your daily leaf reconciliation and worker count on your phone before the evening shift, or is your team still compiling it on paper?"
West Bengal,KOHINOOR TEA ESTATE,Organized Estate,No,KOHINOOR TEA CO. PVT. LTD.,Jalpaiguri,467.3,MR. S.AGARWAL,03564240062,03564240062,No,,Siliguri,"Good Point Tea Pvt. Ltd., 6th Floor, Space Town, 2.5 Mile Sevoke Road, Post, near Check, Siliguri, West Bengal 734001",Qualified,Tier 2 (Qualified Independent),5,No email listed (paper-dominant) | Siliguri HQ (local operating hub),,1-Page Postal Letter,1-Page Postal Dispatch,"Namaskar S.Agarwal-ji,

When green leaf trucks move from field divisions to the factory at Kohinoor Tea Estate, what percentage difference are you typically seeing between the field scale and factory weighbridge?

Most independent estates in Jalpaiguri tell us they only catch leaf discrepancies and proxy hazira 10 to 14 days later when the fortnightly muster roll reaches the office.

Are you able to see your daily leaf reconciliation and worker count on your phone before the evening shift, or is your team still compiling it on paper?"
West Bengal,KUMARGRAM TEA GARDEN,Organized Estate,No,GOODRICKE GROUP LIMITED,Jalpaiguri,659.0,MR. A.N.SINGH,033 2287 3067,033 2287 3067,No,kum@goodricke.com,Kolkata,"Goodricke Group Limited, 14, Gurusaday Dutta Rd, Beck Bagan, Ballygunge, Kolkata, West Bengal 700019",Disqualified,Disqualified,0,Custom domain (@goodricke.com) | Large enterprise acreage (659.0 Ha) | Kolkata HQ,Conglomerate keyword match (GOODRICKE),1-Page Postal Letter,1-Page Postal Dispatch + Email,"Namaskar A.N.Singh-ji,

When green leaf trucks move from field divisions to the factory at Kumargram Tea Garden, what percentage difference are you typically seeing between the field scale and factory weighbridge?

Most independent estates in Jalpaiguri tell us they only catch leaf discrepancies and proxy hazira 10 to 14 days later when the fortnightly muster roll reaches the office.

Are you able to see your daily leaf reconciliation and worker count on your phone before the evening shift, or is your team still compiling it on paper?"
West Bengal,NEWLANDS TEA ESTATE,Organized Estate,No,ENGO TRADING & TEA CO.(P),Jalpaiguri,605.2,MR. B.K.BHUWALKA,033 3029 5000,033 3029 5000,No,philips_newlands@yahoo.co.in,Kolkata,"FLOOR, FLAT NO.5A, Engo Tea Co. Ltd., 12, 5TH, Pretoria St, Kolkata, West Bengal 700071",Disqualified,Disqualified,3,Consumer/ISP email (@yahoo.co.in) | Large enterprise acreage (605.2 Ha) | Kolkata HQ,Acreage too large for independent owner tier (605.2 Ha),1-Page Postal Letter,1-Page Postal Dispatch + Email,"Namaskar B.K.Bhuwalka-ji,

When green leaf trucks move from field divisions to the factory at Newlands Tea Estate, what percentage difference are you typically seeing between the field scale and factory weighbridge?

Most independent estates in Jalpaiguri tell us they only catch leaf discrepancies and proxy hazira 10 to 14 days later when the fortnightly muster roll reaches the office.

Are you able to see your daily leaf reconciliation and worker count on your phone before the evening shift, or is your team still compiling it on paper?"
West Bengal,PHASKOWA TEA ESTATE,Organized Estate,No,PHASKOWA TEA PLANTATIONS,Jalpaiguri,140.3,MANOJ CHAMARIA,7812056406,078120 56406,Yes,phaskowa2010@gmail.com,Kolkata,"Phaskowa Tea Resort, Phaskowa Tea Garden, Hatipota, Alipurduar, P.S - Samuktala, Block, Kumargram, West Bengal 736201",Qualified,Tier 1 (High Leakage / Paper Priority),8,Consumer/ISP email (@gmail.com) | Mid-tier acreage sweet spot (140.3 Ha) | Kolkata HQ,,WhatsApp / Phone,WhatsApp / Call + 1-Page Postal Dispatch + Email,"Namaskar Manoj-ji,

When green leaf trucks move from field divisions to the factory at Phaskowa Tea Estate, what percentage difference are you typically seeing between the field scale and factory weighbridge?

Most independent estates in Jalpaiguri tell us they only catch leaf discrepancies and proxy hazira 10 to 14 days later when the fortnightly muster roll reaches the office.

Are you able to see your daily leaf reconciliation and worker count on your phone before the evening shift, or is your team still compiling it on paper?"
West Bengal,RADHARANI TEA ESTATE,Organized Estate,No,RADHARANI TEA & ESTATES PVT. RADHARANI TEA & ESTATES PVT.,Jalpaiguri,149.2,", KHAIRU PLACE, 4TH FLOOR,",9593959649,9593959649,Yes,anuppratap35@gmail.com,Kolkata,"Radharani Tea & Estates Pvt Ltd, 16, Bentinck St, Radha Bazar, Barabazar Market, Kolkata, West Bengal 700001",Qualified,Tier 1 (High Leakage / Paper Priority),8,Consumer/ISP email (@gmail.com) | Mid-tier acreage sweet spot (149.2 Ha) | Kolkata HQ,,WhatsApp / Phone,WhatsApp / Call + 1-Page Postal Dispatch + Email,"Namaskar ,-ji,

When green leaf trucks move from field divisions to the factory at Radharani Tea Estate, what percentage difference are you typically seeing between the field scale and factory weighbridge?

Most independent estates in Jalpaiguri tell us they only catch leaf discrepancies and proxy hazira 10 to 14 days later when the fortnightly muster roll reaches the office.

Are you able to see your daily leaf reconciliation and worker count on your phone before the evening shift, or is your team still compiling it on paper?"
West Bengal,RAHIMABAD TEA ESTATE,Organized Estate,No,MR. SHEKHAR ROYCHOUDHURY MR. S.R CHOUDHURY,Jalpaiguri,287.1,A LANDS AND TEA CO. PVT.,033 2454 4219,033 2454 4219,No,rahimatea@gmail.com,Kolkata,"Roychowdhury Dr Sujoy, 106/1b, monohar pokor road, Kolkata, West Bengal 700029",Qualified,Tier 1 (High Leakage / Paper Priority),8,Consumer/ISP email (@gmail.com) | Mid-tier acreage sweet spot (287.1 Ha) | Kolkata HQ,,1-Page Postal Letter,1-Page Postal Dispatch + Email,"Namaskar A-ji,

When green leaf trucks move from field divisions to the factory at Rahimabad Tea Estate, what percentage difference are you typically seeing between the field scale and factory weighbridge?

Most independent estates in Jalpaiguri tell us they only catch leaf discrepancies and proxy hazira 10 to 14 days later when the fortnightly muster roll reaches the office.

Are you able to see your daily leaf reconciliation and worker count on your phone before the evening shift, or is your team still compiling it on paper?"
West Bengal,RAIMATANG TEA ESTATE,Organized Estate,No,ROSHANLAL AGARWAL,Jalpaiguri,535.3,MR. N.K.BASU,03566201065,03566201065,No,,Siliguri,"Roshan Lal & Company, Nehru Rd, Ward 8, Khalpara, Siliguri, West Bengal 734001",Disqualified,Disqualified,3,No email listed (paper-dominant) | Large enterprise acreage (535.3 Ha) | Siliguri HQ (local operating hub),Multi-garden group (4 gardens),1-Page Postal Letter,1-Page Postal Dispatch,"Namaskar N.K.Basu-ji,

When green leaf trucks move from field divisions to the factory at Raimatang Tea Estate, what percentage difference are you typically seeing between the field scale and factory weighbridge?

Most independent estates in Jalpaiguri tell us they only catch leaf discrepancies and proxy hazira 10 to 14 days later when the fortnightly muster roll reaches the office.

Are you able to see your daily leaf reconciliation and worker count on your phone before the evening shift, or is your team still compiling it on paper?"
West Bengal,RYDAK TEA ESTATE,Organized Estate,No,RYDAK SYNDICATE LIMITED,Jalpaiguri,735.8,MR PREM SINGH,033 2230 4351,033 2230 4351,No,rydak_raaj@rediffmail.com,Kolkata,"Rydak Syndicate Limited, 4, Dr Rajendra Prasad Sarani, Murgighata, B.B.D. Bagh, Kolkata, West Bengal 700001",Disqualified,Disqualified,3,Consumer/ISP email (@rediffmail.com) | Large enterprise acreage (735.8 Ha) | Kolkata HQ,Conglomerate keyword match (RYDAK SYNDICATE),1-Page Postal Letter,1-Page Postal Dispatch + Email,"Namaskar Prem-ji,

When green leaf trucks move from field divisions to the factory at Rydak Tea Estate, what percentage difference are you typically seeing between the field scale and factory weighbridge?

Most independent estates in Jalpaiguri tell us they only catch leaf discrepancies and proxy hazira 10 to 14 days later when the fortnightly muster roll reaches the office.

Are you able to see your daily leaf reconciliation and worker count on your phone before the evening shift, or is your team still compiling it on paper?"
West Bengal,SANKOS,Organized Estate,No,GOODRICKE GROUP LIMITED,Jalpaiguri,665.2,MR.ARUN SINGH (MD),033 2287 3067,033 2287 3067,No,san@goodricke.com,Kolkata,"Goodricke Group Limited, 14, Gurusaday Dutta Rd, Beck Bagan, Ballygunge, Kolkata, West Bengal 700019",Disqualified,Disqualified,0,Custom domain (@goodricke.com) | Large enterprise acreage (665.2 Ha) | Kolkata HQ,Conglomerate keyword match (GOODRICKE),1-Page Postal Letter,1-Page Postal Dispatch + Email,"Namaskar Arun-ji,

When green leaf trucks move from field divisions to the factory at Sankos, what percentage difference are you typically seeing between the field scale and factory weighbridge?

Most independent estates in Jalpaiguri tell us they only catch leaf discrepancies and proxy hazira 10 to 14 days later when the fortnightly muster roll reaches the office.

Are you able to see your daily leaf reconciliation and worker count on your phone before the evening shift, or is your team still compiling it on paper?"
West Bengal,TURTURI TEA ESTATE,Organized Estate,No,ALIPURDUAR TEA COMPANY LTD,Jalpaiguri,294.5,MR SHEKHAR ROY CHOWDHARY,9609992682,9609992682,Yes,turturitea@gmail.com,Kolkata,"HG37+R94 Tea Garden Alipurduar, Bariguri, West Bengal 736123",Disqualified,Disqualified,8,Consumer/ISP email (@gmail.com) | Mid-tier acreage sweet spot (294.5 Ha) | Kolkata HQ,Public limited company,WhatsApp / Phone,WhatsApp / Call + 1-Page Postal Dispatch + Email,"Namaskar Shekhar-ji,

When green leaf trucks move from field divisions to the factory at Turturi Tea Estate, what percentage difference are you typically seeing between the field scale and factory weighbridge?

Most independent estates in Jalpaiguri tell us they only catch leaf discrepancies and proxy hazira 10 to 14 days later when the fortnightly muster roll reaches the office.

Are you able to see your daily leaf reconciliation and worker count on your phone before the evening shift, or is your team still compiling it on paper?"
West Bengal,ETHELBARI,Organized Estate,No,THE ETHELBARI TEA CO (1932),Jalpaiguri,270.5,MAHENDRA KR. PATEL,033 2248 3110,033 2248 3110,No,ethelbari1932@yahoo.com,Kolkata,"Ethel Bari Tea Co (1932) Ltd, 24, R N Mukherjee Road, Lal Bazar, Kolkata, West Bengal 700001",Qualified,Tier 1 (High Leakage / Paper Priority),8,Consumer/ISP email (@yahoo.com) | Mid-tier acreage sweet spot (270.5 Ha) | Kolkata HQ,,1-Page Postal Letter,1-Page Postal Dispatch + Email,"Namaskar Mahendra-ji,

When green leaf trucks move from field divisions to the factory at Ethelbari, what percentage difference are you typically seeing between the field scale and factory weighbridge?

Most independent estates in Jalpaiguri tell us they only catch leaf discrepancies and proxy hazira 10 to 14 days later when the fortnightly muster roll reaches the office.

Are you able to see your daily leaf reconciliation and worker count on your phone before the evening shift, or is your team still compiling it on paper?"
West Bengal,GAIRKHATA TEA ESTATE,Organized Estate,No,GILLANDERS ARBUTHNOT & CO.,Jalpaiguri,710.6,GILLANDERS ARBUTHNOT & CO.,033 2230 2331,033 2230 2331,No,gairkhatateaestate@gmail.com,Kolkata,"Gillanders Arbuthnot & Co. Ltd., C-4, Netaji Subhas Rd, Kolkata, West Bengal 700001",Disqualified,Disqualified,3,Consumer/ISP email (@gmail.com) | Large enterprise acreage (710.6 Ha) | Kolkata HQ,Conglomerate keyword match (GILLANDERS),1-Page Postal Letter,1-Page Postal Dispatch + Email,"Namaskar Gillanders-ji,

When green leaf trucks move from field divisions to the factory at Gairkhata Tea Estate, what percentage difference are you typically seeing between the field scale and factory weighbridge?

Most independent estates in Jalpaiguri tell us they only catch leaf discrepancies and proxy hazira 10 to 14 days later when the fortnightly muster roll reaches the office.

Are you able to see your daily leaf reconciliation and worker count on your phone before the evening shift, or is your team still compiling it on paper?"
West Bengal,GANDRAPARA TEA GARDEN,Organized Estate,No,GOODRICKE GROUP LIMITED,Jalpaiguri,832.0,MR. A.N.SINGH,033 2287 3067,033 2287 3067,No,subrotobanerjee@goodricke.co,Kolkata,"Goodricke Group Limited, 14, Gurusaday Dutta Rd, Beck Bagan, Ballygunge, Kolkata, West Bengal 700019",Disqualified,Disqualified,0,Custom domain (@goodricke.co) | Large enterprise acreage (832.0 Ha) | Kolkata HQ,Conglomerate keyword match (GOODRICKE),1-Page Postal Letter,1-Page Postal Dispatch + Email,"Namaskar A.N.Singh-ji,

When green leaf trucks move from field divisions to the factory at Gandrapara Tea Garden, what percentage difference are you typically seeing between the field scale and factory weighbridge?

Most independent estates in Jalpaiguri tell us they only catch leaf discrepancies and proxy hazira 10 to 14 days later when the fortnightly muster roll reaches the office.

Are you able to see your daily leaf reconciliation and worker count on your phone before the evening shift, or is your team still compiling it on paper?"
West Bengal,HULDIBARI TEA GARDEN,Organized Estate,No,HULDIBARI INDUSTRIES &,Jalpaiguri,851.2,HULDIBARI INDUSTRIES &,033 2248 9168,033 2248 9168,No,htg.fact.@gmail.com,Kolkata,"Huldibari Industries & Plantation Co Ltd, McLeod House, 3, Netaji Subhas Rd, Fairley Place, B.B.D. Bagh, Kolkata, West Bengal 700001",Disqualified,Disqualified,3,Consumer/ISP email (@gmail.com) | Large enterprise acreage (851.2 Ha) | Kolkata HQ,Acreage too large for independent owner tier (851.2 Ha),1-Page Postal Letter,1-Page Postal Dispatch + Email,"Namaskar Huldibari-ji,

When green leaf trucks move from field divisions to the factory at Huldibari Tea Garden, what percentage difference are you typically seeing between the field scale and factory weighbridge?

Most independent estates in Jalpaiguri tell us they only catch leaf discrepancies and proxy hazira 10 to 14 days later when the fortnightly muster roll reaches the office.

Are you able to see your daily leaf reconciliation and worker count on your phone before the evening shift, or is your team still compiling it on paper?"
West Bengal,JAYBIRPARA TEA ESTATE,Organized Estate,No,MCLEOD RUSSEL INDIA LIMITED SHRI S. CHAKRABORTY,Jalpaiguri,220.7,"E LANE,SURENDRA",9903096991,099030 96991,Yes,jaibirpara@wmg.co.in,Kolkata,"Mcleod Russel India limited, Surendra Mohan Ghosh Sarani, 4, Mangoe Ln, Kolkata, West Bengal 700001",Disqualified,Disqualified,5,Custom domain (@wmg.co.in) | Mid-tier acreage sweet spot (220.7 Ha) | Kolkata HQ,Conglomerate keyword match (MCLEOD RUSSEL),WhatsApp / Phone,WhatsApp / Call + 1-Page Postal Dispatch + Email,"Namaskar E-ji,

When green leaf trucks move from field divisions to the factory at Jaybirpara Tea Estate, what percentage difference are you typically seeing between the field scale and factory weighbridge?

Most independent estates in Jalpaiguri tell us they only catch leaf discrepancies and proxy hazira 10 to 14 days later when the fortnightly muster roll reaches the office.

Are you able to see your daily leaf reconciliation and worker count on your phone before the evening shift, or is your team still compiling it on paper?"
West Bengal,KALABARI TEA ESTATE,Organized Estate,No,S.K. BACHAWAT,Jalpaiguri,310.4,S.K. BACHAWAT,033 4073 0113,033 4073 0113,No,,Kolkata,"S.K.Bhalotia & Co., Unit-1A, 1st Floor, Imax Lohia Square 23, Gangadhar Babu Lane, Bepin Behari Ganguly St, opposite SBI, near Firangi Kali Mandir, Branch, Kolkata, West Bengal 700012",Qualified,Tier 2 (Qualified Independent),6,No email listed (paper-dominant) | Mid-tier acreage sweet spot (310.4 Ha) | Kolkata HQ,,1-Page Postal Letter,1-Page Postal Dispatch,"Namaskar S.K.-ji,

When green leaf trucks move from field divisions to the factory at Kalabari Tea Estate, what percentage difference are you typically seeing between the field scale and factory weighbridge?

Most independent estates in Jalpaiguri tell us they only catch leaf discrepancies and proxy hazira 10 to 14 days later when the fortnightly muster roll reaches the office.

Are you able to see your daily leaf reconciliation and worker count on your phone before the evening shift, or is your team still compiling it on paper?"
West Bengal,LAKHIKANTA TEA ESTATE,Organized Estate,No,RUNGAMATI TEA INDUSTRIES LTD,Jalpaiguri,64.5,HARSHA VARSHAN KEYRIWAL,9903364444,099033 64444,Yes,,Kolkata,"Rungamattee Tea & Ind Ltd, 90/31, Diamond Harbour Rd, Block 6, Sahapur, New Alipore, Kolkata, West Bengal 700038",Disqualified,Disqualified,6,No email listed (paper-dominant) | Mid-tier acreage sweet spot (64.5 Ha) | Kolkata HQ,Public limited company,WhatsApp / Phone,WhatsApp / Call + 1-Page Postal Dispatch,"Namaskar Harsha-ji,

When green leaf trucks move from field divisions to the factory at Lakhikanta Tea Estate, what percentage difference are you typically seeing between the field scale and factory weighbridge?

Most independent estates in Jalpaiguri tell us they only catch leaf discrepancies and proxy hazira 10 to 14 days later when the fortnightly muster roll reaches the office.

Are you able to see your daily leaf reconciliation and worker count on your phone before the evening shift, or is your team still compiling it on paper?"
West Bengal,NANGDALA,Organized Estate,No,MKTEAPVT.LTD,Jalpaiguri,485.0,RAJ BERRY,9051391761,090513 91761,Yes,mgr-nangdala@rediffmail.com,Kolkata,"Mahe Technologies Pvt Ltd - BPO Company | B2B & B2C Telemarketing Agency, 56, Ballygunge Gardens, Gariahat, Kolkata, West Bengal 700019",Qualified,Tier 2 (Qualified Independent),5,Consumer/ISP email (@rediffmail.com) | Kolkata HQ,,WhatsApp / Phone,WhatsApp / Call + 1-Page Postal Dispatch + Email,"Namaskar Raj-ji,

When green leaf trucks move from field divisions to the factory at Nangdala, what percentage difference are you typically seeing between the field scale and factory weighbridge?

Most independent estates in Jalpaiguri tell us they only catch leaf discrepancies and proxy hazira 10 to 14 days later when the fortnightly muster roll reaches the office.

Are you able to see your daily leaf reconciliation and worker count on your phone before the evening shift, or is your team still compiling it on paper?"
West Bengal,PALASHBARI,Organized Estate,No,PALASHBARI TEA CO LTD,Jalpaiguri,357.7,PALASHBARI TEA CO LTD,03563-252019,03563-252019,No,palashbari@bsnl.in,Kolkata,"Palashbari Tea Company Limited, 14B, Camac St, Park Circus, Ballygunge, Kolkata, West Bengal 700017",Disqualified,Disqualified,5,Consumer/ISP email (@bsnl.in) | Kolkata HQ,Public limited company,1-Page Postal Letter,1-Page Postal Dispatch + Email,"Namaskar Palashbari-ji,

When green leaf trucks move from field divisions to the factory at Palashbari, what percentage difference are you typically seeing between the field scale and factory weighbridge?

Most independent estates in Jalpaiguri tell us they only catch leaf discrepancies and proxy hazira 10 to 14 days later when the fortnightly muster roll reaches the office.

Are you able to see your daily leaf reconciliation and worker count on your phone before the evening shift, or is your team still compiling it on paper?"
West Bengal,RAHIMPUR TEA ESTATE,Organized Estate,No,RAHIMPUR TEA CO LTD,Jalpaiguri,125.6,MADAN MOHAN SHARMA,03563-264553,03563-264553,No,slg_bansalte@sancharnet.com,Kolkata,"Rm No. 5, 1st Floor, Rahimpur Tea Company, Karnani Estate, 209, AJC Bose Rd, Park Circus, Elgin, Kolkata, West Bengal 700017",Disqualified,Disqualified,5,Custom domain (@sancharnet.com) | Mid-tier acreage sweet spot (125.6 Ha) | Kolkata HQ,Current GardenSuite client (RAHIMPUR),1-Page Postal Letter,1-Page Postal Dispatch + Email,"Namaskar Madan-ji,

When green leaf trucks move from field divisions to the factory at Rahimpur Tea Estate, what percentage difference are you typically seeing between the field scale and factory weighbridge?

Most independent estates in Jalpaiguri tell us they only catch leaf discrepancies and proxy hazira 10 to 14 days later when the fortnightly muster roll reaches the office.

Are you able to see your daily leaf reconciliation and worker count on your phone before the evening shift, or is your team still compiling it on paper?"
West Bengal,TELEPARA TEA ESTATE,Organized Estate,No,EXIMPO TEA LIMITED,Jalpaiguri,714.5,MR.P.K.AGARWAL,033 2248 4645,033 2248 4645,No,teleparateaestate@yahoo.com,Kolkata,"Eximpo Tea Limited, 3b, Lal Bazar St, Murgighata, B.B.D. Bagh, Kolkata, West Bengal 700001",Disqualified,Disqualified,3,Consumer/ISP email (@yahoo.com) | Large enterprise acreage (714.5 Ha) | Kolkata HQ,Public limited company,1-Page Postal Letter,1-Page Postal Dispatch + Email,"Namaskar P.K.Agarwal-ji,

When green leaf trucks move from field divisions to the factory at Telepara Tea Estate, what percentage difference are you typically seeing between the field scale and factory weighbridge?

Most independent estates in Jalpaiguri tell us they only catch leaf discrepancies and proxy hazira 10 to 14 days later when the fortnightly muster roll reaches the office.

Are you able to see your daily leaf reconciliation and worker count on your phone before the evening shift, or is your team still compiling it on paper?"
West Bengal,TOTAPARA TEA ESTATE,Organized Estate,No,NUDDEA PLANTATIONS LTD.,Jalpaiguri,378.1,NUDDEA PLANTATIONS LTD.,033 2283 5660,033 2283 5660,No,,Kolkata,"7E, Manjushree Plantations Limited, Neelambar Building, 28B, Shakespeare Sarani, Elgin, Kolkata, West Bengal 700017",Disqualified,Disqualified,3,No email listed (paper-dominant) | Kolkata HQ,Public limited company,1-Page Postal Letter,1-Page Postal Dispatch,"Namaskar Nuddea-ji,

When green leaf trucks move from field divisions to the factory at Totapara Tea Estate, what percentage difference are you typically seeing between the field scale and factory weighbridge?

Most independent estates in Jalpaiguri tell us they only catch leaf discrepancies and proxy hazira 10 to 14 days later when the fortnightly muster roll reaches the office.

Are you able to see your daily leaf reconciliation and worker count on your phone before the evening shift, or is your team still compiling it on paper?"
West Bengal,GIELLE TEA ESTATE,Organized Estate,No,TEESTA VALLEY TEA CO LTD,Darjeeling,250.5,TEESTA VALLEY TEA CO LTD,033 2248 8704,033 2248 8704,No,gielle@teestavalley.com,Kolkata,"Teesta Valley Tea Co. Ltd., 5 & 7, Netaji Subhas Road, Kolkata, West Bengal 700001",Disqualified,Disqualified,5,Custom domain (@teestavalley.com) | Mid-tier acreage sweet spot (250.5 Ha) | Kolkata HQ,Public limited company,1-Page Postal Letter,1-Page Postal Dispatch + Email,"Namaskar Teesta-ji,

When green leaf trucks move from field divisions to the factory at Gielle Tea Estate, what percentage difference are you typically seeing between the field scale and factory weighbridge?

Most independent estates in Darjeeling tell us they only catch leaf discrepancies and proxy hazira 10 to 14 days later when the fortnightly muster roll reaches the office.

Are you able to see your daily leaf reconciliation and worker count on your phone before the evening shift, or is your team still compiling it on paper?"
West Bengal,KUMAI TEA ESTATE,Organized Estate,No,SNOWVIEW TEA COMPANY PVT LTD,Darjeeling,313.6,MR. N SENGUPTA,033 2230 0559,033 2230 0559,No,tpikum@gmail.com,Kolkata,"Star Tea Company Private Limited, 8/1, Lal Bazar St, Lal Bazar, Kolkata, West Bengal 700001",Qualified,Tier 1 (High Leakage / Paper Priority),8,Consumer/ISP email (@gmail.com) | Mid-tier acreage sweet spot (313.6 Ha) | Kolkata HQ,,1-Page Postal Letter,1-Page Postal Dispatch + Email,"Namaskar N-ji,

When green leaf trucks move from field divisions to the factory at Kumai Tea Estate, what percentage difference are you typically seeing between the field scale and factory weighbridge?

Most independent estates in Darjeeling tell us they only catch leaf discrepancies and proxy hazira 10 to 14 days later when the fortnightly muster roll reaches the office.

Are you able to see your daily leaf reconciliation and worker count on your phone before the evening shift, or is your team still compiling it on paper?"
West Bengal,KUMLAI,Organized Estate,No,THE KUMLAI TEA & IND. LTD.,Darjeeling,403.1,MR. J.C.GHOSH,03562-221388,03562-221388,No,mgrkumlaitea@bsnl.in,Kolkata,"Kumlai Tea & Industries Ltd, 1, Ganesh Chandra Ave, Mission Row Extension, Esplanade, Chowringhee North, Bow Barracks, Kolkata, West Bengal 700013",Disqualified,Disqualified,5,Consumer/ISP email (@bsnl.in) | Kolkata HQ,Public limited company,1-Page Postal Letter,1-Page Postal Dispatch + Email,"Namaskar J.C.Ghosh-ji,

When green leaf trucks move from field divisions to the factory at Kumlai, what percentage difference are you typically seeing between the field scale and factory weighbridge?

Most independent estates in Darjeeling tell us they only catch leaf discrepancies and proxy hazira 10 to 14 days later when the fortnightly muster roll reaches the office.

Are you able to see your daily leaf reconciliation and worker count on your phone before the evening shift, or is your team still compiling it on paper?"
West Bengal,LOPCHU TEA ESTATE,Organized Estate,No,C.K.KANORIA ESQR &,Darjeeling,95.8,C.K.KANORIA ESQR &,033 2248 0725,033 2248 0725,No,lopchu@gmail.com,Kolkata,"S.Kakrania & Co., 10, Old Post Office St, B.B.D. Bagh, Kolkata, West Bengal 700001",Qualified,Tier 1 (High Leakage / Paper Priority),8,Consumer/ISP email (@gmail.com) | Mid-tier acreage sweet spot (95.8 Ha) | Kolkata HQ,,1-Page Postal Letter,1-Page Postal Dispatch + Email,"Namaskar C.K.Kanoria-ji,

When green leaf trucks move from field divisions to the factory at Lopchu Tea Estate, what percentage difference are you typically seeing between the field scale and factory weighbridge?

Most independent estates in Darjeeling tell us they only catch leaf discrepancies and proxy hazira 10 to 14 days later when the fortnightly muster roll reaches the office.

Are you able to see your daily leaf reconciliation and worker count on your phone before the evening shift, or is your team still compiling it on paper?"
West Bengal,NAMRING,Organized Estate,No,MONOJ PODDAR,Darjeeling,448.3,O.P.JAIN,7003884269,070038 84269,Yes,hmpteaestate@gmail.com,Kolkata,"Poddar Groups || Real Estate Promoter in Bansdroni, South Kolkata, P-109, Bansdroni Park, Ward Number 113, Kolkata, West Bengal 700070",Qualified,Tier 2 (Qualified Independent),5,Consumer/ISP email (@gmail.com) | Kolkata HQ,,WhatsApp / Phone,WhatsApp / Call + 1-Page Postal Dispatch + Email,"Namaskar O.P.Jain-ji,

When green leaf trucks move from field divisions to the factory at Namring, what percentage difference are you typically seeing between the field scale and factory weighbridge?

Most independent estates in Darjeeling tell us they only catch leaf discrepancies and proxy hazira 10 to 14 days later when the fortnightly muster roll reaches the office.

Are you able to see your daily leaf reconciliation and worker count on your phone before the evening shift, or is your team still compiling it on paper?"
West Bengal,PESHOK TEA ESTATE,Organized Estate,No,SHRI DEBABRATA MITRA,Darjeeling,314.7,SHRI D.MITRA,9609701516,9609701516,Yes,subnkr@gmail.com,Kolkata,"Dr. DEBABRATA MITRA, North City Hospital, C/O, Bagmari Rd, Kankurgachi, Kolkata, West Bengal 700054",Qualified,Tier 1 (High Leakage / Paper Priority),8,Consumer/ISP email (@gmail.com) | Mid-tier acreage sweet spot (314.7 Ha) | Kolkata HQ,,WhatsApp / Phone,WhatsApp / Call + 1-Page Postal Dispatch + Email,"Namaskar D.Mitra-ji,

When green leaf trucks move from field divisions to the factory at Peshok Tea Estate, what percentage difference are you typically seeing between the field scale and factory weighbridge?

Most independent estates in Darjeeling tell us they only catch leaf discrepancies and proxy hazira 10 to 14 days later when the fortnightly muster roll reaches the office.

Are you able to see your daily leaf reconciliation and worker count on your phone before the evening shift, or is your team still compiling it on paper?"
West Bengal,SAMABEONG TEA ESTATE,Organized Estate,No,DARJEELING TRADING LTD.,Darjeeling,132.4,MR. K.C.AGARWAL,9609251901,096092 51901,Yes,tpisam@gmail.com,Kolkata,"Darjeeling Tea Traders, 734003, Hill Cart Rd, beside biswadeep cinema hall, Ward 2, Pradhan Nagar, Siliguri, West Bengal 734003",Disqualified,Disqualified,8,Consumer/ISP email (@gmail.com) | Mid-tier acreage sweet spot (132.4 Ha) | Kolkata HQ,Public limited company,WhatsApp / Phone,WhatsApp / Call + 1-Page Postal Dispatch + Email,"Namaskar K.C.Agarwal-ji,

When green leaf trucks move from field divisions to the factory at Samabeong Tea Estate, what percentage difference are you typically seeing between the field scale and factory weighbridge?

Most independent estates in Darjeeling tell us they only catch leaf discrepancies and proxy hazira 10 to 14 days later when the fortnightly muster roll reaches the office.

Are you able to see your daily leaf reconciliation and worker count on your phone before the evening shift, or is your team still compiling it on paper?"
West Bengal,TUKDAH TEA ESTATE,Organized Estate,No,B.D. TEA ESTATES PVT. LTD.,Darjeeling,261.7,B.K. TIBREWAL,033 3502 5701,033 3502 5701,No,bdttukdahte@yahoo.com,Kolkata,"Halmira Estate Tea Private Limited, 23, Pankaj Mullick Sarani, near st.lawrence school, Garcha, Ballygunge, Kolkata, West Bengal 700019",Disqualified,Disqualified,8,Consumer/ISP email (@yahoo.com) | Mid-tier acreage sweet spot (261.7 Ha) | Kolkata HQ,Multi-garden group (3 gardens),1-Page Postal Letter,1-Page Postal Dispatch + Email,"Namaskar B.K.-ji,

When green leaf trucks move from field divisions to the factory at Tukdah Tea Estate, what percentage difference are you typically seeing between the field scale and factory weighbridge?

Most independent estates in Darjeeling tell us they only catch leaf discrepancies and proxy hazira 10 to 14 days later when the fortnightly muster roll reaches the office.

Are you able to see your daily leaf reconciliation and worker count on your phone before the evening shift, or is your team still compiling it on paper?"
West Bengal,KUCHLIBARI TEA ESTATE,Organized Estate,No,GOEL PLANTATIONS PVT. LTD,Cooch Behar,160.0,PRADEEP GOEL,03562242264,03562242264,No,goelplantationspvtltd@gmail.co,Jalpaiguri,"RMH6+3X4 Damdim Tea Estate Factory, Amalgamated Plantations Pvt Ltd, Damdim Tea Garden, West Bengal 735209",Qualified,Tier 2 (Qualified Independent),5,Custom domain (@gmail.co) | Mid-tier acreage sweet spot (160.0 Ha) | Jalpaiguri HQ,,1-Page Postal Letter,1-Page Postal Dispatch + Email,"Namaskar Pradeep-ji,

When green leaf trucks move from field divisions to the factory at Kuchlibari Tea Estate, what percentage difference are you typically seeing between the field scale and factory weighbridge?

Most independent estates in Cooch Behar tell us they only catch leaf discrepancies and proxy hazira 10 to 14 days later when the fortnightly muster roll reaches the office.

Are you able to see your daily leaf reconciliation and worker count on your phone before the evening shift, or is your team still compiling it on paper?"
West Bengal,MAINAK HILLS TEA ESTATE,Organized Estate,No,T & I GLOBAL LTD,Cooch Behar,274.0,SAJJAN BAGARIA,033 2283 3613,033 2283 3613,No,mainak@tiglobal.com,Kolkata,"4-A, T & I Global Limited, Jassal House, No. 11, Auckland Pl, Kolkata, West Bengal 700017",Disqualified,Disqualified,5,Custom domain (@tiglobal.com) | Mid-tier acreage sweet spot (274.0 Ha) | Kolkata HQ,Public limited company,1-Page Postal Letter,1-Page Postal Dispatch + Email,"Namaskar Sajjan-ji,

When green leaf trucks move from field divisions to the factory at Mainak Hills Tea Estate, what percentage difference are you typically seeing between the field scale and factory weighbridge?

Most independent estates in Cooch Behar tell us they only catch leaf discrepancies and proxy hazira 10 to 14 days later when the fortnightly muster roll reaches the office.

Are you able to see your daily leaf reconciliation and worker count on your phone before the evening shift, or is your team still compiling it on paper?"
West Bengal,MOUPRIYA PLANTATION PVT LTD,Organized Estate,No,ASHIT KR.SARKAR,Cooch Behar,16.5,ASHIT KR. SARKAR,9775471460,9775471460,Yes,,Siliguri,"ASHIT SARKAR, Santinagar Market, Siliguri Rd, Panjipara, West Bengal 733208",Qualified,Tier 2 (Qualified Independent),6,No email listed (paper-dominant) | Small holding (16.5 Ha) | Siliguri HQ (local operating hub),,WhatsApp / Phone,WhatsApp / Call + 1-Page Postal Dispatch,"Namaskar Ashit-ji,

When green leaf trucks move from field divisions to the factory at Moupriya Plantation, what percentage difference are you typically seeing between the field scale and factory weighbridge?

Most independent estates in Cooch Behar tell us they only catch leaf discrepancies and proxy hazira 10 to 14 days later when the fortnightly muster roll reaches the office.

Are you able to see your daily leaf reconciliation and worker count on your phone before the evening shift, or is your team still compiling it on paper?"
West Bengal,TINBIGHA TEA ESTATE,Organized Estate,No,0,Cooch Behar,159.4,0,9933038917,9933038917,Yes,newtea@yahoo.com,Kolkata,,Disqualified,Disqualified,8,Consumer/ISP email (@yahoo.com) | Mid-tier acreage sweet spot (159.4 Ha) | Kolkata HQ,Current GardenSuite client (TINBIGHA),WhatsApp / Phone,WhatsApp / Call + Email,"Namaskar 0-ji,

When green leaf trucks move from field divisions to the factory at Tinbigha Tea Estate, what percentage difference are you typically seeing between the field scale and factory weighbridge?

Most independent estates in Cooch Behar tell us they only catch leaf discrepancies and proxy hazira 10 to 14 days later when the fortnightly muster roll reaches the office.

Are you able to see your daily leaf reconciliation and worker count on your phone before the evening shift, or is your team still compiling it on paper?"
West Bengal,MAHALDERAM,Organized Estate,No,JUTE & STORES LTD.,Darjeeling,67.9,NIL,9733045451,9733045451,Yes,rungamattee.jung@gmail.com,Kolkata,"Jute & Stores Ltd, 28/1, Shakespeare Sarani, Elgin, Kolkata, West Bengal 700017",Disqualified,Disqualified,8,Consumer/ISP email (@gmail.com) | Mid-tier acreage sweet spot (67.9 Ha) | Kolkata HQ,Public limited company,WhatsApp / Phone,WhatsApp / Call + 1-Page Postal Dispatch + Email,"Namaskar Nil-ji,

When green leaf trucks move from field divisions to the factory at Mahalderam, what percentage difference are you typically seeing between the field scale and factory weighbridge?

Most independent estates in Darjeeling tell us they only catch leaf discrepancies and proxy hazira 10 to 14 days later when the fortnightly muster roll reaches the office.

Are you able to see your daily leaf reconciliation and worker count on your phone before the evening shift, or is your team still compiling it on paper?"
West Bengal,MAJHERDABRI,Organized Estate,No,BINOD KR. AGARWAL,Jalpaiguri,382.3,GIRIRAJ AGARWAL,9002844384,9002844384,Yes,majherdabri@rediffmail.com,Kolkata,"JF7G+HWW Binod kumar Agarwal, Action Area IIB, Reckjoani, West Bengal 700161",Qualified,Tier 2 (Qualified Independent),5,Consumer/ISP email (@rediffmail.com) | Kolkata HQ,,WhatsApp / Phone,WhatsApp / Call + 1-Page Postal Dispatch + Email,"Namaskar Giriraj-ji,

When green leaf trucks move from field divisions to the factory at Majherdabri, what percentage difference are you typically seeing between the field scale and factory weighbridge?

Most independent estates in Jalpaiguri tell us they only catch leaf discrepancies and proxy hazira 10 to 14 days later when the fortnightly muster roll reaches the office.

Are you able to see your daily leaf reconciliation and worker count on your phone before the evening shift, or is your team still compiling it on paper?"
West Bengal,MATHURA TEA ESTATE,Organized Estate,No,MCLEOD RUSSEL INDIA LIMITED,Jalpaiguri,701.2,NIL,9903096991,099030 96991,Yes,mathura@wmg.com,Kolkata,"Mcleod Russel India limited, Surendra Mohan Ghosh Sarani, 4, Mangoe Ln, Kolkata, West Bengal 700001",Disqualified,Disqualified,0,Custom domain (@wmg.com) | Large enterprise acreage (701.2 Ha) | Kolkata HQ,Conglomerate keyword match (MCLEOD RUSSEL),WhatsApp / Phone,WhatsApp / Call + 1-Page Postal Dispatch + Email,"Namaskar Nil-ji,

When green leaf trucks move from field divisions to the factory at Mathura Tea Estate, what percentage difference are you typically seeing between the field scale and factory weighbridge?

Most independent estates in Jalpaiguri tell us they only catch leaf discrepancies and proxy hazira 10 to 14 days later when the fortnightly muster roll reaches the office.

Are you able to see your daily leaf reconciliation and worker count on your phone before the evening shift, or is your team still compiling it on paper?"
West Bengal,NIMTIJHORA TEA ESTATE,Organized Estate,No,KHAYERBARI TEA CO. LTD.,Jalpaiguri,396.1,SHRI SHYAM SUNDAR GOYAL,9832020781,098320 20781,Yes,nimtijhoratea@gmail.com,Other / Unspecified,"K B Tea Product Pvt Limited, Chowdhury niwas, Milanpally, Saktigarh, Siliguri, West Bengal 734005",Disqualified,Disqualified,4,Consumer/ISP email (@gmail.com),Public limited company,WhatsApp / Phone,WhatsApp / Call + 1-Page Postal Dispatch + Email,"Namaskar Shyam-ji,

When green leaf trucks move from field divisions to the factory at Nimtijhora Tea Estate, what percentage difference are you typically seeing between the field scale and factory weighbridge?

Most independent estates in Jalpaiguri tell us they only catch leaf discrepancies and proxy hazira 10 to 14 days later when the fortnightly muster roll reaches the office.

Are you able to see your daily leaf reconciliation and worker count on your phone before the evening shift, or is your team still compiling it on paper?"
West Bengal,PATKAPRA TEA ESTATE,Organized Estate,No,DOOARS PLANTATION &,Jalpaiguri,470.6,DOOARS PLANTATION &,033 2248 7908,033 2248 7908,No,patkaparatea@yahoo.com,Kolkata,"4th Floor, Darjeeling Dooars Plantations Tea Limited, Nicco House, 2, Hare St, Above Canara Bank, B.B.D. Bagh, Kolkata, West Bengal 700001",Qualified,Tier 2 (Qualified Independent),5,Consumer/ISP email (@yahoo.com) | Kolkata HQ,,1-Page Postal Letter,1-Page Postal Dispatch + Email,"Namaskar Dooars-ji,

When green leaf trucks move from field divisions to the factory at Patkapra Tea Estate, what percentage difference are you typically seeing between the field scale and factory weighbridge?

Most independent estates in Jalpaiguri tell us they only catch leaf discrepancies and proxy hazira 10 to 14 days later when the fortnightly muster roll reaches the office.

Are you able to see your daily leaf reconciliation and worker count on your phone before the evening shift, or is your team still compiling it on paper?"
West Bengal,MATIKUNDA TEA ESTATE,Organized Estate,No,BIJLIMONI TEA & FINANCE LTD.,Uttar Dinajpur,62.1,BIJLIMONI TEA & FINANCE LTD.,9733230964,9733230964,Yes,,Kolkata,"H735+JF3 Bijalimoni Tea Estate, Paschim Madati, West Bengal 734426",Disqualified,Disqualified,6,No email listed (paper-dominant) | Mid-tier acreage sweet spot (62.1 Ha) | Kolkata HQ,Public limited company,WhatsApp / Phone,WhatsApp / Call + 1-Page Postal Dispatch,"Namaskar Bijlimoni-ji,

When green leaf trucks move from field divisions to the factory at Matikunda Tea Estate, what percentage difference are you typically seeing between the field scale and factory weighbridge?

Most independent estates in Uttar Dinajpur tell us they only catch leaf discrepancies and proxy hazira 10 to 14 days later when the fortnightly muster roll reaches the office.

Are you able to see your daily leaf reconciliation and worker count on your phone before the evening shift, or is your team still compiling it on paper?"
West Bengal,PRAKASH CHANDRA TEA ESTATE,Organized Estate,No,0,Uttar Dinajpur,11.6,0,9800694839,9800694839,Yes,,Siliguri,,Qualified,Tier 2 (Qualified Independent),6,No email listed (paper-dominant) | Small holding (11.6 Ha) | Siliguri HQ (local operating hub),,WhatsApp / Phone,WhatsApp / Call,"Namaskar 0-ji,

When green leaf trucks move from field divisions to the factory at Prakash Chandra Tea Estate, what percentage difference are you typically seeing between the field scale and factory weighbridge?

Most independent estates in Uttar Dinajpur tell us they only catch leaf discrepancies and proxy hazira 10 to 14 days later when the fortnightly muster roll reaches the office.

Are you able to see your daily leaf reconciliation and worker count on your phone before the evening shift, or is your team still compiling it on paper?"
West Bengal,PROVA TEA ESTATE,Organized Estate,No,540,Uttar Dinajpur,24.8,0,9679735361,9679735361,Yes,,Siliguri,"Siliguri, West Bengal",Qualified,Tier 2 (Qualified Independent),6,No email listed (paper-dominant) | Small holding (24.8 Ha) | Siliguri HQ (local operating hub),,WhatsApp / Phone,WhatsApp / Call + 1-Page Postal Dispatch,"Namaskar 0-ji,

When green leaf trucks move from field divisions to the factory at Prova Tea Estate, what percentage difference are you typically seeing between the field scale and factory weighbridge?

Most independent estates in Uttar Dinajpur tell us they only catch leaf discrepancies and proxy hazira 10 to 14 days later when the fortnightly muster roll reaches the office.

Are you able to see your daily leaf reconciliation and worker count on your phone before the evening shift, or is your team still compiling it on paper?"
West Bengal,RIGHTEX TRADING (P) LTD.,Organized Estate,No,RIGHTEX TRADING (P) LTD.,Uttar Dinajpur,23.2,BIMAN DUTTA,9733017325,9733017325,Yes,,Siliguri,"C9MM+52G Rightex Trading Pvt Ltd, Uttar Besarbari, West Bengal 733207",Qualified,Tier 2 (Qualified Independent),6,No email listed (paper-dominant) | Small holding (23.2 Ha) | Siliguri HQ (local operating hub),,WhatsApp / Phone,WhatsApp / Call + 1-Page Postal Dispatch,"Namaskar Biman-ji,

When green leaf trucks move from field divisions to the factory at Rightex Trading (P), what percentage difference are you typically seeing between the field scale and factory weighbridge?

Most independent estates in Uttar Dinajpur tell us they only catch leaf discrepancies and proxy hazira 10 to 14 days later when the fortnightly muster roll reaches the office.

Are you able to see your daily leaf reconciliation and worker count on your phone before the evening shift, or is your team still compiling it on paper?"
West Bengal,SOLODIGHI TEA ESTATE,Organized Estate,No,TOPICAL TEA CO. PVT. LTD.,Uttar Dinajpur,39.7,SHRI PRANAB KUMAR ADAK,9832840250,9832840250,Yes,acpranab@yahoo.co.in,Islampur,"TOPICAL TEA COMPANY PRIVATE LIMITED, Soldighi, Debijhora, Chopra, Bhagabati, West Bengal 733207",Qualified,Tier 2 (Qualified Independent),5,Consumer/ISP email (@yahoo.co.in) | Small holding (39.7 Ha),,WhatsApp / Phone,WhatsApp / Call + 1-Page Postal Dispatch + Email,"Namaskar Pranab-ji,

When green leaf trucks move from field divisions to the factory at Solodighi Tea Estate, what percentage difference are you typically seeing between the field scale and factory weighbridge?

Most independent estates in Uttar Dinajpur tell us they only catch leaf discrepancies and proxy hazira 10 to 14 days later when the fortnightly muster roll reaches the office.

Are you able to see your daily leaf reconciliation and worker count on your phone before the evening shift, or is your team still compiling it on paper?"
West Bengal,TULSIVITA TEA ESTATE,Organized Estate,No,TULSIVIA AGRO FAM,Uttar Dinajpur,40.8,SHRI SWAPAN DAS & CHANDAN,9775935169,09775935169,Yes,das.swapan65@yahoo.com,Islampur,"Islampur, West Bengal",Qualified,Tier 2 (Qualified Independent),5,Consumer/ISP email (@yahoo.com) | Small holding (40.8 Ha),,WhatsApp / Phone,WhatsApp / Call + 1-Page Postal Dispatch + Email,"Namaskar Swapan-ji,

When green leaf trucks move from field divisions to the factory at Tulsivita Tea Estate, what percentage difference are you typically seeing between the field scale and factory weighbridge?

Most independent estates in Uttar Dinajpur tell us they only catch leaf discrepancies and proxy hazira 10 to 14 days later when the fortnightly muster roll reaches the office.

Are you able to see your daily leaf reconciliation and worker count on your phone before the evening shift, or is your team still compiling it on paper?"
West Bengal,TEA & INDUSTRIES LTD.) ARYAMAN TEA ESTATE(UNIT OF JAYSHREE TEA & INDUSTRIES LTD.),Bought Leaf Factory (BLF),Yes,TEA & INDUSTRIES LTD.) ARYAMAN TEA ESTATE(UNIT OF JAYSHREE TEA & INDUSTRIES LTD.),Jalpaiguri,BLF Processing,,,,No,,Siliguri,"Jalpaiguri, West Bengal",Disqualified,Disqualified,10,No email listed (paper-dominant) | Bought Leaf Factory (daily small-grower leaf friction) | Siliguri HQ (local operating hub),Conglomerate keyword match (JAYSHREE TEA),1-Page Postal Letter,1-Page Postal Dispatch,"Namaskar,

During peak leaf intake at Tea & Industries Ltd.) Aryaman Tea Estate(Unit Of Jayshree Tea & Industries Ltd.), how does your weighbridge team handle small grower disputes over tare weight and moisture or coarse leaf deductions?

In Jalpaiguri, several BLF owners we know were losing 15 to 20 minutes per vehicle because deductions were still handwritten or keyed manually into a local computer slip.

Does your weighing scale push verified net leaf weights directly to the grower slip and your ledger without manual re-entry?"
West Bengal,ARYAN TEA PLANTATIONS PVT. LTD. ARYAN TEA PLANTATIONS PVT. LTD.,Bought Leaf Factory (BLF),Yes,ARYAN TEA PLANTATIONS PVT. LTD. ARYAN TEA PLANTATIONS PVT. LTD.,Jalpaiguri,BLF Processing,,,,No,,Siliguri,"Jalpaiguri, West Bengal",Qualified,Tier 1 (High Leakage / Paper Priority),10,No email listed (paper-dominant) | Bought Leaf Factory (daily small-grower leaf friction) | Siliguri HQ (local operating hub),,1-Page Postal Letter,1-Page Postal Dispatch,"Namaskar,

During peak leaf intake at Aryan Tea Plantations, how does your weighbridge team handle small grower disputes over tare weight and moisture or coarse leaf deductions?

In Jalpaiguri, several BLF owners we know were losing 15 to 20 minutes per vehicle because deductions were still handwritten or keyed manually into a local computer slip.

Does your weighing scale push verified net leaf weights directly to the grower slip and your ledger without manual re-entry?"
West Bengal,"MAZHABARI,DURGABARI ATAL TEA CO(1943) LTD. ATAL TEA FACTORY & ESTATE",Bought Leaf Factory (BLF),Yes,"MAZHABARI,DURGABARI ATAL TEA CO(1943) LTD. ATAL TEA FACTORY & ESTATE",Jalpaiguri,BLF Processing,,,,No,,Siliguri,"Jalpaiguri, West Bengal",Disqualified,Disqualified,10,No email listed (paper-dominant) | Bought Leaf Factory (daily small-grower leaf friction) | Siliguri HQ (local operating hub),Current GardenSuite client (ATAL),1-Page Postal Letter,1-Page Postal Dispatch,"Namaskar,

During peak leaf intake at Mazhabari,Durgabari Atal Tea Co(1943) Ltd. Atal Tea Factory & Estate, how does your weighbridge team handle small grower disputes over tare weight and moisture or coarse leaf deductions?

In Jalpaiguri, several BLF owners we know were losing 15 to 20 minutes per vehicle because deductions were still handwritten or keyed manually into a local computer slip.

Does your weighing scale push verified net leaf weights directly to the grower slip and your ledger without manual re-entry?"
West Bengal,ATAL AYAN TEA INDUSTRIESAYAN TEA FACTORY & STGS,Bought Leaf Factory (BLF),Yes,ATAL AYAN TEA INDUSTRIESAYAN TEA FACTORY & STGS,Jalpaiguri,BLF Processing,,,,No,,Siliguri,"Jalpaiguri, West Bengal",Disqualified,Disqualified,10,No email listed (paper-dominant) | Bought Leaf Factory (daily small-grower leaf friction) | Siliguri HQ (local operating hub),Current GardenSuite client (ATAL),1-Page Postal Letter,1-Page Postal Dispatch,"Namaskar,

During peak leaf intake at Atal Ayan Tea Industriesayan Tea Factory & Stgs, how does your weighbridge team handle small grower disputes over tare weight and moisture or coarse leaf deductions?

In Jalpaiguri, several BLF owners we know were losing 15 to 20 minutes per vehicle because deductions were still handwritten or keyed manually into a local computer slip.

Does your weighing scale push verified net leaf weights directly to the grower slip and your ledger without manual re-entry?"
West Bengal,Ltd. B N Bhowmick Tea Processing Pvt. Ltd.,Bought Leaf Factory (BLF),Yes,Ltd. B N Bhowmick Tea Processing Pvt. Ltd.,Jalpaiguri,BLF Processing,,,,No,,Siliguri,"Jalpaiguri, West Bengal",Qualified,Tier 1 (High Leakage / Paper Priority),10,No email listed (paper-dominant) | Bought Leaf Factory (daily small-grower leaf friction) | Siliguri HQ (local operating hub),,1-Page Postal Letter,1-Page Postal Dispatch,"Namaskar,

During peak leaf intake at B N Bhowmick Tea Processing, how does your weighbridge team handle small grower disputes over tare weight and moisture or coarse leaf deductions?

In Jalpaiguri, several BLF owners we know were losing 15 to 20 minutes per vehicle because deductions were still handwritten or keyed manually into a local computer slip.

Does your weighing scale push verified net leaf weights directly to the grower slip and your ledger without manual re-entry?"
West Bengal,BAIKUNTHPUR TEA MFG CO PVT LTD BHATURBARI,Bought Leaf Factory (BLF),Yes,BAIKUNTHPUR TEA MFG CO PVT LTD BHATURBARI,Darjeeling,BLF Processing,,,,No,,Siliguri,"Darjeeling, West Bengal",Qualified,Tier 1 (High Leakage / Paper Priority),10,No email listed (paper-dominant) | Bought Leaf Factory (daily small-grower leaf friction) | Siliguri HQ (local operating hub),,1-Page Postal Letter,1-Page Postal Dispatch,"Namaskar,

During peak leaf intake at Baikunthpur Tea Mfg Co Pvt Ltd Bhaturbari, how does your weighbridge team handle small grower disputes over tare weight and moisture or coarse leaf deductions?

In Darjeeling, several BLF owners we know were losing 15 to 20 minutes per vehicle because deductions were still handwritten or keyed manually into a local computer slip.

Does your weighing scale push verified net leaf weights directly to the grower slip and your ledger without manual re-entry?"
West Bengal,BROJENDRA PLANTATION PVT LTD BROJENDRA PLANTATION PVT LTD,Bought Leaf Factory (BLF),Yes,BROJENDRA PLANTATION PVT LTD BROJENDRA PLANTATION PVT LTD,Jalpaiguri,BLF Processing,,,,No,,Siliguri,"Jalpaiguri, West Bengal",Qualified,Tier 1 (High Leakage / Paper Priority),10,No email listed (paper-dominant) | Bought Leaf Factory (daily small-grower leaf friction) | Siliguri HQ (local operating hub),,1-Page Postal Letter,1-Page Postal Dispatch,"Namaskar,

During peak leaf intake at Brojendra Plantation, how does your weighbridge team handle small grower disputes over tare weight and moisture or coarse leaf deductions?

In Jalpaiguri, several BLF owners we know were losing 15 to 20 minutes per vehicle because deductions were still handwritten or keyed manually into a local computer slip.

Does your weighing scale push verified net leaf weights directly to the grower slip and your ledger without manual re-entry?"
West Bengal,CACHAR KING PLANTATIONS PVT. LTD. CACHAR KING BLF & STG,Bought Leaf Factory (BLF),Yes,CACHAR KING PLANTATIONS PVT. LTD. CACHAR KING BLF & STG,Jalpaiguri,BLF Processing,,,,No,,Siliguri,"Jalpaiguri, West Bengal",Qualified,Tier 1 (High Leakage / Paper Priority),10,No email listed (paper-dominant) | Bought Leaf Factory (daily small-grower leaf friction) | Siliguri HQ (local operating hub),,1-Page Postal Letter,1-Page Postal Dispatch,"Namaskar,

During peak leaf intake at Cachar King Plantations Pvt. Ltd. Cachar King Blf & Stg, how does your weighbridge team handle small grower disputes over tare weight and moisture or coarse leaf deductions?

In Jalpaiguri, several BLF owners we know were losing 15 to 20 minutes per vehicle because deductions were still handwritten or keyed manually into a local computer slip.

Does your weighing scale push verified net leaf weights directly to the grower slip and your ledger without manual re-entry?"
West Bengal,DARSHANANAND HOLDINGS PVT.LIMITED BAJRANG TEA FACTORY,Bought Leaf Factory (BLF),Yes,DARSHANANAND HOLDINGS PVT.LIMITED BAJRANG TEA FACTORY,Jalpaiguri,BLF Processing,,,,No,,Siliguri,"Jalpaiguri, West Bengal",Qualified,Tier 1 (High Leakage / Paper Priority),10,No email listed (paper-dominant) | Bought Leaf Factory (daily small-grower leaf friction) | Siliguri HQ (local operating hub),,1-Page Postal Letter,1-Page Postal Dispatch,"Namaskar,

During peak leaf intake at Darshananand Holdings Pvt.Limited Bajrang Tea Factory, how does your weighbridge team handle small grower disputes over tare weight and moisture or coarse leaf deductions?

In Jalpaiguri, several BLF owners we know were losing 15 to 20 minutes per vehicle because deductions were still handwritten or keyed manually into a local computer slip.

Does your weighing scale push verified net leaf weights directly to the grower slip and your ledger without manual re-entry?"
West Bengal,DASPARA TEA ESTATE PVT.LTD DASPARA TEA ESTATE PVT.LTD,Bought Leaf Factory (BLF),Yes,DASPARA TEA ESTATE PVT.LTD DASPARA TEA ESTATE PVT.LTD,Jalpaiguri,BLF Processing,,,,No,,Siliguri,"Jalpaiguri, West Bengal",Qualified,Tier 1 (High Leakage / Paper Priority),10,No email listed (paper-dominant) | Bought Leaf Factory (daily small-grower leaf friction) | Siliguri HQ (local operating hub),,1-Page Postal Letter,1-Page Postal Dispatch,"Namaskar,

During peak leaf intake at Daspara Tea Estate, how does your weighbridge team handle small grower disputes over tare weight and moisture or coarse leaf deductions?

In Jalpaiguri, several BLF owners we know were losing 15 to 20 minutes per vehicle because deductions were still handwritten or keyed manually into a local computer slip.

Does your weighing scale push verified net leaf weights directly to the grower slip and your ledger without manual re-entry?"
West Bengal,DOOARS PLANTATIONS & INDS. LTD PATKAPARA TEA ESTATE FACTORY,Bought Leaf Factory (BLF),Yes,DOOARS PLANTATIONS & INDS. LTD PATKAPARA TEA ESTATE FACTORY,Jalpaiguri,BLF Processing,,,,No,,Siliguri,"Jalpaiguri, West Bengal",Disqualified,Disqualified,10,No email listed (paper-dominant) | Bought Leaf Factory (daily small-grower leaf friction) | Siliguri HQ (local operating hub),Public limited company,1-Page Postal Letter,1-Page Postal Dispatch,"Namaskar,

During peak leaf intake at Dooars Plantations & Inds. Ltd Patkapara Tea Estate Factory, how does your weighbridge team handle small grower disputes over tare weight and moisture or coarse leaf deductions?

In Jalpaiguri, several BLF owners we know were losing 15 to 20 minutes per vehicle because deductions were still handwritten or keyed manually into a local computer slip.

Does your weighing scale push verified net leaf weights directly to the grower slip and your ledger without manual re-entry?"
West Bengal,ESSEL FUNDS MANAGEMENT PVT LTD ESSEL FUNDS MANAGEMENT PVT LTD,Bought Leaf Factory (BLF),Yes,ESSEL FUNDS MANAGEMENT PVT LTD ESSEL FUNDS MANAGEMENT PVT LTD,Jalpaiguri,BLF Processing,,,,No,,Siliguri,"Jalpaiguri, West Bengal",Qualified,Tier 1 (High Leakage / Paper Priority),10,No email listed (paper-dominant) | Bought Leaf Factory (daily small-grower leaf friction) | Siliguri HQ (local operating hub),,1-Page Postal Letter,1-Page Postal Dispatch,"Namaskar,

During peak leaf intake at Essel Funds Management, how does your weighbridge team handle small grower disputes over tare weight and moisture or coarse leaf deductions?

In Jalpaiguri, several BLF owners we know were losing 15 to 20 minutes per vehicle because deductions were still handwritten or keyed manually into a local computer slip.

Does your weighing scale push verified net leaf weights directly to the grower slip and your ledger without manual re-entry?"
West Bengal,EVERGREEN DOOARS TEA PVT LTD EVERGREEN DOOARS TEA PVT LTD,Bought Leaf Factory (BLF),Yes,EVERGREEN DOOARS TEA PVT LTD EVERGREEN DOOARS TEA PVT LTD,Jalpaiguri,BLF Processing,,,,No,,Siliguri,"Jalpaiguri, West Bengal",Qualified,Tier 1 (High Leakage / Paper Priority),10,No email listed (paper-dominant) | Bought Leaf Factory (daily small-grower leaf friction) | Siliguri HQ (local operating hub),,1-Page Postal Letter,1-Page Postal Dispatch,"Namaskar,

During peak leaf intake at Evergreen Dooars Tea, how does your weighbridge team handle small grower disputes over tare weight and moisture or coarse leaf deductions?

In Jalpaiguri, several BLF owners we know were losing 15 to 20 minutes per vehicle because deductions were still handwritten or keyed manually into a local computer slip.

Does your weighing scale push verified net leaf weights directly to the grower slip and your ledger without manual re-entry?"
West Bengal,GOPE TEA PLANTATION PVT LTD GOPE TEA ESTATE,Bought Leaf Factory (BLF),Yes,GOPE TEA PLANTATION PVT LTD GOPE TEA ESTATE,Jalpaiguri,BLF Processing,,,,No,,Siliguri,"Jalpaiguri, West Bengal",Qualified,Tier 1 (High Leakage / Paper Priority),10,No email listed (paper-dominant) | Bought Leaf Factory (daily small-grower leaf friction) | Siliguri HQ (local operating hub),,1-Page Postal Letter,1-Page Postal Dispatch,"Namaskar,

During peak leaf intake at Gope Tea Plantation Pvt Ltd Gope Tea Estate, how does your weighbridge team handle small grower disputes over tare weight and moisture or coarse leaf deductions?

In Jalpaiguri, several BLF owners we know were losing 15 to 20 minutes per vehicle because deductions were still handwritten or keyed manually into a local computer slip.

Does your weighing scale push verified net leaf weights directly to the grower slip and your ledger without manual re-entry?"
West Bengal,HIGHLAND EXIM PVT LTDHIGHLAND EXIM FACTORY & STG,Bought Leaf Factory (BLF),Yes,HIGHLAND EXIM PVT LTDHIGHLAND EXIM FACTORY & STG,Jalpaiguri,BLF Processing,,,,No,,Siliguri,"Jalpaiguri, West Bengal",Qualified,Tier 1 (High Leakage / Paper Priority),10,No email listed (paper-dominant) | Bought Leaf Factory (daily small-grower leaf friction) | Siliguri HQ (local operating hub),,1-Page Postal Letter,1-Page Postal Dispatch,"Namaskar,

During peak leaf intake at Highland Exim Pvt Ltdhighland Exim Factory & Stg, how does your weighbridge team handle small grower disputes over tare weight and moisture or coarse leaf deductions?

In Jalpaiguri, several BLF owners we know were losing 15 to 20 minutes per vehicle because deductions were still handwritten or keyed manually into a local computer slip.

Does your weighing scale push verified net leaf weights directly to the grower slip and your ledger without manual re-entry?"
West Bengal,JAGSHAKTI TEA & AGRO PVT LTD JAGSHAKTI FACTORY & STG,Bought Leaf Factory (BLF),Yes,JAGSHAKTI TEA & AGRO PVT LTD JAGSHAKTI FACTORY & STG,Jalpaiguri,BLF Processing,,,,No,,Siliguri,"Jalpaiguri, West Bengal",Qualified,Tier 1 (High Leakage / Paper Priority),10,No email listed (paper-dominant) | Bought Leaf Factory (daily small-grower leaf friction) | Siliguri HQ (local operating hub),,1-Page Postal Letter,1-Page Postal Dispatch,"Namaskar,

During peak leaf intake at Jagshakti Tea & Agro Pvt Ltd Jagshakti Factory & Stg, how does your weighbridge team handle small grower disputes over tare weight and moisture or coarse leaf deductions?

In Jalpaiguri, several BLF owners we know were losing 15 to 20 minutes per vehicle because deductions were still handwritten or keyed manually into a local computer slip.

Does your weighing scale push verified net leaf weights directly to the grower slip and your ledger without manual re-entry?"
West Bengal,JAI SHANKAR TEA CO. PVT. LTD JAI SHANKAR TEA CO. PVT. LTD,Bought Leaf Factory (BLF),Yes,JAI SHANKAR TEA CO. PVT. LTD JAI SHANKAR TEA CO. PVT. LTD,Jalpaiguri,BLF Processing,,,,No,,Jalpaiguri,"Jalpaiguri, West Bengal",Qualified,Tier 1 (High Leakage / Paper Priority),8,No email listed (paper-dominant) | Bought Leaf Factory (daily small-grower leaf friction) | Jalpaiguri HQ,,1-Page Postal Letter,1-Page Postal Dispatch,"Namaskar,

During peak leaf intake at Jai Shankar Tea Co., how does your weighbridge team handle small grower disputes over tare weight and moisture or coarse leaf deductions?

In Jalpaiguri, several BLF owners we know were losing 15 to 20 minutes per vehicle because deductions were still handwritten or keyed manually into a local computer slip.

Does your weighing scale push verified net leaf weights directly to the grower slip and your ledger without manual re-entry?"
West Bengal,COMPANY PRIVATE LIMITED JATINDRA MOHAN TEA COMPANY PVT LTD,Bought Leaf Factory (BLF),Yes,COMPANY PRIVATE LIMITED JATINDRA MOHAN TEA COMPANY PVT LTD,Jalpaiguri,BLF Processing,,,,No,,Siliguri,"Jalpaiguri, West Bengal",Qualified,Tier 1 (High Leakage / Paper Priority),10,No email listed (paper-dominant) | Bought Leaf Factory (daily small-grower leaf friction) | Siliguri HQ (local operating hub),,1-Page Postal Letter,1-Page Postal Dispatch,"Namaskar,

During peak leaf intake at Company Private Limited Jatindra Mohan Tea Company, how does your weighbridge team handle small grower disputes over tare weight and moisture or coarse leaf deductions?

In Jalpaiguri, several BLF owners we know were losing 15 to 20 minutes per vehicle because deductions were still handwritten or keyed manually into a local computer slip.

Does your weighing scale push verified net leaf weights directly to the grower slip and your ledger without manual re-entry?"
West Bengal,PVT LTD KAILASHGIRI CONSULTANT PVT LTD FACTORY & STG,Bought Leaf Factory (BLF),Yes,PVT LTD KAILASHGIRI CONSULTANT PVT LTD FACTORY & STG,Jalpaiguri,BLF Processing,,,,No,,Siliguri,"Jalpaiguri, West Bengal",Qualified,Tier 1 (High Leakage / Paper Priority),10,No email listed (paper-dominant) | Bought Leaf Factory (daily small-grower leaf friction) | Siliguri HQ (local operating hub),,1-Page Postal Letter,1-Page Postal Dispatch,"Namaskar,

During peak leaf intake at Pvt Ltd Kailashgiri Consultant Pvt Ltd Factory & Stg, how does your weighbridge team handle small grower disputes over tare weight and moisture or coarse leaf deductions?

In Jalpaiguri, several BLF owners we know were losing 15 to 20 minutes per vehicle because deductions were still handwritten or keyed manually into a local computer slip.

Does your weighing scale push verified net leaf weights directly to the grower slip and your ledger without manual re-entry?"
West Bengal,PVT. LTD. KALINAGAR TEA & AGRO CO. PVT. LTD.,Bought Leaf Factory (BLF),Yes,PVT. LTD. KALINAGAR TEA & AGRO CO. PVT. LTD.,Jalpaiguri,BLF Processing,,,,No,,Siliguri,"Jalpaiguri, West Bengal",Qualified,Tier 1 (High Leakage / Paper Priority),10,No email listed (paper-dominant) | Bought Leaf Factory (daily small-grower leaf friction) | Siliguri HQ (local operating hub),,1-Page Postal Letter,1-Page Postal Dispatch,"Namaskar,

During peak leaf intake at Pvt. Ltd. Kalinagar Tea & Agro Co., how does your weighbridge team handle small grower disputes over tare weight and moisture or coarse leaf deductions?

In Jalpaiguri, several BLF owners we know were losing 15 to 20 minutes per vehicle because deductions were still handwritten or keyed manually into a local computer slip.

Does your weighing scale push verified net leaf weights directly to the grower slip and your ledger without manual re-entry?"
West Bengal,"SONAAJULI, VEERPRIDE, KALIAPANI, KANAK KARJEEPARA TEA FACTORYKARJEEPARA TEA FACTORY",Bought Leaf Factory (BLF),Yes,"SONAAJULI, VEERPRIDE, KALIAPANI, KANAK KARJEEPARA TEA FACTORYKARJEEPARA TEA FACTORY",Jalpaiguri,BLF Processing,,,,No,,Siliguri,"Jalpaiguri, West Bengal",Qualified,Tier 1 (High Leakage / Paper Priority),10,No email listed (paper-dominant) | Bought Leaf Factory (daily small-grower leaf friction) | Siliguri HQ (local operating hub),,1-Page Postal Letter,1-Page Postal Dispatch,"Namaskar,

During peak leaf intake at Sonaajuli, Veerpride, Kaliapani, Kanak Karjeepara Tea Factorykarjeepara Tea Factory, how does your weighbridge team handle small grower disputes over tare weight and moisture or coarse leaf deductions?

In Jalpaiguri, several BLF owners we know were losing 15 to 20 minutes per vehicle because deductions were still handwritten or keyed manually into a local computer slip.

Does your weighing scale push verified net leaf weights directly to the grower slip and your ledger without manual re-entry?"
West Bengal,LIMITED KATYANI BEVERAGES AND AGRO PRODUCTS FACTORY,Bought Leaf Factory (BLF),Yes,LIMITED KATYANI BEVERAGES AND AGRO PRODUCTS FACTORY,Jalpaiguri,BLF Processing,,,,No,,Siliguri,"Jalpaiguri, West Bengal",Disqualified,Disqualified,10,No email listed (paper-dominant) | Bought Leaf Factory (daily small-grower leaf friction) | Siliguri HQ (local operating hub),Public limited company,1-Page Postal Letter,1-Page Postal Dispatch,"Namaskar,

During peak leaf intake at Limited Katyani Beverages And Agro Products Factory, how does your weighbridge team handle small grower disputes over tare weight and moisture or coarse leaf deductions?

In Jalpaiguri, several BLF owners we know were losing 15 to 20 minutes per vehicle because deductions were still handwritten or keyed manually into a local computer slip.

Does your weighing scale push verified net leaf weights directly to the grower slip and your ledger without manual re-entry?"
West Bengal,KAYAN AGRO INDUSTRIES & CO. PVT. LTD. KAYAN TEA FACTORY & STG,Bought Leaf Factory (BLF),Yes,KAYAN AGRO INDUSTRIES & CO. PVT. LTD. KAYAN TEA FACTORY & STG,Jalpaiguri,BLF Processing,,,,No,,Siliguri,"Jalpaiguri, West Bengal",Qualified,Tier 1 (High Leakage / Paper Priority),10,No email listed (paper-dominant) | Bought Leaf Factory (daily small-grower leaf friction) | Siliguri HQ (local operating hub),,1-Page Postal Letter,1-Page Postal Dispatch,"Namaskar,

During peak leaf intake at Kayan Agro Industries & Co. Pvt. Ltd. Kayan Tea Factory & Stg, how does your weighbridge team handle small grower disputes over tare weight and moisture or coarse leaf deductions?

In Jalpaiguri, several BLF owners we know were losing 15 to 20 minutes per vehicle because deductions were still handwritten or keyed manually into a local computer slip.

Does your weighing scale push verified net leaf weights directly to the grower slip and your ledger without manual re-entry?"
West Bengal,KUKURJAN TEA PROCESSING PVT LTD KUKURJAN TEA FACTORY,Bought Leaf Factory (BLF),Yes,KUKURJAN TEA PROCESSING PVT LTD KUKURJAN TEA FACTORY,Jalpaiguri,BLF Processing,,,,No,,Siliguri,"Jalpaiguri, West Bengal",Qualified,Tier 1 (High Leakage / Paper Priority),10,No email listed (paper-dominant) | Bought Leaf Factory (daily small-grower leaf friction) | Siliguri HQ (local operating hub),,1-Page Postal Letter,1-Page Postal Dispatch,"Namaskar,

During peak leaf intake at Kukurjan Tea Processing Pvt Ltd Kukurjan Tea Factory, how does your weighbridge team handle small grower disputes over tare weight and moisture or coarse leaf deductions?

In Jalpaiguri, several BLF owners we know were losing 15 to 20 minutes per vehicle because deductions were still handwritten or keyed manually into a local computer slip.

Does your weighing scale push verified net leaf weights directly to the grower slip and your ledger without manual re-entry?"
West Bengal,TEA & INDUSTRIES LTD.) KUMARIKA TEA PROJECT(UNIT OF JAYSHREE TEA & INDUSTRIES LTD.),Bought Leaf Factory (BLF),Yes,TEA & INDUSTRIES LTD.) KUMARIKA TEA PROJECT(UNIT OF JAYSHREE TEA & INDUSTRIES LTD.),Jalpaiguri,BLF Processing,,,,No,,Siliguri,"Jalpaiguri, West Bengal",Disqualified,Disqualified,10,No email listed (paper-dominant) | Bought Leaf Factory (daily small-grower leaf friction) | Siliguri HQ (local operating hub),Conglomerate keyword match (JAYSHREE TEA),1-Page Postal Letter,1-Page Postal Dispatch,"Namaskar,

During peak leaf intake at Tea & Industries Ltd.) Kumarika Tea Project(Unit Of Jayshree Tea & Industries Ltd.), how does your weighbridge team handle small grower disputes over tare weight and moisture or coarse leaf deductions?

In Jalpaiguri, several BLF owners we know were losing 15 to 20 minutes per vehicle because deductions were still handwritten or keyed manually into a local computer slip.

Does your weighing scale push verified net leaf weights directly to the grower slip and your ledger without manual re-entry?"
West Bengal,"KUMARIKA GOLD, KUMARIKA CLONAL, KUMARIKA CLONAL -1 , LUXMI TEA CO. PVT. LTDFULBARI TEA ESTATE",Bought Leaf Factory (BLF),Yes,"KUMARIKA GOLD, KUMARIKA CLONAL, KUMARIKA CLONAL -1 , LUXMI TEA CO. PVT. LTDFULBARI TEA ESTATE",Jalpaiguri,BLF Processing,,,,No,,Siliguri,"Jalpaiguri, West Bengal",Disqualified,Disqualified,10,No email listed (paper-dominant) | Bought Leaf Factory (daily small-grower leaf friction) | Siliguri HQ (local operating hub),Conglomerate keyword match (LUXMI TEA),1-Page Postal Letter,1-Page Postal Dispatch,"Namaskar,

During peak leaf intake at Kumarika Gold, Kumarika Clonal, Kumarika Clonal -1 , Luxmi Tea Co. Pvt. Ltdfulbari Tea Estate, how does your weighbridge team handle small grower disputes over tare weight and moisture or coarse leaf deductions?

In Jalpaiguri, several BLF owners we know were losing 15 to 20 minutes per vehicle because deductions were still handwritten or keyed manually into a local computer slip.

Does your weighing scale push verified net leaf weights directly to the grower slip and your ledger without manual re-entry?"
West Bengal,PLANTATION PVT. LTD M/S NEW LEAF TEA PLANTATION PVT. LTD,Bought Leaf Factory (BLF),Yes,PLANTATION PVT. LTD M/S NEW LEAF TEA PLANTATION PVT. LTD,Jalpaiguri,BLF Processing,,,,No,,Siliguri,"Jalpaiguri, West Bengal",Qualified,Tier 1 (High Leakage / Paper Priority),10,No email listed (paper-dominant) | Bought Leaf Factory (daily small-grower leaf friction) | Siliguri HQ (local operating hub),,1-Page Postal Letter,1-Page Postal Dispatch,"Namaskar,

During peak leaf intake at Plantation Pvt. Ltd M/S New Leaf Tea Plantation, how does your weighbridge team handle small grower disputes over tare weight and moisture or coarse leaf deductions?

In Jalpaiguri, several BLF owners we know were losing 15 to 20 minutes per vehicle because deductions were still handwritten or keyed manually into a local computer slip.

Does your weighing scale push verified net leaf weights directly to the grower slip and your ledger without manual re-entry?"
West Bengal,MALHATI TEA & INDUSTRIES LIMITED. JOGES CHANDRA TEA ESTATE,Bought Leaf Factory (BLF),Yes,MALHATI TEA & INDUSTRIES LIMITED. JOGES CHANDRA TEA ESTATE,Jalpaiguri,BLF Processing,,,,No,,Siliguri,"Jalpaiguri, West Bengal",Disqualified,Disqualified,10,No email listed (paper-dominant) | Bought Leaf Factory (daily small-grower leaf friction) | Siliguri HQ (local operating hub),Public limited company,1-Page Postal Letter,1-Page Postal Dispatch,"Namaskar,

During peak leaf intake at Malhati Tea & Industries Limited. Joges Chandra Tea Estate, how does your weighbridge team handle small grower disputes over tare weight and moisture or coarse leaf deductions?

In Jalpaiguri, several BLF owners we know were losing 15 to 20 minutes per vehicle because deductions were still handwritten or keyed manually into a local computer slip.

Does your weighing scale push verified net leaf weights directly to the grower slip and your ledger without manual re-entry?"
West Bengal,"JOGES CHANDRA, JOGES CHANDRA GOLD MANJUSHREE TEA COMPANYMANJUSHREE TEA COMPANY",Bought Leaf Factory (BLF),Yes,"JOGES CHANDRA, JOGES CHANDRA GOLD MANJUSHREE TEA COMPANYMANJUSHREE TEA COMPANY",Jalpaiguri,BLF Processing,,,,No,,Siliguri,"Jalpaiguri, West Bengal",Qualified,Tier 1 (High Leakage / Paper Priority),10,No email listed (paper-dominant) | Bought Leaf Factory (daily small-grower leaf friction) | Siliguri HQ (local operating hub),,1-Page Postal Letter,1-Page Postal Dispatch,"Namaskar,

During peak leaf intake at Joges Chandra, Joges Chandra Gold Manjushree Tea Companymanjushree Tea Company, how does your weighbridge team handle small grower disputes over tare weight and moisture or coarse leaf deductions?

In Jalpaiguri, several BLF owners we know were losing 15 to 20 minutes per vehicle because deductions were still handwritten or keyed manually into a local computer slip.

Does your weighing scale push verified net leaf weights directly to the grower slip and your ledger without manual re-entry?"
West Bengal,"MALAPARA SUPREME, MALAPARA GOLD, MALAPARA DIAMOND MANSARAVOR TEA PVT LTDMANSARAVOR TEA PVT LTD",Bought Leaf Factory (BLF),Yes,"MALAPARA SUPREME, MALAPARA GOLD, MALAPARA DIAMOND MANSARAVOR TEA PVT LTDMANSARAVOR TEA PVT LTD",Jalpaiguri,BLF Processing,,,,No,,Siliguri,"Jalpaiguri, West Bengal",Qualified,Tier 1 (High Leakage / Paper Priority),10,No email listed (paper-dominant) | Bought Leaf Factory (daily small-grower leaf friction) | Siliguri HQ (local operating hub),,1-Page Postal Letter,1-Page Postal Dispatch,"Namaskar,

During peak leaf intake at Malapara Supreme, Malapara Gold, Malapara Diamond Mansaravor Tea Pvt Ltdmansaravor Tea, how does your weighbridge team handle small grower disputes over tare weight and moisture or coarse leaf deductions?

In Jalpaiguri, several BLF owners we know were losing 15 to 20 minutes per vehicle because deductions were still handwritten or keyed manually into a local computer slip.

Does your weighing scale push verified net leaf weights directly to the grower slip and your ledger without manual re-entry?"
West Bengal,"GUYABARI, GUYABARI GOLD, BANDHU NAGAR MARS TEA I NDIA PVT LTDMARS TEA I NDIA PVT LTD",Bought Leaf Factory (BLF),Yes,"GUYABARI, GUYABARI GOLD, BANDHU NAGAR MARS TEA I NDIA PVT LTDMARS TEA I NDIA PVT LTD",Jalpaiguri,BLF Processing,,,,No,,Siliguri,"Jalpaiguri, West Bengal",Qualified,Tier 1 (High Leakage / Paper Priority),10,No email listed (paper-dominant) | Bought Leaf Factory (daily small-grower leaf friction) | Siliguri HQ (local operating hub),,1-Page Postal Letter,1-Page Postal Dispatch,"Namaskar,

During peak leaf intake at Guyabari, Guyabari Gold, Bandhu Nagar Mars Tea I Ndia Pvt Ltdmars Tea I Ndia, how does your weighbridge team handle small grower disputes over tare weight and moisture or coarse leaf deductions?

In Jalpaiguri, several BLF owners we know were losing 15 to 20 minutes per vehicle because deductions were still handwritten or keyed manually into a local computer slip.

Does your weighing scale push verified net leaf weights directly to the grower slip and your ledger without manual re-entry?"
West Bengal,"VALUE,TAPTI,TAPTI VALUE,SARAMATI, SARAMATI MINU TEA INDUSTRIES MINU TEA FACTORY & STG",Bought Leaf Factory (BLF),Yes,"VALUE,TAPTI,TAPTI VALUE,SARAMATI, SARAMATI MINU TEA INDUSTRIES MINU TEA FACTORY & STG",Jalpaiguri,BLF Processing,,,,No,,Siliguri,"Jalpaiguri, West Bengal",Qualified,Tier 1 (High Leakage / Paper Priority),10,No email listed (paper-dominant) | Bought Leaf Factory (daily small-grower leaf friction) | Siliguri HQ (local operating hub),,1-Page Postal Letter,1-Page Postal Dispatch,"Namaskar,

During peak leaf intake at Value,Tapti,Tapti Value,Saramati, Saramati Minu Tea Industries Minu Tea Factory & Stg, how does your weighbridge team handle small grower disputes over tare weight and moisture or coarse leaf deductions?

In Jalpaiguri, several BLF owners we know were losing 15 to 20 minutes per vehicle because deductions were still handwritten or keyed manually into a local computer slip.

Does your weighing scale push verified net leaf weights directly to the grower slip and your ledger without manual re-entry?"
West Bengal,PROCESSING PVT. LTD NAVBHARAT TEA PROCESSING PVT. LTD,Bought Leaf Factory (BLF),Yes,PROCESSING PVT. LTD NAVBHARAT TEA PROCESSING PVT. LTD,Jalpaiguri,BLF Processing,,,,No,,Siliguri,"Jalpaiguri, West Bengal",Qualified,Tier 1 (High Leakage / Paper Priority),10,No email listed (paper-dominant) | Bought Leaf Factory (daily small-grower leaf friction) | Siliguri HQ (local operating hub),,1-Page Postal Letter,1-Page Postal Dispatch,"Namaskar,

During peak leaf intake at Processing Pvt. Ltd Navbharat Tea Processing, how does your weighbridge team handle small grower disputes over tare weight and moisture or coarse leaf deductions?

In Jalpaiguri, several BLF owners we know were losing 15 to 20 minutes per vehicle because deductions were still handwritten or keyed manually into a local computer slip.

Does your weighing scale push verified net leaf weights directly to the grower slip and your ledger without manual re-entry?"
West Bengal,NITYANANDA AGRO COMPANY LTD. NITYANANDA AGRO CO. LTD.,Bought Leaf Factory (BLF),Yes,NITYANANDA AGRO COMPANY LTD. NITYANANDA AGRO CO. LTD.,Uttar Dinajpur,BLF Processing,,,,No,,Siliguri,"Uttar Dinajpur, West Bengal",Disqualified,Disqualified,10,No email listed (paper-dominant) | Bought Leaf Factory (daily small-grower leaf friction) | Siliguri HQ (local operating hub),Public limited company,1-Page Postal Letter,1-Page Postal Dispatch,"Namaskar,

During peak leaf intake at Nityananda Agro Company Ltd. Nityananda Agro, how does your weighbridge team handle small grower disputes over tare weight and moisture or coarse leaf deductions?

In Uttar Dinajpur, several BLF owners we know were losing 15 to 20 minutes per vehicle because deductions were still handwritten or keyed manually into a local computer slip.

Does your weighing scale push verified net leaf weights directly to the grower slip and your ledger without manual re-entry?"
West Bengal,PVT. LTD. - NORTH DINAJPUR TEA AGRO BLF & STG,Bought Leaf Factory (BLF),Yes,PVT. LTD. - NORTH DINAJPUR TEA AGRO BLF & STG,Uttar Dinajpur,BLF Processing,,,,No,,Siliguri,"Uttar Dinajpur, West Bengal",Qualified,Tier 1 (High Leakage / Paper Priority),10,No email listed (paper-dominant) | Bought Leaf Factory (daily small-grower leaf friction) | Siliguri HQ (local operating hub),,1-Page Postal Letter,1-Page Postal Dispatch,"Namaskar,

During peak leaf intake at Pvt. Ltd. - North Dinajpur Tea Agro Blf & Stg, how does your weighbridge team handle small grower disputes over tare weight and moisture or coarse leaf deductions?

In Uttar Dinajpur, several BLF owners we know were losing 15 to 20 minutes per vehicle because deductions were still handwritten or keyed manually into a local computer slip.

Does your weighing scale push verified net leaf weights directly to the grower slip and your ledger without manual re-entry?"
West Bengal,NOUVELLE TEA PVT. LTD.NOUVELLE TEA PVT. LTD.,Bought Leaf Factory (BLF),Yes,NOUVELLE TEA PVT. LTD.NOUVELLE TEA PVT. LTD.,Jalpaiguri,BLF Processing,,,,No,,Siliguri,"Jalpaiguri, West Bengal",Qualified,Tier 1 (High Leakage / Paper Priority),10,No email listed (paper-dominant) | Bought Leaf Factory (daily small-grower leaf friction) | Siliguri HQ (local operating hub),,1-Page Postal Letter,1-Page Postal Dispatch,"Namaskar,

During peak leaf intake at Nouvelle Tea Pvt. Ltd.Nouvelle Tea, how does your weighbridge team handle small grower disputes over tare weight and moisture or coarse leaf deductions?

In Jalpaiguri, several BLF owners we know were losing 15 to 20 minutes per vehicle because deductions were still handwritten or keyed manually into a local computer slip.

Does your weighing scale push verified net leaf weights directly to the grower slip and your ledger without manual re-entry?"
West Bengal,NPS COLD STORAGE PVT. LTD. NPS COLD STORAGE PVT. LTD.,Bought Leaf Factory (BLF),Yes,NPS COLD STORAGE PVT. LTD. NPS COLD STORAGE PVT. LTD.,Jalpaiguri,BLF Processing,,,,No,,Siliguri,"Jalpaiguri, West Bengal",Qualified,Tier 1 (High Leakage / Paper Priority),10,No email listed (paper-dominant) | Bought Leaf Factory (daily small-grower leaf friction) | Siliguri HQ (local operating hub),,1-Page Postal Letter,1-Page Postal Dispatch,"Namaskar,

During peak leaf intake at Nps Cold Storage, how does your weighbridge team handle small grower disputes over tare weight and moisture or coarse leaf deductions?

In Jalpaiguri, several BLF owners we know were losing 15 to 20 minutes per vehicle because deductions were still handwritten or keyed manually into a local computer slip.

Does your weighing scale push verified net leaf weights directly to the grower slip and your ledger without manual re-entry?"
West Bengal,FACTORY P.B. GHOSH & SONS TEA FACTORY & STG,Bought Leaf Factory (BLF),Yes,FACTORY P.B. GHOSH & SONS TEA FACTORY & STG,Jalpaiguri,BLF Processing,,,,No,,Siliguri,"Jalpaiguri, West Bengal",Qualified,Tier 1 (High Leakage / Paper Priority),10,No email listed (paper-dominant) | Bought Leaf Factory (daily small-grower leaf friction) | Siliguri HQ (local operating hub),,1-Page Postal Letter,1-Page Postal Dispatch,"Namaskar,

During peak leaf intake at Factory P.B. Ghosh & Sons Tea Factory & Stg, how does your weighbridge team handle small grower disputes over tare weight and moisture or coarse leaf deductions?

In Jalpaiguri, several BLF owners we know were losing 15 to 20 minutes per vehicle because deductions were still handwritten or keyed manually into a local computer slip.

Does your weighing scale push verified net leaf weights directly to the grower slip and your ledger without manual re-entry?"
West Bengal,PHULJHORA AGRO PLANTATION PVT. LTD INDIRA TEA FACTORY,Bought Leaf Factory (BLF),Yes,PHULJHORA AGRO PLANTATION PVT. LTD INDIRA TEA FACTORY,Jalpaiguri,BLF Processing,,,,No,,Siliguri,"Jalpaiguri, West Bengal",Qualified,Tier 1 (High Leakage / Paper Priority),10,No email listed (paper-dominant) | Bought Leaf Factory (daily small-grower leaf friction) | Siliguri HQ (local operating hub),,1-Page Postal Letter,1-Page Postal Dispatch,"Namaskar,

During peak leaf intake at Phuljhora Agro Plantation Pvt. Ltd Indira Tea Factory, how does your weighbridge team handle small grower disputes over tare weight and moisture or coarse leaf deductions?

In Jalpaiguri, several BLF owners we know were losing 15 to 20 minutes per vehicle because deductions were still handwritten or keyed manually into a local computer slip.

Does your weighing scale push verified net leaf weights directly to the grower slip and your ledger without manual re-entry?"
West Bengal,PIONEER TEA AND EXPORTS LTD. PIONEER TEA & EXPORTS LTD.,Bought Leaf Factory (BLF),Yes,PIONEER TEA AND EXPORTS LTD. PIONEER TEA & EXPORTS LTD.,Jalpaiguri,BLF Processing,,,,No,,Siliguri,"Jalpaiguri, West Bengal",Disqualified,Disqualified,10,No email listed (paper-dominant) | Bought Leaf Factory (daily small-grower leaf friction) | Siliguri HQ (local operating hub),Public limited company,1-Page Postal Letter,1-Page Postal Dispatch,"Namaskar,

During peak leaf intake at Pioneer Tea And Exports Ltd. Pioneer Tea & Exports, how does your weighbridge team handle small grower disputes over tare weight and moisture or coarse leaf deductions?

In Jalpaiguri, several BLF owners we know were losing 15 to 20 minutes per vehicle because deductions were still handwritten or keyed manually into a local computer slip.

Does your weighing scale push verified net leaf weights directly to the grower slip and your ledger without manual re-entry?"
West Bengal,PROCESSING PVT. LTD SANYASIHAT TEA PROCESSING PVT. LTD,Bought Leaf Factory (BLF),Yes,PROCESSING PVT. LTD SANYASIHAT TEA PROCESSING PVT. LTD,Jalpaiguri,BLF Processing,,,,No,,Siliguri,"Jalpaiguri, West Bengal",Qualified,Tier 1 (High Leakage / Paper Priority),10,No email listed (paper-dominant) | Bought Leaf Factory (daily small-grower leaf friction) | Siliguri HQ (local operating hub),,1-Page Postal Letter,1-Page Postal Dispatch,"Namaskar,

During peak leaf intake at Processing Pvt. Ltd Sanyasihat Tea Processing, how does your weighbridge team handle small grower disputes over tare weight and moisture or coarse leaf deductions?

In Jalpaiguri, several BLF owners we know were losing 15 to 20 minutes per vehicle because deductions were still handwritten or keyed manually into a local computer slip.

Does your weighing scale push verified net leaf weights directly to the grower slip and your ledger without manual re-entry?"
West Bengal,SARODAMONI TEA CO. PVT LTD SARODAMONI TEA CO. PVT LTD,Bought Leaf Factory (BLF),Yes,SARODAMONI TEA CO. PVT LTD SARODAMONI TEA CO. PVT LTD,Jalpaiguri,BLF Processing,,,,No,,Siliguri,"Jalpaiguri, West Bengal",Qualified,Tier 1 (High Leakage / Paper Priority),10,No email listed (paper-dominant) | Bought Leaf Factory (daily small-grower leaf friction) | Siliguri HQ (local operating hub),,1-Page Postal Letter,1-Page Postal Dispatch,"Namaskar,

During peak leaf intake at Sarodamoni Tea Co., how does your weighbridge team handle small grower disputes over tare weight and moisture or coarse leaf deductions?

In Jalpaiguri, several BLF owners we know were losing 15 to 20 minutes per vehicle because deductions were still handwritten or keyed manually into a local computer slip.

Does your weighing scale push verified net leaf weights directly to the grower slip and your ledger without manual re-entry?"
West Bengal,"MANJIRA ROYAL, SARODAMONI PREMIUM, MANJIRA PREMIUM SENCHAL AGRO PVT. LTDSENCHAL TEA FACTORY & STG",Bought Leaf Factory (BLF),Yes,"MANJIRA ROYAL, SARODAMONI PREMIUM, MANJIRA PREMIUM SENCHAL AGRO PVT. LTDSENCHAL TEA FACTORY & STG",Jalpaiguri,BLF Processing,,,,No,,Siliguri,"Jalpaiguri, West Bengal",Qualified,Tier 1 (High Leakage / Paper Priority),10,No email listed (paper-dominant) | Bought Leaf Factory (daily small-grower leaf friction) | Siliguri HQ (local operating hub),,1-Page Postal Letter,1-Page Postal Dispatch,"Namaskar,

During peak leaf intake at Manjira Royal, Sarodamoni Premium, Manjira Premium Senchal Agro Pvt. Ltdsenchal Tea Factory & Stg, how does your weighbridge team handle small grower disputes over tare weight and moisture or coarse leaf deductions?

In Jalpaiguri, several BLF owners we know were losing 15 to 20 minutes per vehicle because deductions were still handwritten or keyed manually into a local computer slip.

Does your weighing scale push verified net leaf weights directly to the grower slip and your ledger without manual re-entry?"
West Bengal,AND MFG PVT LTD SHAKTI TEA PROCESSORS & MFG PVT LTD,Bought Leaf Factory (BLF),Yes,AND MFG PVT LTD SHAKTI TEA PROCESSORS & MFG PVT LTD,Jalpaiguri,BLF Processing,,,,No,,Siliguri,"Jalpaiguri, West Bengal",Qualified,Tier 1 (High Leakage / Paper Priority),10,No email listed (paper-dominant) | Bought Leaf Factory (daily small-grower leaf friction) | Siliguri HQ (local operating hub),,1-Page Postal Letter,1-Page Postal Dispatch,"Namaskar,

During peak leaf intake at And Mfg Pvt Ltd Shakti Tea Processors & Mfg, how does your weighbridge team handle small grower disputes over tare weight and moisture or coarse leaf deductions?

In Jalpaiguri, several BLF owners we know were losing 15 to 20 minutes per vehicle because deductions were still handwritten or keyed manually into a local computer slip.

Does your weighing scale push verified net leaf weights directly to the grower slip and your ledger without manual re-entry?"
West Bengal,SHREE GANAPATI TEA P. LTDSHREE GANAPATI TEA P. LTD,Bought Leaf Factory (BLF),Yes,SHREE GANAPATI TEA P. LTDSHREE GANAPATI TEA P. LTD,Jalpaiguri,BLF Processing,,,,No,,Siliguri,"Jalpaiguri, West Bengal",Disqualified,Disqualified,10,No email listed (paper-dominant) | Bought Leaf Factory (daily small-grower leaf friction) | Siliguri HQ (local operating hub),Public limited company,1-Page Postal Letter,1-Page Postal Dispatch,"Namaskar,

During peak leaf intake at Shree Ganapati Tea P. Ltdshree Ganapati Tea P., how does your weighbridge team handle small grower disputes over tare weight and moisture or coarse leaf deductions?

In Jalpaiguri, several BLF owners we know were losing 15 to 20 minutes per vehicle because deductions were still handwritten or keyed manually into a local computer slip.

Does your weighing scale push verified net leaf weights directly to the grower slip and your ledger without manual re-entry?"
West Bengal,INDUSTRIES PRIVATE LIMITED SHRI BANSI BEHARIJI TEA INDUSTRIES PRIVATE LIMITED,Bought Leaf Factory (BLF),Yes,INDUSTRIES PRIVATE LIMITED SHRI BANSI BEHARIJI TEA INDUSTRIES PRIVATE LIMITED,Jalpaiguri,BLF Processing,,,,No,,Siliguri,"Jalpaiguri, West Bengal",Qualified,Tier 1 (High Leakage / Paper Priority),10,No email listed (paper-dominant) | Bought Leaf Factory (daily small-grower leaf friction) | Siliguri HQ (local operating hub),,1-Page Postal Letter,1-Page Postal Dispatch,"Namaskar,

During peak leaf intake at Industries Private Limited Shri Bansi Behariji Tea Industries, how does your weighbridge team handle small grower disputes over tare weight and moisture or coarse leaf deductions?

In Jalpaiguri, several BLF owners we know were losing 15 to 20 minutes per vehicle because deductions were still handwritten or keyed manually into a local computer slip.

Does your weighing scale push verified net leaf weights directly to the grower slip and your ledger without manual re-entry?"
West Bengal,"GOLD, DWARIKA ROYAL, BANSURI ROYAL SONDEEP TEA PVT. LTD.SONDEEP TEA FACTORY & STG",Bought Leaf Factory (BLF),Yes,"GOLD, DWARIKA ROYAL, BANSURI ROYAL SONDEEP TEA PVT. LTD.SONDEEP TEA FACTORY & STG",Jalpaiguri,BLF Processing,,,,No,,Siliguri,"Jalpaiguri, West Bengal",Qualified,Tier 1 (High Leakage / Paper Priority),10,No email listed (paper-dominant) | Bought Leaf Factory (daily small-grower leaf friction) | Siliguri HQ (local operating hub),,1-Page Postal Letter,1-Page Postal Dispatch,"Namaskar,

During peak leaf intake at Gold, Dwarika Royal, Bansuri Royal Sondeep Tea Pvt. Ltd.Sondeep Tea Factory & Stg, how does your weighbridge team handle small grower disputes over tare weight and moisture or coarse leaf deductions?

In Jalpaiguri, several BLF owners we know were losing 15 to 20 minutes per vehicle because deductions were still handwritten or keyed manually into a local computer slip.

Does your weighing scale push verified net leaf weights directly to the grower slip and your ledger without manual re-entry?"
West Bengal,SRIKRISHNAPUR TEA CO.PVT LTD SRIKRISHNAPUR FACTORY & STG,Bought Leaf Factory (BLF),Yes,SRIKRISHNAPUR TEA CO.PVT LTD SRIKRISHNAPUR FACTORY & STG,Jalpaiguri,BLF Processing,,,,No,,Siliguri,"Jalpaiguri, West Bengal",Qualified,Tier 1 (High Leakage / Paper Priority),10,No email listed (paper-dominant) | Bought Leaf Factory (daily small-grower leaf friction) | Siliguri HQ (local operating hub),,1-Page Postal Letter,1-Page Postal Dispatch,"Namaskar,

During peak leaf intake at Srikrishnapur Tea Co.Pvt Ltd Srikrishnapur Factory & Stg, how does your weighbridge team handle small grower disputes over tare weight and moisture or coarse leaf deductions?

In Jalpaiguri, several BLF owners we know were losing 15 to 20 minutes per vehicle because deductions were still handwritten or keyed manually into a local computer slip.

Does your weighing scale push verified net leaf weights directly to the grower slip and your ledger without manual re-entry?"
West Bengal,WORKS LTD. SUMAN MANUFACTURING WORKS LTD.,Bought Leaf Factory (BLF),Yes,WORKS LTD. SUMAN MANUFACTURING WORKS LTD.,Jalpaiguri,BLF Processing,,,,No,,Siliguri,"Jalpaiguri, West Bengal",Disqualified,Disqualified,10,No email listed (paper-dominant) | Bought Leaf Factory (daily small-grower leaf friction) | Siliguri HQ (local operating hub),Public limited company,1-Page Postal Letter,1-Page Postal Dispatch,"Namaskar,

During peak leaf intake at Works Ltd. Suman Manufacturing Works, how does your weighbridge team handle small grower disputes over tare weight and moisture or coarse leaf deductions?

In Jalpaiguri, several BLF owners we know were losing 15 to 20 minutes per vehicle because deductions were still handwritten or keyed manually into a local computer slip.

Does your weighing scale push verified net leaf weights directly to the grower slip and your ledger without manual re-entry?"
West Bengal,SWARNALAXMI MERCANTILE P. LTD SWARNALAXMI MERCANTILE P. LTD,Bought Leaf Factory (BLF),Yes,SWARNALAXMI MERCANTILE P. LTD SWARNALAXMI MERCANTILE P. LTD,Jalpaiguri,BLF Processing,,,,No,,Siliguri,"Jalpaiguri, West Bengal",Disqualified,Disqualified,10,No email listed (paper-dominant) | Bought Leaf Factory (daily small-grower leaf friction) | Siliguri HQ (local operating hub),Public limited company,1-Page Postal Letter,1-Page Postal Dispatch,"Namaskar,

During peak leaf intake at Swarnalaxmi Mercantile P., how does your weighbridge team handle small grower disputes over tare weight and moisture or coarse leaf deductions?

In Jalpaiguri, several BLF owners we know were losing 15 to 20 minutes per vehicle because deductions were still handwritten or keyed manually into a local computer slip.

Does your weighing scale push verified net leaf weights directly to the grower slip and your ledger without manual re-entry?"
West Bengal,"JOTIYAKALI, JOTIYAKALI GOLD TEESTA TEA CO.PVT.LTD.TEESTA TEA CO.PVT.LTD.",Bought Leaf Factory (BLF),Yes,"JOTIYAKALI, JOTIYAKALI GOLD TEESTA TEA CO.PVT.LTD.TEESTA TEA CO.PVT.LTD.",Jalpaiguri,BLF Processing,,,,No,,Siliguri,"Jalpaiguri, West Bengal",Qualified,Tier 1 (High Leakage / Paper Priority),10,No email listed (paper-dominant) | Bought Leaf Factory (daily small-grower leaf friction) | Siliguri HQ (local operating hub),,1-Page Postal Letter,1-Page Postal Dispatch,"Namaskar,

During peak leaf intake at Jotiyakali, Jotiyakali Gold Teesta Tea Co.Pvt.Ltd.Teesta Tea Co., how does your weighbridge team handle small grower disputes over tare weight and moisture or coarse leaf deductions?

In Jalpaiguri, several BLF owners we know were losing 15 to 20 minutes per vehicle because deductions were still handwritten or keyed manually into a local computer slip.

Does your weighing scale push verified net leaf weights directly to the grower slip and your ledger without manual re-entry?"
West Bengal,UNIQUE TEA BORN PRIVATE LIMITED UNIQUE TEA BORN PRIVATE LIMITED,Bought Leaf Factory (BLF),Yes,UNIQUE TEA BORN PRIVATE LIMITED UNIQUE TEA BORN PRIVATE LIMITED,Jalpaiguri,BLF Processing,,,,No,,Siliguri,"Jalpaiguri, West Bengal",Qualified,Tier 1 (High Leakage / Paper Priority),10,No email listed (paper-dominant) | Bought Leaf Factory (daily small-grower leaf friction) | Siliguri HQ (local operating hub),,1-Page Postal Letter,1-Page Postal Dispatch,"Namaskar,

During peak leaf intake at Unique Tea Born, how does your weighbridge team handle small grower disputes over tare weight and moisture or coarse leaf deductions?

In Jalpaiguri, several BLF owners we know were losing 15 to 20 minutes per vehicle because deductions were still handwritten or keyed manually into a local computer slip.

Does your weighing scale push verified net leaf weights directly to the grower slip and your ledger without manual re-entry?"
West Bengal,PVT. LTD UTTORAYON BOUGHT LEAF FACTORY & STG,Bought Leaf Factory (BLF),Yes,PVT. LTD UTTORAYON BOUGHT LEAF FACTORY & STG,Jalpaiguri,BLF Processing,,,,No,,Siliguri,"Jalpaiguri, West Bengal",Qualified,Tier 1 (High Leakage / Paper Priority),10,No email listed (paper-dominant) | Bought Leaf Factory (daily small-grower leaf friction) | Siliguri HQ (local operating hub),,1-Page Postal Letter,1-Page Postal Dispatch,"Namaskar,

During peak leaf intake at Pvt. Ltd Uttorayon Bought Leaf Factory & Stg, how does your weighbridge team handle small grower disputes over tare weight and moisture or coarse leaf deductions?

In Jalpaiguri, several BLF owners we know were losing 15 to 20 minutes per vehicle because deductions were still handwritten or keyed manually into a local computer slip.

Does your weighing scale push verified net leaf weights directly to the grower slip and your ledger without manual re-entry?"
West Bengal,"MOHINIPUR, HARSINGPUR, MAHAVIR, UTI BLACK VITCO TEA & ALLIED P. LTD.VITCO TEA FACTORY & STG",Bought Leaf Factory (BLF),Yes,"MOHINIPUR, HARSINGPUR, MAHAVIR, UTI BLACK VITCO TEA & ALLIED P. LTD.VITCO TEA FACTORY & STG",Jalpaiguri,BLF Processing,,,,No,,Siliguri,"Jalpaiguri, West Bengal",Disqualified,Disqualified,10,No email listed (paper-dominant) | Bought Leaf Factory (daily small-grower leaf friction) | Siliguri HQ (local operating hub),Public limited company,1-Page Postal Letter,1-Page Postal Dispatch,"Namaskar,

During peak leaf intake at Mohinipur, Harsingpur, Mahavir, Uti Black Vitco Tea & Allied P. Ltd.Vitco Tea Factory & Stg, how does your weighbridge team handle small grower disputes over tare weight and moisture or coarse leaf deductions?

In Jalpaiguri, several BLF owners we know were losing 15 to 20 minutes per vehicle because deductions were still handwritten or keyed manually into a local computer slip.

Does your weighing scale push verified net leaf weights directly to the grower slip and your ledger without manual re-entry?"
West Bengal,PLANTATIONS PVT LTD VRINDABAN TEA & PLANTATIONS PVT LTD,Bought Leaf Factory (BLF),Yes,PLANTATIONS PVT LTD VRINDABAN TEA & PLANTATIONS PVT LTD,Jalpaiguri,BLF Processing,,,,No,,Siliguri,"Jalpaiguri, West Bengal",Qualified,Tier 1 (High Leakage / Paper Priority),10,No email listed (paper-dominant) | Bought Leaf Factory (daily small-grower leaf friction) | Siliguri HQ (local operating hub),,1-Page Postal Letter,1-Page Postal Dispatch,"Namaskar,

During peak leaf intake at Plantations Pvt Ltd Vrindaban Tea & Plantations, how does your weighbridge team handle small grower disputes over tare weight and moisture or coarse leaf deductions?

In Jalpaiguri, several BLF owners we know were losing 15 to 20 minutes per vehicle because deductions were still handwritten or keyed manually into a local computer slip.

Does your weighing scale push verified net leaf weights directly to the grower slip and your ledger without manual re-entry?"
West Bengal,"KAIRA SUPREME, SONA PREMIUM, PARVATI GOLD KASTURI TEA PLANTATIONKASTURI TEA PLANTATION",Bought Leaf Factory (BLF),Yes,"KAIRA SUPREME, SONA PREMIUM, PARVATI GOLD KASTURI TEA PLANTATIONKASTURI TEA PLANTATION",Jalpaiguri,BLF Processing,,,,No,,Siliguri,"Jalpaiguri, West Bengal",Qualified,Tier 1 (High Leakage / Paper Priority),10,No email listed (paper-dominant) | Bought Leaf Factory (daily small-grower leaf friction) | Siliguri HQ (local operating hub),,1-Page Postal Letter,1-Page Postal Dispatch,"Namaskar,

During peak leaf intake at Kaira Supreme, Sona Premium, Parvati Gold Kasturi Tea Plantationkasturi Tea Plantation, how does your weighbridge team handle small grower disputes over tare weight and moisture or coarse leaf deductions?

In Jalpaiguri, several BLF owners we know were losing 15 to 20 minutes per vehicle because deductions were still handwritten or keyed manually into a local computer slip.

Does your weighing scale push verified net leaf weights directly to the grower slip and your ledger without manual re-entry?"
West Bengal,COMPANY PVT. LTD. P. D. BAJORIA & SONS TEA COMPANY PVT. LTD.,Bought Leaf Factory (BLF),Yes,COMPANY PVT. LTD. P. D. BAJORIA & SONS TEA COMPANY PVT. LTD.,Jalpaiguri,BLF Processing,,,,No,,Siliguri,"Jalpaiguri, West Bengal",Qualified,Tier 1 (High Leakage / Paper Priority),10,No email listed (paper-dominant) | Bought Leaf Factory (daily small-grower leaf friction) | Siliguri HQ (local operating hub),,1-Page Postal Letter,1-Page Postal Dispatch,"Namaskar,

During peak leaf intake at Company Pvt. Ltd. P. D. Bajoria & Sons Tea Company, how does your weighbridge team handle small grower disputes over tare weight and moisture or coarse leaf deductions?

In Jalpaiguri, several BLF owners we know were losing 15 to 20 minutes per vehicle because deductions were still handwritten or keyed manually into a local computer slip.

Does your weighing scale push verified net leaf weights directly to the grower slip and your ledger without manual re-entry?"
West Bengal,RUCHI AGRO PRODUCTS PVT.LTD. RUCHI AGRO PRODUCTS PVT.LTD.,Bought Leaf Factory (BLF),Yes,RUCHI AGRO PRODUCTS PVT.LTD. RUCHI AGRO PRODUCTS PVT.LTD.,Jalpaiguri,BLF Processing,,,,No,,Siliguri,"Jalpaiguri, West Bengal",Qualified,Tier 1 (High Leakage / Paper Priority),10,No email listed (paper-dominant) | Bought Leaf Factory (daily small-grower leaf friction) | Siliguri HQ (local operating hub),,1-Page Postal Letter,1-Page Postal Dispatch,"Namaskar,

During peak leaf intake at Ruchi Agro Products, how does your weighbridge team handle small grower disputes over tare weight and moisture or coarse leaf deductions?

In Jalpaiguri, several BLF owners we know were losing 15 to 20 minutes per vehicle because deductions were still handwritten or keyed manually into a local computer slip.

Does your weighing scale push verified net leaf weights directly to the grower slip and your ledger without manual re-entry?"
West Bengal,Factory(Sanjivini Tea Company Pvt. Ltd) Tea Tops India Tea Factory,Bought Leaf Factory (BLF),Yes,Factory(Sanjivini Tea Company Pvt. Ltd) Tea Tops India Tea Factory,Jalpaiguri,BLF Processing,,,,No,,Siliguri,"Jalpaiguri, West Bengal",Qualified,Tier 1 (High Leakage / Paper Priority),10,No email listed (paper-dominant) | Bought Leaf Factory (daily small-grower leaf friction) | Siliguri HQ (local operating hub),,1-Page Postal Letter,1-Page Postal Dispatch,"Namaskar,

During peak leaf intake at Factory(Sanjivini Tea Company Pvt. Ltd) Tea Tops India Tea Factory, how does your weighbridge team handle small grower disputes over tare weight and moisture or coarse leaf deductions?

In Jalpaiguri, several BLF owners we know were losing 15 to 20 minutes per vehicle because deductions were still handwritten or keyed manually into a local computer slip.

Does your weighing scale push verified net leaf weights directly to the grower slip and your ledger without manual re-entry?"
West Bengal,"Praakritik, Sathkhamar MURLIDHAR TEA INDUSTRIESMURLIDHAR TEA INDUSTRIES",Bought Leaf Factory (BLF),Yes,"Praakritik, Sathkhamar MURLIDHAR TEA INDUSTRIESMURLIDHAR TEA INDUSTRIES",Jalpaiguri,BLF Processing,,,,No,,Siliguri,"Jalpaiguri, West Bengal",Qualified,Tier 1 (High Leakage / Paper Priority),10,No email listed (paper-dominant) | Bought Leaf Factory (daily small-grower leaf friction) | Siliguri HQ (local operating hub),,1-Page Postal Letter,1-Page Postal Dispatch,"Namaskar,

During peak leaf intake at Praakritik, Sathkhamar Murlidhar Tea Industriesmurlidhar Tea Industries, how does your weighbridge team handle small grower disputes over tare weight and moisture or coarse leaf deductions?

In Jalpaiguri, several BLF owners we know were losing 15 to 20 minutes per vehicle because deductions were still handwritten or keyed manually into a local computer slip.

Does your weighing scale push verified net leaf weights directly to the grower slip and your ledger without manual re-entry?"
West Bengal,KUNJ BIHARI GOLD LEAF INDUSTRIES PRIVATE LIMITED KUNJ BIHARI TEA FACTORY,Bought Leaf Factory (BLF),Yes,KUNJ BIHARI GOLD LEAF INDUSTRIES PRIVATE LIMITED KUNJ BIHARI TEA FACTORY,Jalpaiguri,BLF Processing,,,,No,,Siliguri,"Jalpaiguri, West Bengal",Qualified,Tier 1 (High Leakage / Paper Priority),10,No email listed (paper-dominant) | Bought Leaf Factory (daily small-grower leaf friction) | Siliguri HQ (local operating hub),,1-Page Postal Letter,1-Page Postal Dispatch,"Namaskar,

During peak leaf intake at Kunj Bihari Gold Leaf Industries Private Limited Kunj Bihari Tea Factory, how does your weighbridge team handle small grower disputes over tare weight and moisture or coarse leaf deductions?

In Jalpaiguri, several BLF owners we know were losing 15 to 20 minutes per vehicle because deductions were still handwritten or keyed manually into a local computer slip.

Does your weighing scale push verified net leaf weights directly to the grower slip and your ledger without manual re-entry?"
West Bengal,PRIVATE LIMITED WISHGREEN INDUSTRIES PRIVATE LIMITED,Bought Leaf Factory (BLF),Yes,PRIVATE LIMITED WISHGREEN INDUSTRIES PRIVATE LIMITED,Jalpaiguri,BLF Processing,,,,No,,Siliguri,"Jalpaiguri, West Bengal",Qualified,Tier 1 (High Leakage / Paper Priority),10,No email listed (paper-dominant) | Bought Leaf Factory (daily small-grower leaf friction) | Siliguri HQ (local operating hub),,1-Page Postal Letter,1-Page Postal Dispatch,"Namaskar,

During peak leaf intake at Private Limited Wishgreen Industries, how does your weighbridge team handle small grower disputes over tare weight and moisture or coarse leaf deductions?

In Jalpaiguri, several BLF owners we know were losing 15 to 20 minutes per vehicle because deductions were still handwritten or keyed manually into a local computer slip.

Does your weighing scale push verified net leaf weights directly to the grower slip and your ledger without manual re-entry?"
West Bengal,Dollancha Tea Industries(P) Ltd Dollancha Tea Industries(P) Ltd,Bought Leaf Factory (BLF),Yes,Dollancha Tea Industries(P) Ltd Dollancha Tea Industries(P) Ltd,Jalpaiguri,BLF Processing,,,,No,,Siliguri,"Jalpaiguri, West Bengal",Qualified,Tier 1 (High Leakage / Paper Priority),10,No email listed (paper-dominant) | Bought Leaf Factory (daily small-grower leaf friction) | Siliguri HQ (local operating hub),,1-Page Postal Letter,1-Page Postal Dispatch,"Namaskar,

During peak leaf intake at Dollancha Tea Industries(P), how does your weighbridge team handle small grower disputes over tare weight and moisture or coarse leaf deductions?

In Jalpaiguri, several BLF owners we know were losing 15 to 20 minutes per vehicle because deductions were still handwritten or keyed manually into a local computer slip.

Does your weighing scale push verified net leaf weights directly to the grower slip and your ledger without manual re-entry?"
West Bengal,"DOLLANCHA, DOLLANCHA GOLD, GUNABARI SUGANDH TEA PVT. LTDSUGANDH TEA PVT. LTD",Bought Leaf Factory (BLF),Yes,"DOLLANCHA, DOLLANCHA GOLD, GUNABARI SUGANDH TEA PVT. LTDSUGANDH TEA PVT. LTD",Jalpaiguri,BLF Processing,,,,No,,Siliguri,"Jalpaiguri, West Bengal",Qualified,Tier 1 (High Leakage / Paper Priority),10,No email listed (paper-dominant) | Bought Leaf Factory (daily small-grower leaf friction) | Siliguri HQ (local operating hub),,1-Page Postal Letter,1-Page Postal Dispatch,"Namaskar,

During peak leaf intake at Dollancha, Dollancha Gold, Gunabari Sugandh Tea Pvt. Ltdsugandh Tea, how does your weighbridge team handle small grower disputes over tare weight and moisture or coarse leaf deductions?

In Jalpaiguri, several BLF owners we know were losing 15 to 20 minutes per vehicle because deductions were still handwritten or keyed manually into a local computer slip.

Does your weighing scale push verified net leaf weights directly to the grower slip and your ledger without manual re-entry?"
West Bengal,BARABARI TEA AND ALLIED PVT LTD BARABARI TEA AND ALLIED PVT LTD,Bought Leaf Factory (BLF),Yes,BARABARI TEA AND ALLIED PVT LTD BARABARI TEA AND ALLIED PVT LTD,Jalpaiguri,BLF Processing,,,,No,,Siliguri,"Jalpaiguri, West Bengal",Qualified,Tier 1 (High Leakage / Paper Priority),10,No email listed (paper-dominant) | Bought Leaf Factory (daily small-grower leaf friction) | Siliguri HQ (local operating hub),,1-Page Postal Letter,1-Page Postal Dispatch,"Namaskar,

During peak leaf intake at Barabari Tea And Allied, how does your weighbridge team handle small grower disputes over tare weight and moisture or coarse leaf deductions?

In Jalpaiguri, several BLF owners we know were losing 15 to 20 minutes per vehicle because deductions were still handwritten or keyed manually into a local computer slip.

Does your weighing scale push verified net leaf weights directly to the grower slip and your ledger without manual re-entry?"
West Bengal,"SURESHWARA, SURESHWARA SUPREME, SURESHWARA GARDEN EVERGREEN TEA GROUPKUNTA AGRO PVT. LTD",Bought Leaf Factory (BLF),Yes,"SURESHWARA, SURESHWARA SUPREME, SURESHWARA GARDEN EVERGREEN TEA GROUPKUNTA AGRO PVT. LTD",Jalpaiguri,BLF Processing,,,,No,,Siliguri,"Jalpaiguri, West Bengal",Qualified,Tier 1 (High Leakage / Paper Priority),10,No email listed (paper-dominant) | Bought Leaf Factory (daily small-grower leaf friction) | Siliguri HQ (local operating hub),,1-Page Postal Letter,1-Page Postal Dispatch,"Namaskar,

During peak leaf intake at Sureshwara, Sureshwara Supreme, Sureshwara Garden Evergreen Tea Groupkunta Agro, how does your weighbridge team handle small grower disputes over tare weight and moisture or coarse leaf deductions?

In Jalpaiguri, several BLF owners we know were losing 15 to 20 minutes per vehicle because deductions were still handwritten or keyed manually into a local computer slip.

Does your weighing scale push verified net leaf weights directly to the grower slip and your ledger without manual re-entry?"
West Bengal,ROYBARI TEA COMPANY PVT. LTD. ROYBARI TEA COMPANY PVT. LTD.,Bought Leaf Factory (BLF),Yes,ROYBARI TEA COMPANY PVT. LTD. ROYBARI TEA COMPANY PVT. LTD.,Jalpaiguri,BLF Processing,,,,No,,Siliguri,"Jalpaiguri, West Bengal",Qualified,Tier 1 (High Leakage / Paper Priority),10,No email listed (paper-dominant) | Bought Leaf Factory (daily small-grower leaf friction) | Siliguri HQ (local operating hub),,1-Page Postal Letter,1-Page Postal Dispatch,"Namaskar,

During peak leaf intake at Roybari Tea Company, how does your weighbridge team handle small grower disputes over tare weight and moisture or coarse leaf deductions?

In Jalpaiguri, several BLF owners we know were losing 15 to 20 minutes per vehicle because deductions were still handwritten or keyed manually into a local computer slip.

Does your weighing scale push verified net leaf weights directly to the grower slip and your ledger without manual re-entry?"
West Bengal,"HAPPY ROYAL, ROYBARI GOLD, ROYBARI Lakhipur Tea & Agro Pvt. Ltd.Lakhipur Tea & Agro Pvt. Ltd.",Bought Leaf Factory (BLF),Yes,"HAPPY ROYAL, ROYBARI GOLD, ROYBARI Lakhipur Tea & Agro Pvt. Ltd.Lakhipur Tea & Agro Pvt. Ltd.",Jalpaiguri,BLF Processing,,,,No,,Siliguri,"Jalpaiguri, West Bengal",Qualified,Tier 1 (High Leakage / Paper Priority),10,No email listed (paper-dominant) | Bought Leaf Factory (daily small-grower leaf friction) | Siliguri HQ (local operating hub),,1-Page Postal Letter,1-Page Postal Dispatch,"Namaskar,

During peak leaf intake at Happy Royal, Roybari Gold, Roybari Lakhipur Tea & Agro Pvt. Ltd.Lakhipur Tea & Agro, how does your weighbridge team handle small grower disputes over tare weight and moisture or coarse leaf deductions?

In Jalpaiguri, several BLF owners we know were losing 15 to 20 minutes per vehicle because deductions were still handwritten or keyed manually into a local computer slip.

Does your weighing scale push verified net leaf weights directly to the grower slip and your ledger without manual re-entry?"
West Bengal,SATABDI TEA PROCESSING (P) LTD SATABDI TEA PROCESSING (P) LTD,Bought Leaf Factory (BLF),Yes,SATABDI TEA PROCESSING (P) LTD SATABDI TEA PROCESSING (P) LTD,Jalpaiguri,BLF Processing,,,,No,,Siliguri,"Jalpaiguri, West Bengal",Qualified,Tier 1 (High Leakage / Paper Priority),10,No email listed (paper-dominant) | Bought Leaf Factory (daily small-grower leaf friction) | Siliguri HQ (local operating hub),,1-Page Postal Letter,1-Page Postal Dispatch,"Namaskar,

During peak leaf intake at Satabdi Tea Processing (P), how does your weighbridge team handle small grower disputes over tare weight and moisture or coarse leaf deductions?

In Jalpaiguri, several BLF owners we know were losing 15 to 20 minutes per vehicle because deductions were still handwritten or keyed manually into a local computer slip.

Does your weighing scale push verified net leaf weights directly to the grower slip and your ledger without manual re-entry?"
West Bengal,MANUFACTURER PVT. LTD. PARSURAM TEA MANUFACTURER PVT. LTD.,Bought Leaf Factory (BLF),Yes,MANUFACTURER PVT. LTD. PARSURAM TEA MANUFACTURER PVT. LTD.,Jalpaiguri,BLF Processing,,,,No,,Siliguri,"Jalpaiguri, West Bengal",Qualified,Tier 1 (High Leakage / Paper Priority),10,No email listed (paper-dominant) | Bought Leaf Factory (daily small-grower leaf friction) | Siliguri HQ (local operating hub),,1-Page Postal Letter,1-Page Postal Dispatch,"Namaskar,

During peak leaf intake at Manufacturer Pvt. Ltd. Parsuram Tea Manufacturer, how does your weighbridge team handle small grower disputes over tare weight and moisture or coarse leaf deductions?

In Jalpaiguri, several BLF owners we know were losing 15 to 20 minutes per vehicle because deductions were still handwritten or keyed manually into a local computer slip.

Does your weighing scale push verified net leaf weights directly to the grower slip and your ledger without manual re-entry?"
West Bengal,Evergreen Tea Group RAHAMAN AGRO PLANTATION (P) LTD,Bought Leaf Factory (BLF),Yes,Evergreen Tea Group RAHAMAN AGRO PLANTATION (P) LTD,Jalpaiguri,BLF Processing,,,,No,,Siliguri,"Jalpaiguri, West Bengal",Qualified,Tier 1 (High Leakage / Paper Priority),10,No email listed (paper-dominant) | Bought Leaf Factory (daily small-grower leaf friction) | Siliguri HQ (local operating hub),,1-Page Postal Letter,1-Page Postal Dispatch,"Namaskar,

During peak leaf intake at Evergreen Tea Group Rahaman Agro Plantation (P), how does your weighbridge team handle small grower disputes over tare weight and moisture or coarse leaf deductions?

In Jalpaiguri, several BLF owners we know were losing 15 to 20 minutes per vehicle because deductions were still handwritten or keyed manually into a local computer slip.

Does your weighing scale push verified net leaf weights directly to the grower slip and your ledger without manual re-entry?"
West Bengal,"WARREN TEA LIMITEDTARA TEA ESTATEASSAMTARA WELCOME TEA COMPANY WELCOME TEA COMPANY-SHGASSAMKAIZEN, WELLCOME, KAILYN",Bought Leaf Factory (BLF),Yes,"WARREN TEA LIMITEDTARA TEA ESTATEASSAMTARA WELCOME TEA COMPANY WELCOME TEA COMPANY-SHGASSAMKAIZEN, WELLCOME, KAILYN",Jalpaiguri,BLF Processing,,,,No,,Siliguri,"Jalpaiguri, West Bengal",Disqualified,Disqualified,10,No email listed (paper-dominant) | Bought Leaf Factory (daily small-grower leaf friction) | Siliguri HQ (local operating hub),Conglomerate keyword match (WARREN TEA),1-Page Postal Letter,1-Page Postal Dispatch,"Namaskar,

During peak leaf intake at Warren Tea Limitedtara Tea Estateassamtara Welcome Tea Company Welcome Tea Company-Shgassamkaizen, Wellcome, Kailyn, how does your weighbridge team handle small grower disputes over tare weight and moisture or coarse leaf deductions?

In Jalpaiguri, several BLF owners we know were losing 15 to 20 minutes per vehicle because deductions were still handwritten or keyed manually into a local computer slip.

Does your weighing scale push verified net leaf weights directly to the grower slip and your ledger without manual re-entry?"
