Target Company,Target HQ City,Associated Gardens,Match Status,Found Place Name,Formatted Address,City,PIN Code,Phone,Website,Latitude,Longitude,Rating,Reviews,Category,Place ID,Google Maps URL,Scraped At
"DUTTA AGRO PLANTATION PVT LTD","Siliguri","CHHAOPHALI TEA ESTATE","partial","Dutta Agro Products Pvt Ltd.","Dutta Agro Products Pvt Ltd., Kalna Rd, Gargeswar, Bardhaman, Jabui, West Bengal 713146","Siliguri","713146",,"http://duttaagroproducts.com/",23.2524996,88.0898273,4,35,"Rice mill","ChIJAZykrEpR-DkRaKAq2gQe0JE","https://www.google.com/maps/place/?q=place_id:ChIJAZykrEpR-DkRaKAq2gQe0JE","2026-09-14T11:27:50.078Z"
"MALHATI TEA AND INDS. LTD.","Siliguri","JOGESH CHANDRA TEA ESTATE","partial","Malhati Division","PMG6+3VP Malhati Division, Jogesh Chandra Tea Garden, West Bengal 735218","Siliguri","735218",,,26.7252184,88.662202,4.1,,"Playground","ChIJT_xjz5Zz5DkReLONZrdK_Fk","https://www.google.com/maps/place/?q=place_id:ChIJT_xjz5Zz5DkReLONZrdK_Fk","2026-09-14T11:27:53.656Z"
"MALNADY TEA ESTATE PVT. LTD., MALNADY TEA ESTATE PVT. LTD.,","Siliguri","MALNADY TEA ESTATE","matched","Malnady Tea Garden office","2ND FLOOR, Malnady Tea Garden office, Gopal Bhawan, Church Rd, Ward 10, Janta Nagar, Siliguri, West Bengal 734001","Siliguri","734001",,,26.7180713,88.4233677,,,"Tea Manufacturer","ChIJlZks-GlB5DkRddzFighaec4","https://maps.google.com/maps/preview/place/2ND+FLOOR,+Malnady+Tea+Garden+office,+Gopal+Bhawan,+Church+Rd,+Ward+10,+Janta+Nagar,+Siliguri,+West+Bengal+734001/@26.7180713,88.4233677,3564a,13.1y/data=!4m2!3m1!1s0x39e44169f82c9995:0xce795a088ac5dc75","2026-09-14T11:27:56.833Z"
"SOONGACHI TEA INDUSTRIES (P) LTD","Siliguri","NEW GLENCO TEA ESTATE","matched","Soongachi Tea !! BEST TEA SUPPLIERS IN SILIGURI !! BEST TEA MANUFACTURER IN SILIGURI !! BEST TEA WHOLESALER IN SILIGURI","Soongachi Tea !! BEST TEA SUPPLIERS IN SILIGURI !! BEST TEA MANUFACTURER IN SILIGURI !! BEST TEA WHOLESALER IN SILIGURI, Arjun Enclave C & E Block 1st Floor, Tea Auction Rd, Green Park Colony, Siliguri, West Bengal 734003","Siliguri","734003",,"http://soongachitea.in/",26.7353167,88.4103323,4,,"Tea Manufacturer","ChIJnVdlNi9B5DkR6WCl_xfs7ck","https://maps.google.com/maps/preview/place/Soongachi+Tea+!!+BEST+TEA+SUPPLIERS+IN+SILIGURI+!!+BEST+TEA+MANUFACTURER+IN+SILIGURI+!!+BEST+TEA+WHOLESALER+IN+SILIGURI,+Arjun+Enclave+C+%26+E+Block+1st+Floor,+Tea+Auction+Rd,+Green+Park+Colony,+Siliguri,+West+Bengal+734003/@26.7353167,88.4103323,3563a,13.1y/data=!4m2!3m1!1s0x39e4412f3665579d:0xc9edec17ffa560e9","2026-09-14T11:27:59.705Z"
"ABHIJIT TEA CO.(P) LTD.","Siliguri","RAJA TEA ESTATE","matched","Deesha Trade Endeavours P. Ltd.","Deesha Trade Endeavours P. Ltd., 195, Sukanta Sarani, opp. Bsnl Residential Complex, New Milanpally, Saktigarh, Siliguri, West Bengal 734005","Siliguri","734005",,"http://deeshaindiatea.in/",26.7007551,88.41436569999999,4.5,49,"Tea Manufacturer","ChIJxUoagNtB5DkR2I-asm2VMdw","https://www.google.com/maps/place/?q=place_id:ChIJxUoagNtB5DkR2I-asm2VMdw","2026-09-14T11:28:03.348Z"
"G.D. AGARWAL","Siliguri","SOONGACHI","partial","Siliguri","Siliguri, West Bengal","Siliguri","",,,26.7271012,88.39528609999999,,,,"ChIJzR1E9RRB5DkR_-1jIHDEtd4","https://maps.google.com/maps/preview/place/Siliguri,+West+Bengal/@26.7271012,88.3952861,3564a,13.1y/data=!4m2!3m1!1s0x39e44114f5441dcd:0xdeb5c4702063edff","2026-09-14T11:28:14.098Z"
"CHUNIAJHORA TEA CO LTD","Siliguri","NANDAN TEA ESTATE","matched","Chuniajhora Tea Co Ltd","Chuniajhora Tea Co Ltd, 62, Hill Cart Rd, Ward 10, Hakim Para, Siliguri, West Bengal 734001","Siliguri","734001",,,26.716220099999997,88.4224708,,,"Tea Manufacturer","ChIJ_7UUwWpB5DkRMkXEDHDg8q8","https://maps.google.com/maps/preview/place/Chuniajhora+Tea+Co+Ltd,+62,+Hill+Cart+Rd,+Ward+10,+Hakim+Para,+Siliguri,+West+Bengal+734001/@26.7162201,88.4224708,3564a,13.1y/data=!4m2!3m1!1s0x39e4416ac114b5ff:0xaff2e0700cc44532","2026-09-14T11:28:16.419Z"
"NEPATI VALLEY TEA ESTATE (P) LTD","Siliguri","NEPATI VALLEY TEA ESTATE","matched","Happy Valley Tea Estate","Happy Valley Tea Estate, Lebong Cart Rd, near Darjeeling, Chauk Bazaar, Darjeeling, West Bengal 734101","Darjeeling","734101",,"https://happyvalleyorganictea.com/",27.0513425,88.25865259999999,4.4,2900,"Garden","ChIJ5_fbgLsu5DkRFfQNjzjGogQ","https://www.google.com/maps/place/?q=place_id:ChIJ5_fbgLsu5DkRFfQNjzjGogQ","2026-09-14T11:28:19.148Z"
"GOURANGA PARBATI TEA CO PVT DILIP DAS AND PRADIP DAS","Siliguri","PARBATI T.E AND GOURANGA","matched","PRADIP TEA COMPANY","STALL NO. T - 435, PRADIP TEA COMPANY, TULAPATTY ROAD, Bidhan Market Rd, near SECTOR BUILDING, Ward 11, Hakim Para, Siliguri, West Bengal 734001","Siliguri","734001",,,26.7171125,88.4254299,4,,"Tea Manufacturer","ChIJl6OYmWxB5DkRBx7Zzxf1puc","https://www.google.com/maps/place/?q=place_id:ChIJl6OYmWxB5DkRBx7Zzxf1puc","2026-09-14T11:28:22.409Z"
"ROSHANLAL AGARWAL","Siliguri","DHARANIPUR; RED BANK; SURENDRA NAGAR; RAIMATANG TEA ESTATE","partial","Roshan Lal & Company","Roshan Lal & Company, Nehru Rd, Ward 8, Khalpara, Siliguri, West Bengal 734001","Siliguri","734001",,,26.7084859,88.4238371,5,2,"Wholesale grocer","ChIJF0AIFaRB5DkRISUL5FvEEic","https://www.google.com/maps/place/?q=place_id:ChIJF0AIFaRB5DkRISUL5FvEEic","2026-09-14T11:28:25.081Z"
"AJIT KUMAR AGARWAL","Siliguri","JALDACCA ALTADANGA TEA ESTATE 15; LOHAGARH TEA ESTATE","partial","Dr. Ajit Kumar Singh - Best Nephrologist in Siliguri | Kidney Doctor in Siliguri | Best Kidney Transplant Doctor in Siliguri","Dr. Ajit Kumar Singh - Best Nephrologist in Siliguri | Kidney Doctor in Siliguri | Best Kidney Transplant Doctor in Siliguri, Inside Uttarayan Township City centre Matigara, Siliguri, West Bengal 734010","Siliguri","734010",,"http://drajitkumarsingh.co.in/",26.734320099999998,88.39135689999999,4.3,,"Nephrologist","ChIJB6mQXWVH5DkRUaKL-GL3pdY","https://www.google.com/maps/place/?q=place_id:ChIJB6mQXWVH5DkRUaKL-GL3pdY","2026-09-14T11:28:28.690Z"
"ARION AGENCIES PVT. LTD.","Siliguri","KATALGURI TEA ESTATE","partial","Anil agencies","3rd Mile, Anil agencies, near Urban Palms Apartment, Ward 42, Salugara, Siliguri, West Bengal 734008","Siliguri","734008",,,26.7579837,88.4421692,4,,"Tile store","ChIJLZwxxVhA5DkRF0Kr0FSlE_k","https://www.google.com/maps/place/?q=place_id:ChIJLZwxxVhA5DkRF0Kr0FSlE_k","2026-09-14T11:28:31.462Z"
"KANCHAN TREE PLANTATIONS","Siliguri","KATHALDHURA TEA ESTATE","partial","Siliguri","Siliguri, West Bengal","Siliguri","",,,26.7271012,88.39528609999999,,,,"ChIJzR1E9RRB5DkR_-1jIHDEtd4","https://maps.google.com/maps/preview/place/Siliguri,+West+Bengal/@26.7271012,88.3952861,3564a,13.1y/data=!4m2!3m1!1s0x39e44114f5441dcd:0xdeb5c4702063edff","2026-09-14T11:28:34.042Z"
"GIRIRAJ PLANTATIONS PVT. LTD","Siliguri","LOOKSUN TEA ESTATE","partial","Siliguri","Siliguri, West Bengal","Siliguri","",,,26.7271012,88.39528609999999,,,,"ChIJzR1E9RRB5DkR_-1jIHDEtd4","https://maps.google.com/maps/preview/place/Siliguri,+West+Bengal/@26.7271012,88.3952861,3564a,13.1y/data=!4m2!3m1!1s0x39e44114f5441dcd:0xdeb5c4702063edff","2026-09-14T11:28:36.574Z"
"ANAND GOPAL TEA CO.","Siliguri","AMBIOK TEA ESTATE","matched","Gopaldhara Tea Co. Pvt. Ltd.","Block, 1st Floor, Gopaldhara Tea Co. Pvt. Ltd., Arjun Enclave, Green Park Colony, C & E, Tea Auction Rd, Ward 46, Champasari, Mallaguri, Siliguri, West Bengal 734003","Siliguri","734003",,"http://www.gopaldharaindia.com/",26.735297799999998,88.41032969999999,4.4,24,"Tea Manufacturer","ChIJ6cMNtChB5DkRs_oCtzEvhaw","https://www.google.com/maps/place/?q=place_id:ChIJ6cMNtChB5DkRs_oCtzEvhaw","2026-09-14T11:28:40.098Z"
"SONA TEA LIMITED","Siliguri","ROHINI TEA ESTATE","matched","Surajmukhi Tea Private Limited","Surajmukhi Tea Private Limited, Madhuban Complex, Zilla Parishad Rd, Ward 41, Don Bosco Colony, Siliguri, West Bengal 734001","Siliguri","734001",,"https://www.surajmukhiteas.com/",26.743212399999997,88.44757609999999,4.9,,"Tea Manufacturer","ChIJq6qqqhZB5DkRberHCZhcsBI","https://www.google.com/maps/place/?q=place_id:ChIJq6qqqhZB5DkRberHCZhcsBI","2026-09-14T11:28:43.666Z"
"AZAMABAD TEA CO. (P) LTD","Siliguri","AZAMABAD","matched","Azamabad Tea Co. (P) Ltd.","Azamabad Tea Co. (P) Ltd., No. 2, Sevoke Rd, Ward 11, Bankim Nagar, Siliguri, West Bengal 734001","Siliguri","734001",,,26.7177391,88.42466019999999,,,,"ChIJT4v9tRRB5DkRMAlKvAw6Llc","https://maps.google.com/maps/preview/place/Azamabad+Tea+Co.+(P)+Ltd.,+No.+2,+Sevoke+Rd,+Ward+11,+Bankim+Nagar,+Siliguri,+West+Bengal+734001/@26.7177391,88.4246602,3564a,13.1y/data=!4m2!3m1!1s0x39e44114b5fd8b4f:0x572e3a0cbc4a0930","2026-09-14T11:28:46.911Z"
"462.83","Siliguri","BELGACHI TEA ESTATE","partial","REGIONAL RESPONSE CENTRE,(2BN NDRF)SILIGURI","P9HP+HP2 REGIONAL RESPONSE CENTRE,(2BN NDRF)SILIGURI, Paribahan Nagar, Ghokla Jote, Matigara, Siliguri, West Bengal 734010","Siliguri","734010",,,26.728888899999998,88.38677729999999,4.5,8,"Central Government Office","ChIJfaFoL8ZH5DkRhuFDh7Ox0ks","https://www.google.com/maps/place/?q=place_id:ChIJfaFoL8ZH5DkRhuFDh7Ox0ks","2026-09-14T11:28:50.561Z"
"BHOJNARAIN TEA CO. LTD","Siliguri","BHOJNARAIN TEA ESTATE","matched","Bhojnarayan Tea Garden","Bhojnarayan Tea Garden, Nembutari, Hetmuri, West Bengal 734426","Siliguri","734426",,,26.6160499,88.3279464,3.8,,"Tea Manufacturer","ChIJD7p-dPZP5DkRA1eOA-YiOCk","https://www.google.com/maps/place/?q=place_id:ChIJD7p-dPZP5DkRA1eOA-YiOCk","2026-09-14T11:28:54.386Z"
"NEW DARJEELING UNION TEA","Siliguri","KIRAN CHANDRA","matched","Darjeeling Tea House","Darjeeling Tea House, Uttarapan market complex, Hill Cart Rd, Ward 1, Patiram Jote, Siliguri, West Bengal 734003","Siliguri","734003",,"https://www.facebook.com/DarjeelingTeaHouseSlgOfficial",26.728000899999998,88.4134248,4.2,,"Tea store","ChIJayz8IjtB5DkR6uyjzVwhGaY","https://www.google.com/maps/place/?q=place_id:ChIJayz8IjtB5DkR6uyjzVwhGaY","2026-09-14T11:28:57.017Z"
"AJIT PRASAD","Siliguri","MARAPUR TEA ESTATE","matched","Ajit Prasad","Bagrakote Oppo, Ajit Prasad, FCI Godown, Hakimpara, Subhas Pally, Siliguri, West Bengal 734001","Siliguri","734001",,,26.7044438,88.43498149999999,,,"Grocery store","ChIJT5FkZENB5DkRZFngeLCiKMQ","https://maps.google.com/maps/preview/place/Bagrakote+Oppo,+Ajit+Prasad,+FCI+Godown,+Hakimpara,+Subhas+Pally,+Siliguri,+West+Bengal+734001/@26.7044438,88.4349815,3564a,13.1y/data=!4m2!3m1!1s0x39e441436464914f:0xc428a2b078e05964","2026-09-14T11:29:00.078Z"
"SHRI AJIT KUMAR AGARWALA","Siliguri","SACHINDRA CHANDRA TEA ESTATE","partial","Dr. Ajit Kumar Singh - Best Nephrologist in Siliguri | Kidney Doctor in Siliguri | Best Kidney Transplant Doctor in Siliguri","Dr. Ajit Kumar Singh - Best Nephrologist in Siliguri | Kidney Doctor in Siliguri | Best Kidney Transplant Doctor in Siliguri, Inside Uttarayan Township City centre Matigara, Siliguri, West Bengal 734010","Siliguri","734010",,"http://drajitkumarsingh.co.in/",26.734320099999998,88.39135689999999,4.3,,"Nephrologist","ChIJB6mQXWVH5DkRUaKL-GL3pdY","https://www.google.com/maps/place/?q=place_id:ChIJB6mQXWVH5DkRUaKL-GL3pdY","2026-09-14T11:29:03.607Z"
"ATIABARI TEA COMPANY LTD","Siliguri","ATIABARI TEA ESTATE","matched","Awwal Tea","Awwal Tea, Sevoke Rd, near sachitra hotel, Jyoti Nagar, Bankim Nagar, Siliguri, West Bengal 734001","Siliguri","734001",,"https://awwaltea.com/?utm_source=google&utm_medium=wix_google_business_profile&utm_campaign=6826128395188206104",26.7351718,88.4351987,4.7,,"Tea Manufacturer","ChIJPzzqDgRB5DkRKUIccNO3kP0","https://www.google.com/maps/place/?q=place_id:ChIJPzzqDgRB5DkRKUIccNO3kP0","2026-09-14T11:29:06.891Z"
"BUXA DOOARS TEA CO (I) LTD","Siliguri","KALCHINI T E","matched","Deesha Trade Endeavours P. Ltd.","Deesha Trade Endeavours P. Ltd., 195, Sukanta Sarani, opp. Bsnl Residential Complex, New Milanpally, Saktigarh, Siliguri, West Bengal 734005","Siliguri","734005",,"http://deeshaindiatea.in/",26.7007551,88.41436569999999,4.5,,"Tea Manufacturer","ChIJxUoagNtB5DkR2I-asm2VMdw","https://www.google.com/maps/place/?q=place_id:ChIJxUoagNtB5DkR2I-asm2VMdw","2026-09-14T11:29:09.413Z"
"ATINPUR TEA ESTATE","Siliguri","ATINPUR TEA ESTATE","matched","Kamalpur Tea Estate","Kamalpur Tea Estate, Bagdogra - Panighata Main Rd, Kamal Pur, Uttar Bagdogra, Bagdogra, West Bengal 734014","Siliguri","734014",,"https://www.kamalpurteaestate.com/",26.7073474,88.3083501,4.4,,"Tea Manufacturer","ChIJPwx3Y7lI5DkR83BCsvB4NDw","https://www.google.com/maps/place/?q=place_id:ChIJPwx3Y7lI5DkR83BCsvB4NDw","2026-09-14T11:29:12.489Z"
"MINTRI TEA CO. PVT.LTD.","Siliguri","GAYA GANGA TEA ESTATE","matched","Mintri Tea Warehouse","Mintri Tea Warehouse, 2nd, Sevoke Rd, Ward 10, Janta Nagar, Siliguri, West Bengal 734001","Siliguri","734001",,,26.7264168,88.42930799999999,3,,"Warehouse","ChIJ34IaSxBB5DkRsSz6X8jCIPc","https://maps.google.com/maps/preview/place/Mintri+Tea+Warehouse,+2nd,+Sevoke+Rd,+Ward+10,+Janta+Nagar,+Siliguri,+West+Bengal+734001/@26.7264168,88.429308,3564a,13.1y/data=!4m2!3m1!1s0x39e441104b1a82df:0xf720c2c85ffa2cb1","2026-09-14T11:29:15.942Z"
"A.C PAUL AGRICULTURAL CO. PVT. LTD","Siliguri","GIRISH CHANDRA TEA ESTATE; RAMABOTY TEA ESTATE","partial","A. C. Paul & Sons","A. C. Paul & Sons, Mangturam Rd, Ward 8, Khalpara, Siliguri, West Bengal 734005","Siliguri","734005",,,26.706746799999998,88.4237406,5,,"Rice shop","ChIJOcUFkmhB5DkREOlMZmgIuj0","https://maps.google.com/maps/preview/place/A.+C.+Paul+%26+Sons,+Mangturam+Rd,+Ward+8,+Khalpara,+Siliguri,+West+Bengal+734005/@26.7067468,88.4237406,3564a,13.1y/data=!4m2!3m1!1s0x39e441689205c539:0x3dba0868664ce910","2026-09-14T11:29:19.100Z"
"KAMALA TEA CO. LTD","Siliguri","KAMALA TEA ESTATE","matched","Kamala Tea","Kamala Tea, M5 Building, Hill cart Road, Near, Siliguri Jct Rd, Siliguri, West Bengal 734003","Siliguri","734003",,,26.723948099999998,88.41675769999999,5,,"Tea Wholesaler","ChIJwwAqysBB5DkRky0gFFEzvZc","https://www.google.com/maps/place/?q=place_id:ChIJwwAqysBB5DkRky0gFFEzvZc","2026-09-14T11:29:21.680Z"
"SRI AJIT KUMAR AGARWALA","Siliguri","SAYEDABAD TEA ESTATE","partial","Dr. Amit Kumar Agarwal","Dr. Amit Kumar Agarwal, Sanjeevani Apartment, Station Feeder Rd, New Milanpally, Saktigarh, Siliguri, West Bengal 734005","Siliguri","734005",,"https://dragarwalsclinic.co.in/",26.701832399999997,88.4161116,4.1,224,"Dermatologist","ChIJb5seh1tB5DkRW1l3pGzTD0Y","https://www.google.com/maps/place/?q=place_id:ChIJb5seh1tB5DkRW1l3pGzTD0Y","2026-09-14T11:29:24.302Z"
"GOPALDHARA TEA CO. PVT. LTD.","Siliguri","GOPALDHARA","matched","Gopaldhara Tea Co. Pvt. Ltd.","Block, 1st Floor, Gopaldhara Tea Co. Pvt. Ltd., Arjun Enclave, Green Park Colony, C & E, Tea Auction Rd, Ward 46, Champasari, Mallaguri, Siliguri, West Bengal 734003","Siliguri","734003",,"http://www.gopaldharaindia.com/",26.735297799999998,88.41032969999999,4.4,,"Tea Manufacturer","ChIJ6cMNtChB5DkRs_oCtzEvhaw","https://maps.google.com/maps/preview/place/Block,+1st+Floor,+Gopaldhara+Tea+Co.+Pvt.+Ltd.,+Arjun+Enclave,+Green+Park+Colony,+C+%26+E,+Tea+Auction+Rd,+Ward+46,+Champasari,+Mallaguri,+Siliguri,+West+Bengal+734003/@26.7352978,88.4103297,3563a,13.1y/data=!4m2!3m1!1s0x39e44128b40dc3e9:0xac852f31b702fab3","2026-09-14T11:29:27.596Z"
"MR AJIT KUMAR AGARWALA","Siliguri","BAGDOGRA TEA ESTATE","partial","Dr. Ajit Kumar Singh - Best Nephrologist in Siliguri | Kidney Doctor in Siliguri | Best Kidney Transplant Doctor in Siliguri","Dr. Ajit Kumar Singh - Best Nephrologist in Siliguri | Kidney Doctor in Siliguri | Best Kidney Transplant Doctor in Siliguri, Inside Uttarayan Township City centre Matigara, Siliguri, West Bengal 734010","Siliguri","734010",,"http://drajitkumarsingh.co.in/",26.734320099999998,88.39135689999999,4.3,,"Nephrologist","ChIJB6mQXWVH5DkRUaKL-GL3pdY","https://www.google.com/maps/place/?q=place_id:ChIJB6mQXWVH5DkRUaKL-GL3pdY","2026-09-14T11:29:30.398Z"
"RAJENDRA AGARWAL &","Siliguri","KAMALPUR","partial","J.R. AGARWAL AND ASSOCIATES","Ground floor, J.R. AGARWAL AND ASSOCIATES, Anjani Apartment, Agrasen Rd, opposite Maheswari Bhawan, Ward 9, Khalpara, Siliguri, West Bengal 734005","Siliguri","734005",,,26.7057158,88.4176437,4.7,,"Real estate attorney","ChIJj-foqFpB5DkRcIaX9WIPd08","https://www.google.com/maps/place/?q=place_id:ChIJj-foqFpB5DkRcIaX9WIPd08","2026-09-14T11:29:34.132Z"
"MR RAJESH GARG","Siliguri","MATIGARA T E","partial","Dr Rajesh Agarwal - Pulmonologist/Chest specialist","Dr Rajesh Agarwal - Pulmonologist/Chest specialist, Shanti nursing home Uday shankar sarani, Sevoke Rd, beside International Market, Siliguri, West Bengal 734001","Siliguri","734001",,"http://www.shantinursinghomesiliguri.com/",26.721441499999997,88.4262226,5,162,"Pulmonologist","ChIJlb6n2Z5B5DkRCc-fbDJoF1Q","https://www.google.com/maps/place/?q=place_id:ChIJlb6n2Z5B5DkRCc-fbDJoF1Q","2026-09-14T11:29:36.565Z"
"BUDS TEA INDUSTRIES","Siliguri","BUDS TEA ESTATE","matched","Buds Tea Factory","Buds Tea Factory, Bagjan, West Bengal 735302","Siliguri","735302",,,26.5913185,88.7985923,4.2,46,"Tea Manufacturer","ChIJu6CWX-WH4zkRo-WV8gcrNqM","https://www.google.com/maps/place/?q=place_id:ChIJu6CWX-WH4zkRo-WV8gcrNqM","2026-09-14T11:29:39.826Z"
"SHIKARPUR & BHANDAPUR TEA","Siliguri","BHANDAPUR TEA ESTATE; SHIKARPUR TEA ESTATE","matched","Shikarpur Tea Estate Factory","JHGF+3Q5 Shikarpur Tea Estate Factory, Shikarpur, West Bengal 735133","Siliguri","735133",,,26.6251276,88.5744706,3.9,15,"Tea Manufacturer","ChIJ_X1cjD9v5DkRY4UXc0JU8Q0","https://www.google.com/maps/place/?q=place_id:ChIJ_X1cjD9v5DkRY4UXc0JU8Q0","2026-09-14T11:29:42.813Z"
"SANJIT PAUL","Siliguri","BHASANI TEA ESTATE","partial","Dr.Paul's Multispeciality Clinic Pvt. Ltd.","Shop No - 0108, First Floor, Dr.Paul's Multispeciality Clinic Pvt. Ltd., City Centre Mall, Block - A, Matigara, Siliguri, West Bengal 734010","Siliguri","734010",,"https://www.drpaulsonline.com/",26.7240461,88.3946076,4.8,,"Medical clinic","ChIJ-T_tthBH5DkRPNOsWtCuslM","https://www.google.com/maps/place/?q=place_id:ChIJ-T_tthBH5DkRPNOsWtCuslM","2026-09-14T11:29:46.495Z"
"BINDO BEHARI TEA INDUSTRIES PVT LTD","Siliguri","GADRA TEA ESTATE","matched","Dewill Industries Pvt Ltd","Dewill Industries Pvt Ltd, Ashirbad Apartment, Road, 02, Rd Number 2, Siliguri, West Bengal 734005","Siliguri","734005",,"https://darjeelingteagarden.com/",26.6985858,88.4145669,4.6,45,"Tea Wholesaler","ChIJOTguVP9B5DkRX5QpKYiLLVg","https://www.google.com/maps/place/?q=place_id:ChIJOTguVP9B5DkRX5QpKYiLLVg","2026-09-14T11:29:50.344Z"
"RUCHI AGRO PRODUCTS PVT LTD SANDIP AGARWAL","Siliguri","HARINAGAR TEA ESTATE","partial","Ruchi Agro Products Private Limited","Ruchi Agro Products Private Limited, near Sarodamani High School, School Para, Fatapukur, Chhat Guzrimari, West Bengal 735134","Siliguri","735134",,,26.566144599999998,88.5513297,4.5,17,"Corporate office","ChIJt2D7wR5n5DkR_s7LZRDmq9Y","https://www.google.com/maps/place/?q=place_id:ChIJt2D7wR5n5DkR_s7LZRDmq9Y","2026-09-14T11:29:53.529Z"
"NARAYAN CHANDRA DUTTA","Siliguri","HIRALAL TEA GARDEN","partial","Dr. Arunava Datta","Dr. Arunava Datta, Pratik Medico, Hill Cart Rd, opposite Howrah Petrol Pump, Ward 10, Janta Nagar, Siliguri, West Bengal 734001","Siliguri","734001",,"http://www.drarunavadatta.com/",26.7179793,88.42120159999999,4.7,293,"Psychiatrist","ChIJ4Y9YsiVB5DkRhSwNzOZM7UQ","https://www.google.com/maps/place/?q=place_id:ChIJ4Y9YsiVB5DkRhSwNzOZM7UQ","2026-09-14T11:29:56.159Z"
"NPS COLD STORAGE PVT LTD","Siliguri","RUNGGOTI TEA GARDEN","matched","Nps Cold Storage Pvt. Ltd.","Nps Cold Storage Pvt. Ltd., Nps cold Storage pvt. Ltd, Fatapukur, Chhat Guzrimari, West Bengal 735134","Siliguri","735134",,,26.56384,88.55051519999999,5,5,"Storage facility","ChIJYUYnxy5n5DkRrogRZ_C4k4M","https://www.google.com/maps/place/?q=place_id:ChIJYUYnxy5n5DkRrogRZ_C4k4M","2026-09-14T11:29:58.642Z"
"GOLDEN LEAF TEA PLANTATIONS ASHOK KUMAR AGAEWAL","Siliguri","SHAAKTIMANN TEA ESTATE","matched","Golden Leaf","Golden Leaf, near Murgi Hati Bidhan Market, Ward 11, Hakim Para, Siliguri, West Bengal 734001","Siliguri","734001",,,26.717605,88.42579219999999,4.8,4,"Tea store","ChIJzV8O34JB5DkRRCGqx1RI3Mo","https://www.google.com/maps/place/?q=place_id:ChIJzV8O34JB5DkRRCGqx1RI3Mo","2026-09-14T11:30:01.751Z"
"DEBIJHORA TEA CO. LTD.","Siliguri","DEBIJHORA","matched","Debijhora Tea Estate Factory","Debijhora Tea Estate Factory, Butijhari, West Bengal 733207","Siliguri","733207",,,26.4704578,88.3966076,4.1,30,"Tea Manufacturer","ChIJFd9f9jFZ5DkR-AJg1PQMqw4","https://www.google.com/maps/place/?q=place_id:ChIJFd9f9jFZ5DkR-AJg1PQMqw4","2026-09-14T11:30:04.312Z"
"GOPE TEA PLANTATION PVT. LTD. MR. DIPAK GOPE","Siliguri","GOPE TEA ESTATE","matched","Gope Tea Plantation Factory","9CV7+7Q9 Gope Tea Plantation Factory, GOPE TEA ESTATE VILL. UTTAR HAZARBIGHA P.O. ASAARU BASTI P.S. CHOPRA, Daspara, Ghirnigaon Khas, West Bengal 733207","Siliguri","733207",,,26.393163299999998,88.41449949999999,4,20,"Tea Manufacturer","ChIJGyZAzO715DkRozvMaJTgIwo","https://www.google.com/maps/place/?q=place_id:ChIJGyZAzO715DkRozvMaJTgIwo","2026-09-14T11:30:07.500Z"
"PURBASHA PLANTATIONS & TEA","Siliguri","ICHHAMOTI","partial","Deepak Plastic Udyog","First Floor, Deepak Plastic Udyog, 262, Bidhan Rd, Ward 11, Hakim Para, Siliguri, West Bengal 734001","Siliguri","734001",,,26.7176869,88.4264405,4,3,"Manufacturer","ChIJ8fb-XhNB5DkRqGNnWbPcYSw","https://maps.google.com/maps/preview/place/First+Floor,+Deepak+Plastic+Udyog,+262,+Bidhan+Rd,+Ward+11,+Hakim+Para,+Siliguri,+West+Bengal+734001/@26.7176869,88.4264405,3564a,13.1y/data=!4m2!3m1!1s0x39e441135efef6f1:0x2c61dcb3596763a8","2026-09-14T11:30:10.245Z"
"NORTH BENGAL TEA PLANTATION JAGDISH PRASAD AGARWAL","Siliguri","KUSUM TEA ESTATE","matched","North Bengal Tea & Allied","WARD NO 5, North Bengal Tea & Allied, Hanuman Mandir Rd, Ganga Nagar, Mahananda Para, Siliguri, West Bengal 734005","Siliguri","734005",,"http://www.nehachai.com/",26.704027699999997,88.4128028,5,3,"Tea Wholesaler","ChIJz1wCGU5B5DkRvGRQahm2D3k","https://www.google.com/maps/place/?q=place_id:ChIJz1wCGU5B5DkRvGRQahm2D3k","2026-09-14T11:30:13.652Z"
"SEAL & CO (P) LTD.","Siliguri","MAYA TEA ESTATE","partial","Dolphin Labels","Dolphin Labels, 453, Bidhan Rd, beside P.G.Jewellers, near Auto Stand, Ward 11, Hakim Para, Siliguri, West Bengal 734001","Siliguri","734001",,"http://www.kraftpaperpouches.com/",26.717722199999997,88.42633479999999,4.6,147,"Packaging supply store","ChIJ6cmrziFB5DkRqTednlMuDJg","https://www.google.com/maps/place/?q=place_id:ChIJ6cmrziFB5DkRqTednlMuDJg","2026-09-14T11:30:16.867Z"
"RAHAMAN AGRO PLANTATION","Siliguri","RAHAMAN AGRO PLANTATION PVT.","matched","RAHAMAN AGRO PLANTATION TEA FACTORY","RAHAMAN AGRO PLANTATION TEA FACTORY, Dakshin Kundal Pukhar, West Bengal 733207","Siliguri","733207",,,26.4407322,88.383091,4.1,,"Tea Manufacturer","ChIJCS3SEMJY5DkR0zLsyvAbDQw","https://www.google.com/maps/place/?q=place_id:ChIJCS3SEMJY5DkR0zLsyvAbDQw","2026-09-14T11:30:19.442Z"
"KAMAL MITRUKA","Siliguri","RIDHI SIDHI TEA ESTATE","partial","Kamala Trading","Kamala Trading, Sevoke Rd, opposite Hotel Sabera, Ward 10, Sevoke more, Siliguri, West Bengal 734001","Siliguri","734001",,,26.7161685,88.42308159999999,5,,"Wholesaler","ChIJbXutQepB5DkR8XTYm_OeuHU","https://www.google.com/maps/place/?q=place_id:ChIJbXutQepB5DkR8XTYm_OeuHU","2026-09-14T11:30:22.616Z"
"ALIPURDUAR ENTERPRISES LTD","Siliguri","BUNDAPANI TEA GARDEN","partial","Choudhury Enterprise (AD)","Choudhury Enterprise (AD), Hill Cart Rd, Ward 11, Hakim Para, Siliguri, West Bengal 734001","Siliguri","734001",,,26.713072699999998,88.4251098,5,31,"Medical supply store","ChIJ-8su82tB5DkRnTQQ3hj1O4Q","https://www.google.com/maps/place/?q=place_id:ChIJ-8su82tB5DkRnTQQ3hj1O4Q","2026-09-14T11:30:25.485Z"
"USHA TEA CO PVT LTD","Siliguri","DAHUK VALLEY TEA ESTATE","matched","Usha Tea Co Pvt Ltd","HC4J+QFJ Usha Tea Co Pvt Ltd, Sannyasikata, West Bengal 735134","Siliguri","735134",,,26.556950099999998,88.43115619999999,5,1,"Tea Manufacturer","ChIJoROQwAx55DkRCSGT26S1yRc","https://maps.google.com/maps/preview/place/HC4J%2BQFJ+Usha+Tea+Co+Pvt+Ltd,+Sannyasikata,+West+Bengal+735134/@26.5569501,88.4311562,3569a,13.1y/data=!4m2!3m1!1s0x39e4790cc09013a1:0x17c9b5a4db932109","2026-09-14T11:30:28.414Z"
"HIND TEA COMPANY LIMITED","Siliguri","RAMJHORA TEA ESTATE","matched","Darjeeling Tea Retailer - Hindusthan Tea Co.","T, Darjeeling Tea Retailer - Hindusthan Tea Co., gate 1, 74, Bidhan Market Rd, opposite Hongkong market, Ward 11, Hakim Para, Siliguri, West Bengal 734001","Siliguri","734001",,,26.7171646,88.42573829999999,4.8,,"Tea store","ChIJtTqTuYJB5DkRRE_ygD3eImQ","https://www.google.com/maps/place/?q=place_id:ChIJtTqTuYJB5DkRRE_ygD3eImQ","2026-09-14T11:30:31.446Z"
"LAXMIKANT GAUR","Siliguri","DALSINGPARA","partial","Laxmi Kanta Dey","PCPC+465 Laxmi Kanta Dey, Ward 45, Pradhan Nagar, Siliguri, West Bengal 734003","Siliguri","734003",,,26.735319,88.4206122,5,,"Apartment building","ChIJ5-gs0TRB5DkRppnwAdoqB5o","https://www.google.com/maps/place/?q=place_id:ChIJ5-gs0TRB5DkRppnwAdoqB5o","2026-09-14T11:30:35.017Z"
"THE BENGAL DFOOARS","Siliguri","DHOWLAJHORA TEA ESTATE","partial","DOOARS TASTE","DOOARS TASTE, College Para, Hakim Para, Siliguri, West Bengal 734001","Siliguri","734001",,,26.7095369,88.4339968,4.6,,"Chinese restaurant","ChIJGYLDFlJB5DkRVu7-JhVh_1M","https://www.google.com/maps/place/?q=place_id:ChIJGYLDFlJB5DkRVu7-JhVh_1M","2026-09-14T11:30:38.126Z"
"KOHINOOR TEA CO. PVT. LTD.","Siliguri","KOHINOOR TEA ESTATE","matched","Good Point Tea Pvt. Ltd.","Good Point Tea Pvt. Ltd., 6th Floor, Space Town, 2.5 Mile Sevoke Road, Post, near Check, Siliguri, West Bengal 734001","Siliguri","734001",,"http://goodpointtea.com/",26.7475557,88.4383739,4.4,,"Tea house","ChIJr_F1HBBB5DkRVUW6YOqRbQo","https://www.google.com/maps/place/?q=place_id:ChIJr_F1HBBB5DkRVUW6YOqRbQo","2026-09-14T11:30:41.799Z"
"ASHIT KR.SARKAR","Siliguri","MOUPRIYA PLANTATION PVT LTD","partial","ASHIT SARKAR","ASHIT SARKAR, Santinagar Market, Siliguri Rd, Panjipara, West Bengal 733208","Siliguri","733208",,,26.1330717,88.0062567,5,,"General store","ChIJY0sFEY4R5TkR01zPNx5E230","https://www.google.com/maps/place/?q=place_id:ChIJY0sFEY4R5TkR01zPNx5E230","2026-09-14T11:30:45.198Z"
"540","Siliguri","PROVA TEA ESTATE","partial","Siliguri","Siliguri, West Bengal","Siliguri","",,,26.7271012,88.39528609999999,,,,"ChIJzR1E9RRB5DkR_-1jIHDEtd4","https://maps.google.com/maps/preview/place/Siliguri,+West+Bengal/@26.7271012,88.3952861,3564a,13.1y/data=!4m2!3m1!1s0x39e44114f5441dcd:0xdeb5c4702063edff","2026-09-14T11:30:48.011Z"
"RIGHTEX TRADING (P) LTD.","Siliguri","RIGHTEX TRADING (P) LTD.","partial","Rightex Trading Pvt Ltd","C9MM+52G Rightex Trading Pvt Ltd, Uttar Besarbari, West Bengal 733207","Siliguri","733207",,,26.432946299999998,88.38258569999999,2.7,,"Garden","ChIJ9yVnwmNZ5DkRopKD_vy8J4c","https://maps.google.com/maps/preview/place/C9MM%2B52G+Rightex+Trading+Pvt+Ltd,+Uttar+Besarbari,+West+Bengal+733207/@26.4329463,88.3825857,3573a,13.1y/data=!4m2!3m1!1s0x39e45963c26725f7:0x8727bcfcfe8392a2","2026-09-14T11:30:51.029Z"
"THE FRIENDS TEA COMPANY LTD. MR. RANJIT BALOW","Jalpaiguri","KAILASHPUR TEA ESTATE","matched","Praakritik Tea Industries Pvt Ltd","HJMH+7Q5 Praakritik Tea Industries Pvt Ltd, Patkata Colony, Denguajhar, Jalpaiguri, West Bengal 735133","Jalpaiguri","735133",,,26.5832081,88.6294798,5,,"Tea Manufacturer","ChIJ2VfuSABl5DkRNpcRXBcIp9g","https://www.google.com/maps/place/?q=place_id:ChIJ2VfuSABl5DkRNpcRXBcIp9g","2026-09-14T11:31:27.551Z"
"DUNCANS INDUSTRIES LIMITED","Jalpaiguri","KILLCOTT","matched","Duncans Tea Limited","4th Floor, Duncans Tea Limited, Duncan House, 31, Netaji Subhas Rd, Murgighata, B.B.D. Bagh, Kolkata, West Bengal 700001","Kolkata","700001","033 2242 1605","https://www.duncanstea.in/",22.5758118,88.3490346,2.3,,"Tea store","ChIJhZmnTbt3AjoRLq_WvutvPsY","https://maps.google.com/maps/preview/place/4th+Floor,+Duncans+Tea+Limited,+Duncan+House,+31,+Netaji+Subhas+Rd,+Murgighata,+B.B.D.+Bagh,+Kolkata,+West+Bengal+700001/@22.5758118,88.3490346,3684a,13.1y/data=!4m2!3m1!1s0x3a0277bb4da79985:0xc63e6febbed6af2e","2026-09-14T11:31:31.064Z"
"NORTHERN BENGAL TEA","Jalpaiguri","NEDAM TEA ESTATE","matched","Northern Bengal Tea Corporation Limited","Atiabari Building, Kadamtalla, Northern Bengal Tea Corporation Limited, Jalpaiguri, West Bengal 735101","Jalpaiguri","735101","03561 230 733",,26.5200566,88.73977719999999,4,,"Corporate office","ChIJq6qqqjp55DkR2q-bxy_qy1g","https://maps.google.com/maps/preview/place/Atiabari+Building,+Kadamtalla,+Northern+Bengal+Tea+Corporation+Limited,+Jalpaiguri,+West+Bengal+735101/@26.5200566,88.7397772,3570a,13.1y/data=!4m2!3m1!1s0x39e4793aaaaaaaab:0x58cbea2fc79bafda","2026-09-14T11:31:34.467Z"
"RANICHERRA TEA CO.LTD","Jalpaiguri","RANICHERRA TEA ESTATE","matched","RANICHERRA TEA COMPANY LIMITED","RANICHERRA TEA COMPANY LIMITED, MATELLI BAZAR MATELLI , JALPAIGURI WEST BENGAL PIN, Jalpaiguri, West Bengal 735223","Jalpaiguri","735223","084367 16419",,26.9360917,88.80949059999999,,,"Tea market place","ChIJ_____7T34zkR6OsGU3sa4aA","https://maps.google.com/maps/preview/place/RANICHERRA+TEA+COMPANY+LIMITED,+MATELLI+BAZAR+MATELLI+,+JALPAIGURI+WEST+BENGAL+PIN,+Jalpaiguri,+West+Bengal+735223/@26.9360917,88.8094906,3557a,13.1y/data=!4m2!3m1!1s0x39e3f7b4ffffffff:0xa0e11a7b5306ebe8","2026-09-14T11:31:37.708Z"
"SUNNY VALLEY TEA &","Jalpaiguri","JOYPUR","matched","KARLAVALLEY TEA FACTORY Bada line photo ka location bhejiye","GMXG+MV3 KARLAVALLEY TEA FACTORY Bada line photo ka location bhejiye, Patkata Colony, Jalpaiguri, West Bengal 735133","Jalpaiguri","735133",,,26.5491371,88.6771768,3.9,,"Tea Manufacturer","ChIJn1-H_6t75DkRzxQ-6YLa2x0","https://maps.google.com/maps/preview/place/GMXG%2BMV3+KARLAVALLEY+TEA+FACTORY+Bada+line+photo+ka+location+bhejiye,+Patkata+Colony,+Jalpaiguri,+West+Bengal+735133/@26.5491371,88.6771768,3569a,13.1y/data=!4m2!3m1!1s0x39e47babff875f9f:0x1ddbda82e93e14cf","2026-09-14T11:31:41.093Z"
"KONPAKRI AGRO INDUS. (P) LTD PUROJIT BAKSHI GUPTA","Jalpaiguri","KONPAKRI AGRO INDUSTRIES (P)","matched","Bhatrisakti Agro Pvt. Ltd.","GMJ8+3RQ Bhatrisakti Agro Pvt. Ltd., Patkata Colony, Mohitnagar, Golghumti, Jalpaiguri, West Bengal 735102","Jalpaiguri","735102",,,26.5302012,88.6671001,4.1,7,"Tea Manufacturer","ChIJl3W0Q8R75DkRnnkgB0Q69e4","https://maps.google.com/maps/preview/place/GMJ8%2B3RQ+Bhatrisakti+Agro+Pvt.+Ltd.,+Patkata+Colony,+Mohitnagar,+Golghumti,+Jalpaiguri,+West+Bengal+735102/@26.5302012,88.6671001,3570a,13.1y/data=!4m2!3m1!1s0x39e47bc443b47597:0xeef53a440720799e","2026-09-14T11:31:43.576Z"
"SUBRATA SAHA","Jalpaiguri","RAIPUR TEA ESTATE","matched","Subrata Saha","VRF3+C69 Subrata Saha, NH 717, Mangalbari, West Bengal 735206","Jalpaiguri","735206",,,26.873536899999998,88.8030971,4.5,19,"Hardware store","ChIJlcwXl1714zkR1dLy5zkXdNo","https://www.google.com/maps/place/?q=place_id:ChIJlcwXl1714zkR1dLy5zkXdNo","2026-09-14T11:31:47.136Z"
"DEBPARA TEA CO. LTD.","Jalpaiguri","DEBPARA TEA ESTATE","matched","Debpara Tea Co. Ltd.","Debpara Tea Co. Ltd., 10, Sevoke Rd, Ward 10, Hakim Para, Siliguri, West Bengal 734001","Siliguri","734001",,,26.716723599999998,88.4234954,,,"Tea Manufacturer","ChIJo6I_KGtB5DkRWMPg1K-vOCA","https://maps.google.com/maps/preview/place/Debpara+Tea+Co.+Ltd.,+10,+Sevoke+Rd,+Ward+10,+Hakim+Para,+Siliguri,+West+Bengal+734001/@26.7167236,88.4234954,3564a,13.1y/data=!4m2!3m1!1s0x39e4416b283fa2a3:0x2038afafd4e0c358","2026-09-14T11:31:50.149Z"
"ASHA TEA COMPANY PVT LTD","Jalpaiguri","MISSION HILL","matched","Asha Tea Company","Asha Tea Company, Rishi Rd, Mal Bazar, Tunbari Tea Garden P, West Bengal 735221","Malbazar","735221","095936 62523","http://missionhilltea.com/",26.8805709,88.74676889999999,4.6,9,"Tea Manufacturer","ChIJ4QRPZNQL5DkRutETeHFYIA4","https://www.google.com/maps/place/?q=place_id:ChIJ4QRPZNQL5DkRutETeHFYIA4","2026-09-14T11:31:53.472Z"
"SONAR BANGLA TEA CO (P) LTD","Jalpaiguri","SONAR BANGLA TEA CO (P) LTD","matched","Sonar Bangla Tea Co, Pvt. Ltd","GV57+6GF Sonar Bangla Tea Co, Pvt. Ltd, Paschim Salbari, West Bengal 735305","Jalpaiguri","735305",,,26.5080542,88.86381,,,"Association / Organization","ChIJj3C66FmB4zkR9dbpM-pYHt0","https://maps.google.com/maps/preview/place/GV57%2B6GF+Sonar+Bangla+Tea+Co,+Pvt.+Ltd,+Paschim+Salbari,+West+Bengal+735305/@26.5080542,88.86381,3570a,13.1y/data=!4m2!3m1!1s0x39e38159e8ba708f:0xdd1e58ea33e9d6f5","2026-09-14T11:31:56.860Z"
"KUKURJAN AGRO PRODUCT PVT LTD","Jalpaiguri","BARUAPARA TEA ESTATE","partial","Ruchi Agro Products Private Limited","Ruchi Agro Products Private Limited, near Sarodamani High School, School Para, Fatapukur, Chhat Guzrimari, West Bengal 735134","Jalpaiguri","735134",,,26.566144599999998,88.5513297,4.5,,"Corporate office","ChIJt2D7wR5n5DkR_s7LZRDmq9Y","https://www.google.com/maps/place/?q=place_id:ChIJt2D7wR5n5DkR_s7LZRDmq9Y","2026-09-14T11:31:59.975Z"
"ARUN KUMAR MUNDRA","Jalpaiguri","BHANDIGURI","partial","Arun Watch Co","Arun Watch Co, Dinbazar Rd, Jalpaiguri, West Bengal 735101","Jalpaiguri","735101","096353 04056",,26.5303461,88.7240487,4.5,13,"Watch store","ChIJV5_AakJ55DkRrGpTRRwsAks","https://www.google.com/maps/place/?q=place_id:ChIJV5_AakJ55DkRrGpTRRwsAks","2026-09-14T11:32:03.435Z"
"PARTHA PRATIM PAUL","Jalpaiguri","BHARDESHWAR TEA PLANTATION","partial","Dr Partha Pratim Deb","Dr Partha Pratim Deb, Basu's Clinic, Nandalal Basu Sarani, College Para, Hakim Para, Siliguri, West Bengal 734001","Siliguri","734001","089105 86504","https://drparthapratimdeb.co.in/",26.7112259,88.4308849,5,8,"Urologist","ChIJxydtRVZB5DkRnGvnnAffZug","https://www.google.com/maps/place/?q=place_id:ChIJxydtRVZB5DkRnGvnnAffZug","2026-09-14T11:32:05.875Z"
"JANAKI GOSAI TEA ESTATE PVT LTD","Jalpaiguri","JANAKI GOSAI TEA ESTATE","matched","Joypur Tea Estate","HJWP+HG7 Joypur Tea Estate, Patkata Colony, Denguajhar, Jalpaiguri, West Bengal 735121","Jalpaiguri","735121",,,26.5964189,88.63629829999999,3.3,,"Tea Manufacturer","ChIJ43mggqt65DkRutsZOhvCyME","https://www.google.com/maps/place/?q=place_id:ChIJ43mggqt65DkRutsZOhvCyME","2026-09-14T11:32:08.814Z"
"JAHURI DURGA TEA CO (P) LTD","Jalpaiguri","GOPIMOHAN TEA ESTATE","matched","Danguajhar Tea Garden","Danguajhar Tea Garden, Denguajhar, Jalpaiguri, Paharpur, West Bengal 735121","Jalpaiguri","735121","033 2287 3067","http://www.goodricke.com/",26.5586222,88.69990829999999,4.3,,"Tea Manufacturer","ChIJGROyUDJ65DkR1_7abLp7PAA","https://www.google.com/maps/place/?q=place_id:ChIJGROyUDJ65DkR1_7abLp7PAA","2026-09-14T11:32:11.845Z"
"GOEL PLANTATIONS PVT. LTD","Jalpaiguri","KUCHLIBARI TEA ESTATE","matched","Damdim Tea Estate Factory, Amalgamated Plantations Pvt Ltd","RMH6+3X4 Damdim Tea Estate Factory, Amalgamated Plantations Pvt Ltd, Damdim Tea Garden, West Bengal 735209","Jalpaiguri","735209",,,26.8276316,88.6624554,4.6,,"Corporate office","ChIJzXCnv-gN5DkRHSxR8KUdgT4","https://www.google.com/maps/place/?q=place_id:ChIJzXCnv-gN5DkRHSxR8KUdgT4","2026-09-14T11:32:14.613Z"
"BILATIBARI TEA COMPANY PVT. LTD","Islampur","BILATIBARI TEA ESTATE","matched","Bilatibari Tea Co. Factory","Bilatibari Tea Co. Factory, Dakshin Kundal Pukhar, West Bengal 733207","Islampur","733207",,,26.441755399999998,88.3663084,4.1,,"Tea Manufacturer","ChIJh-tl6PZY5DkRtILxfINJJLg","https://www.google.com/maps/place/?q=place_id:ChIJh-tl6PZY5DkRtILxfINJJLg","2026-09-14T11:32:24.942Z"
"MAHAMAYA AGRO INDUSTRIES PVT. LTD.","Islampur","MAHAMAYA TEA ESTATE","matched","Mahamaya Tea & Agro Industries Pvt Ltd","Mahamaya Tea & Agro Industries Pvt Ltd, Sonamoti Rd, BSF Camp, Gunabari, West Bengal 733202","Islampur","733202","098517 83306",,26.1455238,88.1716612,4.1,,"Tea Manufacturer","ChIJbaa4Ngri5DkR4wIDDWsFNfU","https://maps.google.com/maps/preview/place/Mahamaya+Tea+%26+Agro+Industries+Pvt+Ltd,+Sonamoti+Rd,+BSF+Camp,+Gunabari,+West+Bengal+733202/@26.1455238,88.1716612,3582a,13.1y/data=!4m2!3m1!1s0x39e4e20a36b8a66d:0xf535056b0d0302e3","2026-09-14T11:32:28.331Z"
"M C NANDI","Islampur","MATRI","partial","Nandi Trading","Nandi Trading, Netaji Subhash Rd, Teenpool, Islampur, West Bengal 733202","Islampur","733202","03526 255 224",,26.2591055,88.19017269999999,5,,"Wholesale Food Store","ChIJ5wgoYAz95DkR64_fgGQvB7Q","https://www.google.com/maps/place/?q=place_id:ChIJ5wgoYAz95DkR64_fgGQvB7Q","2026-09-14T11:32:31.958Z"
".81","Islampur","PARAGON TEA ESTATE","partial","Islampur","Islampur, West Bengal","Islampur","",,,26.255431899999998,88.2009408,,,,"ChIJhdrypQz95DkRgzUyHTgWd7g","https://maps.google.com/maps/preview/place/Islampur,+West+Bengal/@26.2554319,88.2009408,3578a,13.1y/data=!4m2!3m1!1s0x39e4fd0ca5f2da85:0xb87716381d323583","2026-09-14T11:32:34.279Z"
"T.N.CHOWDHURY TEA ESTATE PVT. LTD.","Islampur","T.N.CHOWDHURY TEA ESTATE","matched","T N Chowdhury Tea Estate Factory","T N Chowdhury Tea Estate Factory, Benikandar, West Bengal 733202","Islampur","733202",,,26.168605099999997,88.1890025,4.2,5,"Tea Manufacturer","ChIJP_x_Sq3j5DkRPGNMUxEG5a8","https://maps.google.com/maps/preview/place/T+N+Chowdhury+Tea+Estate+Factory,+Benikandar,+West+Bengal+733202/@26.1686051,88.1890025,3581a,13.1y/data=!4m2!3m1!1s0x39e4e3ad4a7ffc3f:0xafe50611534c633c","2026-09-14T11:32:37.318Z"
"TOPICAL TEA CO. PVT. LTD.","Islampur","SOLODIGHI TEA ESTATE","matched","TOPICAL TEA COMPANY PRIVATE LIMITED","TOPICAL TEA COMPANY PRIVATE LIMITED, Soldighi, Debijhora, Chopra, Bhagabati, West Bengal 733207","Islampur","733207",,"http://topicaltea.in/",26.4784501,88.3668634,4.4,,"Tea Manufacturer","ChIJjc716nBZ5DkR5ggMBccTosM","https://maps.google.com/maps/preview/place/TOPICAL+TEA+COMPANY+PRIVATE+LIMITED,+Soldighi,+Debijhora,+Chopra,+Bhagabati,+West+Bengal+733207/@26.4784501,88.3668634,3571a,13.1y/data=!4m2!3m1!1s0x39e45970eaf5ce8d:0xc3a213c7050c08e6","2026-09-14T11:32:40.117Z"
"TULSIVIA AGRO FAM","Islampur","TULSIVITA TEA ESTATE","partial","Islampur","Islampur, West Bengal","Islampur","",,,26.255431899999998,88.2009408,,,,"ChIJhdrypQz95DkRgzUyHTgWd7g","https://maps.google.com/maps/preview/place/Islampur,+West+Bengal/@26.2554319,88.2009408,3578a,13.1y/data=!4m2!3m1!1s0x39e4fd0ca5f2da85:0xb87716381d323583","2026-09-14T11:32:43.222Z"
"H.K.SHAW","Darjeeling","GIDAPAHAR TEA ESTATE","matched","Happy Valley Tea Estate","Happy Valley Tea Estate, Lebong Cart Rd, near Darjeeling, Chauk Bazaar, Darjeeling, West Bengal 734101","Darjeeling","734101",,"https://happyvalleyorganictea.com/",27.0513425,88.25865259999999,4.4,,"Garden","ChIJ5_fbgLsu5DkRFfQNjzjGogQ","https://www.google.com/maps/place/?q=place_id:ChIJ5_fbgLsu5DkRFfQNjzjGogQ","2026-09-14T11:32:46.700Z"
"MAKAIBARITEA 7 TRADING CO. PVT. LTD.","Darjeeling","MAKAIBARI TEAESTATE","matched","Makaibari Tea Estate","V756+W87 Makaibari Tea Estate, Pankhabari Rd, Kurseong, West Bengal 734203","Darjeeling","734203","091471 27351","https://www.makaibari.com/",26.8597967,88.26079279999999,4.5,305,"Lodging","ChIJJdXDVMg25DkRQoV0dhfUPjU","https://www.google.com/maps/place/?q=place_id:ChIJJdXDVMg25DkRQoV0dhfUPjU","2026-09-14T11:32:49.989Z"
"JOTINDRA MOHON TEA","Darjeeling","JOTINDRA MOHAN","matched","Jatindra Mohan Tea Company Factory","CCX2+GC8 Jatindra Mohan Tea Company Factory, Choagari, West Bengal 733207","Darjeeling","733207","093990 38532",,26.4487953,88.4010883,4.3,,"Tea Manufacturer","ChIJ8WrD19JY5DkR7EuBe61Cu54","https://www.google.com/maps/place/?q=place_id:ChIJ8WrD19JY5DkR7EuBe61Cu54","2026-09-14T11:32:53.324Z"
"GOODRICKE GROUP LIMITED","Kolkata","AIBHEEL TEA GARDEN; CHALOUNI; CHULSA TEA ESTATE; LEESH RIVER TEAGARDEN; MEENGLAS TEA GARDEN; DANGUAJHAR TEA GARDEN; JITI; LAKHIPARA TEA GARDEN; BADAMTAM TEA ESTATE; THURBO TEA GARDEN; KUMARGRAM TEA GARDEN; SANKOS; GANDRAPARA TEA GARDEN","matched","Goodricke Group Limited","Goodricke Group Limited, 14, Gurusaday Dutta Rd, Beck Bagan, Ballygunge, Kolkata, West Bengal 700019","Kolkata","700019","033 2287 3067","https://www.goodricketea.com/",22.5353048,88.36169489999999,4.3,95,"Tea Manufacturer","ChIJ7V-kwCB3AjoRm_bV8GLZkww","https://maps.google.com/maps/preview/place/Goodricke+Group+Limited,+14,+Gurusaday+Dutta+Rd,+Beck+Bagan,+Ballygunge,+Kolkata,+West+Bengal+700019/@22.5353048,88.3616949,3685a,13.1y/data=!4m2!3m1!1s0x3a027720c0a45fed:0xc93d962f0d5f69b","2026-09-14T11:33:01.692Z"
"NEW CHUMTA TEA CO. LTD","Kolkata","ANANDAPUR TEA ESTATE","matched","New Chumta Tea","New Chumta Tea, New Chumta Tea garden PO - New Chumta PS - Matigara, Siliguri, West Bengal 734009","Siliguri","734009","098008 82719","http://www.newchumtatea.com/",26.771186399999998,88.3639986,4.4,,"Tea Manufacturer","ChIJPQ8-mq1H5DkR7qy_FrD6Tes","https://www.google.com/maps/place/?q=place_id:ChIJPQ8-mq1H5DkR7qy_FrD6Tes","2026-09-14T11:33:04.649Z"
"DUNCANS INDUSTRIES LIMITED","Kolkata","BAGRACOTE TEA GARDEN; NAGAISUREE; LANKAPARA TEA GARDEN; RUNGLEE RUNGLIOT; MARYBONG TEA GARDEN; LAKHIPUR (DUNCANS); PATAGORA TEA GARDEN (DUNCANS; BIRPARA TE; DUMCHIPARA TEA ESTATE; GARGANDA TAE ESTATE; HANTAPARA TEA ESTATE; TULSIPARA TEA ESTATE","matched","Duncans Tea Limited","4th Floor, Duncans Tea Limited, Duncan House, 31, Netaji Subhas Rd, Murgighata, B.B.D. Bagh, Kolkata, West Bengal 700001","Kolkata","700001","033 2242 1605","https://www.duncanstea.in/",22.5758118,88.3490346,2.3,,"Tea store","ChIJhZmnTbt3AjoRLq_WvutvPsY","https://maps.google.com/maps/preview/place/4th+Floor,+Duncans+Tea+Limited,+Duncan+House,+31,+Netaji+Subhas+Rd,+Murgighata,+B.B.D.+Bagh,+Kolkata,+West+Bengal+700001/@22.5758118,88.3490346,3684a,13.1y/data=!4m2!3m1!1s0x3a0277bb4da79985:0xc63e6febbed6af2e","2026-09-14T11:33:07.162Z"
"DIANA TEA CO. LTD.","Kolkata","BAINTGOORIE TEA ESTATE; GOOD HOPE TEA ESTATE; AMBARI TEA ESTATE; DIANA TEA ESTATE","matched","Diana Tea Company Limited","4th Floor, Diana Tea Company Limited, SIR RNM House, 3/B, Lal Bazar St, Lal Bazar, Kolkata, West Bengal 700001","Kolkata","700001","033 2248 8672","http://dianatea.in/",22.571953,88.35202,3.7,15,"Tea Manufacturer","ChIJrz92paV3AjoRgq3T0Eb5lA8","https://maps.google.com/maps/preview/place/4th+Floor,+Diana+Tea+Company+Limited,+SIR+RNM+House,+3%2FB,+Lal+Bazar+St,+Lal+Bazar,+Kolkata,+West+Bengal+700001/@22.571953,88.35202,3684a,13.1y/data=!4m2!3m1!1s0x3a0277a5a5763faf:0xf94f946d0d3ad82","2026-09-14T11:33:09.983Z"
"SUBLIME AGRO LTD.","Kolkata","DAGAPUR","partial","Surobhi Agro Industries Pvt Ltd","Surobhi Agro Industries Pvt Ltd, Anwesha, opposite lahari dance institute, aam tala shiv than, Fartabad, Garia, Rajpur Sonarpur, West Bengal 700084","Kolkata","700084",,"http://www.farmologyindia.com/",22.4611958,88.3936423,4.6,8,"Agricultural organization","ChIJmY0licR4AjoR93tE2UKtfys","https://maps.google.com/maps/preview/place/Surobhi+Agro+Industries+Pvt+Ltd,+Anwesha,+opposite+lahari+dance+institute,+aam+tala+shiv+than,+Fartabad,+Garia,+Rajpur+Sonarpur,+West+Bengal+700084/@22.4611958,88.3936423,3687a,13.1y/data=!4m2!3m1!1s0x3a0278c489258d99:0x2b7fad42d9447bf7","2026-09-14T11:33:13.395Z"
"THE ELLENBARRIE TEA CO.LTD. SHANTI PROSAD AGARWALLA","Kolkata","ELLENBARRIE TEA ESTATE","matched","The Ellenbarrie Tea Co Limited","The Ellenbarrie Tea Co Limited, 3a, Ripon St, Block K, Taltala, Kolkata, West Bengal 700014","Kolkata","700014","033 2229 1923",,22.510489999999997,88.33555,4.7,3,"Tea store","ChIJs5XPpKpwAjoRstgDRRr6bfI","https://www.google.com/maps/place/?q=place_id:ChIJs5XPpKpwAjoRstgDRRr6bfI","2026-09-14T11:33:16.351Z"
"ENGO TRADING & TEA CO.(P)","Kolkata","ENGO TEA ESTATE; NEWLANDS TEA ESTATE","matched","Engo Tea Co. Ltd.","FLOOR, FLAT NO.5A, Engo Tea Co. Ltd., 12, 5TH, Pretoria St, Kolkata, West Bengal 700071","Kolkata","700071","033 3029 5000",,22.544324,88.351635,3.5,,"Corporate office","ChIJY_C_FRd3AjoRQ06FHCmola0","https://www.google.com/maps/place/?q=place_id:ChIJY_C_FRd3AjoRQ06FHCmola0","2026-09-14T11:33:18.819Z"
"THE GOPALPUR TEA COMPANY LIMITED","Kolkata","GOPALPUR TEA ESTATE","matched","THE GOPALPUR TEA CO. LTD.","THE GOPALPUR TEA CO. LTD., 3rd Floor, Suite No.12, 30 Chowringhee Road, Kolkata, West Bengal 700013","Kolkata","700013","033 2229 1684",,22.562625,88.3511611,4.8,,"Tea Manufacturer","ChIJ33o0YBF3AjoRpq_szvLAbpY","https://maps.google.com/maps/preview/place/THE+GOPALPUR+TEA+CO.+LTD.,+3rd+Floor,+Suite+No.12,+30+Chowringhee+Road,+Kolkata,+West+Bengal+700013/@22.562625,88.3511611,3684a,13.1y/data=!4m2!3m1!1s0x3a02771160347adf:0x966ec0f2ceecafa6","2026-09-14T11:33:21.629Z"
"GURJANGJHORA TEA &","Kolkata","GURJANGJHORA TEA ESTATE","matched","Gurjang Jhora Tea Garden","Gurjang Jhora Tea Garden, West Bengal","Kolkata","",,,26.900056799999998,88.727746,,,,"ChIJ65jzgUQJ5DkRDvFeJ40qxVE","https://www.google.com/maps/place/?q=place_id:ChIJ65jzgUQJ5DkRDvFeJ40qxVE","2026-09-14T11:33:24.912Z"
"INDONG TEA CO. PVT. LTD.","Kolkata","INDONG TEA ESTATE","matched","Indong Tea Company Limited","Indong Tea Company Limited, Sikkim Commerce House, 4/1, Middleton St, Kankaria Estates, Park Street area, Kolkata, West Bengal 700071","Kolkata","700071","033 4006 3601","http://indongteaco.com/",22.5485722,88.3512777,,,"Corporate office","ChIJ77Vb9xB3AjoRkwxWaJGEYQo","https://maps.google.com/maps/preview/place/Indong+Tea+Company+Limited,+Sikkim+Commerce+House,+4%2F1,+Middleton+St,+Kankaria+Estates,+Park+Street+area,+Kolkata,+West+Bengal+700071/@22.5485722,88.3512777,3685a,13.1y/data=!4m2!3m1!1s0x3a027710f75bb5ef:0xa61849168560c93","2026-09-14T11:33:27.917Z"
"TODI TEA CO. LTD.","Kolkata","MANABARRIE","matched","Todi Tea Company","Todi Tea Company, 114, Rabindra Sarani, Malapara, Santoshpur, Jorabagan, Kolkata, West Bengal 700007","Kolkata","700007",,,22.586793999999998,88.358207,,,"Tea Wholesaler","ChIJCf0ES6V3AjoRviSaRPT-fv0","https://maps.google.com/maps/preview/place/Todi+Tea+Company,+114,+Rabindra+Sarani,+Malapara,+Santoshpur,+Jorabagan,+Kolkata,+West+Bengal+700007/@22.586794,88.358207,3684a,13.1y/data=!4m2!3m1!1s0x3a0277a54b04fd09:0xfd7efef4449a24be","2026-09-14T11:33:31.755Z"
"LUXMI TEA COMPANY LIMITED","Kolkata","MATELLI TEA ESTATE","matched","Luxmi Tea Company Private Limited","Luxmi Tea Company Private Limited, 17, RN Mukherjee Rd, B.B.D. Bagh, Kolkata, West Bengal 700001","Kolkata","700001","033 2248 4437","https://www.luxmitea.in/",22.5703909,88.3516927,4.4,,"Tea Manufacturer","ChIJA6Pf2aV3AjoRTeyZT1y40Yw","https://maps.google.com/maps/preview/place/Luxmi+Tea+Company+Private+Limited,+17,+RN+Mukherjee+Rd,+B.B.D.+Bagh,+Kolkata,+West+Bengal+700001/@22.5703909,88.3516927,3684a,13.1y/data=!4m2!3m1!1s0x3a0277a5d9dfa303:0x8cd1b85c4f99ec4d","2026-09-14T11:33:35.551Z"
"DIPALI DASGUPTA","Kolkata","NEPUCHAPUR TEA ESTATE","matched","Dipali Dasgupta Bari","Dipali Dasgupta Bari, 61, Patwari Para Rd, Patwari Para, Haltu, Kolkata, West Bengal 700075","Kolkata","700075",,,22.4983233,88.39243359999999,,,"Apartment building","ChIJV9Y5QgBxAjoRZS2zZmKlXfs","https://maps.google.com/maps/preview/place/Dipali+Dasgupta+Bari,+61,+Patwari+Para+Rd,+Patwari+Para,+Haltu,+Kolkata,+West+Bengal+700075/@22.4983233,88.3924336,3686a,13.1y/data=!4m2!3m1!1s0x3a0271004239d657:0xfb5da56266b32d65","2026-09-14T11:33:39.104Z"
"SHRI AJOY KUMAR NAHATA","Kolkata","OODLABARI TEA ESTATE","partial","Oodlabari","Oodlabari, RN Mukherjee Rd, Chowringhee North, Bow Barracks, Kolkata, West Bengal 700001","Kolkata","700001","033 2248 1101","https://oodlabari.co.in/Company/AboutUs",22.570344,88.3499701,3,,"Wholesaler","ChIJe6yzIVN2AjoRza9yZc6FWUI","https://www.google.com/maps/place/?q=place_id:ChIJe6yzIVN2AjoRza9yZc6FWUI","2026-09-14T11:33:42.242Z"
"PUTHARJHORA TEA GARDEN","Kolkata","PUTHARJHORA TEA ESTATE","matched","Putharjhora organic tea garden,factory","Putharjhora organic tea garden,factory, TEA GARDEN FACTORY LINE, Patharjhora Tea Garden, West Bengal 735231","Kolkata","735231",,,26.9494567,88.6505813,4.4,,"Tea Manufacturer","ChIJc9HAKsEP5DkRIV3mIJfE1PA","https://www.google.com/maps/place/?q=place_id:ChIJc9HAKsEP5DkRIV3mIJfE1PA","2026-09-14T11:33:45.284Z"
"AMALGAMATED PLANTATIONS","Kolkata","RUNGAMUTTEE TEA ESTATE; DAM DIM","matched","Amalgamated Plantations Pvt. Ltd.","G8RX+3C2 Amalgamated Plantations Pvt. Ltd., 1, Bishop Lefroy Rd, Near Rabindra Sadan METRO Gate, Sreepally, Bhowanipore, Kolkata, West Bengal 700020","Kolkata","700020","033 6605 3750","https://amalgamatedplantations.co.in/",22.540184,88.348784,4.6,,"Tea Manufacturer","ChIJJWKLuuV3AjoR9M2u3qyv0T0","https://maps.google.com/maps/preview/place/G8RX%2B3C2+Amalgamated+Plantations+Pvt.+Ltd.,+1,+Bishop+Lefroy+Rd,+Near+Rabindra+Sadan+METRO+Gate,+Sreepally,+Bhowanipore,+Kolkata,+West+Bengal+700020/@22.540184,88.348784,3685a,13.1y/data=!4m2!3m1!1s0x3a0277e5ba8b6225:0x3dd1afacdeaecdf4","2026-09-14T11:33:47.936Z"
"TOONBARI TEA ESTATE PVT.","Kolkata","TOONBARRIE TEA ESTATE","matched","MarionBari Tea Estate","R72H+VCR MarionBari Tea Estate, Marionbari Tea Garden, West Bengal 734009","Kolkata","734009",,,26.8022262,88.2785083,4.1,14,"Garden","ChIJhaqXvSY25DkRokbxVT_w7bA","https://www.google.com/maps/place/?q=place_id:ChIJhaqXvSY25DkRokbxVT_w7bA","2026-09-14T11:33:51.462Z"
"A.PALCHOUDHURI,NAYANTARA","Kolkata","WASHABARIETEA ESTATE","partial","Kolkata","Kolkata, West Bengal","Kolkata","",,"https://www.kmcgov.in/",22.5743545,88.3628734,,,,"ChIJZ_YISduC-DkRvCxsj-Yw40M","https://maps.google.com/maps/preview/place/Kolkata,+West+Bengal/@22.5743545,88.3628734,3684a,13.1y/data=!4m2!3m1!1s0x39f882db4908f667:0x43e330e68f6c2cbc","2026-09-14T11:33:53.812Z"
"SHASHANK PRASAD","Kolkata","ZURRANTEE TEA","partial","Kolkata","Kolkata, West Bengal","Kolkata","",,"https://www.kmcgov.in/",22.5743545,88.3628734,,,,"ChIJZ_YISduC-DkRvCxsj-Yw40M","https://maps.google.com/maps/preview/place/Kolkata,+West+Bengal/@22.5743545,88.3628734,3684a,13.1y/data=!4m2!3m1!1s0x39f882db4908f667:0x43e330e68f6c2cbc","2026-09-14T11:33:56.330Z"
"AMARPUR TEA PLANTATIONS LTD ALOK CHAMARIA","Kolkata","AMARPUR TEA ESTATE","matched","Halmira Estate Tea Private Limited","Halmira Estate Tea Private Limited, 23, Pankaj Mullick Sarani, near st.lawrence school, Garcha, Ballygunge, Kolkata, West Bengal 700019","Kolkata","700019","033 3502 5701","https://www.halmiratea.com/",22.5288479,88.355651,4.3,,"Tea Manufacturer","ChIJM71Ogi93AjoRcc12reVUb24","https://www.google.com/maps/place/?q=place_id:ChIJM71Ogi93AjoRcc12reVUb24","2026-09-14T11:33:59.388Z"
"DARJEELING DOOARS","Kolkata","KARALA VALLEY TEA ESTATE; MECHPARA TEA ESTATE","matched","Darjeeling Dooars Plantations Tea Limited","4th Floor, Darjeeling Dooars Plantations Tea Limited, Nicco House, 2, Hare St, Above Canara Bank, B.B.D. Bagh, Kolkata, West Bengal 700001","Kolkata","700001","033 2248 7908",,22.5713318,88.3458527,4.1,32,"Tea Manufacturer","ChIJhee-ACZ3AjoRR4JZfTemkLU","https://maps.google.com/maps/preview/place/4th+Floor,+Darjeeling+Dooars+Plantations+Tea+Limited,+Nicco+House,+2,+Hare+St,+Above+Canara+Bank,+B.B.D.+Bagh,+Kolkata,+West+Bengal+700001/@22.5713318,88.3458527,3684a,13.1y/data=!4m2!3m1!1s0x3a02772600bee785:0xb590a6377d598247","2026-09-14T11:34:02.370Z"
"SARASWATIPUR TEA &","Kolkata","SARASWATIPUR T.E","matched","Saraswatipur Tea Resort","QH42+28 Saraswatipur Tea Resort, Unnamed Road, Saraswatipur Tea Estate, Junglee Mohal, West Bengal 734008","Kolkata","734008","081005 77114","http://www.saraswatipurtearesort.com/",26.7540366,88.55098819999999,4.3,292,"Hotel","ChIJwxqeNsVr5DkR679x2wgFbdM","https://maps.google.com/maps/preview/place/QH42%2B28+Saraswatipur+Tea+Resort,+Unnamed+Road,+Saraswatipur+Tea+Estate,+Junglee+Mohal,+West+Bengal+734008/@26.7540366,88.5509882,3563a,13.1y/data=!4m2!3m1!1s0x39e46bc5369e1ac3:0xd36d0508db71bfeb","2026-09-14T11:34:05.138Z"
"ANDREW YULE & COMPANY LIMITED","Kolkata","BANARHAT; CHOONABHUTTI TEA ESTATE; KARBALA TEA ESTATE; NEW DOOARS; MIM","partial","ANDREW YULE & CO.LTD.","ANDREW YULE & CO.LTD., Yule House, 8, Dr Rajendra Prasad Sarani, China Bazar, B.B.D. Bagh, Kolkata, West Bengal 700001","Kolkata","700001","033 2242 7722","http://www.andrewyule.com/",22.5786953,88.35042519999999,4.5,48,"Manufacturer","ChIJH_yxC7t3AjoRPdMcq3c5JHY","https://www.google.com/maps/place/?q=place_id:ChIJH_yxC7t3AjoRPdMcq3c5JHY","2026-09-14T11:34:07.506Z"
"BHOGOTPUR TEA CO.LTD","Kolkata","BHOGATPORE TEA ESTATE","matched","Bhagatpur Tea Co Ltd","Bhagatpur Tea Co Ltd, 11, RN Mukherjee Rd, B.B.D. Bagh, Kolkata, West Bengal 700001","Kolkata","700001","091633 02244","http://www.bhagatpurtea.com/",22.5708624,88.3513948,4,,"Tea store","ChIJA6Pf2aV3AjoR3cG0P-rmJAk","https://maps.google.com/maps/preview/place/Bhagatpur+Tea+Co+Ltd,+11,+RN+Mukherjee+Rd,+B.B.D.+Bagh,+Kolkata,+West+Bengal+700001/@22.5708624,88.3513948,3684a,13.1y/data=!4m2!3m1!1s0x3a0277a5d9dfa303:0x924e6ea3fb4c1dd","2026-09-14T11:34:09.809Z"
"BINAGURI TEA CO. PVT.LTD.","Kolkata","BINAGURI TEA ESTATE; MORAGHAT TEA ESTATE","matched","Binaguri Tea Co Pvt Ltd","Binaguri Tea Co Pvt Ltd, 238 A, AJC Bose Rd, Sreepally, Ballygunge, Kolkata, West Bengal 700020","Kolkata","700020",,,22.5413157,88.3485997,3,,"Store","ChIJna9XCxZ3AjoROm_ZtdJZNSA","https://maps.google.com/maps/preview/place/Binaguri+Tea+Co+Pvt+Ltd,+238+A,+AJC+Bose+Rd,+Sreepally,+Ballygunge,+Kolkata,+West+Bengal+700020/@22.5413157,88.3485997,3685a,13.1y/data=!4m2!3m1!1s0x3a0277160b57af9d:0x203559d2b5d96f3a","2026-09-14T11:34:13.031Z"
"BASU TEA PRIVATE LTD","Kolkata","CARRON TEA ESTATE","matched","BASU TEA STALL","BASU TEA STALL, Sapuipara, Ghosh Para, Howrah, West Bengal 711227","Kolkata","711227",,,22.6401549,88.3214751,4,2,"Tea store","ChIJuXxRncuC-DkRR_l_CuHPm-w","https://www.google.com/maps/place/?q=place_id:ChIJuXxRncuC-DkRR_l_CuHPm-w","2026-09-14T11:34:22.559Z"
"RAJENDRA PRASAD TIWARI","Kolkata","CHAMURCHI TEA ESTATE","partial","Cardiology opd R G Kar MCH","Cardiology opd R G Kar MCH, 01, Khudiram Bose Sarani, Bidhan Sarani, Belgachia, Kolkata, West Bengal 700004","Kolkata","700004","033 2555 7675","http://www.rgkarmch.org/",22.603514099999998,88.37749889999999,3.8,,"Hospital","ChIJy0zZypV3AjoRZOo__aflVeM","https://www.google.com/maps/place/?q=place_id:ChIJy0zZypV3AjoRZOo__aflVeM","2026-09-14T11:34:26.001Z"
"CHENGMARI TEA CO. LTD.","Kolkata","CHENGMARI","matched","Chengmari Tea Company Limited","Chengmari Tea Company Limited, 37, Kala Mandir,, Shakespeare Sarani, Mullick Bazar, Park Street area, Kolkata, West Bengal 700017","Kolkata","700017","033 2287 9834","https://chengmari.com/",22.544779,88.358255,4.4,,"Tea Manufacturer","ChIJZc2jth53AjoRKqrIlKYbE98","https://maps.google.com/maps/preview/place/Chengmari+Tea+Company+Limited,+37,+Kala+Mandir,,+Shakespeare+Sarani,+Mullick+Bazar,+Park+Street+area,+Kolkata,+West+Bengal+700017/@22.544779,88.358255,3685a,13.1y/data=!4m2!3m1!1s0x3a02771eb6a3cd65:0xdf131ba694c8aa2a","2026-09-14T11:34:29.453Z"
"H.V. KEJRIWAL","Kolkata","GHATIA TEA ESTATE","partial","Kejriwal Castings Limited","14th Floor, Kejriwal Castings Limited, Tower - 2, DN 62, Salt Lake Bypass, DN Block, Sector V, Bidhannagar, Kolkata, West Bengal 700091","Kolkata","700091","033 4801 6753","https://www.kejriwalcastings.com/",22.5767544,88.4311097,4.3,15,"Manufacturer","ChIJgyNwSA53AjoRcfUwEI3vXjM","https://www.google.com/maps/place/?q=place_id:ChIJgyNwSA53AjoRcfUwEI3vXjM","2026-09-14T11:34:32.183Z"
"WEST BENGAL TEA","Kolkata","HILLA; PANDAM; RUNGMOOK/CEDARS TEA ESTATE; MOHUA","matched","Bengal Tea & Fabrics Limited","4th floor, Bengal Tea & Fabrics Limited, Century Tower, 45, Shakespeare Sarani, opposite Kala Mandir, Mullick Bazar, Park Street area, Kolkata, West Bengal 700017","Kolkata","700017","033 2283 6416","http://www.bengaltea.com/",22.544356,88.359584,4.9,8,"Tea Manufacturer","ChIJfUyjlB53AjoRZjL6zA2fa50","https://www.google.com/maps/place/?q=place_id:ChIJfUyjlB53AjoRZjL6zA2fa50","2026-09-14T11:34:35.386Z"
"V.MANDAL","Kolkata","HOPE TEA GARDEN","partial","Mandal villa","93/1, Mandal villa, Dr Meghnad Saha Rd, Lakshminagar, Dum Dum, Kolkata, West Bengal 700074","Kolkata","700074",,,22.624890999999998,88.40637459999999,5,1,"Apartment building","ChIJs3ToCwCf-DkRjCdI6QfDl3o","https://www.google.com/maps/place/?q=place_id:ChIJs3ToCwCf-DkRjCdI6QfDl3o","2026-09-14T11:34:38.262Z"
"QUALITY TEA PRODUCING CO. PVT. LTD.","Kolkata","KURTI TEA ESTATE; NAGRAKATA TEA ESTATE","matched","Quality Tea Plantations P Ltd","Quality Tea Plantations P Ltd, 24, Hemanta Basu Sarani, Lal Dighi, B.B.D. Bagh, Kolkata, West Bengal 700062","Kolkata","700062","033 2230 8994",,22.5699659,88.3495671,5,2,"Tea store","ChIJqwsrO6R3AjoRilH04_T-QQk","https://maps.google.com/maps/preview/place/Quality+Tea+Plantations+P+Ltd,+24,+Hemanta+Basu+Sarani,+Lal+Dighi,+B.B.D.+Bagh,+Kolkata,+West+Bengal+700062/@22.5699659,88.3495671,3684a,13.1y/data=!4m2!3m1!1s0x3a0277a43b2b0bab:0x941fef4e3f4518a","2026-09-14T11:34:42.075Z"
"BIJOYNAGAR TEA CO. LTD","Kolkata","MOGULKATA TEA ESTATE; BIJOYNAGAR T.E.","matched","Diana Tea Company Limited","4th Floor, Diana Tea Company Limited, SIR RNM House, 3/B, Lal Bazar St, Lal Bazar, Kolkata, West Bengal 700001","Kolkata","700001","033 2248 8672","http://dianatea.in/",22.571953,88.35202,3.7,15,"Tea Manufacturer","ChIJrz92paV3AjoRgq3T0Eb5lA8","https://www.google.com/maps/place/?q=place_id:ChIJrz92paV3AjoRgq3T0Eb5lA8","2026-09-14T11:34:45.754Z"
"OCTIVIOUS TEA & INDIA LTD.","Kolkata","NYA SYLEE; SYLEE","matched","Octavius Tea & Industries Ltd.","Octavius Tea & Industries Ltd., 2, Transport Depot Rd, Alipore Mint Colony, Alipore, Kolkata, West Bengal 700088","Kolkata","700088",,"https://www.octavius.in/",22.5216741,88.3077244,2.6,9,"Tea store","ChIJ3fhQdvR5AjoRpnZR_PBK__Q","https://maps.google.com/maps/preview/place/Octavius+Tea+%26+Industries+Ltd.,+2,+Transport+Depot+Rd,+Alipore+Mint+Colony,+Alipore,+Kolkata,+West+Bengal+700088/@22.5216741,88.3077244,3686a,13.1y/data=!4m2!3m1!1s0x3a0279f47650f8dd:0xf4ff4af0fc5176a6","2026-09-14T11:34:48.373Z"
"ASHOK KUMAR BANSAL","Kolkata","RHEABARI TEA ESTATE","matched","Ashok Kumar Bansal & Associates","Ashok Kumar Bansal & Associates, K-10-A, KRISHNA PURI, Jhalana, Brij Mohan Marg, Sector 12, Malviya Nagar, Jaipur, Rajasthan 302017","Kolkata","302017","098280 20548",,26.845371399999998,75.8082665,4.1,48,"Law firm","ChIJvR8qbSW3bTkRXwV1MvN7AGY","https://www.google.com/maps/place/?q=place_id:ChIJvR8qbSW3bTkRXwV1MvN7AGY","2026-09-14T11:34:52.153Z"
"MAHANADI TEA COMPANY PVT.","Kolkata","MOHAN MAJHUA TEA ESTATE; GOOMTEE TEA ESTATE","matched","Victoria Tea Company","1, Ground Floor, Victoria Tea Company, Martin Burn House, Head Quarter, RN Mukherjee Rd, opposite Lal Bazar, Lal Bazar, Kolkata, West Bengal 700001","Kolkata","700001","033 2210 7383","http://www.nectartea.in/",22.572442499999998,88.3516444,4.8,110,"Tea Wholesaler","ChIJA6Pf2aV3AjoR3J6chG-IcWM","https://www.google.com/maps/place/?q=place_id:ChIJA6Pf2aV3AjoR3J6chG-IcWM","2026-09-14T11:34:54.722Z"
"SOMBARIA CO LTD","Kolkata","UPPER FAGU","partial","Shakambhari Ispat & Power Limited","Shakambhari Ispat & Power Limited, Diamond Prestige 41A, A. J. C. Bose Road Room No. 801, 8th Floor, Kolkata, West Bengal 700017","Kolkata","700017","033 6625 5252","http://www.shakambhariispat.com/",22.550933,88.3625677,4.3,,"Manufacturer","ChIJIdQ-WR13AjoREd8w8boXwdk","https://www.google.com/maps/place/?q=place_id:ChIJIdQ-WR13AjoREd8w8boXwdk","2026-09-14T11:34:58.625Z"
"DARJEELING ORGANIC TEA","Kolkata","AMBOOTIA TEA ESTATE; NURBONG TEA ESTATE; NAGRI","matched","Darjeeling Organictea Estates Private Limited.","Darjeeling Organictea Estates Private Limited., 4A, Camac St, Kankaria Estates, Elgin, Kolkata, West Bengal 700071","Kolkata","700071",,,22.5461514,88.3525057,1,,"Real estate agency","ChIJAQCQrRB3AjoRB2vc3jg_S8c","https://maps.google.com/maps/preview/place/Darjeeling+Organictea+Estates+Private+Limited.,+4A,+Camac+St,+Kankaria+Estates,+Elgin,+Kolkata,+West+Bengal+700071/@22.5461514,88.3525057,3685a,13.1y/data=!4m2!3m1!1s0x3a027710ad900001:0xc74b3f38dedc6b07","2026-09-14T11:35:01.084Z"
"AMGOORIE INDIA LIMITED","Kolkata","CASTLETON TEA GARDEN; SPRINGSIDE; DILARAM; EDENVALE; MARGARET'S HOPE","matched","Goodricke Group Limited","Goodricke Group Limited, 14, Gurusaday Dutta Rd, Beck Bagan, Ballygunge, Kolkata, West Bengal 700019","Kolkata","700019","033 2287 3067","https://www.goodricketea.com/",22.5353048,88.36169489999999,4.3,,"Tea Manufacturer","ChIJ7V-kwCB3AjoRm_bV8GLZkww","https://maps.google.com/maps/preview/place/Goodricke+Group+Limited,+14,+Gurusaday+Dutta+Rd,+Beck+Bagan,+Ballygunge,+Kolkata,+West+Bengal+700019/@22.5353048,88.3616949,3685a,13.1y/data=!4m2!3m1!1s0x3a027720c0a45fed:0xc93d962f0d5f69b","2026-09-14T11:35:03.618Z"
"K.D. SINGH","Kolkata","DOOTERIAH TEA ESTATE; KALEJ VALLEY TEA ESTATE","matched","K.D.SINGH ENTERPRISE","20/1/1N, K.D.SINGH ENTERPRISE, Ballygunge Station Rd, Golpark, Fern Place, Gariahat, Kolkata, West Bengal 700019","Kolkata","700019","082400 66731",,22.5183334,88.3709547,,,"Car leasing service","ChIJX3cH1e53AjoRIBOGvObx3R4","https://maps.google.com/maps/preview/place/20%2F1%2F1N,+K.D.SINGH+ENTERPRISE,+Ballygunge+Station+Rd,+Golpark,+Fern+Place,+Gariahat,+Kolkata,+West+Bengal+700019/@22.5183334,88.3709547,3686a,13.1y/data=!4m2!3m1!1s0x3a0277eed507775f:0x1eddf1e6bc861320","2026-09-14T11:35:07.428Z"
"JOGMAYA TEA ESTATE PVT. LTD.","Kolkata","JOGMAYA TEA ESTATE","matched","JOGMAYA TEA FACTORY","V85C+3HQ JOGMAYA TEA FACTORY, Gayabari, West Bengal 734223","Kolkata","734223",,,26.857706099999998,88.32147119999999,4.2,23,"Tea Manufacturer","ChIJY_bR1F835DkR41_7hzklE3A","https://www.google.com/maps/place/?q=place_id:ChIJY_bR1F835DkR41_7hzklE3A","2026-09-14T11:35:10.435Z"
"JUTE & STORES LTD.","Kolkata","JUNGPANA; MAHALDERAM","matched","Jute & Stores Ltd","Jute & Stores Ltd, 28/1, Shakespeare Sarani, Elgin, Kolkata, West Bengal 700017","Kolkata","700017",,,22.5438938,88.3553828,,,,"ChIJs0Copxl3AjoRQ82gwceOlks","https://maps.google.com/maps/preview/place/Jute+%26+Stores+Ltd,+28%2F1,+Shakespeare+Sarani,+Elgin,+Kolkata,+West+Bengal+700017/@22.5438938,88.3553828,3685a,13.1y/data=!4m2!3m1!1s0x3a027719a7a840b3:0x4b968ec7c1a0cd43","2026-09-14T11:35:13.538Z"
"LONGVIEW TEA & AGRO LIMITED","Kolkata","LONGVIEW TE","matched","Longview Tea & Agro Limited","Longview Tea & Agro Limited, 51, Shakespeare Sarani, Park Circus, Park Street area, Kolkata, West Bengal 700017","Kolkata","700017",,,22.5442189,88.360806,,,,"ChIJHbthXB53AjoRid4uUdcB0ac","https://maps.google.com/maps/preview/place/Longview+Tea+%26+Agro+Limited,+51,+Shakespeare+Sarani,+Park+Circus,+Park+Street+area,+Kolkata,+West+Bengal+700017/@22.5442189,88.360806,3685a,13.1y/data=!4m2!3m1!1s0x3a02771e5c61bb1d:0xa7d101d7512ede89","2026-09-14T11:35:17.110Z"
"MR. SANJAY BANSAL","Kolkata","MONTEVIOT TEA ESTATE; MOONDAKOTEE TEA ESTATE; MULLOTAR TEA ESTATE; SEPOYDHOORAH TEA ESTATE; SIVITAR TEA ESTATE; HAPPY VALLEY TEA ESTATE","partial","Bansal Medical Services – Diagnostic Centre in Ekbalpur, Kolkata","Bansal Medical Services – Diagnostic Centre in Ekbalpur, Kolkata, Rampuria House, 57/2F, Diamond Harbour Rd, Naptani Bagan, Mominpore, Kolkata, West Bengal 700023","Kolkata","700023","084201 09409","http://www.bansalmedical.com/",22.5309734,88.3261703,4.2,620,"Medical diagnostic imaging center","ChIJmy1rV1h3AjoRRJYSWx77_v4","https://www.google.com/maps/place/?q=place_id:ChIJmy1rV1h3AjoRRJYSWx77_v4","2026-09-14T11:35:20.002Z"
"SRI D.PODDAR & SRI MANOJ","Kolkata","POBONG TEA ESTATE","partial","Poddar And Poddar","4d, Poddar And Poddar, 99, Karaya Rd, Lower Range, Beck Bagan, Ballygunge, Kolkata, West Bengal 700019","Kolkata","700019",,,22.538876,88.3623831,4.1,,"Chartered accountant","ChIJzR05DCB3AjoRcsb6HuO1Jtk","https://www.google.com/maps/place/?q=place_id:ChIJzR05DCB3AjoRcsb6HuO1Jtk","2026-09-14T11:35:23.042Z"
"UNITED NATUREX DOT COM (P) LTD","Kolkata","POTONG","partial","Nature Technologies Pvt Ltd | Software Development Company","13th Floor, Nature Technologies Pvt Ltd | Software Development Company, SRIJAN CORPORATE PARK, PS, GP Block, Sector V, Bidhannagar, Kolkata, West Bengal 700091","Kolkata","700091","033 4004 1637",,22.568776,88.434192,4.4,28,"Software company","ChIJu42oy-Z1AjoRXEFJv8Lvq6w","https://www.google.com/maps/place/?q=place_id:ChIJu42oy-Z1AjoRXEFJv8Lvq6w","2026-09-14T11:35:26.761Z"
"THE PEERLESS TEA &","Kolkata","SELIMHILL","partial","Ego Bar - The Peerless Inn","H972+2HF Ego Bar - The Peerless Inn, Peerless Inn Hotel, 12, Jawaharlal Nehru Road, New Market Area, Dharmatala, Taltala, Esplanade, Kolkata, West Bengal 700013","Kolkata","700013","033 4400 3900",,22.5625502,88.3514098,4.2,979,"Bar","ChIJ76z5Eal3AjoRf_WHNN5-kxc","https://www.google.com/maps/place/?q=place_id:ChIJ76z5Eal3AjoRf_WHNN5-kxc","2026-09-14T11:35:31.282Z"
"SINGELL TEA &AGRICULTURAL","Kolkata","SINGELL TEA ESTATE","matched","Singell Tea Bungalow","Singell Tea Bungalow, Singel Tea Garden, Kurseong, West Bengal 734220","Kolkata","734220","098313 75612",,26.893857999999998,88.27588279999999,5,,"Farmstay","ChIJBfiQ0QUx5DkRh6BPk9GTy9o","https://www.google.com/maps/place/?q=place_id:ChIJBfiQ0QUx5DkRh6BPk9GTy9o","2026-09-14T11:35:33.814Z"
"SRI A.KANORIA & S.KANORIA","Kolkata","TINDHARIA TEA ESTATE","partial","Kanoria House","House, 8/5, Kanoria House, Kanoria, 3, Alipore Rd, Alipore, Kolkata, West Bengal 700027","Kolkata","700027",,,22.5321495,88.3284694,3.5,,"Housing complex","ChIJQ5YKyBt3AjoRS9JohPEPkFM","https://www.google.com/maps/place/?q=place_id:ChIJQ5YKyBt3AjoRS9JohPEPkFM","2026-09-14T11:35:36.652Z"
"RAM KISHORE BANSAL","Kolkata","ARYA TEA ESTATE","partial","Bansal Medical Services – Diagnostic Centre in Ekbalpur, Kolkata","Bansal Medical Services – Diagnostic Centre in Ekbalpur, Kolkata, Rampuria House, 57/2F, Diamond Harbour Rd, Naptani Bagan, Mominpore, Kolkata, West Bengal 700023","Kolkata","700023","084201 09409","http://www.bansalmedical.com/",22.5309734,88.3261703,4.2,,"Medical diagnostic imaging center","ChIJmy1rV1h3AjoRRJYSWx77_v4","https://maps.google.com/maps/preview/place/Bansal+Medical+Services+%E2%80%93+Diagnostic+Centre+in+Ekbalpur,+Kolkata,+Rampuria+House,+57%2F2F,+Diamond+Harbour+Rd,+Naptani+Bagan,+Mominpore,+Kolkata,+West+Bengal+700023/@22.5309734,88.3261703,3685a,13.1y/data=!4m2!3m1!1s0x3a027758576b2d9b:0xfefefb1e5b129644","2026-09-14T11:35:39.356Z"
"B.D. TEA ESTATES PVT. LTD.","Kolkata","BANNOCKBURN TEA ESTATE; PHOOBSERING TEA ESTATE; TUKDAH TEA ESTATE","matched","Halmira Estate Tea Private Limited","Halmira Estate Tea Private Limited, 23, Pankaj Mullick Sarani, near st.lawrence school, Garcha, Ballygunge, Kolkata, West Bengal 700019","Kolkata","700019","033 3502 5701","https://www.halmiratea.com/",22.5288479,88.355651,4.3,,"Tea Manufacturer","ChIJM71Ogi93AjoRcc12reVUb24","https://www.google.com/maps/place/?q=place_id:ChIJM71Ogi93AjoRcc12reVUb24","2026-09-14T11:35:42.931Z"
"BD TEA ESTATE PVT. LTD.","Kolkata","GING TEA ESTATE","matched","Halmira Estate Tea Private Limited","Halmira Estate Tea Private Limited, 23, Pankaj Mullick Sarani, near st.lawrence school, Garcha, Ballygunge, Kolkata, West Bengal 700019","Kolkata","700019","033 3502 5701","https://www.halmiratea.com/",22.5288479,88.355651,4.3,15,"Tea Manufacturer","ChIJM71Ogi93AjoRcc12reVUb24","https://www.google.com/maps/place/?q=place_id:ChIJM71Ogi93AjoRcc12reVUb24","2026-09-14T11:35:47.188Z"
"DLX LIMITED","Kolkata","GLENBURN TEA ESTATE","matched","DLX Limited","DLX Limited, Kanak Building, Kanak Tower, 41, Jawaharlal Nehru Rd, Park Street area, Kolkata, West Bengal 700071","Kolkata","700071","033 2288 3970",,22.5499021,88.3492047,5,,"Tea Manufacturer","ChIJWyi-lhF3AjoRMDCeofbdfLo","https://maps.google.com/maps/preview/place/DLX+Limited,+Kanak+Building,+Kanak+Tower,+41,+Jawaharlal+Nehru+Rd,+Park+Street+area,+Kolkata,+West+Bengal+700071/@22.5499021,88.3492047,3685a,13.1y/data=!4m2!3m1!1s0x3a02771196be285b:0xba7cddf6a19e3030","2026-09-14T11:35:49.702Z"
"JAYSHREE TEA & INDUSTRIES","Kolkata","LIZAHILL TEA ESTATE; RISHEEHAT TEA ESTATE; TUKVAR; TURZUM TEA ESTATE; JAYANTIKA; BALASON & MURMAH; SINGBULLI TEA ESTATE; SUNGMA TEA ESTATE; MARIONBARIE","matched","Jayshree Tea & Industries Ltd","Jayshree Tea & Industries Ltd, 10, Camac St, Elgin, Kolkata, West Bengal 700071","Kolkata","700071","033 2282 7531","http://www.jayshreetea.com/",22.542876099999997,88.35147309999999,4.5,71,"Tea store","ChIJ-S7YuCZ3AjoRKRx_R32tAT8","https://www.google.com/maps/place/?q=place_id:ChIJ-S7YuCZ3AjoRKRx_R32tAT8","2026-09-14T11:35:52.973Z"
"NORTH TUKVAR TEA CO. LTD.","Kolkata","NORTH TUKVAR","matched","North Tukvar Tea Company Limited","Industry House, North Tukvar Tea Company Limited, 10, Camac St, Elgin, Kolkata, West Bengal 700071","Kolkata","700071",,,22.5429034,88.3512348,,,,"ChIJ__8DqBd3AjoRY5NSSoyOo4A","https://maps.google.com/maps/preview/place/Industry+House,+North+Tukvar+Tea+Company+Limited,+10,+Camac+St,+Elgin,+Kolkata,+West+Bengal+700071/@22.5429034,88.3512348,3685a,13.1y/data=!4m2!3m1!1s0x3a027717a803ffff:0x80a38e8c4a529363","2026-09-14T11:35:55.461Z"
"S.K.AGARWAWAL","Kolkata","OAKS TEA ESTATE","partial","S K Agrawal and Co Chartered Accountants LLP","S K Agrawal and Co Chartered Accountants LLP, Agrawal and Co Chartered Accountants LLP The chambers, S K, Rajdanga Main Rd, opposite Gitanjali Stadium, Sector E, East Kolkata Twp, Kolkata, West Bengal 700107","Kolkata","700107","033 4008 9902","http://www.skagrawal.co.in/",22.5139207,88.3943671,4.1,79,"Chartered accountant","ChIJn3SOXqF3AjoRaZ355FewK38","https://maps.google.com/maps/preview/place/S+K+Agrawal+and+Co+Chartered+Accountants+LLP,+Agrawal+and+Co+Chartered+Accountants+LLP+The+chambers,+S+K,+Rajdanga+Main+Rd,+opposite+Gitanjali+Stadium,+Sector+E,+East+Kolkata+Twp,+Kolkata,+West+Bengal+700107/@22.5139207,88.3943671,3686a,13.1y/data=!4m2!3m1!1s0x3a0277a15e8e749f:0x7f2bb057e4f99d69","2026-09-14T11:35:59.120Z"
"SS BAGARIA","Kolkata","ORANGE VALLEY TEA ESTATE","partial","Bagaria Trading Limited","4th Floor, Bagaria Trading Limited, 16, Netaji Subhas Rd, Murgighata, B.B.D. Bagh, Kolkata, West Bengal 700001","Kolkata","700001","033 2210 7789","https://nehaknots.com/",22.5773564,88.3490595,5,,"Clothing Accessories Store","ChIJe6yzIVN2AjoR81qGDvK97SI","https://www.google.com/maps/place/?q=place_id:ChIJe6yzIVN2AjoR81qGDvK97SI","2026-09-14T11:36:02.394Z"
"ASHOK KUMAR LOHIA","Kolkata","S00M TEA ESTATE","partial","Ashok Kumar Shaw LICI","Ashok Kumar Shaw LICI, 23, R.N.Banerjee Rd, Narkel Bagan, Shibbati Para, Khardah, Khardaha, West Bengal 700117","Kolkata","700117",,,22.7243694,88.3640892,,,"Apartment building","ChIJdyA9YgCb-DkRQUBsvKe8d5Q","https://www.google.com/maps/place/?q=place_id:ChIJdyA9YgCb-DkRQUBsvKe8d5Q","2026-09-14T11:36:06.036Z"
"MR A K LOHIA","Kolkata","SHREE DWARIK T E","partial","S.S Lohia & Co.","7th Floor, Room 711, S.S Lohia & Co., 27, Brabourne Rd, Murgighata, B.B.D. Bagh, Kolkata, West Bengal 700001","Kolkata","700001",,,22.577138599999998,88.3520521,5,,"Accounting firm","ChIJI5s6vrp3AjoRl1DRGgtzCyQ","https://www.google.com/maps/place/?q=place_id:ChIJI5s6vrp3AjoRl1DRGgtzCyQ","2026-09-14T11:36:08.642Z"
"MOHAN KUMAR CHIRIMAR","Kolkata","SINGTOM TEA ESTATE","partial","Raghunath Exports Company","Raghunath Exports Company, 4E, Park Plaza, North Block, 71 Park Street, Kolkata, West Bengal 700016","Kolkata","700016","098366 54681",,22.5512475,88.35443719999999,3.7,7,"Corporate office","ChIJ33o0YBF3AjoR4SELklpSkso","https://www.google.com/maps/place/?q=place_id:ChIJ33o0YBF3AjoR4SELklpSkso","2026-09-14T11:36:12.194Z"
"TEESTA VALLEY TEA CO LTD","Kolkata","TEESTA VALLEY TEA ESTATE; GIELLE TEA ESTATE","matched","Teesta Valley Tea Co. Ltd.","Teesta Valley Tea Co. Ltd., 5 & 7, Netaji Subhas Road, Kolkata, West Bengal 700001","Kolkata","700001","033 2248 8704","http://teestavalley.net/",22.5794218,88.34935519999999,3.7,12,"Tea Exporter","ChIJJ1GLl7t3AjoRV_89ssF7sJU","https://maps.google.com/maps/preview/place/Teesta+Valley+Tea+Co.+Ltd.,+5+%26+7,+Netaji+Subhas+Road,+Kolkata,+West+Bengal+700001/@22.5794218,88.3493552,3684a,13.1y/data=!4m2!3m1!1s0x3a0277bb978b5127:0x95b07bc1b23dff57","2026-09-14T11:36:15.707Z"
"SYCOTTA TEA CO. PVT. LTD.","Kolkata","TUMSONG TEA ESTATE; CHAMONG TEA ESTATE; LINGIA TEA ESTATE","matched","Asian Tea Company Private Limited","1st Floor, Asian Tea Company Private Limited, Gajraj Point, 209 A, AJC Bose Rd, Park Circus, Elgin, Kolkata, West Bengal 700017","Kolkata","700017","033 4044 1201","http://asianteagroup.com/",22.5435855,88.360575,5,1,"Corporate office","ChIJRzzkVh53AjoRWDllWFK0pEw","https://www.google.com/maps/place/?q=place_id:ChIJRzzkVh53AjoRWDllWFK0pEw","2026-09-14T11:36:19.348Z"
"THE ASHAPUR TEA CO. LTD.","Kolkata","ASHAPUR TEA ESTATE","matched","The Ashapur Tea Co Ltd","The Ashapur Tea Co Ltd, 97, Ballygunge Gardens Rd, Golpark, Ballygunge Gardens, Keyatala, Kolkata, West Bengal 700019","Kolkata","700019",,,22.518411,88.3677589,,,"Tea store","ChIJaWuWYtN2AjoR4v0oJ4afu2M","https://maps.google.com/maps/preview/place/The+Ashapur+Tea+Co+Ltd,+97,+Ballygunge+Gardens+Rd,+Golpark,+Ballygunge+Gardens,+Keyatala,+Kolkata,+West+Bengal+700019/@22.518411,88.3677589,3686a,13.1y/data=!4m2!3m1!1s0x3a0276d362966b69:0x63bb9f862728fde2","2026-09-14T11:36:23.285Z"
"ATAL TEA CO. (1943) LTD.","Kolkata","ATAL","matched","Atal Tea Estate Factory","M7Q2+RF4 Atal Tea Estate Factory, Atal, West Bengal 734429","Kolkata","734429",,,26.6893429,88.2504494,5,2,"Manufacturer","ChIJM6VSGwBP5DkRbt6BMVd15Ic","https://www.google.com/maps/place/?q=place_id:ChIJM6VSGwBP5DkRbt6BMVd15Ic","2026-09-14T11:36:26.534Z"
"FULBARI PATAN TEA ESTATE","Kolkata","FULBARI PATAN TEA ESTATE","matched","Fulbaritea estate","Q84J+CXM Fulbaritea estate, Fulbari Pataner Chhat, West Bengal 734010","Kolkata","734010",,,26.756092799999998,88.3324332,4.7,,"River port","ChIJ-a7MjalH5DkRZAkr_ZEe8nQ","https://maps.google.com/maps/preview/place/Q84J%2BCXM+Fulbaritea+estate,+Fulbari+Pataner+Chhat,+West+Bengal+734010/@26.7560928,88.3324332,3563a,13.1y/data=!4m2!3m1!1s0x39e447a98dccaef9:0x74f21e91fd2b0964","2026-09-14T11:36:29.551Z"
"MR. G.P.GOENKA","Kolkata","GUNGARAM TEA ESTATE","partial","RP Goenka International School","RP Goenka International School, 34 1/1, Diamond Harbour Rd, Majherhat, Mominpore, Kolkata, West Bengal 700027","Kolkata","700027","033 7155 8000","http://www.rpgis.in/",22.520075,88.32365,,,"International school","ChIJPyufqMx5AjoRCkZ4Bb7epJg","https://www.google.com/maps/place/?q=place_id:ChIJPyufqMx5AjoRCkZ4Bb7epJg","2026-09-14T11:36:33.135Z"
"R.D TEA LTD","Kolkata","HANSQUA TEA ESTATE","matched","R.D. Tea Limited","R.D. Tea Limited, 4, Middleton St, Kankaria Estates, Park Street area, Kolkata, West Bengal 700071","Kolkata","700071","090079 02650","http://rdtealtd.com/",22.5486366,88.3509491,5,,"Tea Manufacturer","ChIJPbsW-RB3AjoRhQSf5jmTogE","https://maps.google.com/maps/preview/place/R.D.+Tea+Limited,+4,+Middleton+St,+Kankaria+Estates,+Park+Street+area,+Kolkata,+West+Bengal+700071/@22.5486366,88.3509491,3685a,13.1y/data=!4m2!3m1!1s0x3a027710f916bb3d:0x1a29339e69f0485","2026-09-14T11:36:35.970Z"
"THE CORONATION TEA CO. LTD.","Kolkata","MANJHA TEA ESTATE","matched","Teesta Valley Tea Co. Ltd.","Teesta Valley Tea Co. Ltd., 5 & 7, Netaji Subhas Road, Kolkata, West Bengal 700001","Kolkata","700001","033 2248 8704","http://teestavalley.net/",22.5794218,88.34935519999999,3.7,12,"Tea Exporter","ChIJJ1GLl7t3AjoRV_89ssF7sJU","https://www.google.com/maps/place/?q=place_id:ChIJJ1GLl7t3AjoRV_89ssF7sJU","2026-09-14T11:36:38.589Z"
"GIRDHAR GOPAL DALMIA","Kolkata","MERRYVIEW TEA ESTATE","partial","Dalmia Bharat Group Regional Office - East","16th floor, Dalmia Bharat Group Regional Office - East, Merlin Acropolis, 1858, Rajdanga Main Rd, Shantipally, Sector B, East Kolkata Twp, Kolkata, West Bengal 700107","Kolkata","700107","033 6701 2600",,22.5151885,88.3934,4.5,,"Corporate office","ChIJ66qIwVJxAjoRNVqsCGNtw38","https://www.google.com/maps/place/?q=place_id:ChIJ66qIwVJxAjoRNVqsCGNtw38","2026-09-14T11:36:42.245Z"
"NUXALBARI TEA CO LTD","Kolkata","NUXALBARI","matched","Nuxalbari Tea Factory & Office","Nuxalbari Tea Factory & Office, Nuxalbari Tea Estate, Naxalbari, Hoda Bhitar Chhat, West Bengal 734429","Kolkata","734429","096411 00574","http://nuxalbaritea.com/",26.6738817,88.20372669999999,4.6,20,"Tea Manufacturer","ChIJd5TIfolM5DkRkg2YOJphjf4","https://www.google.com/maps/place/?q=place_id:ChIJd5TIfolM5DkRkg2YOJphjf4","2026-09-14T11:36:44.993Z"
"DUARS UNION TEA CO. LTD","Kolkata","ORD TERAI TEA GARDEN","matched","Duars Union Tea Co. Limited","Duars Union Tea Co. Limited, 3A, Ripon St, Near Anthropological Survey of India, Esplanade, Taltala, Kolkata, West Bengal 700016","Kolkata","700016","033 2227 3388",,22.5534094,88.3551842,3.9,24,"Tea store","ChIJvTzrHgV3AjoRhD9gLsmmndM","https://maps.google.com/maps/preview/place/Duars+Union+Tea+Co.+Limited,+3A,+Ripon+St,+Near+Anthropological+Survey+of+India,+Esplanade,+Taltala,+Kolkata,+West+Bengal+700016/@22.5534094,88.3551842,3685a,13.1y/data=!4m2!3m1!1s0x3a0277051eeb3cbd:0xd39da6c92e603f84","2026-09-14T11:36:47.930Z"
"PAHARGOOMIAH TEA","Kolkata","PAHARGOOMIAH TEA ESTATE","matched","Pahargoomiah Tea Industries Pvt Ltd","6TH FLOOR, Pahargoomiah Tea Industries Pvt Ltd, Nicco House, 2, Hare St, B.B.D. Bagh, Kolkata, West Bengal 700001","Kolkata","700001","033 2248 9916","http://www.pahargoomiahtea.com/",22.5713318,88.3458527,5,,"Tea Manufacturer","ChIJgztZhhx3AjoRMnWF8RAh86c","https://maps.google.com/maps/preview/place/6TH+FLOOR,+Pahargoomiah+Tea+Industries+Pvt+Ltd,+Nicco+House,+2,+Hare+St,+B.B.D.+Bagh,+Kolkata,+West+Bengal+700001/@22.5713318,88.3458527,3684a,13.1y/data=!4m2!3m1!1s0x3a02771c86593b83:0xa7f32110f1857532","2026-09-14T11:36:50.829Z"
"THE NEW TRAI ASSOCIATION LTD DEEPAK BERLIA","Kolkata","PANIGHATA","matched","Trustea Sustainable Tea Foundation","Trustea Sustainable Tea Foundation, Chambers Mall, 506, Sector E, East Kolkata Twp, Kolkata, West Bengal 700107","Kolkata","700107","033 4073 2658","https://www.trustea.org/",22.5138888,88.3942976,4.8,,"Non-profit organization","ChIJhXUtUUlxAjoRB-FE2Uqsg5E","https://www.google.com/maps/place/?q=place_id:ChIJhXUtUUlxAjoRB-FE2Uqsg5E","2026-09-14T11:36:53.602Z"
"SANNYASITHAN TEA CO.PVT. LTD R K SINGH","Kolkata","SANNYASITHAN","matched","Sannyasithan Tea Estate","M7XV+VC7 Sannyasithan Tea Estate, Sannyasi Thaner Chhat, West Bengal 734014","Kolkata","734014",,,26.6996596,88.2935519,4,,"Tea Manufacturer","ChIJVVVVldFI5DkRss87tW_WfkY","https://www.google.com/maps/place/?q=place_id:ChIJVVVVldFI5DkRss87tW_WfkY","2026-09-14T11:36:56.840Z"
"SINGHIA JHORA TEA CO. (P) LTD","Kolkata","SINGHIA JHORA TEA ESTATE","matched","Singhia Jhora Tea Co Pvt Ltd","Singhia Jhora Tea Co Pvt Ltd, 51, Shakespeare Sarani, Park Circus, Park Street area, Kolkata, West Bengal 700017","Kolkata","700017",,,22.5442189,88.360806,,,,"ChIJHbthXB53AjoRe_8GFnzLN48","https://maps.google.com/maps/preview/place/Singhia+Jhora+Tea+Co+Pvt+Ltd,+51,+Shakespeare+Sarani,+Park+Circus,+Park+Street+area,+Kolkata,+West+Bengal+700017/@22.5442189,88.360806,3685a,13.1y/data=!4m2!3m1!1s0x3a02771e5c61bb1d:0x8f37cb7c1606ff7b","2026-09-14T11:37:00.557Z"
"GILLANDERS ARBUTHNOT & CO.","Kolkata","TAIPOO; GAIRKHATA TEA ESTATE","matched","Gillanders Arbuthnot & Co. Ltd.","Gillanders Arbuthnot & Co. Ltd., C-4, Netaji Subhas Rd, Kolkata, West Bengal 700001","Kolkata","700001","033 2230 2331","http://gillandersindia.org/",22.5765881,88.3494291,4.7,,"Corporate office","ChIJ77mAR7t3AjoRQ_qTzdpGa8I","https://maps.google.com/maps/preview/place/Gillanders+Arbuthnot+%26+Co.+Ltd.,+C-4,+Netaji+Subhas+Rd,+Kolkata,+West+Bengal+700001/@22.5765881,88.3494291,3684a,13.1y/data=!4m2!3m1!1s0x3a0277bb4780b9ef:0xc26b46dacd93fa43","2026-09-14T11:37:03.939Z"
"JALPAIGURI DOOARS TEA CO.","Kolkata","THANJHORA TEA ESTATE","matched","Darjeeling Dooars Plantations Tea Limited","4th Floor, Darjeeling Dooars Plantations Tea Limited, Nicco House, 2, Hare St, Above Canara Bank, B.B.D. Bagh, Kolkata, West Bengal 700001","Kolkata","700001","033 2248 7908",,22.5713318,88.3458527,4.1,32,"Tea Manufacturer","ChIJhee-ACZ3AjoRR4JZfTemkLU","https://www.google.com/maps/place/?q=place_id:ChIJhee-ACZ3AjoRR4JZfTemkLU","2026-09-14T11:37:07.036Z"
"KANISKA SETHIA","Kolkata","BEECH TEA ESTATE","partial","KANISHKA SHIPPING LINES","KANISHKA SHIPPING LINES, 23A, Netaji Subhas Rd, Fairley Place, B.B.D. Bagh, Kolkata, West Bengal 700001","Kolkata","700001","099337 56004",,22.576022299999998,88.3484723,4.7,,"Shipping service","ChIJ-c8c59R3AjoRImhCV-lj6LQ","https://maps.google.com/maps/preview/place/KANISHKA+SHIPPING+LINES,+23A,+Netaji+Subhas+Rd,+Fairley+Place,+B.B.D.+Bagh,+Kolkata,+West+Bengal+700001/@22.5760223,88.3484723,3684a,13.1y/data=!4m2!3m1!1s0x3a0277d4e71ccff9:0xb4e863e957426822","2026-09-14T11:37:09.407Z"
"BARNOBARI TEA & INDUSTRIES PVT. LTD.","Kolkata","BHARNOBARI TEA ESTATE","matched","Bharnobari Tea & Industries Ltd.","Bharnobari Tea & Industries Ltd., 34, Raja Santosh Rd, Mangalam, Alipore, Kolkata, West Bengal 700027","Kolkata","700027",,,22.518554899999998,88.3315233,,,"Tea Exporter","ChIJzUYw_FJ3AjoR1foM2yUKYhQ","https://maps.google.com/maps/preview/place/Bharnobari+Tea+%26+Industries+Ltd.,+34,+Raja+Santosh+Rd,+Mangalam,+Alipore,+Kolkata,+West+Bengal+700027/@22.5185549,88.3315233,3686a,13.1y/data=!4m2!3m1!1s0x3a027752fc3046cd:0x14620a25db0cfad5","2026-09-14T11:37:13.060Z"
"BHATKAWA TEA INDUSTRIES LTD. SRI SUDARSHAN JALAN","Kolkata","BHATKAWA TEA ESTATE","matched","Bhatkawa Tea Estate","6TH FLOOR, Bhatkawa Tea Estate, Nicco House, 2, Hare St, B.B.D. Bagh, Kolkata, West Bengal 700001","Kolkata","700001","22489916","http://bhatkawatea.com/",22.571455,88.3458035,4.5,,"Corporate office","ChIJZ5G1tKN3AjoR5UFY8eS_AgI","https://maps.google.com/maps/preview/place/6TH+FLOOR,+Bhatkawa+Tea+Estate,+Nicco+House,+2,+Hare+St,+B.B.D.+Bagh,+Kolkata,+West+Bengal+700001/@22.571455,88.3458035,3684a,13.1y/data=!4m2!3m1!1s0x3a0277a3b4b59167:0x202bfe4f15841e5","2026-09-14T11:37:16.718Z"
"MCLEOD RUSSEL INDIA LIMITED","Kolkata","BHATPARA TEA ESTATE; CENTRAL DOOARS TEA ESTATE; CHUAPARA TEA ESTATE; JAINTI TEA ESTATE; MATHURA TEA ESTATE","matched","Mcleod Russel India limited","Mcleod Russel India limited, Surendra Mohan Ghosh Sarani, 4, Mangoe Ln, Kolkata, West Bengal 700001","Kolkata","700001","099030 96991","http://www.mcleodrussel.com/",22.569381699999997,88.3511199,4.5,55,"Tea Exporter","ChIJdcrz16V3AjoRV8_Qg8r4ZXw","https://maps.google.com/maps/preview/place/Mcleod+Russel+India+limited,+Surendra+Mohan+Ghosh+Sarani,+4,+Mangoe+Ln,+Kolkata,+West+Bengal+700001/@22.5693817,88.3511199,3684a,13.1y/data=!4m2!3m1!1s0x3a0277a5d7f3ca75:0x7c65f8ca83d0cf57","2026-09-14T11:37:19.871Z"
"SURAJ GOVIND ESTATES PVT.","Kolkata","DIMA TEA ESTATE","matched","Surajgovind Estates Pvt Ltd","Surajgovind Estates Pvt Ltd, 2, Brabourne Rd, Radha Bazar, Lal Bazar, Kolkata, West Bengal 700001","Kolkata","700001","080174 45223",,22.573456699999998,88.35136109999999,4.5,,"Corporate office","ChIJG-t0B6V3AjoRGlQFS7ZCzRI","https://maps.google.com/maps/preview/place/Surajgovind+Estates+Pvt+Ltd,+2,+Brabourne+Rd,+Radha+Bazar,+Lal+Bazar,+Kolkata,+West+Bengal+700001/@22.5734567,88.3513611,3684a,13.1y/data=!4m2!3m1!1s0x3a0277a50774eb1b:0x12cd42b64b05541a","2026-09-14T11:37:23.107Z"
"DIABARI TEA CO LTD","Kolkata","MADHU TEA ESTATE","matched","Teesta Valley Tea Co. Ltd.","Teesta Valley Tea Co. Ltd., 5 & 7, Netaji Subhas Road, Kolkata, West Bengal 700001","Kolkata","700001","033 2248 8704","http://teestavalley.net/",22.5794218,88.34935519999999,3.7,12,"Tea Exporter","ChIJJ1GLl7t3AjoRV_89ssF7sJU","https://www.google.com/maps/place/?q=place_id:ChIJJ1GLl7t3AjoRV_89ssF7sJU","2026-09-14T11:37:26.043Z"
"SURAJIT BAKSHI","Kolkata","MERICO TEA ESTATE","partial","SURAJ TIRKEY BNQ","Q2QM+M8 SURAJ TIRKEY BNQ, Banarhat Tea Garden, West Bengal 735202","Kolkata","735202",,,26.7892324,89.0332923,5,1,"Housing complex","ChIJn--jFgCV4zkRoF7sr_gEeZI","https://maps.google.com/maps/preview/place/Q2QM%2BM8+SURAJ+TIRKEY+BNQ,+Banarhat+Tea+Garden,+West+Bengal+735202/@26.7892324,89.0332923,3562a,13.1y/data=!4m2!3m1!1s0x39e3950016a3ef9f:0x927904f8afec5ea0","2026-09-14T11:37:28.681Z"
"SRI AJAY PRAKASH","Kolkata","RAJAHBHAT TEA ESTATE","partial","Political Consultant- Ajay Prakash Sah","Political Consultant- Ajay Prakash Sah, 141/1B, Lenin Sarani Rd, near Indian Overseas Bank, Taltala, Kolkata, West Bengal 700013","Kolkata","700013","090884 98142","http://www.voteniti.in/",22.5623597,88.3612144,,,"Consultant","ChIJDY6q4A53AjoRqhePQK56bo0","https://maps.google.com/maps/preview/place/Political+Consultant-+Ajay+Prakash+Sah,+141%2F1B,+Lenin+Sarani+Rd,+near+Indian+Overseas+Bank,+Taltala,+Kolkata,+West+Bengal+700013/@22.5623597,88.3612144,3684a,13.1y/data=!4m2!3m1!1s0x3a02770ee0aa8e0d:0x8d6e7aae408f17aa","2026-09-14T11:37:31.588Z"
"NEW TEA CO. LTD.","Kolkata","BIJALIMONI T.E.; MATIDHAR TEA ESTATE","matched","New Tea Company Limited","New Tea Company Limited, Hindustan Building, New Tea Co. Ltd. 4 Chittaranjan Avenue, 2nd Floor, Kolkata, West Bengal 700072","Kolkata","700072","033 2212 6753","http://newteaco.in/",22.5666942,88.3540443,3.8,13,"Corporate office","ChIJUa2UYah3AjoRbbBlPSwv5K8","https://maps.google.com/maps/preview/place/New+Tea+Company+Limited,+Hindustan+Building,+New+Tea+Co.+Ltd.+4+Chittaranjan+Avenue,+2nd+Floor,+Kolkata,+West+Bengal+700072/@22.5666942,88.3540443,3684a,13.1y/data=!4m2!3m1!1s0x3a0277a86194ad51:0xafe42f2c3d65b06d","2026-09-14T11:37:35.374Z"
"KPL INTERNATIONAL LTD","Kolkata","AVONGROVE TEA ESTATE","partial","KPL International Limited","KPL International Limited, Park Plaza, 71, Park St, Park Street area, Kolkata, West Bengal 700016","Kolkata","700016","033 2217 8179","http://www.kplintl.com/",22.551307299999998,88.3543454,4,,"Chemical Exporter","ChIJja5Q6eF2AjoRCpGMAguGkTc","https://maps.google.com/maps/preview/place/KPL+International+Limited,+Park+Plaza,+71,+Park+St,+Park+Street+area,+Kolkata,+West+Bengal+700016/@22.5513073,88.3543454,3685a,13.1y/data=!4m2!3m1!1s0x3a0276e1e950ae8d:0x3791860b028c910a","2026-09-14T11:37:38.384Z"
"SANJAY PRAKASH BANSAL","Kolkata","CHONGTONG TEA ESTATE","partial","Sanjay Om Prakash Gupta & Co., Chartered Accountants","Sanjay Om Prakash Gupta & Co., Chartered Accountants, 2/55 Netaji Nagar, Ground Floor, Kolkata, West Bengal 700092","Kolkata","700092","098306 60012","https://sopg.co.in/",22.4822512,88.3571925,4.9,262,"Chartered accountant","ChIJQ2WwluRwAjoRR8ca08I6_gs","https://www.google.com/maps/place/?q=place_id:ChIJQ2WwluRwAjoRR8ca08I6_gs","2026-09-14T11:37:41.201Z"
"SRI ASHOK KUMAR LOHIA & SRI","Kolkata","DHAJEA TEA ESTATE; NAGRIFARM TEA ESTATE","partial","Lohia Commercial Co Private Limited","Lohia Commercial Co Private Limited, Lohia House, 112, Chittaranjan Ave, Calcutta University, College Square, Kolkata, West Bengal 700073","Kolkata","700073","033 2241 0531",,22.5756122,88.3599742,5,,"Dried flower shop","ChIJnch3Ja53AjoRH-KIPswqvS4","https://www.google.com/maps/place/?q=place_id:ChIJnch3Ja53AjoRH-KIPswqvS4","2026-09-14T11:37:44.284Z"
"LAKTARIA (I) P LTD","Kolkata","GYABAREE & MIIIKTHONG TEA","partial","Lakhotia Transport Co. PVT. LTD.","H9H5+4HX Lakhotia Transport Co. PVT. LTD., Surti Bagan St, Kolutolla, Kolkata, West Bengal 700073","Kolkata","700073","033 2235 4802","http://ltcpl.org/",22.5778608,88.358977,4.1,16,"Transportation service","ChIJreJQOLJ3AjoRknrZEjPacJc","https://www.google.com/maps/place/?q=place_id:ChIJreJQOLJ3AjoRknrZEjPacJc","2026-09-14T11:37:47.874Z"
"OKAYTI TEA COMPANY LTD","Kolkata","OKAYTI","matched","Okayti Tea Co Ltd","Okayti Tea Co Ltd, 1, Binoy Badal Dinesh Bag E, Lal Dighi, Lal Bazar, Kolkata, West Bengal 700001","Kolkata","700001",,,22.5705977,88.3499806,4.5,,"Tea store","ChIJ23g3AaJ3AjoRrddoMKQQwi4","https://maps.google.com/maps/preview/place/Okayti+Tea+Co+Ltd,+1,+Binoy+Badal+Dinesh+Bag+E,+Lal+Dighi,+Lal+Bazar,+Kolkata,+West+Bengal+700001/@22.5705977,88.3499806,3684a,13.1y/data=!4m2!3m1!1s0x3a0277a2013778db:0x2ec210a43068d7ad","2026-09-14T11:37:51.654Z"
"S.S. BAGARIA","Kolkata","PHUGURI TEA ESTATE","partial","Bagaria Trading Limited","4th Floor, Bagaria Trading Limited, 16, Netaji Subhas Rd, Murgighata, B.B.D. Bagh, Kolkata, West Bengal 700001","Kolkata","700001","033 2210 7789","https://nehaknots.com/",22.5773564,88.3490595,5,1,"Clothing Accessories Store","ChIJe6yzIVN2AjoR81qGDvK97SI","https://www.google.com/maps/place/?q=place_id:ChIJe6yzIVN2AjoR81qGDvK97SI","2026-09-14T11:37:54.083Z"
"SHRI ASHOK KUMAR LOHIA","Kolkata","PUSSIMBING TEA ESTATE","partial","Lohia Commercial Co Private Limited","Lohia Commercial Co Private Limited, Lohia House, 112, Chittaranjan Ave, Calcutta University, College Square, Kolkata, West Bengal 700073","Kolkata","700073","033 2241 0531",,22.5756122,88.3599742,5,,"Dried flower shop","ChIJnch3Ja53AjoRH-KIPswqvS4","https://www.google.com/maps/place/?q=place_id:ChIJnch3Ja53AjoRH-KIPswqvS4","2026-09-14T11:37:57.378Z"
"SEEYOK TEA COMPANY LTD","Kolkata","SEEYOK","matched","Seeyok Tea Company Limited","Ste 17, Seeyok Tea Company Limited, Chowringhee Mansion, 30, Jawaharlal Nehru Rd, Taltala, Kolkata, West Bengal 700016","Kolkata","700016",,,22.555792,88.3507327,4,1,"Corporate office","ChIJedWjHQ93AjoRVL12zdIAXYM","https://maps.google.com/maps/preview/place/Ste+17,+Seeyok+Tea+Company+Limited,+Chowringhee+Mansion,+30,+Jawaharlal+Nehru+Rd,+Taltala,+Kolkata,+West+Bengal+700016/@22.555792,88.3507327,3685a,13.1y/data=!4m2!3m1!1s0x3a02770f1da3d579:0x835d00d2cd76bd54","2026-09-14T11:38:00.727Z"
"BRIJ MOHAN","Kolkata","SELIMBONG TEA ESTATE","matched","Brij Mohan and Company","number 6, Brij Mohan and Company, cross road, 67/46, Strand Bank Rd, Kolkata, West Bengal 700007","Kolkata","700007","098300 87666",,22.5876995,88.35103529999999,5,,"Wholesaler","ChIJi9Qhayl3AjoRe90lid_Qr5o","https://maps.google.com/maps/preview/place/number+6,+Brij+Mohan+and+Company,+cross+road,+67%2F46,+Strand+Bank+Rd,+Kolkata,+West+Bengal+700007/@22.5876995,88.3510353,3684a,13.1y/data=!4m2!3m1!1s0x3a0277296b21d48b:0x9aafd0df8925dd7b","2026-09-14T11:38:03.651Z"
"SHRI J.P.CHOWDHARY","Kolkata","SOURENEE T.E.","partial","Chowdhary Para","Chowdhary Para, Rahara, Kolkata, West Bengal 700118","Kolkata","700118",,,22.726450099999997,88.38341199999999,,,,"ChIJgVi-ypSb-DkRnvZYjCTu73Y","https://www.google.com/maps/place/?q=place_id:ChIJgVi-ypSb-DkRnvZYjCTu73Y","2026-09-14T11:38:06.658Z"
"COOCH BEHAR TEA CO LTD","Kolkata","COOCH BEHAR T.E","matched","Coochbehar Tea Company Limited","Coochbehar Tea Company Limited, 4, Fairlie Pl Rd, Fairley Place, B.B.D. Bagh, Kolkata, West Bengal 700001","Kolkata","700001",,,22.575395099999998,88.34781629999999,,,,"ChIJsyO5U6N3AjoRpFWt8xoOq2c","https://maps.google.com/maps/preview/place/Coochbehar+Tea+Company+Limited,+4,+Fairlie+Pl+Rd,+Fairley+Place,+B.B.D.+Bagh,+Kolkata,+West+Bengal+700001/@22.5753951,88.3478163,3684a,13.1y/data=!4m2!3m1!1s0x3a0277a353b923b3:0x67ab0e1af3ad55a4","2026-09-14T11:38:09.679Z"
"MOHURGONG &GULMA TEA","Kolkata","MOHURGONG & GULMA TEA ESTATE 126/1712","matched","Mohurgong & Gulma Tea Estates","Mohurgong & Gulma Tea Estates, P17, Ganesh Chandra Ave, Chandni Chawk, Bowbazar, Kolkata, West Bengal 700013","Kolkata","700013","093300 31861","http://gulmatea.com/",22.567185199999997,88.35680819999999,3,,"Tea Manufacturer","ChIJn343c6l3AjoROgJ34B35rpw","https://maps.google.com/maps/preview/place/Mohurgong+%26+Gulma+Tea+Estates,+P17,+Ganesh+Chandra+Ave,+Chandni+Chawk,+Bowbazar,+Kolkata,+West+Bengal+700013/@22.5671852,88.3568082,3684a,13.1y/data=!4m2!3m1!1s0x3a0277a973377e9f:0x9caef91de077023a","2026-09-14T11:38:13.208Z"
"ROOPCHERA TEA CO. PVT. LTD.","Kolkata","NEW CHUMTA TEA ESTATE","matched","Dhruba Tea Centre","Dhruba Tea Centre, 2, Lal Bazar St, Lal Bazar, Kolkata, West Bengal 700001","Kolkata","700001","033 4005 3157","http://www.dhrubatea.com/",22.5723618,88.3521245,4.7,,"Tea store","ChIJmeA-f0B3AjoR2AqxedUisxc","https://www.google.com/maps/place/?q=place_id:ChIJmeA-f0B3AjoR2AqxedUisxc","2026-09-14T11:38:16.132Z"
"MR GOVIND GARG","Kolkata","NISCHINTAPUR TEA ESTATE","partial","Govind kr","G8FQ+R46 Govind kr, Alipore, Kolkata, West Bengal 700027","Kolkata","700027",,,22.5246542,88.3379643,5,1,"Corporate office","ChIJTaK_AwB3AjoR58eCyjKPRPg","https://www.google.com/maps/place/?q=place_id:ChIJTaK_AwB3AjoR58eCyjKPRPg","2026-09-14T11:38:19.416Z"
"PUTINBARI TEA ASSOCIATION LTD","Kolkata","PUTINBARI TEA ESTATE","matched","Putinbari Tea Garden","Q8FH+XPQ Putinbari Tea Garden, SH12, Khaprail, West Bengal 734009","Kolkata","734009","095637 92361",,26.774956,88.3293566,3.9,360,"Garden","ChIJZ9e6s-RH5DkRD51MqdNurA0","https://www.google.com/maps/place/?q=place_id:ChIJZ9e6s-RH5DkRD51MqdNurA0","2026-09-14T11:38:22.441Z"
"SIMULBARIE TEA CO. (P) LTD.","Kolkata","SIMULBARIE","matched","Silonibari Tea Co Ltd","Silonibari Tea Co Ltd, 5B, Alipore Park Rd, Alipore, Kolkata, West Bengal 700027","Kolkata","700027",,,22.520691799999998,88.3299028,5,,"Manufacturer","ChIJ34rAD-t3AjoRuANdj58MG8k","https://www.google.com/maps/place/?q=place_id:ChIJ34rAD-t3AjoRuANdj58MG8k","2026-09-14T11:38:25.499Z"
"SUKNA TEA & INDUSTRIES LTD","Kolkata","SUKNA","matched","Sukna Tea & Industries Limited","Sukna Tea & Industries Limited, 2-5, Sarat Bose Rd, Sreepally, Ballygunge, Kolkata, West Bengal 700020","Kolkata","700020",,,22.5394775,88.3552248,5,1,"Tea store","ChIJma-iiCJ3AjoRO4FTEJANsa0","https://maps.google.com/maps/preview/place/Sukna+Tea+%26+Industries+Limited,+2-5,+Sarat+Bose+Rd,+Sreepally,+Ballygunge,+Kolkata,+West+Bengal+700020/@22.5394775,88.3552248,3685a,13.1y/data=!4m2!3m1!1s0x3a02772288a2af99:0xadb10d901053813b","2026-09-14T11:38:28.776Z"
"RYDAK SYNDICATE LIMITED","Kolkata","BARADIGHI T.E; KARTICK; RYDAK TEA ESTATE","matched","Rydak Syndicate Limited","Rydak Syndicate Limited, 4, Dr Rajendra Prasad Sarani, Murgighata, B.B.D. Bagh, Kolkata, West Bengal 700001","Kolkata","700001","033 2230 4351","http://rydaksyndicate.com/",22.5769815,88.3499389,2,,"Tea Manufacturer","ChIJy5KecEZ3AjoRJeoo3dqh87o","https://maps.google.com/maps/preview/place/Rydak+Syndicate+Limited,+4,+Dr+Rajendra+Prasad+Sarani,+Murgighata,+B.B.D.+Bagh,+Kolkata,+West+Bengal+700001/@22.5769815,88.3499389,3684a,13.1y/data=!4m2!3m1!1s0x3a027746709e92cb:0xbaf3a1dadd28ea25","2026-09-14T11:38:32.338Z"
"JADABPUR TEA CO LTD","Kolkata","JADABPUR TEA GARDEN","matched","Jadabpur Tea Company Limited","Jadabpur Tea Company Limited, 3A, Hare St, Lal Bazar, B.B.D. Bagh, Kolkata, West Bengal 700001","Kolkata","700001",,,22.5712433,88.346308,4,2,"Tea store","ChIJ5cLDt6N3AjoR6IUPCo7z9bU","https://maps.google.com/maps/preview/place/Jadabpur+Tea+Company+Limited,+3A,+Hare+St,+Lal+Bazar,+B.B.D.+Bagh,+Kolkata,+West+Bengal+700001/@22.5712433,88.346308,3684a,13.1y/data=!4m2!3m1!1s0x3a0277a3b7c3c2e5:0xb5f5f38e0a0f85e8","2026-09-14T11:38:35.010Z"
"TRISAKTI TEA CO (P) LTD","Kolkata","TRISAKTI TEA ESTATE","matched","Victoria Tea Company","1, Ground Floor, Victoria Tea Company, Martin Burn House, Head Quarter, RN Mukherjee Rd, opposite Lal Bazar, Lal Bazar, Kolkata, West Bengal 700001","Kolkata","700001","033 2210 7383","http://www.nectartea.in/",22.572442499999998,88.3516444,4.8,110,"Tea Wholesaler","ChIJA6Pf2aV3AjoR3J6chG-IcWM","https://www.google.com/maps/place/?q=place_id:ChIJA6Pf2aV3AjoR3J6chG-IcWM","2026-09-14T11:38:38.423Z"
"DILIP KR. GHOSH","Kolkata","JAGAT BANDHU TEA ESTATE","matched","Dr Dilip Kr Ghosh","Dr Dilip Kr Ghosh, Salt Lake, BF 247, BF Block, Sector 1, Bidhannagar, Kolkata, West Bengal 700064","Kolkata","700064","033 2337 4736",,22.595295699999998,88.4202315,4.2,5,"Obstetrician-gynecologist","ChIJSyWxu-x1AjoRu45WgmG_PuY","https://maps.google.com/maps/preview/place/Dr+Dilip+Kr+Ghosh,+Salt+Lake,+BF+247,+BF+Block,+Sector+1,+Bidhannagar,+Kolkata,+West+Bengal+700064/@22.5952957,88.4202315,3684a,13.1y/data=!4m2!3m1!1s0x3a0275ecbbb1254b:0xe63ebf6182568ebb","2026-09-14T11:38:42.038Z"
"HARISHPUR TEA CO. PVT. LTD.","Kolkata","SHYAMAL BAG TEA ESTATE","matched","Harishpur Tea Company Private Limited, Kolkatta Branch Office","Flat no. 2A( 2nd floor, Harishpur Tea Company Private Limited, Kolkatta Branch Office, 18/1, Gariahat Rd, Ballygunge Gardens, Gariahat, Kolkata, West Bengal 700019","Kolkata","700019","033 2460 2870",,22.518463399999998,88.3659764,,,"Tea Wholesaler","ChIJO-Kw1NV2AjoR187jXhycRXw","https://maps.google.com/maps/preview/place/Flat+no.+2A(+2nd+floor,+Harishpur+Tea+Company+Private+Limited,+Kolkatta+Branch+Office,+18%2F1,+Gariahat+Rd,+Ballygunge+Gardens,+Gariahat,+Kolkata,+West+Bengal+700019/@22.5184634,88.3659764,3686a,13.1y/data=!4m2!3m1!1s0x3a0276d5d4b0e23b:0x7c459c1c5ee3ced7","2026-09-14T11:38:45.926Z"
"CHANDAN TEA INDUSTRIES PVT.","Kolkata","CHANDAN TEA ESTATE","matched","Chandan Tea Industries Pvt Ltd","Chandan Tea Industries Pvt Ltd, 4, Chittaranjan Ave, Esplanade, Chandni Chawk, Bowbazar, Kolkata, West Bengal 700072","Kolkata","700072",,,22.5666942,88.3540443,,,,"ChIJUa2UYah3AjoR30HEoS28Hdg","https://maps.google.com/maps/preview/place/Chandan+Tea+Industries+Pvt+Ltd,+4,+Chittaranjan+Ave,+Esplanade,+Chandni+Chawk,+Bowbazar,+Kolkata,+West+Bengal+700072/@22.5666942,88.3540443,3684a,13.1y/data=!4m2!3m1!1s0x3a0277a86194ad51:0xd81dbc2da1c441df","2026-09-14T11:38:49.789Z"
"473.66","Kolkata","GOALGACH TEA ESTATE","partial","Kolkata","Kolkata, West Bengal","Kolkata","",,"https://www.kmcgov.in/",22.5743545,88.3628734,,,,"ChIJZ_YISduC-DkRvCxsj-Yw40M","https://maps.google.com/maps/preview/place/Kolkata,+West+Bengal/@22.5743545,88.3628734,3684a,13.1y/data=!4m2!3m1!1s0x39f882db4908f667:0x43e330e68f6c2cbc","2026-09-14T11:38:52.813Z"
"RNT PLANTATIONS LIMITED","Kolkata","DALGAON TEA ESTATE","matched","Amalgamated Plantations Pvt. Ltd.","G8RX+3C2 Amalgamated Plantations Pvt. Ltd., 1, Bishop Lefroy Rd, Near Rabindra Sadan METRO Gate, Sreepally, Bhowanipore, Kolkata, West Bengal 700020","Kolkata","700020","033 6605 3750","https://amalgamatedplantations.co.in/",22.540184,88.348784,4.6,,"Tea Manufacturer","ChIJJWKLuuV3AjoR9M2u3qyv0T0","https://www.google.com/maps/place/?q=place_id:ChIJJWKLuuV3AjoR9M2u3qyv0T0","2026-09-14T11:38:55.618Z"
"SANTIPARA TEA CO. LTD.","Kolkata","DEMDIMA","matched","Sannyasithan Tea Estate","M7XV+VC7 Sannyasithan Tea Estate, Sannyasi Thaner Chhat, West Bengal 734014","Kolkata","734014",,,26.6996596,88.2935519,4,,"Tea Manufacturer","ChIJVVVVldFI5DkRss87tW_WfkY","https://www.google.com/maps/place/?q=place_id:ChIJVVVVldFI5DkRss87tW_WfkY","2026-09-14T11:38:59.446Z"
"ANOOP TEA CO (PVT) LTD","Kolkata","MAKRAPARA TEA ESTATE","matched","Anup tea shop","Anup tea shop, James Long Sarani, 18 Bigha, Muradpur, Sarada Pally, Kolkata, West Bengal 700034","Kolkata","700034",,,22.4916914,88.3184624,3.9,13,"Tea house","ChIJLfroWdd7AjoR0bdRKRkOkvo","https://maps.google.com/maps/preview/place/Anup+tea+shop,+James+Long+Sarani,+18+Bigha,+Muradpur,+Sarada+Pally,+Kolkata,+West+Bengal+700034/@22.4916914,88.3184624,3686a,13.1y/data=!4m2!3m1!1s0x3a027bd759e8fa2d:0xfa920e192951b7d1","2026-09-14T11:39:02.103Z"
"ANJUMAN TEA CO LTD","Kolkata","MUJNAI TEA ESTATE","matched","Anjuman Tea Co Ltd","Anjuman Tea Co Ltd, 8, Khairu Pl, Bow Barracks, Kolkata, West Bengal 700012","Kolkata","700012",,,22.5689688,88.3557111,,,,"ChIJVVU5Jql3AjoRHbbhmYvA4Q8","https://maps.google.com/maps/preview/place/Anjuman+Tea+Co+Ltd,+8,+Khairu+Pl,+Bow+Barracks,+Kolkata,+West+Bengal+700012/@22.5689688,88.3557111,3684a,13.1y/data=!4m2!3m1!1s0x3a0277a926395555:0xfe1c08b99e1b61d","2026-09-14T11:39:04.592Z"
"DEVI BAGARIA","Kolkata","SATALI TEA ESTATE","partial","Bagaria Trading Limited","4th Floor, Bagaria Trading Limited, 16, Netaji Subhas Rd, Murgighata, B.B.D. Bagh, Kolkata, West Bengal 700001","Kolkata","700001","033 2210 7789","https://nehaknots.com/",22.5773564,88.3490595,5,1,"Clothing Accessories Store","ChIJe6yzIVN2AjoR81qGDvK97SI","https://www.google.com/maps/place/?q=place_id:ChIJe6yzIVN2AjoR81qGDvK97SI","2026-09-14T11:39:07.298Z"
"SINGHANIA TEA COMPANY","Kolkata","SINGHANIA TEA ESTATE","matched","Singhania Tea Estate","P5H6+567 Singhania Tea Estate, Hoasinbad Tea Garden, West Bengal 735228","Kolkata","735228",,,26.727916099999998,89.1605567,3.8,41,"Tea Manufacturer","ChIJh5aI-5u_4zkRwAxwacS6fJM","https://www.google.com/maps/place/?q=place_id:ChIJh5aI-5u_4zkRwAxwacS6fJM","2026-09-14T11:39:09.775Z"
"SUBHOJIT GHOSH","Kolkata","SUBHASINI TEA ESTATE","partial","Subhajit ghosh","Subhajit ghosh, 228, Acharya Prafulla Chandra Rd, Shyambazar, Shyam Bazar, Fariapukur, Shyam Bazar, Kolkata, West Bengal 700004","Kolkata","700004",,,22.5989607,88.37456159999999,5,1,"Taoist temple","ChIJhTwmbqR3AjoRxafgMsmuHlo","https://www.google.com/maps/place/?q=place_id:ChIJhTwmbqR3AjoRxafgMsmuHlo","2026-09-14T11:39:13.169Z"
"SS GUPTA","Kolkata","TOORSA","partial","Dr. S Gupta","Dr. S Gupta, Shoo8, Maidan, Howrah, West Bengal 711101","Kolkata","711101","084208 90735",,22.5931316,88.33735759999999,5,,"Medical clinic","ChIJGUNPH-x3AjoReJ4mhsaCVGI","https://www.google.com/maps/place/?q=place_id:ChIJGUNPH-x3AjoReJ4mhsaCVGI","2026-09-14T11:39:15.888Z"
"H.C. JAIN","Kolkata","DALMORE TEA ESTATE","partial","Jain & Co","2nd floor, Jain & Co, P21/22, Radha Bazar St, near India Exchange Place, Murgighata, B.B.D. Bagh, Kolkata, West Bengal 700001","Kolkata","700001","033 2242 9190","http://jainandco.net/",22.575558299999997,88.3508277,5,2,"Chartered accountant","ChIJ76zdcqV3AjoRWqJKj9iEgfY","https://www.google.com/maps/place/?q=place_id:ChIJ76zdcqV3AjoRWqJKj9iEgfY","2026-09-14T11:39:18.901Z"
"HIMALAYAN TEA & AGRO PVT LTD NARENDRA BERLIA","Kolkata","KADAMBINI TEA ESTATE","matched","HIMALAYAN TEA & AGRO PVT. LTD.","HIMALAYAN TEA & AGRO PVT. LTD., Budharugaon, West Bengal 734425","Kolkata","734425",,,26.4768325,88.2381844,4,,"Tea Manufacturer","ChIJxeCz5CJU5DkRi4ZFClVx1L8","https://www.google.com/maps/place/?q=place_id:ChIJxeCz5CJU5DkRi4ZFClVx1L8","2026-09-14T11:39:22.167Z"
"ETEHLBARI TEA COMPANY 1932","Kolkata","SARUGAON TEAESTATE","matched","Ethel Bari Tea Co (1932) Ltd","Ethel Bari Tea Co (1932) Ltd, 24, R N Mukherjee Road, Lal Bazar, Kolkata, West Bengal 700001","Kolkata","700001","033 2248 3110",,22.570074299999998,88.3510063,3.5,2,"Tea house","ChIJ9Sux1qV3AjoRZ7qLdeGfToA","https://maps.google.com/maps/preview/place/Ethel+Bari+Tea+Co+(1932)+Ltd,+24,+R+N+Mukherjee+Road,+Lal+Bazar,+Kolkata,+West+Bengal+700001/@22.5700743,88.3510063,3684a,13.1y/data=!4m2!3m1!1s0x3a0277a5d6b12bf5:0x804e9fe1758bba67","2026-09-14T11:39:25.369Z"
"A.K. CHAMARIA","Kolkata","TASATI TEA ESTATE","partial","Chamaria House","Chamaria House, 123, Bangur Ave, Block B, Block D, Lake Town, Kolkata, West Bengal 700055","Kolkata","700055",,,22.6067055,88.41348819999999,4.7,3,"Apartment building","ChIJQfeaaK91AjoRMjFBsnAZDqc","https://www.google.com/maps/place/?q=place_id:ChIJQfeaaK91AjoRMjFBsnAZDqc","2026-09-14T11:39:29.142Z"
"PHASKOWA TEA PLANTATIONS","Kolkata","PHASKOWA TEA ESTATE","matched","Phaskowa Tea Resort","Phaskowa Tea Resort, Phaskowa Tea Garden, Hatipota, Alipurduar, P.S - Samuktala, Block, Kumargram, West Bengal 736201","Alipurduar","736201","078120 56406",,26.6894435,89.6709872,4.8,45,"Resort hotel","ChIJmVMoo21D4jkRpORTEbpFC0k","https://maps.google.com/maps/preview/place/Phaskowa+Tea+Resort,+Phaskowa+Tea+Garden,+Hatipota,+Alipurduar,+P.S+-+Samuktala,+Block,+Kumargram,+West+Bengal+736201/@26.6894435,89.6709872,3565a,13.1y/data=!4m2!3m1!1s0x39e2436da3285399:0x490b45ba1153e4a4","2026-09-14T11:39:32.926Z"
"RADHARANI TEA & ESTATES PVT. RADHARANI TEA & ESTATES PVT.","Kolkata","RADHARANI TEA ESTATE","matched","Radharani Tea & Estates Pvt Ltd","Radharani Tea & Estates Pvt Ltd, 16, Bentinck St, Radha Bazar, Barabazar Market, Kolkata, West Bengal 700001","Kolkata","700001",,,22.573219899999998,88.3534165,,,,"ChIJfQNVfq93AjoRkBapmd22rCE","https://maps.google.com/maps/preview/place/Radharani+Tea+%26+Estates+Pvt+Ltd,+16,+Bentinck+St,+Radha+Bazar,+Barabazar+Market,+Kolkata,+West+Bengal+700001/@22.5732199,88.3534165,3684a,13.1y/data=!4m2!3m1!1s0x3a0277af7e55037d:0x21acb6dd99a91690","2026-09-14T11:39:36.717Z"
"MR. SHEKHAR ROYCHOUDHURY MR. S.R CHOUDHURY","Kolkata","RAHIMABAD TEA ESTATE","partial","Roychowdhury Dr Sujoy","Roychowdhury Dr Sujoy, 106/1b, monohar pokor road, Kolkata, West Bengal 700029","Kolkata","700029","033 2454 4219",,22.5552714,88.3500652,4.2,,"Doctor","ChIJ33o0YBF3AjoRV5y62kEbBBA","https://www.google.com/maps/place/?q=place_id:ChIJ33o0YBF3AjoRV5y62kEbBBA","2026-09-14T11:39:40.303Z"
"ALIPURDUAR TEA COMPANY LTD","Kolkata","TURTURI TEA ESTATE","matched","Tea Garden Alipurduar","HG37+R94 Tea Garden Alipurduar, Bariguri, West Bengal 736123","Alipurduar","736123",,,26.5545242,89.5134463,4.1,,"Tea Manufacturer","ChIJTdI8dP5Q4jkRBmTP7M0qBL0","https://www.google.com/maps/place/?q=place_id:ChIJTdI8dP5Q4jkRBmTP7M0qBL0","2026-09-14T11:39:43.007Z"
"THE ETHELBARI TEA CO (1932)","Kolkata","ETHELBARI","matched","Ethel Bari Tea Co (1932) Ltd","Ethel Bari Tea Co (1932) Ltd, 24, R N Mukherjee Road, Lal Bazar, Kolkata, West Bengal 700001","Kolkata","700001","033 2248 3110",,22.570074299999998,88.3510063,3.5,2,"Tea house","ChIJ9Sux1qV3AjoRZ7qLdeGfToA","https://maps.google.com/maps/preview/place/Ethel+Bari+Tea+Co+(1932)+Ltd,+24,+R+N+Mukherjee+Road,+Lal+Bazar,+Kolkata,+West+Bengal+700001/@22.5700743,88.3510063,3684a,13.1y/data=!4m2!3m1!1s0x3a0277a5d6b12bf5:0x804e9fe1758bba67","2026-09-14T11:39:46.239Z"
"HULDIBARI INDUSTRIES &","Kolkata","HULDIBARI TEA GARDEN","matched","Huldibari Industries & Plantation Co Ltd","Huldibari Industries & Plantation Co Ltd, McLeod House, 3, Netaji Subhas Rd, Fairley Place, B.B.D. Bagh, Kolkata, West Bengal 700001","Kolkata","700001","033 2248 9168","http://huldibaritea.com/",22.5716908,88.3474533,,,"Tea Manufacturer","ChIJWbxPkKN3AjoRIZbt15hI63c","https://maps.google.com/maps/preview/place/Huldibari+Industries+%26+Plantation+Co+Ltd,+McLeod+House,+3,+Netaji+Subhas+Rd,+Fairley+Place,+B.B.D.+Bagh,+Kolkata,+West+Bengal+700001/@22.5716908,88.3474533,3684a,13.1y/data=!4m2!3m1!1s0x3a0277a3904fbc59:0x77eb4898d7ed9621","2026-09-14T11:39:49.724Z"
"MCLEOD RUSSEL INDIA LIMITED SHRI S. CHAKRABORTY","Kolkata","JAYBIRPARA TEA ESTATE","matched","Mcleod Russel India limited","Mcleod Russel India limited, Surendra Mohan Ghosh Sarani, 4, Mangoe Ln, Kolkata, West Bengal 700001","Kolkata","700001","099030 96991","http://www.mcleodrussel.com/",22.569381699999997,88.3511199,4.5,,"Tea Exporter","ChIJdcrz16V3AjoRV8_Qg8r4ZXw","https://maps.google.com/maps/preview/place/Mcleod+Russel+India+limited,+Surendra+Mohan+Ghosh+Sarani,+4,+Mangoe+Ln,+Kolkata,+West+Bengal+700001/@22.5693817,88.3511199,3684a,13.1y/data=!4m2!3m1!1s0x3a0277a5d7f3ca75:0x7c65f8ca83d0cf57","2026-09-14T11:39:53.410Z"
"S.K. BACHAWAT","Kolkata","KALABARI TEA ESTATE","partial","S.K.Bhalotia & Co.","S.K.Bhalotia & Co., Unit-1A, 1st Floor, Imax Lohia Square 23, Gangadhar Babu Lane, Bepin Behari Ganguly St, opposite SBI, near Firangi Kali Mandir, Branch, Kolkata, West Bengal 700012","Kolkata","700012","033 4073 0113","http://www.skbnco.com/",22.5708238,88.3594275,5,,"Chartered accountant","ChIJkeVRbKx3AjoRhTluv53hjoU","https://www.google.com/maps/place/?q=place_id:ChIJkeVRbKx3AjoRhTluv53hjoU","2026-09-14T11:39:56.029Z"
"RUNGAMATI TEA INDUSTRIES LTD","Kolkata","LAKHIKANTA TEA ESTATE","matched","Rungamattee Tea & Ind Ltd","Rungamattee Tea & Ind Ltd, 90/31, Diamond Harbour Rd, Block 6, Sahapur, New Alipore, Kolkata, West Bengal 700038","Kolkata","700038","099033 64444","http://www.rungamattee.com/",22.5102878,88.32291959999999,4.1,,"Tea Manufacturer","ChIJq6qqaqpwAjoRH4DJ0197G8Q","https://www.google.com/maps/place/?q=place_id:ChIJq6qqaqpwAjoRH4DJ0197G8Q","2026-09-14T11:39:58.839Z"
"MKTEAPVT.LTD","Kolkata","NANGDALA","partial","Mahe Technologies Pvt Ltd - BPO Company | B2B & B2C Telemarketing Agency","Mahe Technologies Pvt Ltd - BPO Company | B2B & B2C Telemarketing Agency, 56, Ballygunge Gardens, Gariahat, Kolkata, West Bengal 700019","Kolkata","700019","090513 91761","https://mahetechnologies.in/",22.51689,88.366897,4,,"BPO Company","ChIJNxs0uPR2AjoRyknZVlwtH8I","https://www.google.com/maps/place/?q=place_id:ChIJNxs0uPR2AjoRyknZVlwtH8I","2026-09-14T11:40:01.880Z"
"PALASHBARI TEA CO LTD","Kolkata","PALASHBARI","matched","Palashbari Tea Company Limited","Palashbari Tea Company Limited, 14B, Camac St, Park Circus, Ballygunge, Kolkata, West Bengal 700017","Kolkata","700017",,,22.54213,88.352144,4,,"Tea Exporter","ChIJU5tOlxd3AjoR7XjLXkME1Zk","https://maps.google.com/maps/preview/place/Palashbari+Tea+Company+Limited,+14B,+Camac+St,+Park+Circus,+Ballygunge,+Kolkata,+West+Bengal+700017/@22.54213,88.352144,3685a,13.1y/data=!4m2!3m1!1s0x3a027717974e9b53:0x99d504435ecb78ed","2026-09-14T11:40:04.878Z"
"RAHIMPUR TEA CO LTD","Kolkata","RAHIMPUR TEA ESTATE","matched","Rahimpur Tea Company","Rm No. 5, 1st Floor, Rahimpur Tea Company, Karnani Estate, 209, AJC Bose Rd, Park Circus, Elgin, Kolkata, West Bengal 700017","Kolkata","700017",,"https://www.bansalteas.com/",22.5436808,88.3613455,,,"Tea Manufacturer","ChIJ33X1JLN3AjoRja1dREUHRUg","https://maps.google.com/maps/preview/place/Rm+No.+5,+1st+Floor,+Rahimpur+Tea+Company,+Karnani+Estate,+209,+AJC+Bose+Rd,+Park+Circus,+Elgin,+Kolkata,+West+Bengal+700017/@22.5436808,88.3613455,3685a,13.1y/data=!4m2!3m1!1s0x3a0277b324f575df:0x48450745445dad8d","2026-09-14T11:40:08.208Z"
"EXIMPO TEA LIMITED","Kolkata","TELEPARA TEA ESTATE","matched","Eximpo Tea Limited","Eximpo Tea Limited, 3b, Lal Bazar St, Murgighata, B.B.D. Bagh, Kolkata, West Bengal 700001","Kolkata","700001","033 2248 4645",,22.5729218,88.35057549999999,,,"Tea Manufacturer","ChIJe6yzIVN2AjoREFgACOlyKXc","https://maps.google.com/maps/preview/place/Eximpo+Tea+Limited,+3b,+Lal+Bazar+St,+Murgighata,+B.B.D.+Bagh,+Kolkata,+West+Bengal+700001/@22.5729218,88.3505755,3684a,13.1y/data=!4m2!3m1!1s0x3a02765321b3ac7b:0x772972e908005810","2026-09-14T11:40:10.817Z"
"NUDDEA PLANTATIONS LTD.","Kolkata","TOTAPARA TEA ESTATE","partial","Manjushree Plantations Limited","7E, Manjushree Plantations Limited, Neelambar Building, 28B, Shakespeare Sarani, Elgin, Kolkata, West Bengal 700017","Kolkata","700017","033 2283 5660","https://manjushreeplantations.com/",22.5447757,88.3550762,4.1,7,"Corporate office","ChIJ0wPHmxl3AjoRvdf_8i-tZE8","https://www.google.com/maps/place/?q=place_id:ChIJ0wPHmxl3AjoRvdf_8i-tZE8","2026-09-14T11:40:14.381Z"
"SNOWVIEW TEA COMPANY PVT LTD","Kolkata","KUMAI TEA ESTATE","matched","Star Tea Company Private Limited","Star Tea Company Private Limited, 8/1, Lal Bazar St, Lal Bazar, Kolkata, West Bengal 700001","Kolkata","700001","033 2230 0559","http://www.startea.in/",22.5721265,88.3525406,4.6,64,"Tea store","ChIJzZZYoKV3AjoRkegB8bfPzpU","https://www.google.com/maps/place/?q=place_id:ChIJzZZYoKV3AjoRkegB8bfPzpU","2026-09-14T11:40:17.719Z"
"THE KUMLAI TEA & IND. LTD.","Kolkata","KUMLAI","matched","Kumlai Tea & Industries Ltd","Kumlai Tea & Industries Ltd, 1, Ganesh Chandra Ave, Mission Row Extension, Esplanade, Chowringhee North, Bow Barracks, Kolkata, West Bengal 700013","Kolkata","700013",,,22.5695847,88.35328,4,,"Manufacturer","ChIJiZsfrKh3AjoR4bI1_Fz12z8","https://maps.google.com/maps/preview/place/Kumlai+Tea+%26+Industries+Ltd,+1,+Ganesh+Chandra+Ave,+Mission+Row+Extension,+Esplanade,+Chowringhee+North,+Bow+Barracks,+Kolkata,+West+Bengal+700013/@22.5695847,88.35328,3684a,13.1y/data=!4m2!3m1!1s0x3a0277a8ac1f9b89:0x3fdbf55cfc35b2e1","2026-09-14T11:40:20.067Z"
"C.K.KANORIA ESQR &","Kolkata","LOPCHU TEA ESTATE","partial","S.Kakrania & Co.","S.Kakrania & Co., 10, Old Post Office St, B.B.D. Bagh, Kolkata, West Bengal 700001","Kolkata","700001","033 2248 0725","http://kakrania.in/",22.5689113,88.3447442,4.1,,"Law firm","ChIJnWUpkqF3AjoRWglrtYOmcHM","https://www.google.com/maps/place/?q=place_id:ChIJnWUpkqF3AjoRWglrtYOmcHM","2026-09-14T11:40:23.415Z"
"MONOJ PODDAR","Kolkata","NAMRING","partial","Poddar Groups || Real Estate Promoter in Bansdroni, South Kolkata","Poddar Groups || Real Estate Promoter in Bansdroni, South Kolkata, P-109, Bansdroni Park, Ward Number 113, Kolkata, West Bengal 700070","Kolkata","700070","070038 84269","https://poddargroups.com/",22.469113099999998,88.3545898,3.9,34,"Real Estate Builders & Construction Company","ChIJ068gcvhwAjoRNmFlfD9E7m0","https://www.google.com/maps/place/?q=place_id:ChIJ068gcvhwAjoRNmFlfD9E7m0","2026-09-14T11:40:26.383Z"
"SHRI DEBABRATA MITRA","Kolkata","PESHOK TEA ESTATE","partial","Dr. DEBABRATA MITRA","Dr. DEBABRATA MITRA, North City Hospital, C/O, Bagmari Rd, Kankurgachi, Kolkata, West Bengal 700054","Kolkata","700054",,,22.589571499999998,88.3940617,5,1,"Diabetologist","ChIJNeOn54p3AjoRbYaNuv2dcPI","https://maps.google.com/maps/preview/place/Dr.+DEBABRATA+MITRA,+North+City+Hospital,+C%2FO,+Bagmari+Rd,+Kankurgachi,+Kolkata,+West+Bengal+700054/@22.5895715,88.3940617,3684a,13.1y/data=!4m2!3m1!1s0x3a02778ae7a7e335:0xf2709dfdba8d866d","2026-09-14T11:40:29.455Z"
"DARJEELING TRADING LTD.","Kolkata","SAMABEONG TEA ESTATE","matched","Darjeeling Tea Traders","Darjeeling Tea Traders, 734003, Hill Cart Rd, beside biswadeep cinema hall, Ward 2, Pradhan Nagar, Siliguri, West Bengal 734003","Siliguri","734003","096092 51901","https://www.facebook.com/share/1CGDztBctF/",26.7278472,88.4140984,4.5,,"Tea store","ChIJFTCuFPZB5DkR85RcGSk8p04","https://www.google.com/maps/place/?q=place_id:ChIJFTCuFPZB5DkR85RcGSk8p04","2026-09-14T11:40:33.230Z"
"T & I GLOBAL LTD","Kolkata","MAINAK HILLS TEA ESTATE","partial","T & I Global Limited","4-A, T & I Global Limited, Jassal House, No. 11, Auckland Pl, Kolkata, West Bengal 700017","Kolkata","700017","033 2283 3613","https://www.tiglobal.com/",22.5424377,88.3580818,3.6,5,"Manufacturer","ChIJwXSDIh93AjoRrcKn_qgvRZ8","https://maps.google.com/maps/preview/place/4-A,+T+%26+I+Global+Limited,+Jassal+House,+No.+11,+Auckland+Pl,+Kolkata,+West+Bengal+700017/@22.5424377,88.3580818,3685a,13.1y/data=!4m2!3m1!1s0x3a02771f228374c1:0x9f452fa8fea7c2ad","2026-09-14T11:40:36.024Z"
"BINOD KR. AGARWAL","Kolkata","MAJHERDABRI","partial","Binod kumar Agarwal","JF7G+HWW Binod kumar Agarwal, Action Area IIB, Reckjoani, West Bengal 700161","Kolkata","700161",,,22.6139917,88.4773374,,,"Apartment complex","ChIJ6yFSE5uf-DkRIe_BiGTdiWU","https://maps.google.com/maps/preview/place/JF7G%2BHWW+Binod+kumar+Agarwal,+Action+Area+IIB,+Reckjoani,+West+Bengal+700161/@22.6139917,88.4773374,3683a,13.1y/data=!4m2!3m1!1s0x39f89f9b135221eb:0x6589dd6488c1ef21","2026-09-14T11:40:39.081Z"
"DOOARS PLANTATION &","Kolkata","PATKAPRA TEA ESTATE","matched","Darjeeling Dooars Plantations Tea Limited","4th Floor, Darjeeling Dooars Plantations Tea Limited, Nicco House, 2, Hare St, Above Canara Bank, B.B.D. Bagh, Kolkata, West Bengal 700001","Kolkata","700001","033 2248 7908",,22.5713318,88.3458527,4.1,,"Tea Manufacturer","ChIJhee-ACZ3AjoRR4JZfTemkLU","https://www.google.com/maps/place/?q=place_id:ChIJhee-ACZ3AjoRR4JZfTemkLU","2026-09-14T11:40:42.563Z"
"BIJLIMONI TEA & FINANCE LTD.","Kolkata","MATIKUNDA TEA ESTATE","matched","Bijalimoni Tea Estate","H735+JF3 Bijalimoni Tea Estate, Paschim Madati, West Bengal 734426","Kolkata","734426",,,26.554022399999997,88.2586657,4.3,,"Tea Manufacturer","ChIJEfa9UJxR5DkR2FfN1VGmDrE","https://www.google.com/maps/place/?q=place_id:ChIJEfa9UJxR5DkR2FfN1VGmDrE","2026-09-14T11:40:45.139Z"
"AMALGAMATED PLANTATIONS","Assam","BATABARI; NOWERA NUDDY TEA ESTATE","matched","Amalgamated Plantations Guwahati","Amalgamated Plantations Guwahati, GS Rd, Ananda Nagar, Christian Basti, Guwahati, Assam 781005","Assam","781005","0361 234 0037",,26.157656799999998,91.77633689999999,4.5,47,"Manufacturer","ChIJqYSXUhJZWjcRX2Q5Mldoob0","https://www.google.com/maps/place/?q=place_id:ChIJqYSXUhJZWjcRX2Q5Mldoob0","2026-09-14T11:40:47.565Z"
"SHRI RAJHESH JHUNJHUNWALA","Other / Unspecified","SONALI TEA ESTATE","not_found","","","Other / Unspecified","",,,,,,,,,"","2026-09-14T11:40:51.193Z"
"GBC ENTERPRISE LTD.","Other / Unspecified","FAGU","not_found","","","Other / Unspecified","",,,,,,,,,"","2026-09-14T11:40:53.926Z"
"GOODRICKE GROUP LIMITED","Other / Unspecified","BARNESBEG TEA GARDEN","matched","Goodricke Group Limited","Goodricke Group Limited, 14, Gurusaday Dutta Rd, Beck Bagan, Ballygunge, Kolkata, West Bengal 700019","Kolkata","700019","033 2287 3067","https://www.goodricketea.com/",22.5353048,88.36169489999999,4.3,,"Tea Manufacturer","ChIJ7V-kwCB3AjoRm_bV8GLZkww","https://maps.google.com/maps/preview/place/Goodricke+Group+Limited,+14,+Gurusaday+Dutta+Rd,+Beck+Bagan,+Ballygunge,+Kolkata,+West+Bengal+700019/@22.5353048,88.3616949,3685a,13.1y/data=!4m2!3m1!1s0x3a027720c0a45fed:0xc93d962f0d5f69b","2026-09-14T11:40:57.335Z"
"SOUTHERN TERAI TEA CO (P)","Other / Unspecified","SATISH CHANDRA TEA ESTATE","matched","TERAI TEA FARMER PRODUCER COMPANY LIMITED","TERAI TEA FARMER PRODUCER COMPANY LIMITED, KESHORDOBA, Khoribari, West Bengal 734427","Other / Unspecified","734427","097349 65214","https://v0-terai-tea-website.vercel.app/",26.5539673,88.1916811,5,1,"Tea Manufacturer","ChIJ9f5YTvxT5DkRpCLPLzrclx8","https://www.google.com/maps/place/?q=place_id:ChIJ9f5YTvxT5DkRpCLPLzrclx8","2026-09-14T11:41:01.098Z"
"TIRRIHANNAH CO LTD","Other / Unspecified","TIRRIHANNAH CO LTD","matched","Tirrihannah Tea Factory","Q787+H9V Tirrihannah Tea Factory, Tirrihannah Tea Garden, Ord Terai Tea Garden, West Bengal 734423","Other / Unspecified","734423",,,26.7664808,88.26341819999999,4.2,21,"Tea Manufacturer","ChIJfclsTupJ5DkRgASiF53Pbes","https://www.google.com/maps/place/?q=place_id:ChIJfclsTupJ5DkRgASiF53Pbes","2026-09-14T11:41:04.617Z"
"GUPTA TEA ESTATE","Other / Unspecified","GUPTA TEA ESTATE","matched","Gupta Tea Estate","Gupta Tea Estate, Bhadrapur, Koshi Province 57200, Nepal","Other / Unspecified","","+977 981-5050555",,26.5273076,88.0679968,5,2,"Tea Manufacturer","ChIJP0f67Q2v5TkR552isLpiye0","https://maps.google.com/maps/preview/place/Gupta+Tea+Estate,+Bhadrapur,+Koshi+Province+57200,+Nepal/@26.5273076,88.0679968,3570a,13.1y/data=!4m2!3m1!1s0x39e5af0dedfa473f:0xedc962bab0a29de7","2026-09-14T11:41:07.266Z"
"PUSPA TEA ESTATE PVT. LTD","Other / Unspecified","PUSPA TEA ESTATE PVT. LTD.,","matched","Puspa Tea Estate","CCQQ+788 Puspa Tea Estate, Uttar Jaypura, West Bengal 733207","Other / Unspecified","733207",,,26.4381713,88.4383294,4.8,,"Garden","ChIJGfq6Y1xf5DkRuGikGkx-z78","https://maps.google.com/maps/preview/place/CCQQ%2B788+Puspa+Tea+Estate,+Uttar+Jaypura,+West+Bengal+733207/@26.4381713,88.4383294,3573a,13.1y/data=!4m2!3m1!1s0x39e45f5c63bafa19:0xbfcf7e4c1aa468b8","2026-09-14T11:41:10.824Z"
"KHAYERBARI TEA CO. LTD.","Other / Unspecified","NIMTIJHORA TEA ESTATE","matched","K B Tea Product Pvt Limited","K B Tea Product Pvt Limited, Chowdhury niwas, Milanpally, Saktigarh, Siliguri, West Bengal 734005","Siliguri","734005","098320 20781",,26.7011824,88.4199728,4.1,,"Tea Manufacturer","ChIJ3Ru2csBB5DkRsLy8_CwDuis","https://www.google.com/maps/place/?q=place_id:ChIJ3Ru2csBB5DkRsLy8_CwDuis","2026-09-14T11:41:14.691Z"
