sl,name,type,region,district,company,decision_maker,hq_city,hq_address,phone,email,scale,reg_no
1,AIBHEEL TEA GARDEN,Organized Estate,Dooars,Jalpaiguri,GOODRICKE GROUP LIMITED,MR.A.N.SINGH,Kolkata,"Goodricke Group Limited, 14, Gurusaday Dutta Rd, Beck Bagan, Ballygunge, Kolkata, West Bengal 700019",033 2287 3067,aib@goodricke.com,827.8 Ha,B-81
2,ANANDAPUR TEA ESTATE,Organized Estate,Dooars,Jalpaiguri,NEW CHUMTA TEA CO. LTD,MR. H.K.SHARMA,Kolkata,"New Chumta Tea, New Chumta Tea garden PO - New Chumta PS - Matigara, Siliguri, West Bengal 734009",098008 82719,anandapurteaestate@yahoo.com,402.2 Ha,52
3,BAGRACOTE TEA GARDEN,Organized Estate,Dooars,Jalpaiguri,DUNCANS INDUSTRIES LIMITED,MR. G.P. GOENKA,Kolkata,"4th Floor, Duncans Tea Limited, Duncan House, 31, Netaji Subhas Rd, Murgighata, B.B.D. Bagh, Kolkata, West Bengal 700001",033 2242 1605,bagtg@duncan.tea.co.in,488.9 Ha,B-2625
4,BAINTGOORIE TEA ESTATE,Organized Estate,Dooars,Jalpaiguri,DIANA TEA CO. LTD.,MR.SANDEEP KUMER SINGHANIA,Kolkata,"4th Floor, Diana Tea Company Limited, SIR RNM House, 3/B, Lal Bazar St, Lal Bazar, Kolkata, West Bengal 700001",033 2248 8672,senguptaaloke@rediffmail.com,657.9 Ha,2626
5,BATABARI,Organized Estate,Dooars,Jalpaiguri,AMALGAMATED PLANTATIONS,DEEPAK ATAL,Assam,"Amalgamated Plantations Guwahati, GS Rd, Ananda Nagar, Christian Basti, Guwahati, Assam 781005",0361 234 0037,deepak.atal@amalgamated.in,299.6 Ha,1612
6,CHALOUNI,Organized Estate,Dooars,Jalpaiguri,GOODRICKE GROUP LIMITED,MR. ARUN SINGH,Kolkata,"Goodricke Group Limited, 14, Gurusaday Dutta Rd, Beck Bagan, Ballygunge, Kolkata, West Bengal 700019",033 2287 3067,chalouni@goodricke.com,562.9 Ha,B-7
7,CHHAOPHALI TEA ESTATE,Organized Estate,Dooars,Jalpaiguri,DUTTA AGRO PLANTATION PVT LTD,SANJOY DUTTA,Siliguri,"Dutta Agro Products Pvt Ltd., Kalna Rd, Gargeswar, Bardhaman, Jabui, West Bengal 713146",9733149174,-,35.2 Ha,3985
8,CHULSA TEA ESTATE,Organized Estate,Dooars,Jalpaiguri,GOODRICKE GROUP LIMITED,MR.A.N.SINGH,Kolkata,"Goodricke Group Limited, 14, Gurusaday Dutta Rd, Beck Bagan, Ballygunge, Kolkata, West Bengal 700019",033 2287 3067,chulsa@goodricke.com,442.6 Ha,B 26
9,DAGAPUR,Organized Estate,Dooars,Jalpaiguri,SUBLIME AGRO LTD.,SUBLIME AGRO LTD.,Kolkata,"Surobhi Agro Industries Pvt Ltd, Anwesha, opposite lahari dance institute, aam tala shiv than, Fartabad, Garia, Rajpur Sonarpur, West Bengal 700084",0353-2511305,sublimeagro@gmail.com,194.8 Ha,225
10,ELLENBARRIE TEA ESTATE,Organized Estate,Dooars,Jalpaiguri,THE ELLENBARRIE TEA CO.LTD. SHANTI PROSAD AGARWALLA,746 BLOCK'P'NEW,Kolkata,"The Ellenbarrie Tea Co Limited, 3a, Ripon St, Block K, Taltala, Kolkata, West Bengal 700014",033 2229 1923,shanti.agarwala@ellenbarrie.co,229.5 Ha,2472
11,ENGO TEA ESTATE,Organized Estate,Dooars,Jalpaiguri,ENGO TRADING & TEA CO.(P),MR ASHOK KUMAR BHUWALKA,Kolkata,"FLOOR, FLAT NO.5A, Engo Tea Co. Ltd., 12, 5TH, Pretoria St, Kolkata, West Bengal 700071",033 3029 5000,engotea2008@gmail.com,109.1 Ha,2417
12,GOOD HOPE TEA ESTATE,Organized Estate,Dooars,Jalpaiguri,DIANA TEA CO. LTD.,MR. MONOJ AGARWAL,Kolkata,"4th Floor, Diana Tea Company Limited, SIR RNM House, 3/B, Lal Bazar St, Lal Bazar, Kolkata, West Bengal 700001",033 2248 8672,-,418.3 Ha,2294
13,GOPALPUR TEA ESTATE,Organized Estate,Dooars,Jalpaiguri,THE GOPALPUR TEA COMPANY LIMITED,SHRI NATHMAL MAHESWARI,Kolkata,"THE GOPALPUR TEA CO. LTD., 3rd Floor, Suite No.12, 30 Chowringhee Road, Kolkata, West Bengal 700013",033 2229 1684,gopal_tea@bsnl.in,510.3 Ha,152
14,GURJANGJHORA TEA ESTATE,Organized Estate,Dooars,Jalpaiguri,GURJANGJHORA TEA &,MR.S.SAHA,Kolkata,"Gurjang Jhora Tea Garden, West Bengal",9641404338,kalyanigroupho@rediffmail.com,268.8 Ha,25
15,INDONG TEA ESTATE,Organized Estate,Dooars,Jalpaiguri,INDONG TEA CO. PVT. LTD.,MR. DEVVRAT GUPTA,Kolkata,"Indong Tea Company Limited, Sikkim Commerce House, 4/1, Middleton St, Kankaria Estates, Park Street area, Kolkata, West Bengal 700071",033 4006 3601,devvrat61@sifi.com,483.8 Ha,2649
16,JOGESH CHANDRA TEA ESTATE,Organized Estate,Dooars,Jalpaiguri,MALHATI TEA AND INDS. LTD.,MR.NARENDRA BARELIA,Siliguri,"PMG6+3VP Malhati Division, Jogesh Chandra Tea Garden, West Bengal 735218",9733473975,-,463.5 Ha,148
17,KAILASHPUR TEA ESTATE,Organized Estate,Dooars,Jalpaiguri,THE FRIENDS TEA COMPANY LTD. MR. RANJIT BALOW,UILDING,Jalpaiguri,"HJMH+7Q5 Praakritik Tea Industries Pvt Ltd, Patkata Colony, Denguajhar, Jalpaiguri, West Bengal 735133",7797802384,kpte.jal@gmail.com,294.5 Ha,1812
18,KILLCOTT,Organized Estate,Dooars,Jalpaiguri,DUNCANS INDUSTRIES LIMITED,DUNCANS INDUSTRIES LIMITED,Jalpaiguri,"4th Floor, Duncans Tea Limited, Duncan House, 31, Netaji Subhas Rd, Murgighata, B.B.D. Bagh, Kolkata, West Bengal 700001",033 2242 1605,killtg@duncans-tea.com,431.2 Ha,B-9
19,LEESH RIVER TEAGARDEN,Organized Estate,Dooars,Jalpaiguri,GOODRICKE GROUP LIMITED,MR A N SINGH,Kolkata,"Goodricke Group Limited, 14, Gurusaday Dutta Rd, Beck Bagan, Ballygunge, Kolkata, West Bengal 700019",033 2287 3067,leesh@goodricke.com,634.6 Ha,B-02
20,MALNADY TEA ESTATE,Organized Estate,Dooars,Jalpaiguri,"MALNADY TEA ESTATE PVT. LTD., MALNADY TEA ESTATE PVT. LTD.,","ESTATE PVT, LTD.,",Siliguri,"2ND FLOOR, Malnady Tea Garden office, Gopal Bhawan, Church Rd, Ward 10, Janta Nagar, Siliguri, West Bengal 734001",03434339664,malnady.te@gmail.com,97.7 Ha,28
21,MANABARRIE,Organized Estate,Dooars,Jalpaiguri,TODI TEA CO. LTD.,N. P. TODI,Kolkata,"Todi Tea Company, 114, Rabindra Sarani, Malapara, Santoshpur, Jorabagan, Kolkata, West Bengal 700007",03562-250061,manabarite@indiatimes.com,292.0 Ha,2307
22,MATELLI TEA ESTATE,Organized Estate,Dooars,Jalpaiguri,LUXMI TEA COMPANY LIMITED,LUXMI TEA COMPANY LIMITED,Kolkata,"Luxmi Tea Company Private Limited, 17, RN Mukherjee Rd, B.B.D. Bagh, Kolkata, West Bengal 700001",033 2248 4437,matelliteaestate@gmail.com,730.1 Ha,N 8&9
23,MEENGLAS TEA GARDEN,Organized Estate,Dooars,Jalpaiguri,GOODRICKE GROUP LIMITED,MR A.N.SINGH,Kolkata,"Goodricke Group Limited, 14, Gurusaday Dutta Rd, Beck Bagan, Ballygunge, Kolkata, West Bengal 700019",033 2287 3067,meen@goodricke.com,617.8 Ha,B-5
24,NAGAISUREE,Organized Estate,Dooars,Jalpaiguri,DUNCANS INDUSTRIES LIMITED,MR M.GURBAXANI,Kolkata,"4th Floor, Duncans Tea Limited, Duncan House, 31, Netaji Subhas Rd, Murgighata, B.B.D. Bagh, Kolkata, West Bengal 700001",033 2242 1605,nagtg@ducans-tea.com,630.0 Ha,B-8
25,NEDAM TEA ESTATE,Organized Estate,Dooars,Jalpaiguri,NORTHERN BENGAL TEA,ANAND AGARWAL,Jalpaiguri,"Atiabari Building, Kadamtalla, Northern Bengal Tea Corporation Limited, Jalpaiguri, West Bengal 735101",03561 230 733,nbtcl@rediffmail.com,255.8 Ha,J-25
26,NEPUCHAPUR TEA ESTATE,Organized Estate,Dooars,Jalpaiguri,DIPALI DASGUPTA,MR. RAJA RAY,Kolkata,"Dipali Dasgupta Bari, 61, Patwari Para Rd, Patwari Para, Haltu, Kolkata, West Bengal 700075",03562240324,raja.ray@nepuchapurtea.com,296.4 Ha,05
27,NEW GLENCO TEA ESTATE,Organized Estate,Dooars,Jalpaiguri,SOONGACHI TEA INDUSTRIES (P) LTD,S.K.SARIA,Siliguri,"Soongachi Tea !! BEST TEA SUPPLIERS IN SILIGURI !! BEST TEA MANUFACTURER IN SILIGURI !! BEST TEA WHOLESALER IN SILIGURI, Arjun Enclave C & E Block 1st Floor, Tea Auction Rd, Green Park Colony, Siliguri, West Bengal 734003",03532510831,soongachi@gmail.com,349.8 Ha,2390
28,OODLABARI TEA ESTATE,Organized Estate,Dooars,Jalpaiguri,SHRI AJOY KUMAR NAHATA,NOT APPLICABLE,Kolkata,"Oodlabari, RN Mukherjee Rd, Chowringhee North, Bow Barracks, Kolkata, West Bengal 700001",033 2248 1101,oodlabariteagarden@hotmail.co,484.2 Ha,276
29,PUTHARJHORA TEA ESTATE,Organized Estate,Dooars,Jalpaiguri,PUTHARJHORA TEA GARDEN,MR. K.C.AGARWAL,Kolkata,"Putharjhora organic tea garden,factory, TEA GARDEN FACTORY LINE, Patharjhora Tea Garden, West Bengal 735231",934079907,tpiptg@gmail.com,369.4 Ha,2611
30,RAJA TEA ESTATE,Organized Estate,Dooars,Jalpaiguri,ABHIJIT TEA CO.(P) LTD.,MR.V.D.DUA,Siliguri,"Deesha Trade Endeavours P. Ltd., 195, Sukanta Sarani, opp. Bsnl Residential Complex, New Milanpally, Saktigarh, Siliguri, West Bengal 734005",03562255023,teraitea@gmail.com,417.7 Ha,2293
31,RANICHERRA TEA ESTATE,Organized Estate,Dooars,Jalpaiguri,RANICHERRA TEA CO.LTD,PRADEEP KUMAR GOEL,Jalpaiguri,"RANICHERRA TEA COMPANY LIMITED, MATELLI BAZAR MATELLI , JALPAIGURI WEST BENGAL PIN, Jalpaiguri, West Bengal 735223",084367 16419,ranicherra_tea@rediffmail.com,715.3 Ha,2588
32,RUNGAMUTTEE TEA ESTATE,Organized Estate,Dooars,Jalpaiguri,AMALGAMATED PLANTATIONS,MR DEEPAK ATAL(MD),Kolkata,"G8RX+3C2 Amalgamated Plantations Pvt. Ltd., 1, Bishop Lefroy Rd, Near Rabindra Sadan METRO Gate, Sreepally, Bhowanipore, Kolkata, West Bengal 700020",033 6605 3750,-,771.7 Ha,A4
33,SONALI TEA ESTATE,Organized Estate,Dooars,Jalpaiguri,SHRI RAJHESH JHUNJHUNWALA,SHRI RAJHESH JHUNJHONWALA,Other / Unspecified,"SONALI T.E.,P.O. BGRACOTE",8972564243,pradhanshiv@gmail.com,217.6 Ha,2434
34,SOONGACHI,Organized Estate,Dooars,Jalpaiguri,G.D. AGARWAL,S.K. SARIA,Siliguri,"Siliguri, West Bengal",9434050033,soongachi@gmail.com,639.4 Ha,A-6
35,TOONBARRIE TEA ESTATE,Organized Estate,Dooars,Jalpaiguri,TOONBARI TEA ESTATE PVT.,TOONBARI TEA ESTATE PVT.,Kolkata,"R72H+VCR MarionBari Tea Estate, Marionbari Tea Garden, West Bengal 734009",09464583479,malnady.te@gmail.co,154.3 Ha,2120
36,WASHABARIETEA ESTATE,Organized Estate,Dooars,Jalpaiguri,"A.PALCHOUDHURI,NAYANTARA","A.PALCHOUDHURI,NAYANTARA",Kolkata,"Kolkata, West Bengal",9734155750,subhasish.dey24@gmail.com,438.2 Ha,2404
37,ZURRANTEE TEA,Organized Estate,Dooars,Jalpaiguri,SHASHANK PRASAD,MR.SHASHANK PRASAD,Kolkata,"Kolkata, West Bengal",03562-200004,tea@ddptl.com,510.2 Ha,2621
38,AMARPUR TEA ESTATE,Organized Estate,Dooars,Jalpaiguri,AMARPUR TEA PLANTATIONS LTD ALOK CHAMARIA,"TTART ROW, KOL-1",Kolkata,"Halmira Estate Tea Private Limited, 23, Pankaj Mullick Sarani, near st.lawrence school, Garcha, Ballygunge, Kolkata, West Bengal 700019",033 3502 5701,amarpur89@gmail.com,70.3 Ha,2810/2811
39,DAM DIM,Organized Estate,Dooars,Jalpaiguri,AMALGAMATED PLANTATIONS,MR.A.BORDOLOI,Kolkata,"G8RX+3C2 Amalgamated Plantations Pvt. Ltd., 1, Bishop Lefroy Rd, Near Rabindra Sadan METRO Gate, Sreepally, Bhowanipore, Kolkata, West Bengal 700020",033 6605 3750,-,738.0 Ha,A2
40,DANGUAJHAR TEA GARDEN,Organized Estate,Dooars,Jalpaiguri,GOODRICKE GROUP LIMITED,A. N. SINGH,Kolkata,"Goodricke Group Limited, 14, Gurusaday Dutta Rd, Beck Bagan, Ballygunge, Kolkata, West Bengal 700019",033 2287 3067,deng@gooricke.com,660.6 Ha,B-31
41,JOYPUR,Organized Estate,Dooars,Jalpaiguri,SUNNY VALLEY TEA &,RAJENDRA KR. MAHESWARI,Jalpaiguri,"GMXG+MV3 KARLAVALLEY TEA FACTORY Bada line photo ka location bhejiye, Patkata Colony, Jalpaiguri, West Bengal 735133",03561-204489,-,343.7 Ha,16
42,KARALA VALLEY TEA ESTATE,Organized Estate,Dooars,Jalpaiguri,DARJEELING DOOARS,SHASHANK PRASAD,Kolkata,"4th Floor, Darjeeling Dooars Plantations Tea Limited, Nicco House, 2, Hare St, Above Canara Bank, B.B.D. Bagh, Kolkata, West Bengal 700001",033 2248 7908,tea@ddptl.com,224.3 Ha,145
43,KONPAKRI AGRO INDUSTRIES (P),Organized Estate,Dooars,Jalpaiguri,KONPAKRI AGRO INDUS. (P) LTD PUROJIT BAKSHI GUPTA,", P.O-MOHITNAGAR,",Jalpaiguri,"GMJ8+3RQ Bhatrisakti Agro Pvt. Ltd., Patkata Colony, Mohitnagar, Golghumti, Jalpaiguri, West Bengal 735102",03561-255397,puro24@gmail.com,35.6 Ha,3744
44,NANDAN TEA ESTATE,Organized Estate,Dooars,Jalpaiguri,CHUNIAJHORA TEA CO LTD,ANAND KUMAR AGARWAL,Siliguri,"Chuniajhora Tea Co Ltd, 62, Hill Cart Rd, Ward 10, Hakim Para, Siliguri, West Bengal 734001",9932627668,-,25.1 Ha,3818
45,NEPATI VALLEY TEA ESTATE,Organized Estate,Dooars,Jalpaiguri,NEPATI VALLEY TEA ESTATE (P) LTD,BADAL CHANDRA DAS,Siliguri,"Happy Valley Tea Estate, Lebong Cart Rd, near Darjeeling, Chauk Bazaar, Darjeeling, West Bengal 734101",0353-2530946,das.samir133@gmail.com,26.9 Ha,3785
46,PARBATI T.E AND GOURANGA,Organized Estate,Dooars,Jalpaiguri,GOURANGA PARBATI TEA CO PVT DILIP DAS AND PRADIP DAS,"HAKIMPARA,",Siliguri,"STALL NO. T - 435, PRADIP TEA COMPANY, TULAPATTY ROAD, Bidhan Market Rd, near SECTOR BUILDING, Ward 11, Hakim Para, Siliguri, West Bengal 734001",9832092716,-,27.7 Ha,3826
47,RAIPUR TEA ESTATE,Organized Estate,Dooars,Jalpaiguri,SUBRATA SAHA,SUBRATA SAHA,Jalpaiguri,"VRF3+C69 Subrata Saha, NH 717, Mangalbari, West Bengal 735206",9434064999,amritapurteaslg@gmail.com,239.8 Ha,129
48,SARASWATIPUR T.E,Organized Estate,Dooars,Jalpaiguri,SARASWATIPUR TEA &,SARASWATIPUR TEA &,Kolkata,"QH42+28 Saraswatipur Tea Resort, Unnamed Road, Saraswatipur Tea Estate, Junglee Mohal, West Bengal 734008",081005 77114,-,326.4 Ha,31
49,AMBARI TEA ESTATE,Organized Estate,Dooars,Jalpaiguri,DIANA TEA CO. LTD.,SHRI MANOJ AGARWAL,Kolkata,"4th Floor, Diana Tea Company Limited, SIR RNM House, 3/B, Lal Bazar St, Lal Bazar, Kolkata, West Bengal 700001",033 2248 8672,-,587.1 Ha,P-1
50,BANARHAT,Organized Estate,Dooars,Jalpaiguri,ANDREW YULE & COMPANY LIMITED,S MUNSHI,Kolkata,"ANDREW YULE & CO.LTD., Yule House, 8, Dr Rajendra Prasad Sarani, China Bazar, B.B.D. Bagh, Kolkata, West Bengal 700001",033 2242 7722,yule.banarhat@gmail.com,634.2 Ha,2767
51,BHOGATPORE TEA ESTATE,Organized Estate,Dooars,Jalpaiguri,BHOGOTPUR TEA CO.LTD,ANIL KUMAR NAHATA,Kolkata,"Bhagatpur Tea Co Ltd, 11, RN Mukherjee Rd, B.B.D. Bagh, Kolkata, West Bengal 700001",091633 02244,rudrajalpaiguri@rediffmail.co,643.1 Ha,2662
52,BINAGURI TEA ESTATE,Organized Estate,Dooars,Jalpaiguri,BINAGURI TEA CO. PVT.LTD.,SHRI R.K.SINGH,Kolkata,"Binaguri Tea Co Pvt Ltd, 238 A, AJC Bose Rd, Sreepally, Ballygunge, Kolkata, West Bengal 700020",03563-259311,binaguri@gmail.com,602.6 Ha,2598
53,CARRON TEA ESTATE,Organized Estate,Dooars,Jalpaiguri,BASU TEA PRIVATE LTD,MR. P.K BASU,Kolkata,"BASU TEA STALL, Sapuipara, Ghosh Para, Howrah, West Bengal 711227",9831195470,-,303.9 Ha,2520
54,CHAMURCHI TEA ESTATE,Organized Estate,Dooars,Jalpaiguri,RAJENDRA PRASAD TIWARI,RAJENDRA PRASAD TIWARI,Kolkata,"Cardiology opd R G Kar MCH, 01, Khudiram Bose Sarani, Bidhan Sarani, Belgachia, Kolkata, West Bengal 700004",033 2555 7675,chamurchi.2010@gmail.com,493.2 Ha,19
55,CHENGMARI,Organized Estate,Dooars,Jalpaiguri,CHENGMARI TEA CO. LTD.,RAMESH KR. MORE,Kolkata,"Chengmari Tea Company Limited, 37, Kala Mandir,, Shakespeare Sarani, Mullick Bazar, Park Street area, Kolkata, West Bengal 700017",033 2287 9834,dsparmar13@gmail.com,"1,290.9 Ha",2613
56,CHOONABHUTTI TEA ESTATE,Organized Estate,Dooars,Jalpaiguri,ANDREW YULE & COMPANY LIMITED,SUNIL MUNSHI,Kolkata,"ANDREW YULE & CO.LTD., Yule House, 8, Dr Rajendra Prasad Sarani, China Bazar, B.B.D. Bagh, Kolkata, West Bengal 700001",033 2242 7722,yule.choonabhutti@gmail.com,401.8 Ha,M-7
57,DEBPARA TEA ESTATE,Organized Estate,Dooars,Jalpaiguri,DEBPARA TEA CO. LTD.,MR. S.MITTAL,Jalpaiguri,"Debpara Tea Co. Ltd., 10, Sevoke Rd, Ward 10, Hakim Para, Siliguri, West Bengal 734001",9434010469,debparatea@gmail.com,546.2 Ha,12
58,DHARANIPUR,Organized Estate,Dooars,Jalpaiguri,ROSHANLAL AGARWAL,N K BASU,Siliguri,"Roshan Lal & Company, Nehru Rd, Ward 8, Khalpara, Siliguri, West Bengal 734001",9547701884,redbank@yahoo.com,264.5 Ha,2515
59,DIANA TEA ESTATE,Organized Estate,Dooars,Jalpaiguri,DIANA TEA CO. LTD.,MR. MONO AGRWALLA,Kolkata,"4th Floor, Diana Tea Company Limited, SIR RNM House, 3/B, Lal Bazar St, Lal Bazar, Kolkata, West Bengal 700001",033 2248 8672,gmdiana@rediffmail.com,418.3 Ha,J-26
60,GHATIA TEA ESTATE,Organized Estate,Dooars,Jalpaiguri,H.V. KEJRIWAL,H.V. KEJRIWAL,Kolkata,"14th Floor, Kejriwal Castings Limited, Tower - 2, DN 62, Salt Lake Bypass, DN Block, Sector V, Bidhannagar, Kolkata, West Bengal 700091",033 4801 6753,ghatia.tea@gmail.com,599.6 Ha,2624
61,HILLA,Organized Estate,Dooars,Jalpaiguri,WEST BENGAL TEA,MISS. MAUSAMI GUHA ROY,Kolkata,"4th floor, Bengal Tea & Fabrics Limited, Century Tower, 45, Shakespeare Sarani, opposite Kala Mandir, Mullick Bazar, Park Street area, Kolkata, West Bengal 700017",033 2283 6416,webtea@vsnl.net,310.0 Ha,2423
62,HOPE TEA GARDEN,Organized Estate,Dooars,Jalpaiguri,V.MANDAL,MR. ARUN NARAYAN SINGH,Kolkata,"93/1, Mandal villa, Dr Meghnad Saha Rd, Lakshminagar, Dum Dum, Kolkata, West Bengal 700074",03563200051,hope@goodricke.com,432.1 Ha,B/10
63,JALDACCA ALTADANGA TEA ESTATE 15,Organized Estate,Dooars,Jalpaiguri,AJIT KUMAR AGARWAL,V.D.DUA,Siliguri,"Dr. Ajit Kumar Singh - Best Nephrologist in Siliguri | Kidney Doctor in Siliguri | Best Kidney Transplant Doctor in Siliguri, Inside Uttarayan Township City centre Matigara, Siliguri, West Bengal 734010",03563-246045,teraitea@gmail.com,197.4 Ha,
64,JITI,Organized Estate,Dooars,Jalpaiguri,GOODRICKE GROUP LIMITED,MR A.N. SINGH,Kolkata,"Goodricke Group Limited, 14, Gurusaday Dutta Rd, Beck Bagan, Ballygunge, Kolkata, West Bengal 700019",033 2287 3067,jiti@goodricke.com,546.9 Ha,B-11
65,KARBALA TEA ESTATE,Organized Estate,Dooars,Jalpaiguri,ANDREW YULE & COMPANY LIMITED,SHRI SUNIL MUNSHI,Kolkata,"ANDREW YULE & CO.LTD., Yule House, 8, Dr Rajendra Prasad Sarani, China Bazar, B.B.D. Bagh, Kolkata, West Bengal 700001",033 2242 7722,yule.karballa@gmail.com,755.2 Ha,M(19)2768
66,KATALGURI TEA ESTATE,Organized Estate,Dooars,Jalpaiguri,ARION AGENCIES PVT. LTD.,NARENDRA BERLIA,Siliguri,"3rd Mile, Anil agencies, near Urban Palms Apartment, Ward 42, Salugara, Siliguri, West Bengal 734008",03563200068,sevokemotors@vsnl.net,495.2 Ha,10
67,KATHALDHURA TEA ESTATE,Organized Estate,Dooars,Jalpaiguri,KANCHAN TREE PLANTATIONS,MR. DEEPAK BERLIA,Siliguri,"Siliguri, West Bengal",9434496215,deepakberlia@yahoo.com,74.9 Ha,3973
68,KURTI TEA ESTATE,Organized Estate,Dooars,Jalpaiguri,QUALITY TEA PRODUCING CO. PVT. LTD.,B.K.DALMIA,Kolkata,"Quality Tea Plantations P Ltd, 24, Hemanta Basu Sarani, Lal Dighi, B.B.D. Bagh, Kolkata, West Bengal 700062",033 2230 8994,kurtitea@gmail.com,417.9 Ha,2616
69,LAKHIPARA TEA GARDEN,Organized Estate,Dooars,Jalpaiguri,GOODRICKE GROUP LIMITED,MR.A.N.SINGH,Kolkata,"Goodricke Group Limited, 14, Gurusaday Dutta Rd, Beck Bagan, Ballygunge, Kolkata, West Bengal 700019",033 2287 3067,lak@goodricke.com,627.5 Ha,B-14
70,LANKAPARA TEA GARDEN,Organized Estate,Dooars,Jalpaiguri,DUNCANS INDUSTRIES LIMITED,G.P.GOENKA,Kolkata,"4th Floor, Duncans Tea Limited, Duncan House, 31, Netaji Subhas Rd, Murgighata, B.B.D. Bagh, Kolkata, West Bengal 700001",033 2242 1605,lantg@ducanstea.com,758.5 Ha,2632
71,LOOKSUN TEA ESTATE,Organized Estate,Dooars,Jalpaiguri,GIRIRAJ PLANTATIONS PVT. LTD,DEPAK BERLIA,Siliguri,"Siliguri, West Bengal",03532779337,deepakberlia@yahoo.com,424.7 Ha,2441
72,MOGULKATA TEA ESTATE,Organized Estate,Dooars,Jalpaiguri,BIJOYNAGAR TEA CO. LTD,MR. R.S.CHATTERJEE,Kolkata,"4th Floor, Diana Tea Company Limited, SIR RNM House, 3/B, Lal Bazar St, Lal Bazar, Kolkata, West Bengal 700001",033 2248 8672,sengupta@gmail.com,408.4 Ha,2524
73,MORAGHAT TEA ESTATE,Organized Estate,Dooars,Jalpaiguri,BINAGURI TEA CO. PVT.LTD.,BINAGURI TEA CO. PVT.LTD.,Kolkata,"Binaguri Tea Co Pvt Ltd, 238 A, AJC Bose Rd, Sreepally, Ballygunge, Kolkata, West Bengal 700020",03563-203008,-,513.5 Ha,2546
74,NAGRAKATA TEA ESTATE,Organized Estate,Dooars,Jalpaiguri,QUALITY TEA PRODUCING CO. PVT. LTD.,MR.SANJAY DALMIA,Kolkata,"Quality Tea Plantations P Ltd, 24, Hemanta Basu Sarani, Lal Dighi, B.B.D. Bagh, Kolkata, West Bengal 700062",033 2230 8994,qualitytea@hotmail.com,549.8 Ha,2615
75,NEW DOOARS,Organized Estate,Dooars,Jalpaiguri,ANDREW YULE & COMPANY LIMITED,SUNIL MUNSHI,Kolkata,"ANDREW YULE & CO.LTD., Yule House, 8, Dr Rajendra Prasad Sarani, China Bazar, B.B.D. Bagh, Kolkata, West Bengal 700001",033 2242 7722,yulenewdooars@gmail.com,792.4 Ha,M-26
76,NYA SYLEE,Organized Estate,Dooars,Jalpaiguri,OCTIVIOUS TEA & INDIA LTD.,MR. SUSHIL KR. JAIN,Kolkata,"Octavius Tea & Industries Ltd., 2, Transport Depot Rd, Alipore Mint Colony, Alipore, Kolkata, West Bengal 700088",9775842525,susil@octiviouste.com,460.8 Ha,RC-31
77,RED BANK,Organized Estate,Dooars,Jalpaiguri,ROSHANLAL AGARWAL,N K BASU,Siliguri,"Roshan Lal & Company, Nehru Rd, Ward 8, Khalpara, Siliguri, West Bengal 734001",9002735011,redbank@yahoo.com,361.6 Ha,1956
78,RHEABARI TEA ESTATE,Organized Estate,Dooars,Jalpaiguri,ASHOK KUMAR BANSAL,ARVIND KUMAR,Kolkata,"Ashok Kumar Bansal & Associates, K-10-A, KRISHNA PURI, Jhalana, Brij Mohan Marg, Sector 12, Malviya Nagar, Jaipur, Rajasthan 302017",098280 20548,info@newteaCo.com,374.6 Ha,14
79,SURENDRA NAGAR,Organized Estate,Dooars,Jalpaiguri,ROSHANLAL AGARWAL,NK BASU,Siliguri,"Roshan Lal & Company, Nehru Rd, Ward 8, Khalpara, Siliguri, West Bengal 734001",9002735011,redbank@yahoo.com,172.2 Ha,2415
80,AMBIOK TEA ESTATE,Organized Estate,Darjeeling Hills,Darjeeling,ANAND GOPAL TEA CO.,MR. SANJAY MITTAL,Siliguri,"Block, 1st Floor, Gopaldhara Tea Co. Pvt. Ltd., Arjun Enclave, Green Park Colony, C & E, Tea Auction Rd, Ward 46, Champasari, Mallaguri, Siliguri, West Bengal 734003",03532430018,hilton@sancharnet.in,152.1 Ha,236
81,FAGU,Organized Estate,Darjeeling Hills,Darjeeling,GBC ENTERPRISE LTD.,KRISHNENDU DAS,Other / Unspecified,"VIKRAM APPARTMENT ,B, 1,MEGHNATH SAHA, SARANI,PRODHAN NAGAR.",9474101791,fagu.gbc@gmail.com,190.2 Ha,2628
82,MISSION HILL,Organized Estate,Darjeeling Hills,Darjeeling,ASHA TEA COMPANY PVT LTD,MR SUBHADEEP ROY,Jalpaiguri,"Asha Tea Company, Rishi Rd, Mal Bazar, Tunbari Tea Garden P, West Bengal 735221",095936 62523,missionhill.tea@gmail.com,244.2 Ha,262
83,MOHAN MAJHUA TEA ESTATE,Organized Estate,Darjeeling Hills,Darjeeling,MAHANADI TEA COMPANY PVT.,SHANTANU KEJRIWAL,Kolkata,"1, Ground Floor, Victoria Tea Company, Martin Burn House, Head Quarter, RN Mukherjee Rd, opposite Lal Bazar, Lal Bazar, Kolkata, West Bengal 700001",033 2210 7383,rungamattee.jung@gmail.com,52.2 Ha,2047
84,NARBADA MAJHUA TEA ESTATE,Organized Estate,Darjeeling Hills,Darjeeling,4,0,Kolkata,-,09733045451,rungamattee.jung@gmail.com,38.8 Ha,210
85,SYLEE,Organized Estate,Darjeeling Hills,Darjeeling,OCTIVIOUS TEA & INDIA LTD.,MR. SUSHIL KR JAIN,Kolkata,"Octavius Tea & Industries Ltd., 2, Transport Depot Rd, Alipore Mint Colony, Alipore, Kolkata, West Bengal 700088",9331289107,sylee@octaviustea.com,591.4 Ha,C-59
86,UPPER FAGU,Organized Estate,Darjeeling Hills,Darjeeling,SOMBARIA CO LTD,MR ASHOK CHATTERJEE,Kolkata,"Shakambhari Ispat & Power Limited, Diamond Prestige 41A, A. J. C. Bose Road Room No. 801, 8th Floor, Kolkata, West Bengal 700017",033 6625 5252,upperfagu@yahoo.co.in,121.3 Ha,2327
87,AMBOOTIA TEA ESTATE,Organized Estate,Darjeeling Hills / Terai,Darjeeling,DARJEELING ORGANIC TEA,MR SANJOY PRAKASH BANSAL,Kolkata,"Darjeeling Organictea Estates Private Limited., 4A, Camac St, Kankaria Estates, Elgin, Kolkata, West Bengal 700071",900702132,ambootiagarden@gmail.com,346.9 Ha,2020
88,CASTLETON TEA GARDEN,Organized Estate,Darjeeling Hills / Terai,Darjeeling,AMGOORIE INDIA LIMITED,MR A N SINGH,Kolkata,"Goodricke Group Limited, 14, Gurusaday Dutta Rd, Beck Bagan, Ballygunge, Kolkata, West Bengal 700019",033 2287 3067,castleton@goodricke.com,173.0 Ha,2025
89,DOOTERIAH TEA ESTATE,Organized Estate,Darjeeling Hills / Terai,Darjeeling,K.D. SINGH,K.D. SINGH,Kolkata,"20/1/1N, K.D.SINGH ENTERPRISE, Ballygunge Station Rd, Golpark, Fern Place, Gariahat, Kolkata, West Bengal 700019",082400 66731,dtkvdarj@gmail.com,443.9 Ha,2335
90,GIDAPAHAR TEA ESTATE,Organized Estate,Darjeeling Hills / Terai,Darjeeling,H.K.SHAW,NOT APPLICABLE,Darjeeling,"Happy Valley Tea Estate, Lebong Cart Rd, near Darjeeling, Chauk Bazaar, Darjeeling, West Bengal 734101",0354-2338014,giddapahar@rediffmail.com,94.3 Ha,311
91,GOOMTEE TEA ESTATE,Organized Estate,Darjeeling Hills / Terai,Darjeeling,MAHANADI TEA COMPANY PVT.,SANTANU KRJRIWAL,Kolkata,"1, Ground Floor, Victoria Tea Company, Martin Burn House, Head Quarter, RN Mukherjee Rd, opposite Lal Bazar, Lal Bazar, Kolkata, West Bengal 700001",033 2210 7383,rungamattee.jung@gmail.com,134.0 Ha,2157
92,JOGMAYA TEA ESTATE,Organized Estate,Darjeeling Hills / Terai,Darjeeling,JOGMAYA TEA ESTATE PVT. LTD.,M/S NAINA JOHAR,Kolkata,"V85C+3HQ JOGMAYA TEA FACTORY, Gayabari, West Bengal 734223",8670877700,jogmayatea@yahoo.in,107.3 Ha,309
93,JUNGPANA,Organized Estate,Darjeeling Hills / Terai,Darjeeling,JUTE & STORES LTD.,SANTANU KEJRIWAL,Kolkata,"Jute & Stores Ltd, 28/1, Shakespeare Sarani, Elgin, Kolkata, West Bengal 700017",9733045451,rungamattee.jung@rediffmail.com,75.7 Ha,0454
94,LONGVIEW TE,Organized Estate,Darjeeling Hills / Terai,Darjeeling,LONGVIEW TEA & AGRO LIMITED,MOHAN KRISHNAN,Kolkata,"Longview Tea & Agro Limited, 51, Shakespeare Sarani, Park Circus, Park Street area, Kolkata, West Bengal 700017",9475763001,longview123@gmail.com,500.1 Ha,2153
95,MAKAIBARI TEAESTATE,Organized Estate,Darjeeling Hills / Terai,Darjeeling,MAKAIBARITEA 7 TRADING CO. PVT. LTD.,KULDIP BASU,Darjeeling,"V756+W87 Makaibari Tea Estate, Pankhabari Rd, Kurseong, West Bengal 734203",091471 27351,lamatarun@gmail.com,248.2 Ha,1605
96,MONTEVIOT TEA ESTATE,Organized Estate,Darjeeling Hills / Terai,Darjeeling,MR. SANJAY BANSAL,MR. KRISHNENDU CHATTERJEE,Kolkata,"Bansal Medical Services – Diagnostic Centre in Ekbalpur, Kolkata, Rampuria House, 57/2F, Diamond Harbour Rd, Naptani Bagan, Mominpore, Kolkata, West Bengal 700023",084201 09409,te.monteviot@smbootia.com,59.9 Ha,73
97,MOONDAKOTEE TEA ESTATE,Organized Estate,Darjeeling Hills / Terai,Darjeeling,MR. SANJAY BANSAL,K.CHATTERJEE,Kolkata,"Bansal Medical Services – Diagnostic Centre in Ekbalpur, Kolkata, Rampuria House, 57/2F, Diamond Harbour Rd, Naptani Bagan, Mominpore, Kolkata, West Bengal 700023",084201 09409,moondakoteegarden@gmail.com,298.8 Ha,2317
98,MULLOTAR TEA ESTATE,Organized Estate,Darjeeling Hills / Terai,Darjeeling,MR. SANJAY BANSAL,SHRI K.CHATTERJEE,Kolkata,"Bansal Medical Services – Diagnostic Centre in Ekbalpur, Kolkata, Rampuria House, 57/2F, Diamond Harbour Rd, Naptani Bagan, Mominpore, Kolkata, West Bengal 700023",084201 09409,mullotar10@gmail.com,172.7 Ha,1302
99,POBONG TEA ESTATE,Organized Estate,Darjeeling Hills / Terai,Darjeeling,SRI D.PODDAR & SRI MANOJ,SRI F.L.BABINALL,Kolkata,"4d, Poddar And Poddar, 99, Karaya Rd, Lower Range, Beck Bagan, Ballygunge, Kolkata, West Bengal 700019",9434878611,chottopobong@gmail.com,166.8 Ha,2529
100,POTONG,Organized Estate,Darjeeling Hills / Terai,Darjeeling,UNITED NATUREX DOT COM (P) LTD,MR. K.C. AGARWAL,Kolkata,"13th Floor, Nature Technologies Pvt Ltd | Software Development Company, SRIJAN CORPORATE PARK, PS, GP Block, Sector V, Bidhannagar, Kolkata, West Bengal 700091",033 4004 1637,-,138.4 Ha,2497
101,ROHINI TEA ESTATE,Organized Estate,Darjeeling Hills / Terai,Darjeeling,SONA TEA LIMITED,S.K.SARIA,Siliguri,"Surajmukhi Tea Private Limited, Madhuban Complex, Zilla Parishad Rd, Ward 41, Don Bosco Colony, Siliguri, West Bengal 734001",03542510831,shivksaria@gmail.com,142.0 Ha,2074
102,SELIMHILL,Organized Estate,Darjeeling Hills / Terai,Darjeeling,THE PEERLESS TEA &,MAHENDRA AGARWAALA,Kolkata,"H972+2HF Ego Bar - The Peerless Inn, Peerless Inn Hotel, 12, Jawaharlal Nehru Road, New Market Area, Dharmatala, Taltala, Esplanade, Kolkata, West Bengal 700013",033 4400 3900,-,176.5 Ha,1157
103,SEPOYDHOORAH TEA ESTATE,Organized Estate,Darjeeling Hills / Terai,Darjeeling,MR. SANJAY BANSAL,K.CHATTERJEE,Kolkata,"Bansal Medical Services – Diagnostic Centre in Ekbalpur, Kolkata, Rampuria House, 57/2F, Diamond Harbour Rd, Naptani Bagan, Mominpore, Kolkata, West Bengal 700023",084201 09409,amb.plantation@yahoo.com,138.9 Ha,DJ-127
104,SINGELL TEA ESTATE,Organized Estate,Darjeeling Hills / Terai,Darjeeling,SINGELL TEA &AGRICULTURAL,MR. N SENGUPTA,Kolkata,"Singell Tea Bungalow, Singel Tea Garden, Kurseong, West Bengal 734220",098313 75612,tpisgl@gmail.com,242.5 Ha,47
105,SIVITAR TEA ESTATE,Organized Estate,Darjeeling Hills / Terai,Darjeeling,MR. SANJAY BANSAL,K.CHATTERJEE,Kolkata,"Bansal Medical Services – Diagnostic Centre in Ekbalpur, Kolkata, Rampuria House, 57/2F, Diamond Harbour Rd, Naptani Bagan, Mominpore, Kolkata, West Bengal 700023",084201 09409,te.sivitar1@gmail.com,148.9 Ha,1303
106,SPRINGSIDE,Organized Estate,Darjeeling Hills / Terai,Darjeeling,AMGOORIE INDIA LIMITED,A.N. SINGH,Kolkata,"Goodricke Group Limited, 14, Gurusaday Dutta Rd, Beck Bagan, Ballygunge, Kolkata, West Bengal 700019",033 2287 3067,castletan@goodrick.e.com,146.0 Ha,1155
107,TINDHARIA TEA ESTATE,Organized Estate,Darjeeling Hills / Terai,Darjeeling,SRI A.KANORIA & S.KANORIA,SRI A.KANORIA & S.KANORIA,Kolkata,"House, 8/5, Kanoria House, Kanoria, 3, Alipore Rd, Alipore, Kolkata, West Bengal 700027",9614933382,balaji@cal.vsnl.net.in,154.9 Ha,45
108,ARYA TEA ESTATE,Organized Estate,Darjeeling Hills,Darjeeling,RAM KISHORE BANSAL,RAM KISHORE BANSAL,Kolkata,"Bansal Medical Services – Diagnostic Centre in Ekbalpur, Kolkata, Rampuria House, 57/2F, Diamond Harbour Rd, Naptani Bagan, Mominpore, Kolkata, West Bengal 700023",084201 09409,arya.sry@gmail.com,123.3 Ha,2192
109,BADAMTAM TEA ESTATE,Organized Estate,Darjeeling Hills,Darjeeling,GOODRICKE GROUP LIMITED,A.N. SINGH,Kolkata,"Goodricke Group Limited, 14, Gurusaday Dutta Rd, Beck Bagan, Ballygunge, Kolkata, West Bengal 700019",033 2287 3067,bdmtam@goodricke.com,321.1 Ha,B-86
110,BANNOCKBURN TEA ESTATE,Organized Estate,Darjeeling Hills,Darjeeling,B.D. TEA ESTATES PVT. LTD.,B. K. TIBREWAL,Kolkata,"Halmira Estate Tea Private Limited, 23, Pankaj Mullick Sarani, near st.lawrence school, Garcha, Ballygunge, Kolkata, West Bengal 700019",033 3502 5701,bdtbannockburnte@yahoo.in,136.6 Ha,F-8/6
111,BARNESBEG TEA GARDEN,Organized Estate,Darjeeling Hills,Darjeeling,GOODRICKE GROUP LIMITED,A. N. SINGH,Other / Unspecified,"Goodricke Group Limited, 14, Gurusaday Dutta Rd, Beck Bagan, Ballygunge, Kolkata, West Bengal 700019",033 2287 3067,-,132.0 Ha,B-90
112,DILARAM,Organized Estate,Darjeeling Hills,Darjeeling,AMGOORIE INDIA LIMITED,A N SINGH,Kolkata,"Goodricke Group Limited, 14, Gurusaday Dutta Rd, Beck Bagan, Ballygunge, Kolkata, West Bengal 700019",033 2287 3067,jcpande@goodricke.com,196.8 Ha,2296
113,EDENVALE,Organized Estate,Darjeeling Hills,Darjeeling,AMGOORIE INDIA LIMITED,A . N. SINGH,Kolkata,"Goodricke Group Limited, 14, Gurusaday Dutta Rd, Beck Bagan, Ballygunge, Kolkata, West Bengal 700019",033 2287 3067,mhope@goodricke.com,28.3 Ha,7
114,GING TEA ESTATE,Organized Estate,Darjeeling Hills,Darjeeling,BD TEA ESTATE PVT. LTD.,B K TIBREWAL,Kolkata,"Halmira Estate Tea Private Limited, 23, Pankaj Mullick Sarani, near st.lawrence school, Garcha, Ballygunge, Kolkata, West Bengal 700019",033 3502 5701,bdtgingte@yahoo.in,254.1 Ha,F-8\2
115,GLENBURN TEA ESTATE,Organized Estate,Darjeeling Hills,Darjeeling,DLX LIMITED,MR.K.N.NOWROJEE,Kolkata,"DLX Limited, Kanak Building, Kanak Tower, 41, Jawaharlal Nehru Rd, Park Street area, Kolkata, West Bengal 700071",033 2288 3970,glenburn1859@yahoo.com,285.5 Ha,D-66
116,HAPPY VALLEY TEA ESTATE,Organized Estate,Darjeeling Hills,Darjeeling,MR. SANJAY BANSAL,MR. SANJAY BANSAL,Kolkata,"Bansal Medical Services – Diagnostic Centre in Ekbalpur, Kolkata, Rampuria House, 57/2F, Diamond Harbour Rd, Naptani Bagan, Mominpore, Kolkata, West Bengal 700023",084201 09409,ddas29@gmail.com,122.8 Ha,100
117,KALEJ VALLEY TEA ESTATE,Organized Estate,Darjeeling Hills,Darjeeling,K.D. SINGH,DEBABRATA MITRA,Kolkata,"20/1/1N, K.D.SINGH ENTERPRISE, Ballygunge Station Rd, Golpark, Fern Place, Gariahat, Kolkata, West Bengal 700019",082400 66731,dtkv.kv@gmail.com,237.6 Ha,2334
118,LIZAHILL TEA ESTATE,Organized Estate,Darjeeling Hills,Darjeeling,JAYSHREE TEA & INDUSTRIES,D.P.MAHESHWARI,Kolkata,"Jayshree Tea & Industries Ltd, 10, Camac St, Elgin, Kolkata, West Bengal 700071",033 2282 7531,risheehatteaestate@yahoo.in,114.7 Ha,1954
119,MARGARET'S HOPE,Organized Estate,Darjeeling Hills,Darjeeling,AMGOORIE INDIA LIMITED,A N SINGH,Kolkata,"Goodricke Group Limited, 14, Gurusaday Dutta Rd, Beck Bagan, Ballygunge, Kolkata, West Bengal 700019",033 2287 3067,ansingh@goodricke.com,361.0 Ha,E-47
120,NORTH TUKVAR,Organized Estate,Darjeeling Hills,Darjeeling,NORTH TUKVAR TEA CO. LTD.,D.P. MAHESHWARI,Kolkata,"Industry House, North Tukvar Tea Company Limited, 10, Camac St, Elgin, Kolkata, West Bengal 700071",9647700815,aloksharma66@gmail.com,195.5 Ha,2463
121,NURBONG TEA ESTATE,Organized Estate,Darjeeling Hills,Darjeeling,DARJEELING ORGANIC TEA,K.C. CHATTERJEE,Kolkata,"Darjeeling Organictea Estates Private Limited., 4A, Camac St, Kankaria Estates, Elgin, Kolkata, West Bengal 700071",9733221506,nurbonggarden3@gmail.com,271.2 Ha,218
122,OAKS TEA ESTATE,Organized Estate,Darjeeling Hills,Darjeeling,S.K.AGARWAWAL,MR MAHENDRA AGARWALA,Kolkata,"S K Agrawal and Co Chartered Accountants LLP, Agrawal and Co Chartered Accountants LLP The chambers, S K, Rajdanga Main Rd, opposite Gitanjali Stadium, Sector E, East Kolkata Twp, Kolkata, West Bengal 700107",033 4008 9902,-,138.9 Ha,2094
123,ORANGE VALLEY TEA ESTATE,Organized Estate,Darjeeling Hills,Darjeeling,SS BAGARIA,B.K. BIHANI,Kolkata,"4th Floor, Bagaria Trading Limited, 16, Netaji Subhas Rd, Murgighata, B.B.D. Bagh, Kolkata, West Bengal 700001",033 2210 7789,orangevalleyte@rediffmail.com,189.5 Ha,1959
124,PANDAM,Organized Estate,Darjeeling Hills,Darjeeling,WEST BENGAL TEA,M. GUHA ROY,Kolkata,"4th floor, Bengal Tea & Fabrics Limited, Century Tower, 45, Shakespeare Sarani, opposite Kala Mandir, Mullick Bazar, Park Street area, Kolkata, West Bengal 700017",033 2283 6416,webtea@vsnl.net,131.3 Ha,2063
125,PHOOBSERING TEA ESTATE,Organized Estate,Darjeeling Hills,Darjeeling,B.D. TEA ESTATES PVT. LTD.,B K TEBREWAL,Kolkata,"Halmira Estate Tea Private Limited, 23, Pankaj Mullick Sarani, near st.lawrence school, Garcha, Ballygunge, Kolkata, West Bengal 700019",033 3502 5701,bdtphobseringte@yahoo.com,235.8 Ha,F8/3
126,RISHEEHAT TEA ESTATE,Organized Estate,Darjeeling Hills,Darjeeling,JAYSHREE TEA & INDUSTRIES,D.P.MAHESHWARI,Kolkata,"Jayshree Tea & Industries Ltd, 10, Camac St, Elgin, Kolkata, West Bengal 700071",033 2282 7531,risheehatteaestate@yahoo.in,141.8 Ha,2194
127,RUNGLEE RUNGLIOT,Organized Estate,Darjeeling Hills,Darjeeling,DUNCANS INDUSTRIES LIMITED,M.GURBAXANI,Kolkata,"4th Floor, Duncans Tea Limited, Duncan House, 31, Netaji Subhas Rd, Murgighata, B.B.D. Bagh, Kolkata, West Bengal 700001",033 2242 1605,rungtg@rediffmail.com,184.0 Ha,B-46
128,RUNGMOOK/CEDARS TEA ESTATE,Organized Estate,Darjeeling Hills,Darjeeling,WEST BENGAL TEA,WEST BENGAL TEA,Kolkata,"4th floor, Bengal Tea & Fabrics Limited, Century Tower, 45, Shakespeare Sarani, opposite Kala Mandir, Mullick Bazar, Park Street area, Kolkata, West Bengal 700017",033 2283 6416,webtea@vsnl.net,460.7 Ha,2684
129,S00M TEA ESTATE,Organized Estate,Darjeeling Hills,Darjeeling,ASHOK KUMAR LOHIA,0,Kolkata,"Ashok Kumar Shaw LICI, 23, R.N.Banerjee Rd, Narkel Bagan, Shibbati Para, Khardah, Khardaha, West Bengal 700117",919339145068,soomte@chamong.com,237.3 Ha,D-70
130,SHREE DWARIK T E,Organized Estate,Darjeeling Hills,Darjeeling,MR A K LOHIA,MR A K LOHIA,Kolkata,"7th Floor, Room 711, S.S Lohia & Co., 27, Brabourne Rd, Murgighata, B.B.D. Bagh, Kolkata, West Bengal 700001",9339145068,soomte@chamong.com,181.1 Ha,2421
131,SINGTOM TEA ESTATE,Organized Estate,Darjeeling Hills,Darjeeling,MOHAN KUMAR CHIRIMAR,MOHAN KUMAR CHIRIMAR,Kolkata,"Raghunath Exports Company, 4E, Park Plaza, North Block, 71 Park Street, Kolkata, West Bengal 700016",098366 54681,mohan@rexiindia.net,236.5 Ha,2031
132,TEESTA VALLEY TEA ESTATE,Organized Estate,Darjeeling Hills,Darjeeling,TEESTA VALLEY TEA CO LTD,A.K. ROY,Kolkata,"Teesta Valley Tea Co. Ltd., 5 & 7, Netaji Subhas Road, Kolkata, West Bengal 700001",033 2248 8704,adev@teestavalley.com,297.5 Ha,P-17
133,TUKVAR,Organized Estate,Darjeeling Hills,Darjeeling,JAYSHREE TEA & INDUSTRIES,D.P. MAHESHWARI,Kolkata,"Jayshree Tea & Industries Ltd, 10, Camac St, Elgin, Kolkata, West Bengal 700071",033 2282 7531,rajeshpareek2007@rediffmail.com,436.7 Ha,2368
134,TUMSONG TEA ESTATE,Organized Estate,Darjeeling Hills,Darjeeling,SYCOTTA TEA CO. PVT. LTD.,MR.ASHIOK KUMAR LOHIA,Kolkata,"1st Floor, Asian Tea Company Private Limited, Gajraj Point, 209 A, AJC Bose Rd, Park Circus, Elgin, Kolkata, West Bengal 700017",033 4044 1201,tumsongte@chamong.com,113.8 Ha,D/18
135,TURZUM TEA ESTATE,Organized Estate,Darjeeling Hills,Darjeeling,JAYSHREE TEA & INDUSTRIES,SHRI D.P. MAHESWARI,Kolkata,"Jayshree Tea & Industries Ltd, 10, Camac St, Elgin, Kolkata, West Bengal 700071",033 2282 7531,sungmaorganic1@yahoo.co.in,145.9 Ha,2590
136,ASHAPUR TEA ESTATE,Organized Estate,Terai,Darjeeling,THE ASHAPUR TEA CO. LTD.,MR. TULSIDAS SANYAL,Kolkata,"The Ashapur Tea Co Ltd, 97, Ballygunge Gardens Rd, Golpark, Ballygunge Gardens, Keyatala, Kolkata, West Bengal 700019",03532559118,ashapurteaestate@gmail.com,125.1 Ha,252
137,ATAL,Organized Estate,Terai,Darjeeling,ATAL TEA CO. (1943) LTD.,ARVIND KUMAR,Kolkata,"M7Q2+RF4 Atal Tea Estate Factory, Atal, West Bengal 734429",0353-2005205,atalteaestate@gmail.com,360.5 Ha,566
138,AZAMABAD,Organized Estate,Terai,Darjeeling,AZAMABAD TEA CO. (P) LTD,AJAY GARG,Siliguri,"Azamabad Tea Co. (P) Ltd., No. 2, Sevoke Rd, Ward 11, Bankim Nagar, Siliguri, West Bengal 734001",0353-2004059,ajaigargslg@yahoo.co.in,131.1 Ha,2327
139,BELGACHI TEA ESTATE,Organized Estate,Terai,Darjeeling,462.83,37970,Siliguri,"P9HP+HP2 REGIONAL RESPONSE CENTRE,(2BN NDRF)SILIGURI, Paribahan Nagar, Ghokla Jote, Matigara, Siliguri, West Bengal 734010",9609775851,amit.mlagroup@gmail.com,462.8 Ha,2162
140,BHOJNARAIN TEA ESTATE,Organized Estate,Terai,Darjeeling,BHOJNARAIN TEA CO. LTD,BHOJNARAIN TEA CO. LTD,Siliguri,"Bhojnarayan Tea Garden, Nembutari, Hetmuri, West Bengal 734426",0353-2004181,-,246.8 Ha,1953
141,BIJOYNAGAR T.E.,Organized Estate,Terai,Darjeeling,BIJOYNAGAR TEA CO. LTD,BIJOYNAGAR TEA CO. LTD,Kolkata,"4th Floor, Diana Tea Company Limited, SIR RNM House, 3/B, Lal Bazar St, Lal Bazar, Kolkata, West Bengal 700001",033 2248 8672,bijoynagarte@gmail.com,274.4 Ha,
142,FULBARI PATAN TEA ESTATE,Organized Estate,Terai,Darjeeling,FULBARI PATAN TEA ESTATE,KAMAL SINGH BAID,Kolkata,"Q84J+CXM Fulbaritea estate, Fulbari Pataner Chhat, West Bengal 734010",03532575531,-,99.3 Ha,176
143,GUNGARAM TEA ESTATE,Organized Estate,Terai,Darjeeling,MR. G.P.GOENKA,MR. A.K.GOEL,Kolkata,"RP Goenka International School, 34 1/1, Diamond Harbour Rd, Majherhat, Mominpore, Kolkata, West Bengal 700027",033 7155 8000,gung@duncans-tea.com,642.3 Ha,B32
144,HANSQUA TEA ESTATE,Organized Estate,Terai,Darjeeling,R.D TEA LTD,R.D TEA LTD,Kolkata,"R.D. Tea Limited, 4, Middleton St, Kankaria Estates, Park Street area, Kolkata, West Bengal 700071",090079 02650,hansquatea@gmail.com,545.4 Ha,B-35
145,JAYANTIKA,Organized Estate,Terai,Darjeeling,JAYSHREE TEA & INDUSTRIES,D P MAHASHWARI,Kolkata,"Jayshree Tea & Industries Ltd, 10, Camac St, Elgin, Kolkata, West Bengal 700071",033 2282 7531,jayantika@rediffmail.com,585.2 Ha,2539
146,KIRAN CHANDRA,Organized Estate,Terai,Darjeeling,NEW DARJEELING UNION TEA,NEW DARJEELING UNION TEA,Siliguri,"Darjeeling Tea House, Uttarapan market complex, Hill Cart Rd, Ward 1, Patiram Jote, Siliguri, West Bengal 734003",0353-2004176,ndutcoslg123d@gmail.com,270.4 Ha,118
147,LOHAGARH TEA ESTATE,Organized Estate,Terai,Darjeeling,AJIT KUMAR AGARWAL,V.D. DUA,Siliguri,"Dr. Ajit Kumar Singh - Best Nephrologist in Siliguri | Kidney Doctor in Siliguri | Best Kidney Transplant Doctor in Siliguri, Inside Uttarayan Township City centre Matigara, Siliguri, West Bengal 734010",03532004116,teraitea@gmail.com,226.4 Ha,1671
148,MANJHA TEA ESTATE,Organized Estate,Terai,Darjeeling,THE CORONATION TEA CO. LTD.,S.K. KALYANI,Kolkata,"Teesta Valley Tea Co. Ltd., 5 & 7, Netaji Subhas Road, Kolkata, West Bengal 700001",033 2248 8704,-,215.5 Ha,146
149,MARAPUR TEA ESTATE,Organized Estate,Terai,Darjeeling,AJIT PRASAD,AJIT PRASAD,Siliguri,"Bagrakote Oppo, Ajit Prasad, FCI Godown, Hakimpara, Subhas Pally, Siliguri, West Bengal 734001",7679180621,-,137.4 Ha,254
150,MERRYVIEW TEA ESTATE,Organized Estate,Terai,Darjeeling,GIRDHAR GOPAL DALMIA,G.G. DALMIA,Kolkata,"16th floor, Dalmia Bharat Group Regional Office - East, Merlin Acropolis, 1858, Rajdanga Main Rd, Shantipally, Sector B, East Kolkata Twp, Kolkata, West Bengal 700107",033 6701 2600,kdas@midgroup.in,396.1 Ha,666
151,NUXALBARI,Organized Estate,Terai,Darjeeling,NUXALBARI TEA CO LTD,LALITA JABBAR,Kolkata,"Nuxalbari Tea Factory & Office, Nuxalbari Tea Estate, Naxalbari, Hoda Bhitar Chhat, West Bengal 734429",096411 00574,nuxalbariteaestate@gmail.com,427.9 Ha,32
152,ORD TERAI TEA GARDEN,Organized Estate,Terai,Darjeeling,DUARS UNION TEA CO. LTD,B.P. AGGARWAL,Kolkata,"Duars Union Tea Co. Limited, 3A, Ripon St, Near Anthropological Survey of India, Esplanade, Taltala, Kolkata, West Bengal 700016",033 2227 3388,duars@vsnl.net,456.5 Ha,2634
153,PAHARGOOMIAH TEA ESTATE,Organized Estate,Terai,Darjeeling,PAHARGOOMIAH TEA,SUDARSHAN JALAN,Kolkata,"6TH FLOOR, Pahargoomiah Tea Industries Pvt Ltd, Nicco House, 2, Hare St, B.B.D. Bagh, Kolkata, West Bengal 700001",033 2248 9916,pahargoomiah-te@yahaoo.com,694.8 Ha,2526
154,PANIGHATA,Organized Estate,Terai,Darjeeling,THE NEW TRAI ASSOCIATION LTD DEEPAK BERLIA,"LGHACHI, DIST-",Kolkata,"Trustea Sustainable Tea Foundation, Chambers Mall, 506, Sector E, East Kolkata Twp, Kolkata, West Bengal 700107",033 4073 2658,deepakberlia@yahoo.com,458.4 Ha,G 39
155,SACHINDRA CHANDRA TEA ESTATE,Organized Estate,Terai,Darjeeling,SHRI AJIT KUMAR AGARWALA,SHRI V.D. DUA,Siliguri,"Dr. Ajit Kumar Singh - Best Nephrologist in Siliguri | Kidney Doctor in Siliguri | Best Kidney Transplant Doctor in Siliguri, Inside Uttarayan Township City centre Matigara, Siliguri, West Bengal 734010",03532005190,teraitea@gmail.com,224.0 Ha,119
156,SANNYASITHAN,Organized Estate,Terai,Darjeeling,SANNYASITHAN TEA CO.PVT. LTD R K SINGH,"ROAD, KOLKATA-",Kolkata,"M7XV+VC7 Sannyasithan Tea Estate, Sannyasi Thaner Chhat, West Bengal 734014",0353-2005562,-,128.8 Ha,161
157,SATISH CHANDRA TEA ESTATE,Organized Estate,Terai,Darjeeling,SOUTHERN TERAI TEA CO (P),SOUTHERN TERAI TEA CO (P),Other / Unspecified,"TERAI TEA FARMER PRODUCER COMPANY LIMITED, KESHORDOBA, Khoribari, West Bengal 734427",097349 65214,-,134.0 Ha,119
158,SINGHIA JHORA TEA ESTATE,Organized Estate,Terai,Darjeeling,SINGHIA JHORA TEA CO. (P) LTD,MOHAN KRISHNA,Kolkata,"Singhia Jhora Tea Co Pvt Ltd, 51, Shakespeare Sarani, Park Circus, Park Street area, Kolkata, West Bengal 700017",03532004168,singhisjhorste@gmail.com,129.2 Ha,2436
159,TAIPOO,Organized Estate,Terai,Darjeeling,GILLANDERS ARBUTHNOT & CO.,M. SODHANI,Kolkata,"Gillanders Arbuthnot & Co. Ltd., C-4, Netaji Subhas Rd, Kolkata, West Bengal 700001",033 2230 2331,taipooslg@rediffmail.com,298.7 Ha,Q-31
160,THANJHORA TEA ESTATE,Organized Estate,Terai,Darjeeling,JALPAIGURI DOOARS TEA CO.,ROSHANLAL AGARWALA,Kolkata,"4th Floor, Darjeeling Dooars Plantations Tea Limited, Nicco House, 2, Hare St, Above Canara Bank, B.B.D. Bagh, Kolkata, West Bengal 700001",033 2248 7908,thanjhora@gmail.com,361.7 Ha,707
161,TIRRIHANNAH CO LTD,Organized Estate,Terai,Darjeeling,TIRRIHANNAH CO LTD,GHANSHYAM DASKANKANI,Other / Unspecified,"Q787+H9V Tirrihannah Tea Factory, Tirrihannah Tea Garden, Ord Terai Tea Garden, West Bengal 734423",0,tirrihannah.co@gmail.com,362.1 Ha,E-51
162,ATIABARI TEA ESTATE,Organized Estate,Dooars,Jalpaiguri,ATIABARI TEA COMPANY LTD,MR. NARENDRA BERLIA,Siliguri,"Awwal Tea, Sevoke Rd, near sachitra hotel, Jyoti Nagar, Bankim Nagar, Siliguri, West Bengal 734001",03566 200131,sevokemotors@vsnl.net,556.6 Ha,725
163,BEECH TEA ESTATE,Organized Estate,Dooars,Jalpaiguri,KANISKA SETHIA,S. ROY CHOWDHURY,Kolkata,"KANISHKA SHIPPING LINES, 23A, Netaji Subhas Rd, Fairley Place, B.B.D. Bagh, Kolkata, West Bengal 700001",099337 56004,beech@westcong.com,785.1 Ha,P-6
164,BHARNOBARI TEA ESTATE,Organized Estate,Dooars,Jalpaiguri,BARNOBARI TEA & INDUSTRIES PVT. LTD.,S. JOSHI,Kolkata,"Bharnobari Tea & Industries Ltd., 34, Raja Santosh Rd, Mangalam, Alipore, Kolkata, West Bengal 700027",9476372408,-,726.7 Ha,P-7
165,BHATKAWA TEA ESTATE,Organized Estate,Dooars,Jalpaiguri,BHATKAWA TEA INDUSTRIES LTD. SRI SUDARSHAN JALAN,",",Kolkata,"6TH FLOOR, Bhatkawa Tea Estate, Nicco House, 2, Hare St, B.B.D. Bagh, Kolkata, West Bengal 700001",22489916,manager-bhatkawa@yahoo.com,634.5 Ha,E-23
166,BHATPARA TEA ESTATE,Organized Estate,Dooars,Jalpaiguri,MCLEOD RUSSEL INDIA LIMITED,MR. RAJEEV TAKRU,Kolkata,"Mcleod Russel India limited, Surendra Mohan Ghosh Sarani, 4, Mangoe Ln, Kolkata, West Bengal 700001",099030 96991,bhatpara@wmg.co.in,632.0 Ha,2579
167,CENTRAL DOOARS TEA ESTATE,Organized Estate,Dooars,Jalpaiguri,MCLEOD RUSSEL INDIA LIMITED,MR. RAJEEV TAKRU,Kolkata,"Mcleod Russel India limited, Surendra Mohan Ghosh Sarani, 4, Mangoe Ln, Kolkata, West Bengal 700001",099030 96991,central-dooars@wmg.co.in,761.6 Ha,N-2
168,CHUAPARA TEA ESTATE,Organized Estate,Dooars,Jalpaiguri,MCLEOD RUSSEL INDIA LIMITED,RAJEEV TAKRU,Kolkata,"Mcleod Russel India limited, Surendra Mohan Ghosh Sarani, 4, Mangoe Ln, Kolkata, West Bengal 700001",099030 96991,chuapara@wmg.co.in,689.5 Ha,N-7
169,DIMA TEA ESTATE,Organized Estate,Dooars,Jalpaiguri,SURAJ GOVIND ESTATES PVT.,SURAJ GOVIND ESTATES PVT.,Kolkata,"Surajgovind Estates Pvt Ltd, 2, Brabourne Rd, Radha Bazar, Lal Bazar, Kolkata, West Bengal 700001",080174 45223,surajgovind.patel@gmail.com,742.8 Ha,J-39
170,JAINTI TEA ESTATE,Organized Estate,Dooars,Jalpaiguri,MCLEOD RUSSEL INDIA LIMITED,MCLEOD RUSSEL INDIA LIMITED,Kolkata,"Mcleod Russel India limited, Surendra Mohan Ghosh Sarani, 4, Mangoe Ln, Kolkata, West Bengal 700001",099030 96991,jainti@wmg.co.in,411.9 Ha,N-18
171,KALCHINI T E,Organized Estate,Dooars,Jalpaiguri,BUXA DOOARS TEA CO (I) LTD,N K BASU,Siliguri,"Deesha Trade Endeavours P. Ltd., 195, Sukanta Sarani, opp. Bsnl Residential Complex, New Milanpally, Saktigarh, Siliguri, West Bengal 734005",03566 240213,buxadoors.teastates@gmail.co,742.1 Ha,2532
172,MADHU TEA ESTATE,Organized Estate,Dooars,Jalpaiguri,DIABARI TEA CO LTD,N M KEDIA,Kolkata,"Teesta Valley Tea Co. Ltd., 5 & 7, Netaji Subhas Road, Kolkata, West Bengal 700001",033 2248 8704,-,323.1 Ha,55
173,MECHPARA TEA ESTATE,Organized Estate,Dooars,Jalpaiguri,DARJEELING DOOARS,DARJEELING DOOARS,Kolkata,"4th Floor, Darjeeling Dooars Plantations Tea Limited, Nicco House, 2, Hare St, Above Canara Bank, B.B.D. Bagh, Kolkata, West Bengal 700001",033 2248 7908,vipinamitagupta@gmail.com,516.0 Ha,2580
174,MERICO TEA ESTATE,Organized Estate,Dooars,Jalpaiguri,SURAJIT BAKSHI,SURAJIT BAKSHI,Kolkata,"Q2QM+M8 SURAJ TIRKEY BNQ, Banarhat Tea Garden, West Bengal 735202",03566-200101,merico.tea.estate@gmail.com,602.1 Ha,2531
175,RAJAHBHAT TEA ESTATE,Organized Estate,Dooars,Jalpaiguri,SRI AJAY PRAKASH,SRI AJAY PRAKASH,Kolkata,"Political Consultant- Ajay Prakash Sah, 141/1B, Lenin Sarani Rd, near Indian Overseas Bank, Taltala, Kolkata, West Bengal 700013",090884 98142,rb.ncc@alomextrusions.com,352.1 Ha,E-24
176,ATINPUR TEA ESTATE,Organized Estate,Terai,Darjeeling,ATINPUR TEA ESTATE,ATINPUR TEA ESTATE,Siliguri,"Kamalpur Tea Estate, Bagdogra - Panighata Main Rd, Kamal Pur, Uttar Bagdogra, Bagdogra, West Bengal 734014",9832097922,-,17.6 Ha,2757
177,BIJALIMONI T.E.,Organized Estate,Terai,Darjeeling,NEW TEA CO. LTD.,NEW TEA CO. LTD.,Kolkata,"New Tea Company Limited, Hindustan Building, New Tea Co. Ltd. 4 Chittaranjan Avenue, 2nd Floor, Kolkata, West Bengal 700072",033 2212 6753,-,217.8 Ha,545
178,GAYA GANGA TEA ESTATE,Organized Estate,Terai,Darjeeling,MINTRI TEA CO. PVT.LTD.,MINTRI TEA CO. PVT.LTD.,Siliguri,"Mintri Tea Warehouse, 2nd, Sevoke Rd, Ward 10, Janta Nagar, Siliguri, West Bengal 734001",0353-2005513,mngr.gayaganga.te@gmail.com,468.1 Ha,2190
179,GIRISH CHANDRA TEA ESTATE,Organized Estate,Terai,Darjeeling,A.C PAUL AGRICULTURAL CO. PVT. LTD,SALIL KRISHNA PAUL,Siliguri,"A. C. Paul & Sons, Mangturam Rd, Ward 8, Khalpara, Siliguri, West Bengal 734005",03532431675,-,79.4 Ha,2630
180,KAMALA TEA ESTATE,Organized Estate,Terai,Darjeeling,KAMALA TEA CO. LTD,SRI M.AGARWALA,Siliguri,"Kamala Tea, M5 Building, Hill cart Road, Near, Siliguri Jct Rd, Siliguri, West Bengal 734003",0353-3204178,-,517.3 Ha,1470
181,MATIDHAR TEA ESTATE,Organized Estate,Terai,Darjeeling,NEW TEA CO. LTD.,NEW TEA CO. LTD.,Kolkata,"New Tea Company Limited, Hindustan Building, New Tea Co. Ltd. 4 Chittaranjan Avenue, 2nd Floor, Kolkata, West Bengal 700072",033 2212 6753,matidhar@gmail.com,643.0 Ha,81
182,SAYEDABAD TEA ESTATE,Organized Estate,Terai,Darjeeling,SRI AJIT KUMAR AGARWALA,SRI V.D. DUA,Siliguri,"Dr. Amit Kumar Agarwal, Sanjeevani Apartment, Station Feeder Rd, New Milanpally, Saktigarh, Siliguri, West Bengal 734005",0353-6531857,teraitea@gmail.com,351.7 Ha,144
183,AVONGROVE TEA ESTATE,Organized Estate,Darjeeling Hills,Darjeeling,KPL INTERNATIONAL LTD,M.R. MEHTA,Kolkata,"KPL International Limited, Park Plaza, 71, Park St, Park Street area, Kolkata, West Bengal 700016",033 2217 8179,amber.subba@kplintl.com,184.0 Ha,8
184,BALASON & MURMAH,Organized Estate,Darjeeling Hills,Darjeeling,JAYSHREE TEA & INDUSTRIES,PK AGARWAL,Kolkata,"Jayshree Tea & Industries Ltd, 10, Camac St, Elgin, Kolkata, West Bengal 700071",033 2282 7531,balasunteaestate@yahoo.com,352.6 Ha,P-19
185,CHAMONG TEA ESTATE,Organized Estate,Darjeeling Hills,Darjeeling,SYCOTTA TEA CO. PVT. LTD.,ASHOK KR. LOHIA,Kolkata,"1st Floor, Asian Tea Company Private Limited, Gajraj Point, 209 A, AJC Bose Rd, Park Circus, Elgin, Kolkata, West Bengal 700017",033 4044 1201,chamongtea@chamong.com,139.6 Ha,D-65
186,CHONGTONG TEA ESTATE,Organized Estate,Darjeeling Hills,Darjeeling,SANJAY PRAKASH BANSAL,MR ANIL BANSAL,Kolkata,"Sanjay Om Prakash Gupta & Co., Chartered Accountants, 2/55 Netaji Nagar, Ground Floor, Kolkata, West Bengal 700092",098306 60012,chongtonggarden@gmail.com,373.8 Ha,2313
187,DHAJEA TEA ESTATE,Organized Estate,Darjeeling Hills,Darjeeling,SRI ASHOK KUMAR LOHIA & SRI,N.A,Kolkata,"Lohia Commercial Co Private Limited, Lohia House, 112, Chittaranjan Ave, Calcutta University, College Square, Kolkata, West Bengal 700073",033 2241 0531,dhajeate@chamong.com,179.3 Ha,
188,GOPALDHARA,Organized Estate,Darjeeling Hills,Darjeeling,GOPALDHARA TEA CO. PVT. LTD.,MR.S.K.SARIA,Siliguri,"Block, 1st Floor, Gopaldhara Tea Co. Pvt. Ltd., Arjun Enclave, Green Park Colony, C & E, Tea Auction Rd, Ward 46, Champasari, Mallaguri, Siliguri, West Bengal 734003",9434051277,gopaldhara@gmail.com,168.2 Ha,6
189,GYABAREE & MIIIKTHONG TEA,Organized Estate,Darjeeling Hills,Darjeeling,LAKTARIA (I) P LTD,S S BAGARIA,Kolkata,"H9H5+4HX Lakhotia Transport Co. PVT. LTD., Surti Bagan St, Kolutolla, Kolkata, West Bengal 700073",033 2235 4802,tea@bagaria.com,309.5 Ha,2517
190,LINGIA TEA ESTATE,Organized Estate,Darjeeling Hills,Darjeeling,SYCOTTA TEA CO. PVT. LTD.,MR.A.K.LOHIA,Kolkata,"1st Floor, Asian Tea Company Private Limited, Gajraj Point, 209 A, AJC Bose Rd, Park Circus, Elgin, Kolkata, West Bengal 700017",033 4044 1201,lingiate@chamong.com,141.6 Ha,D-67
191,MARYBONG TEA GARDEN,Organized Estate,Darjeeling Hills,Darjeeling,DUNCANS INDUSTRIES LIMITED,MR.BISWAJEET DUTTA,Kolkata,"4th Floor, Duncans Tea Limited, Duncan House, 31, Netaji Subhas Rd, Murgighata, B.B.D. Bagh, Kolkata, West Bengal 700001",033 2242 1605,marybongte@chamong.com,284.5 Ha,B 39
192,MIM,Organized Estate,Darjeeling Hills,Darjeeling,ANDREW YULE & COMPANY LIMITED,SUNIL MUNSHI,Kolkata,"ANDREW YULE & CO.LTD., Yule House, 8, Dr Rajendra Prasad Sarani, China Bazar, B.B.D. Bagh, Kolkata, West Bengal 700001",033 2242 7722,yule.mim@gmail.com,187.7 Ha,M-23
193,NAGRI,Organized Estate,Darjeeling Hills,Darjeeling,DARJEELING ORGANIC TEA,SP BANSAL,Kolkata,"Darjeeling Organictea Estates Private Limited., 4A, Camac St, Kankaria Estates, Elgin, Kolkata, West Bengal 700071",9733293769,nagrigarden1@gmail.com,321.6 Ha,2411
194,NAGRIFARM TEA ESTATE,Organized Estate,Darjeeling Hills,Darjeeling,SRI ASHOK KUMAR LOHIA & SRI,N.A,Kolkata,"Lohia Commercial Co Private Limited, Lohia House, 112, Chittaranjan Ave, Calcutta University, College Square, Kolkata, West Bengal 700073",033 2241 0531,nagrifarmte@chamong.com,285.7 Ha,D/69
195,OKAYTI,Organized Estate,Darjeeling Hills,Darjeeling,OKAYTI TEA COMPANY LTD,SRI ANTRIKSH KUMBAT,Kolkata,"Okayti Tea Co Ltd, 1, Binoy Badal Dinesh Bag E, Lal Dighi, Lal Bazar, Kolkata, West Bengal 700001",9733007123,slg@okayti.com,213.3 Ha,2416
196,PHUGURI TEA ESTATE,Organized Estate,Darjeeling Hills,Darjeeling,S.S. BAGARIA,S.S.BAGARIA,Kolkata,"4th Floor, Bagaria Trading Limited, 16, Netaji Subhas Rd, Murgighata, B.B.D. Bagh, Kolkata, West Bengal 700001",033 2210 7789,phuguri@bagariagroup.com,227.3 Ha,2314
197,PUSSIMBING TEA ESTATE,Organized Estate,Darjeeling Hills,Darjeeling,SHRI ASHOK KUMAR LOHIA,SHRI ASHOK KUMAR LOHIA,Kolkata,"Lohia Commercial Co Private Limited, Lohia House, 112, Chittaranjan Ave, Calcutta University, College Square, Kolkata, West Bengal 700073",033 2241 0531,pussimbing@chamong.com,201.2 Ha,2347
198,SEEYOK,Organized Estate,Darjeeling Hills,Darjeeling,SEEYOK TEA COMPANY LTD,K.C.AGARWAL,Kolkata,"Ste 17, Seeyok Tea Company Limited, Chowringhee Mansion, 30, Jawaharlal Nehru Rd, Taltala, Kolkata, West Bengal 700016",9434079903,tpisyk@gmail.com,154.0 Ha,2357
199,SELIMBONG TEA ESTATE,Organized Estate,Darjeeling Hills,Darjeeling,BRIJ MOHAN,KC AGGARWAL,Kolkata,"number 6, Brij Mohan and Company, cross road, 67/46, Strand Bank Rd, Kolkata, West Bengal 700007",098300 87666,slb@rediffmail.com,153.3 Ha,2431
200,SINGBULLI TEA ESTATE,Organized Estate,Darjeeling Hills,Darjeeling,JAYSHREE TEA & INDUSTRIES,MR. D.P.MAHESWARI,Kolkata,"Jayshree Tea & Industries Ltd, 10, Camac St, Elgin, Kolkata, West Bengal 700071",033 2282 7531,singbulli@gmail.com,302.7 Ha,P-21
201,SOURENEE T.E.,Organized Estate,Darjeeling Hills,Darjeeling,SHRI J.P.CHOWDHARY,J.P.CHOWDHARY,Kolkata,"Chowdhary Para, Rahara, Kolkata, West Bengal 700118",09378416250,soureneetg@gmail.com,95.5 Ha,742
202,SUNGMA TEA ESTATE,Organized Estate,Darjeeling Hills,Darjeeling,JAYSHREE TEA & INDUSTRIES,SHRI D.P. MAHESWARI,Kolkata,"Jayshree Tea & Industries Ltd, 10, Camac St, Elgin, Kolkata, West Bengal 700071",033 2282 7531,sungmaorganic1@yahoo.co.in,136.0 Ha,2589
203,THURBO TEA GARDEN,Organized Estate,Darjeeling Hills,Darjeeling,GOODRICKE GROUP LIMITED,MR. A.N. SINGH,Kolkata,"Goodricke Group Limited, 14, Gurusaday Dutta Rd, Beck Bagan, Ballygunge, Kolkata, West Bengal 700019",033 2287 3067,thurbo@goodricke.com,488.4 Ha,B44
204,BAGDOGRA TEA ESTATE,Organized Estate,Terai,Darjeeling,MR AJIT KUMAR AGARWALA,MR V D DUA,Siliguri,"Dr. Ajit Kumar Singh - Best Nephrologist in Siliguri | Kidney Doctor in Siliguri | Best Kidney Transplant Doctor in Siliguri, Inside Uttarayan Township City centre Matigara, Siliguri, West Bengal 734010",03532003210,teraitea@gmail.com,262.3 Ha,2427
205,COOCH BEHAR T.E,Organized Estate,Terai,Darjeeling,COOCH BEHAR TEA CO LTD,S.S.AGARWAL & SUMIT AGARWAL,Kolkata,"Coochbehar Tea Company Limited, 4, Fairlie Pl Rd, Fairley Place, B.B.D. Bagh, Kolkata, West Bengal 700001",09434490571,koochbeharteagardenfkt@yahoo.co,224.3 Ha,2169
206,KAMALPUR,Organized Estate,Terai,Darjeeling,RAJENDRA AGARWAL &,RAJENDRA AGARWAL &,Siliguri,"Ground floor, J.R. AGARWAL AND ASSOCIATES, Anjani Apartment, Agrasen Rd, opposite Maheswari Bhawan, Ward 9, Khalpara, Siliguri, West Bengal 734005",9733300329,-,65.9 Ha,277
207,MARIONBARIE,Organized Estate,Terai,Darjeeling,JAYSHREE TEA & INDUSTRIES,D.P. MAHESHWARI,Kolkata,"Jayshree Tea & Industries Ltd, 10, Camac St, Elgin, Kolkata, West Bengal 700071",033 2282 7531,marionbarie11@gmail.com,329.1 Ha,2070
208,MATIGARA T E,Organized Estate,Terai,Darjeeling,MR RAJESH GARG,0,Siliguri,"Dr Rajesh Agarwal - Pulmonologist/Chest specialist, Shanti nursing home Uday shankar sarani, Sevoke Rd, beside International Market, Siliguri, West Bengal 734001",94348-91476,-,142.1 Ha,136
209,MOHURGONG & GULMA TEA ESTATE 126/1712,Organized Estate,Terai,Darjeeling,MOHURGONG &GULMA TEA,MR ADITYA PAL CHOUDHURY,Kolkata,"Mohurgong & Gulma Tea Estates, P17, Ganesh Chandra Ave, Chandni Chawk, Bowbazar, Kolkata, West Bengal 700013",093300 31861,slg@yahaoo.com,694.1 Ha,
210,NEW CHUMTA TEA ESTATE,Organized Estate,Terai,Darjeeling,ROOPCHERA TEA CO. PVT. LTD.,S. BAJORIA,Kolkata,"Dhruba Tea Centre, 2, Lal Bazar St, Lal Bazar, Kolkata, West Bengal 700001",033 4005 3157,newchumta@ntcl.in,285.0 Ha,R-72
211,NISCHINTAPUR TEA ESTATE,Organized Estate,Terai,Darjeeling,MR GOVIND GARG,MR GOVIND GARG,Kolkata,"G8FQ+R46 Govind kr, Alipore, Kolkata, West Bengal 700027",9230060666,manager.nte@gmail.com,167.2 Ha,224
212,PUTINBARI TEA ESTATE,Organized Estate,Terai,Darjeeling,PUTINBARI TEA ASSOCIATION LTD,PUTINBARI TEA ASSOCIATION,Kolkata,"Q8FH+XPQ Putinbari Tea Garden, SH12, Khaprail, West Bengal 734009",095637 92361,putinbareetea@gmail.com,159.4 Ha,2329
213,SIMULBARIE,Organized Estate,Terai,Darjeeling,SIMULBARIE TEA CO. (P) LTD.,MADAN MOHAN SHARMA,Kolkata,"Silonibari Tea Co Ltd, 5B, Alipore Park Rd, Alipore, Kolkata, West Bengal 700027",9434044275,slg_bansal@sancharnet.com,394.3 Ha,2277
214,SUKNA,Organized Estate,Terai,Darjeeling,SUKNA TEA & INDUSTRIES LTD,S.K. KALYANI,Kolkata,"Sukna Tea & Industries Limited, 2-5, Sarat Bose Rd, Sreepally, Ballygunge, Kolkata, West Bengal 700020",03532574034,suknatea@hotmail.com,282.6 Ha,34
215,BARADIGHI T.E,Organized Estate,Dooars,Jalpaiguri,RYDAK SYNDICATE LIMITED,MR. R MACWAN,Kolkata,"Rydak Syndicate Limited, 4, Dr Rajendra Prasad Sarani, Murgighata, B.B.D. Bagh, Kolkata, West Bengal 700001",033 2230 4351,rydak@vsnl.net,556.0 Ha,N-12
216,BUDS TEA ESTATE,Organized Estate,Dooars,Jalpaiguri,BUDS TEA INDUSTRIES,SUBRATA SAHA/DEBABRATA,Siliguri,"Buds Tea Factory, Bagjan, West Bengal 735302",03561-230060,budstea@gmail.com,20.7 Ha,3901
217,JADABPUR TEA GARDEN,Organized Estate,Dooars,Jalpaiguri,JADABPUR TEA CO LTD,L.N.GUPTA,Kolkata,"Jadabpur Tea Company Limited, 3A, Hare St, Lal Bazar, B.B.D. Bagh, Kolkata, West Bengal 700001",03561-275261,jadabpurtea@rediffmail.com,141.9 Ha,168
218,NOWERA NUDDY TEA ESTATE,Organized Estate,Dooars,Jalpaiguri,AMALGAMATED PLANTATIONS,MR. DIPAK ATAL,Assam,"Amalgamated Plantations Guwahati, GS Rd, Ananda Nagar, Christian Basti, Guwahati, Assam 781005",0361 234 0037,-,257.8 Ha,A-7
219,SONAR BANGLA TEA CO (P) LTD,Organized Estate,Dooars,Jalpaiguri,SONAR BANGLA TEA CO (P) LTD,SANJOY AGARWALLA,Jalpaiguri,"GV57+6GF Sonar Bangla Tea Co, Pvt. Ltd, Paschim Salbari, West Bengal 735305",9434039248,-,42.5 Ha,4137
220,TRISAKTI TEA ESTATE,Organized Estate,Dooars,Jalpaiguri,TRISAKTI TEA CO (P) LTD,SAIBAL GANGULY,Kolkata,"1, Ground Floor, Victoria Tea Company, Martin Burn House, Head Quarter, RN Mukherjee Rd, opposite Lal Bazar, Lal Bazar, Kolkata, West Bengal 700001",033 2210 7383,-,56.8 Ha,3969
221,BARUAPARA TEA ESTATE,Organized Estate,Terai,Jalpaiguri,KUKURJAN AGRO PRODUCT PVT LTD,RAJENDRA KR. GOYAL,Jalpaiguri,"Ruchi Agro Products Private Limited, near Sarodamani High School, School Para, Fatapukur, Chhat Guzrimari, West Bengal 735134",9002680366,-,46.6 Ha,3601
222,BHANDAPUR TEA ESTATE,Organized Estate,Terai,Jalpaiguri,SHIKARPUR & BHANDAPUR TEA,NARENDRA BERLIA,Siliguri,"JHGF+3Q5 Shikarpur Tea Estate Factory, Shikarpur, West Bengal 735133",9800136393,shikarpurteaestate@gmail.com,120.1 Ha,1614
223,BHANDIGURI,Organized Estate,Terai,Jalpaiguri,ARUN KUMAR MUNDRA,AMITAVA SENGUPTA,Jalpaiguri,"Arun Watch Co, Dinbazar Rd, Jalpaiguri, West Bengal 735101",096353 04056,goowill_154@yahoo.co.in,320.2 Ha,30
224,BHARDESHWAR TEA PLANTATION,Organized Estate,Terai,Jalpaiguri,PARTHA PRATIM PAUL,PARTHA PRATIM PAUL,Jalpaiguri,"Dr Partha Pratim Deb, Basu's Clinic, Nandalal Basu Sarani, College Para, Hakim Para, Siliguri, West Bengal 734001",089105 86504,-,106.0 Ha,3674
225,BHASANI TEA ESTATE,Organized Estate,Terai,Jalpaiguri,SANJIT PAUL,SANJIT PAUL,Siliguri,"Shop No - 0108, First Floor, Dr.Paul's Multispeciality Clinic Pvt. Ltd., City Centre Mall, Block - A, Matigara, Siliguri, West Bengal 734010",9832064039,-,40.0 Ha,3673
226,GADRA TEA ESTATE,Organized Estate,Terai,Jalpaiguri,BINDO BEHARI TEA INDUSTRIES PVT LTD,DR. SUSANTA KR. ROY,Siliguri,"Dewill Industries Pvt Ltd, Ashirbad Apartment, Road, 02, Rd Number 2, Siliguri, West Bengal 734005",9775428615,-,22.7 Ha,2799
227,HARINAGAR TEA ESTATE,Organized Estate,Terai,Jalpaiguri,RUCHI AGRO PRODUCTS PVT LTD SANDIP AGARWAL,". ROAD, SILIGURI BAZAR,",Siliguri,"Ruchi Agro Products Private Limited, near Sarodamani High School, School Para, Fatapukur, Chhat Guzrimari, West Bengal 735134",98320-41691,slsandip@yahoo.com,18.0 Ha,4144
228,HIRALAL TEA GARDEN,Organized Estate,Terai,Jalpaiguri,NARAYAN CHANDRA DUTTA,NARAYAN CHANDRA DUTTA,Siliguri,"Dr. Arunava Datta, Pratik Medico, Hill Cart Rd, opposite Howrah Petrol Pump, Ward 10, Janta Nagar, Siliguri, West Bengal 734001",9933391167,bissudut@rediffmail.com,84.4 Ha,2675
229,JAGAT BANDHU TEA ESTATE,Organized Estate,Terai,Jalpaiguri,DILIP KR. GHOSH,DILIP KR. GHOSH,Kolkata,"Dr Dilip Kr Ghosh, Salt Lake, BF 247, BF Block, Sector 1, Bidhannagar, Kolkata, West Bengal 700064",033 2337 4736,-,42.5 Ha,3777
230,JANAKI GOSAI TEA ESTATE,Organized Estate,Terai,Jalpaiguri,JANAKI GOSAI TEA ESTATE PVT LTD,JAYANTA BANIK,Jalpaiguri,"HJWP+HG7 Joypur Tea Estate, Patkata Colony, Denguajhar, Jalpaiguri, West Bengal 735121",03561-276882,julie_jayanta@yahoo.co.in,20.5 Ha,3801
231,RUNGGOTI TEA GARDEN,Organized Estate,Terai,Jalpaiguri,NPS COLD STORAGE PVT LTD,NANI GOPAL PAUL,Siliguri,"Nps Cold Storage Pvt. Ltd., Nps cold Storage pvt. Ltd, Fatapukur, Chhat Guzrimari, West Bengal 735134",0353-2436673,-,44.5 Ha,3994
232,SHAAKTIMANN TEA ESTATE,Organized Estate,Terai,Jalpaiguri,GOLDEN LEAF TEA PLANTATIONS ASHOK KUMAR AGAEWAL,GOLDEN LEAF TEA,Siliguri,"Golden Leaf, near Murgi Hati Bidhan Market, Ward 11, Hakim Para, Siliguri, West Bengal 734001",9434760747,goldenleaf@rediffmail.com,94.0 Ha,3086
233,SHIKARPUR TEA ESTATE,Organized Estate,Terai,Jalpaiguri,SHIKARPUR & BHANDAPUR TEA,NARENDRA BERLIA,Siliguri,"JHGF+3Q5 Shikarpur Tea Estate Factory, Shikarpur, West Bengal 735133",9800136393,shikarpurteaestate@gmail.com,491.4 Ha,1615
234,SHYAMAL BAG TEA ESTATE,Organized Estate,Terai,Jalpaiguri,HARISHPUR TEA CO. PVT. LTD.,SAIBAL GANGULY,Kolkata,"Flat no. 2A( 2nd floor, Harishpur Tea Company Private Limited, Kolkatta Branch Office, 18/1, Gariahat Rd, Ballygunge Gardens, Gariahat, Kolkata, West Bengal 700019",033 2460 2870,-,28.1 Ha,3979
235,BILATIBARI TEA ESTATE,Organized Estate,Terai,Uttar Dinajpur,BILATIBARI TEA COMPANY PVT. LTD,BILATIBARI TEA COMPANY PVT.,Islampur,"Bilatibari Tea Co. Factory, Dakshin Kundal Pukhar, West Bengal 733207",03526255224,bilatibariteaco@gmail.com,45.5 Ha,3693
236,CHANDAN TEA ESTATE,Organized Estate,Terai,Uttar Dinajpur,CHANDAN TEA INDUSTRIES PVT.,MR. RAJ BANSAL,Kolkata,"Chandan Tea Industries Pvt Ltd, 4, Chittaranjan Ave, Esplanade, Chandni Chawk, Bowbazar, Kolkata, West Bengal 700072",09733244970,-,257.2 Ha,2877
237,DEBIJHORA,Organized Estate,Terai,Uttar Dinajpur,DEBIJHORA TEA CO. LTD.,A. K. CHATTEERJEE,Siliguri,"Debijhora Tea Estate Factory, Butijhari, West Bengal 733207",9735038114,samdutt62@gmail.com,305.4 Ha,200
238,GOALGACH TEA ESTATE,Organized Estate,Terai,Uttar Dinajpur,473.66,0,Kolkata,"Kolkata, West Bengal",9333057749,-,473.7 Ha,
239,GOPE TEA ESTATE,Organized Estate,Terai,Uttar Dinajpur,GOPE TEA PLANTATION PVT. LTD. MR. DIPAK GOPE,"DYA SAGAR PALLY,P.O.",Siliguri,"9CV7+7Q9 Gope Tea Plantation Factory, GOPE TEA ESTATE VILL. UTTAR HAZARBIGHA P.O. ASAARU BASTI P.S. CHOPRA, Daspara, Ghirnigaon Khas, West Bengal 733207",09932144072,adv.dipakgope@yahoo.com,46.2 Ha,2857
240,GUPTA TEA ESTATE,Organized Estate,Terai,Uttar Dinajpur,GUPTA TEA ESTATE,MR. KRISHNA KR GUPTA,Other / Unspecified,"Gupta Tea Estate, Bhadrapur, Koshi Province 57200, Nepal",+977 981-5050555,badamitea@rediffmail.com,34.0 Ha,4181
241,ICHHAMOTI,Organized Estate,Terai,Uttar Dinajpur,PURBASHA PLANTATIONS & TEA,MRS. DEBOMITRA DEY SARKAR,Siliguri,"First Floor, Deepak Plastic Udyog, 262, Bidhan Rd, Ward 11, Hakim Para, Siliguri, West Bengal 734001",9832435772,purbashaslgind@yahoo.in,134.9 Ha,3978
242,JOTINDRA MOHAN,Organized Estate,Terai,Uttar Dinajpur,JOTINDRA MOHON TEA,PROKASH DAS,Darjeeling,"CCX2+GC8 Jatindra Mohan Tea Company Factory, Choagari, West Bengal 733207",093990 38532,adv.dipakgope@yahoo.com,51.5 Ha,
243,KUSUM TEA ESTATE,Organized Estate,Terai,Uttar Dinajpur,NORTH BENGAL TEA PLANTATION JAGDISH PRASAD AGARWAL,ILIGURI,Siliguri,"WARD NO 5, North Bengal Tea & Allied, Hanuman Mandir Rd, Ganga Nagar, Mahananda Para, Siliguri, West Bengal 734005",03532502010,kusum.slg@gmail.com,204.0 Ha,2707 NC
244,LAKHIPUR (DUNCANS),Organized Estate,Terai,Uttar Dinajpur,DUNCANS INDUSTRIES LIMITED,MR M GURBAXANI,Kolkata,"4th Floor, Duncans Tea Limited, Duncan House, 31, Netaji Subhas Rd, Murgighata, B.B.D. Bagh, Kolkata, West Bengal 700001",033 2242 1605,-,126.8 Ha,
245,MAHAMAYA TEA ESTATE,Organized Estate,Terai,Uttar Dinajpur,MAHAMAYA AGRO INDUSTRIES PVT. LTD.,MR. SWAPAN DAS,Islampur,"Mahamaya Tea & Agro Industries Pvt Ltd, Sonamoti Rd, BSF Camp, Gunabari, West Bengal 733202",098517 83306,das.sqapan65@yahoo.com,53.3 Ha,4152
246,MATRI,Organized Estate,Terai,Uttar Dinajpur,M C NANDI,NIL,Islampur,"Nandi Trading, Netaji Subhash Rd, Teenpool, Islampur, West Bengal 733202",03526 255 224,nanditeaslg@bsnl.in,129.0 Ha,2879
247,MAYA TEA ESTATE,Organized Estate,Terai,Uttar Dinajpur,SEAL & CO (P) LTD.,PRABIR SEAL,Siliguri,"Dolphin Labels, 453, Bidhan Rd, beside P.G.Jewellers, near Auto Stand, Ward 11, Hakim Para, Siliguri, West Bengal 734001",03532435425,sealtea@sanchernet.in,59.0 Ha,4236
248,PARAGON TEA ESTATE,Organized Estate,Terai,Uttar Dinajpur,.81,38.40,Islampur,"Islampur, West Bengal",9434741736,-,38.4 Ha,4172
249,PATAGORA TEA GARDEN (DUNCANS,Organized Estate,Terai,Uttar Dinajpur,DUNCANS INDUSTRIES LIMITED,DUNCANS INDUSTRIES LIMITED,Kolkata,"4th Floor, Duncans Tea Limited, Duncan House, 31, Netaji Subhas Rd, Murgighata, B.B.D. Bagh, Kolkata, West Bengal 700001",033 2242 1605,-,295.9 Ha,
250,"PUSPA TEA ESTATE PVT. LTD.,",Organized Estate,Terai,Uttar Dinajpur,PUSPA TEA ESTATE PVT. LTD,PUSPA TEA ESTATE PVT. LTD,Other / Unspecified,"CCQQ+788 Puspa Tea Estate, Uttar Jaypura, West Bengal 733207",03532535668,sondeepteapvt.ltd50@yahoo.in,54.1 Ha,2859
251,RAHAMAN AGRO PLANTATION PVT.,Organized Estate,Terai,Uttar Dinajpur,RAHAMAN AGRO PLANTATION,MR. JAHANGIR ALAM,Siliguri,"RAHAMAN AGRO PLANTATION TEA FACTORY, Dakshin Kundal Pukhar, West Bengal 733207",9635303122,jajhangiralam62@gmail.com,83.0 Ha,2141
252,RAMABOTY TEA ESTATE,Organized Estate,Terai,Uttar Dinajpur,A.C PAUL AGRICULTURAL CO. PVT. LTD,SUNIL KRISHNA PAUL,Siliguri,"A. C. Paul & Sons, Mangturam Rd, Ward 8, Khalpara, Siliguri, West Bengal 734005",269251,slg@yahoo.co.in,233.1 Ha,2722
253,RIDHI SIDHI TEA ESTATE,Organized Estate,Terai,Uttar Dinajpur,KAMAL MITRUKA,KAMAL MITRUKA,Siliguri,"Kamala Trading, Sevoke Rd, opposite Hotel Sabera, Ward 10, Sevoke more, Siliguri, West Bengal 734001",9933158269,lionkamalmitruka@yahoo.com,60.7 Ha,4180
254,T.N.CHOWDHURY TEA ESTATE,Organized Estate,Terai,Uttar Dinajpur,T.N.CHOWDHURY TEA ESTATE PVT. LTD.,MR. DIPANKAR CHOWDHURY,Islampur,"T N Chowdhury Tea Estate Factory, Benikandar, West Bengal 733202",03526255034,tnchowdhury34@gmail.com,161.8 Ha,3153
255,BIRPARA TE,Organized Estate,Dooars,Jalpaiguri,DUNCANS INDUSTRIES LIMITED,M. GURBAXANI,Kolkata,"4th Floor, Duncans Tea Limited, Duncan House, 31, Netaji Subhas Rd, Murgighata, B.B.D. Bagh, Kolkata, West Bengal 700001",033 2242 1605,birtg@rediffmail.com,"1,004.4 Ha",B 15
256,BUNDAPANI TEA GARDEN,Organized Estate,Dooars,Jalpaiguri,ALIPURDUAR ENTERPRISES LTD,RAKESH SRIVASTAVA,Siliguri,"Choudhury Enterprise (AD), Hill Cart Rd, Ward 11, Hakim Para, Siliguri, West Bengal 734001",9333449097,bundapani@rediffmail.com,529.6 Ha,2381
257,DAHUK VALLEY TEA ESTATE,Organized Estate,Dooars,Jalpaiguri,USHA TEA CO PVT LTD,SUNIL KUMAR KUNDU,Siliguri,"HC4J+QFJ Usha Tea Co Pvt Ltd, Sannyasikata, West Bengal 735134",94340-21763,sanjaykundu1970@yahoo.com,174.8 Ha,4169
258,DALGAON TEA ESTATE,Organized Estate,Dooars,Jalpaiguri,RNT PLANTATIONS LIMITED,K.K. KHEMKA,Kolkata,"G8RX+3C2 Amalgamated Plantations Pvt. Ltd., 1, Bishop Lefroy Rd, Near Rabindra Sadan METRO Gate, Sreepally, Bhowanipore, Kolkata, West Bengal 700020",033 6605 3750,dalgaont1896@yahoo.com,656.0 Ha,2622
259,DEMDIMA,Organized Estate,Dooars,Jalpaiguri,SANTIPARA TEA CO. LTD.,M GURBAXANI,Kolkata,"M7XV+VC7 Sannyasithan Tea Estate, Sannyasi Thaner Chhat, West Bengal 734014",9333057750,demtg@duncans-tea.com,683.6 Ha,2430
260,DUMCHIPARA TEA ESTATE,Organized Estate,Dooars,Jalpaiguri,DUNCANS INDUSTRIES LIMITED,AK GOEL,Kolkata,"4th Floor, Duncans Tea Limited, Duncan House, 31, Netaji Subhas Rd, Murgighata, B.B.D. Bagh, Kolkata, West Bengal 700001",033 2242 1605,dumchipara@rediffmail.com,695.8 Ha,B-17
261,GARGANDA TAE ESTATE,Organized Estate,Dooars,Jalpaiguri,DUNCANS INDUSTRIES LIMITED,MR. M.GURBAXANI,Kolkata,"4th Floor, Duncans Tea Limited, Duncan House, 31, Netaji Subhas Rd, Murgighata, B.B.D. Bagh, Kolkata, West Bengal 700001",033 2242 1605,-,528.4 Ha,B-2631
262,GOPIMOHAN TEA ESTATE,Organized Estate,Dooars,Jalpaiguri,JAHURI DURGA TEA CO (P) LTD,SOHANLAL MUKHERJEE,Jalpaiguri,"Danguajhar Tea Garden, Denguajhar, Jalpaiguri, Paharpur, West Bengal 735121",033 2287 3067,-,43.3 Ha,825
263,HANTAPARA TEA ESTATE,Organized Estate,Dooars,Jalpaiguri,DUNCANS INDUSTRIES LIMITED,DUNCANS INDUSTRIES LIMITED,Kolkata,"4th Floor, Duncans Tea Limited, Duncan House, 31, Netaji Subhas Rd, Murgighata, B.B.D. Bagh, Kolkata, West Bengal 700001",033 2242 1605,hantatg@rediffmail.com,655.0 Ha,B-16
264,MAKRAPARA TEA ESTATE,Organized Estate,Dooars,Jalpaiguri,ANOOP TEA CO (PVT) LTD,AMAR AGARWAL,Kolkata,"Anup tea shop, James Long Sarani, 18 Bigha, Muradpur, Sarada Pally, Kolkata, West Bengal 700034",89266-51032,-,177.0 Ha,426
265,MOHUA,Organized Estate,Dooars,Jalpaiguri,WEST BENGAL TEA,SMT. M.GUHAROY,Kolkata,"4th floor, Bengal Tea & Fabrics Limited, Century Tower, 45, Shakespeare Sarani, opposite Kala Mandir, Mullick Bazar, Park Street area, Kolkata, West Bengal 700017",033 2283 6416,-,65.5 Ha,3090
266,MUJNAI TEA ESTATE,Organized Estate,Dooars,Jalpaiguri,ANJUMAN TEA CO LTD,RUPENDRA SINGH RANAWAT,Kolkata,"Anjuman Tea Co Ltd, 8, Khairu Pl, Bow Barracks, Kolkata, West Bengal 700012",76025-38502,kamalsingh241262@rediffmail.com,400.2 Ha,425
267,RAMJHORA TEA ESTATE,Organized Estate,Dooars,Jalpaiguri,HIND TEA COMPANY LIMITED,NARENDRA BERLIA,Siliguri,"T, Darjeeling Tea Retailer - Hindusthan Tea Co., gate 1, 74, Bidhan Market Rd, opposite Hongkong market, Ward 11, Hakim Para, Siliguri, West Bengal 734001",9153864304,sevokemotors@vsnl.net,452.8 Ha,59
268,SATALI TEA ESTATE,Organized Estate,Dooars,Jalpaiguri,DEVI BAGARIA,DEVI BAGARIA,Kolkata,"4th Floor, Bagaria Trading Limited, 16, Netaji Subhas Rd, Murgighata, B.B.D. Bagh, Kolkata, West Bengal 700001",033 2210 7789,satali_tg@rediff.com,903.6 Ha,P-8
269,SINGHANIA TEA ESTATE,Organized Estate,Dooars,Jalpaiguri,SINGHANIA TEA COMPANY,SHRI S.K.SUTODIYA,Kolkata,"P5H6+567 Singhania Tea Estate, Hoasinbad Tea Garden, West Bengal 735228",9733438584,managersinghania@yahoo.com,201.7 Ha,17
270,SUBHASINI TEA ESTATE,Organized Estate,Dooars,Jalpaiguri,SUBHOJIT GHOSH,RABI SANKAR CHATTERJEE,Kolkata,"Subhajit ghosh, 228, Acharya Prafulla Chandra Rd, Shyambazar, Shyam Bazar, Fariapukur, Shyam Bazar, Kolkata, West Bengal 700004",03566-255006,btcl@cal2.vsnl.net.in,371.8 Ha,150
271,TOORSA,Organized Estate,Dooars,Jalpaiguri,SS GUPTA,VASISHT PACHICIA,Kolkata,"Dr. S Gupta, Shoo8, Maidan, Howrah, West Bengal 711101",084208 90735,Toorsatea@gmail.com,482.0 Ha,65
272,TULSIPARA TEA ESTATE,Organized Estate,Dooars,Jalpaiguri,DUNCANS INDUSTRIES LIMITED,M.GURBAXANI,Kolkata,"4th Floor, Duncans Tea Limited, Duncan House, 31, Netaji Subhas Rd, Murgighata, B.B.D. Bagh, Kolkata, West Bengal 700001",033 2242 1605,tultg@duncans-tea.com,477.5 Ha,2632
273,DALMORE TEA ESTATE,Organized Estate,Dooars,Jalpaiguri,H.C. JAIN,SUSHIL JAIN,Kolkata,"2nd floor, Jain & Co, P21/22, Radha Bazar St, near India Exchange Place, Murgighata, B.B.D. Bagh, Kolkata, West Bengal 700001",033 2242 9190,dalmore@octaviustea.com,552.9 Ha,C-67
274,DALSINGPARA,Organized Estate,Dooars,Jalpaiguri,LAXMIKANT GAUR,LAXMIKANT GAUR,Siliguri,"PCPC+465 Laxmi Kanta Dey, Ward 45, Pradhan Nagar, Siliguri, West Bengal 734003",9733162990,-,809.7 Ha,C-66
275,KADAMBINI TEA ESTATE,Organized Estate,Dooars,Jalpaiguri,HIMALAYAN TEA & AGRO PVT LTD NARENDRA BERLIA,"40B, AJC BOSE RAOD, 3RD",Kolkata,"HIMALAYAN TEA & AGRO PVT. LTD., Budharugaon, West Bengal 734425",9734903505,arbindchoudhury26@gmail.com,399.7 Ha,149
276,SARUGAON TEAESTATE,Organized Estate,Dooars,Jalpaiguri,ETEHLBARI TEA COMPANY 1932,NIL,Kolkata,"Ethel Bari Tea Co (1932) Ltd, 24, R N Mukherjee Road, Lal Bazar, Kolkata, West Bengal 700001",033 2248 3110,-,227.9 Ha,2318
277,TASATI TEA ESTATE,Organized Estate,Dooars,Jalpaiguri,A.K. CHAMARIA,ASHOK CHAMARIA,Kolkata,"Chamaria House, 123, Bangur Ave, Block B, Block D, Lake Town, Kolkata, West Bengal 700055",9830039341,ashokchamaria@hotmail.com,450.7 Ha,2636
278,DHOWLAJHORA TEA ESTATE,Organized Estate,Dooars,Jalpaiguri,THE BENGAL DFOOARS,DEEPAK BERLIA,Siliguri,"DOOARS TASTE, College Para, Hakim Para, Siliguri, West Bengal 734001",03564240042,deepakberlia@yahoo.com,446.7 Ha,39
279,KARTICK,Organized Estate,Dooars,Jalpaiguri,RYDAK SYNDICATE LIMITED,MR. PREM SINGH (MD),Kolkata,"Rydak Syndicate Limited, 4, Dr Rajendra Prasad Sarani, Murgighata, B.B.D. Bagh, Kolkata, West Bengal 700001",033 2230 4351,kartick_tea@rediffmail.com,338.3 Ha,N-14
280,KOHINOOR TEA ESTATE,Organized Estate,Dooars,Jalpaiguri,KOHINOOR TEA CO. PVT. LTD.,MR. S.AGARWAL,Siliguri,"Good Point Tea Pvt. Ltd., 6th Floor, Space Town, 2.5 Mile Sevoke Road, Post, near Check, Siliguri, West Bengal 734001",03564240062,-,467.3 Ha,38
281,KUMARGRAM TEA GARDEN,Organized Estate,Dooars,Jalpaiguri,GOODRICKE GROUP LIMITED,MR. A.N.SINGH,Kolkata,"Goodricke Group Limited, 14, Gurusaday Dutta Rd, Beck Bagan, Ballygunge, Kolkata, West Bengal 700019",033 2287 3067,kum@goodricke.com,659.0 Ha,B-22
282,NEWLANDS TEA ESTATE,Organized Estate,Dooars,Jalpaiguri,ENGO TRADING & TEA CO.(P),MR. B.K.BHUWALKA,Kolkata,"FLOOR, FLAT NO.5A, Engo Tea Co. Ltd., 12, 5TH, Pretoria St, Kolkata, West Bengal 700071",033 3029 5000,philips_newlands@yahoo.co.in,605.2 Ha,2577
283,PHASKOWA TEA ESTATE,Organized Estate,Dooars,Jalpaiguri,PHASKOWA TEA PLANTATIONS,MANOJ CHAMARIA,Kolkata,"Phaskowa Tea Resort, Phaskowa Tea Garden, Hatipota, Alipurduar, P.S - Samuktala, Block, Kumargram, West Bengal 736201",078120 56406,phaskowa2010@gmail.com,140.3 Ha,2525
284,RADHARANI TEA ESTATE,Organized Estate,Dooars,Jalpaiguri,RADHARANI TEA & ESTATES PVT. RADHARANI TEA & ESTATES PVT.,", KHAIRU PLACE, 4TH FLOOR,",Kolkata,"Radharani Tea & Estates Pvt Ltd, 16, Bentinck St, Radha Bazar, Barabazar Market, Kolkata, West Bengal 700001",9593959649,anuppratap35@gmail.com,149.2 Ha,48
285,RAHIMABAD TEA ESTATE,Organized Estate,Dooars,Jalpaiguri,MR. SHEKHAR ROYCHOUDHURY MR. S.R CHOUDHURY,A LANDS AND TEA CO. PVT.,Kolkata,"Roychowdhury Dr Sujoy, 106/1b, monohar pokor road, Kolkata, West Bengal 700029",033 2454 4219,rahimatea@gmail.com,287.1 Ha,29
286,RAIMATANG TEA ESTATE,Organized Estate,Dooars,Jalpaiguri,ROSHANLAL AGARWAL,MR. N.K.BASU,Siliguri,"Roshan Lal & Company, Nehru Rd, Ward 8, Khalpara, Siliguri, West Bengal 734001",03566201065,-,535.3 Ha,2533
287,RYDAK TEA ESTATE,Organized Estate,Dooars,Jalpaiguri,RYDAK SYNDICATE LIMITED,MR PREM SINGH,Kolkata,"Rydak Syndicate Limited, 4, Dr Rajendra Prasad Sarani, Murgighata, B.B.D. Bagh, Kolkata, West Bengal 700001",033 2230 4351,rydak_raaj@rediffmail.com,735.8 Ha,N-13
288,SANKOS,Organized Estate,Dooars,Jalpaiguri,GOODRICKE GROUP LIMITED,MR.ARUN SINGH (MD),Kolkata,"Goodricke Group Limited, 14, Gurusaday Dutta Rd, Beck Bagan, Ballygunge, Kolkata, West Bengal 700019",033 2287 3067,san@goodricke.com,665.2 Ha,B 23
289,TURTURI TEA ESTATE,Organized Estate,Dooars,Jalpaiguri,ALIPURDUAR TEA COMPANY LTD,MR SHEKHAR ROY CHOWDHARY,Kolkata,"HG37+R94 Tea Garden Alipurduar, Bariguri, West Bengal 736123",9609992682,turturitea@gmail.com,294.5 Ha,166
290,ETHELBARI,Organized Estate,Dooars,Jalpaiguri,THE ETHELBARI TEA CO (1932),MAHENDRA KR. PATEL,Kolkata,"Ethel Bari Tea Co (1932) Ltd, 24, R N Mukherjee Road, Lal Bazar, Kolkata, West Bengal 700001",033 2248 3110,ethelbari1932@yahoo.com,270.5 Ha,2318
291,GAIRKHATA TEA ESTATE,Organized Estate,Dooars,Jalpaiguri,GILLANDERS ARBUTHNOT & CO.,GILLANDERS ARBUTHNOT & CO.,Kolkata,"Gillanders Arbuthnot & Co. Ltd., C-4, Netaji Subhas Rd, Kolkata, West Bengal 700001",033 2230 2331,gairkhatateaestate@gmail.com,710.6 Ha,860
292,GANDRAPARA TEA GARDEN,Organized Estate,Dooars,Jalpaiguri,GOODRICKE GROUP LIMITED,MR. A.N.SINGH,Kolkata,"Goodricke Group Limited, 14, Gurusaday Dutta Rd, Beck Bagan, Ballygunge, Kolkata, West Bengal 700019",033 2287 3067,subrotobanerjee@goodricke.co,832.0 Ha,B-13
293,HULDIBARI TEA GARDEN,Organized Estate,Dooars,Jalpaiguri,HULDIBARI INDUSTRIES &,HULDIBARI INDUSTRIES &,Kolkata,"Huldibari Industries & Plantation Co Ltd, McLeod House, 3, Netaji Subhas Rd, Fairley Place, B.B.D. Bagh, Kolkata, West Bengal 700001",033 2248 9168,htg.fact.@gmail.com,851.2 Ha,P-9
294,JAYBIRPARA TEA ESTATE,Organized Estate,Dooars,Jalpaiguri,MCLEOD RUSSEL INDIA LIMITED SHRI S. CHAKRABORTY,"E LANE,SURENDRA",Kolkata,"Mcleod Russel India limited, Surendra Mohan Ghosh Sarani, 4, Mangoe Ln, Kolkata, West Bengal 700001",099030 96991,jaibirpara@wmg.co.in,220.7 Ha,2462
295,KALABARI TEA ESTATE,Organized Estate,Dooars,Jalpaiguri,S.K. BACHAWAT,S.K. BACHAWAT,Kolkata,"S.K.Bhalotia & Co., Unit-1A, 1st Floor, Imax Lohia Square 23, Gangadhar Babu Lane, Bepin Behari Ganguly St, opposite SBI, near Firangi Kali Mandir, Branch, Kolkata, West Bengal 700012",033 4073 0113,-,310.4 Ha,436
296,LAKHIKANTA TEA ESTATE,Organized Estate,Dooars,Jalpaiguri,RUNGAMATI TEA INDUSTRIES LTD,HARSHA VARSHAN KEYRIWAL,Kolkata,"Rungamattee Tea & Ind Ltd, 90/31, Diamond Harbour Rd, Block 6, Sahapur, New Alipore, Kolkata, West Bengal 700038",099033 64444,-,64.5 Ha,127/87
297,NANGDALA,Organized Estate,Dooars,Jalpaiguri,MKTEAPVT.LTD,RAJ BERRY,Kolkata,"Mahe Technologies Pvt Ltd - BPO Company | B2B & B2C Telemarketing Agency, 56, Ballygunge Gardens, Gariahat, Kolkata, West Bengal 700019",090513 91761,mgr-nangdala@rediffmail.com,485.0 Ha,2547
298,PALASHBARI,Organized Estate,Dooars,Jalpaiguri,PALASHBARI TEA CO LTD,PALASHBARI TEA CO LTD,Kolkata,"Palashbari Tea Company Limited, 14B, Camac St, Park Circus, Ballygunge, Kolkata, West Bengal 700017",03563-252019,palashbari@bsnl.in,357.7 Ha,13
299,RAHIMPUR TEA ESTATE,Organized Estate,Dooars,Jalpaiguri,RAHIMPUR TEA CO LTD,MADAN MOHAN SHARMA,Kolkata,"Rm No. 5, 1st Floor, Rahimpur Tea Company, Karnani Estate, 209, AJC Bose Rd, Park Circus, Elgin, Kolkata, West Bengal 700017",03563-264553,slg_bansalte@sancharnet.com,125.6 Ha,46
300,TELEPARA TEA ESTATE,Organized Estate,Dooars,Jalpaiguri,EXIMPO TEA LIMITED,MR.P.K.AGARWAL,Kolkata,"Eximpo Tea Limited, 3b, Lal Bazar St, Murgighata, B.B.D. Bagh, Kolkata, West Bengal 700001",033 2248 4645,teleparateaestate@yahoo.com,714.5 Ha,2655
301,TOTAPARA TEA ESTATE,Organized Estate,Dooars,Jalpaiguri,NUDDEA PLANTATIONS LTD.,NUDDEA PLANTATIONS LTD.,Kolkata,"7E, Manjushree Plantations Limited, Neelambar Building, 28B, Shakespeare Sarani, Elgin, Kolkata, West Bengal 700017",033 2283 5660,-,378.1 Ha,2592
302,GIELLE TEA ESTATE,Organized Estate,Darjeeling Hills,Darjeeling,TEESTA VALLEY TEA CO LTD,TEESTA VALLEY TEA CO LTD,Kolkata,"Teesta Valley Tea Co. Ltd., 5 & 7, Netaji Subhas Road, Kolkata, West Bengal 700001",033 2248 8704,gielle@teestavalley.com,250.5 Ha,P-4
303,KUMAI TEA ESTATE,Organized Estate,Darjeeling Hills,Darjeeling,SNOWVIEW TEA COMPANY PVT LTD,MR. N SENGUPTA,Kolkata,"Star Tea Company Private Limited, 8/1, Lal Bazar St, Lal Bazar, Kolkata, West Bengal 700001",033 2230 0559,tpikum@gmail.com,313.6 Ha,2315
304,KUMLAI,Organized Estate,Darjeeling Hills,Darjeeling,THE KUMLAI TEA & IND. LTD.,MR. J.C.GHOSH,Kolkata,"Kumlai Tea & Industries Ltd, 1, Ganesh Chandra Ave, Mission Row Extension, Esplanade, Chowringhee North, Bow Barracks, Kolkata, West Bengal 700013",03562-221388,mgrkumlaitea@bsnl.in,403.1 Ha,A-3
305,LOPCHU TEA ESTATE,Organized Estate,Darjeeling Hills,Darjeeling,C.K.KANORIA ESQR &,C.K.KANORIA ESQR &,Kolkata,"S.Kakrania & Co., 10, Old Post Office St, B.B.D. Bagh, Kolkata, West Bengal 700001",033 2248 0725,lopchu@gmail.com,95.8 Ha,1
306,NAMRING,Organized Estate,Darjeeling Hills,Darjeeling,MONOJ PODDAR,O.P.JAIN,Kolkata,"Poddar Groups || Real Estate Promoter in Bansdroni, South Kolkata, P-109, Bansdroni Park, Ward Number 113, Kolkata, West Bengal 700070",070038 84269,hmpteaestate@gmail.com,448.3 Ha,2576
307,PESHOK TEA ESTATE,Organized Estate,Darjeeling Hills,Darjeeling,SHRI DEBABRATA MITRA,SHRI D.MITRA,Kolkata,"Dr. DEBABRATA MITRA, North City Hospital, C/O, Bagmari Rd, Kankurgachi, Kolkata, West Bengal 700054",9609701516,subnkr@gmail.com,314.7 Ha,2399
308,SAMABEONG TEA ESTATE,Organized Estate,Darjeeling Hills,Darjeeling,DARJEELING TRADING LTD.,MR. K.C.AGARWAL,Kolkata,"Darjeeling Tea Traders, 734003, Hill Cart Rd, beside biswadeep cinema hall, Ward 2, Pradhan Nagar, Siliguri, West Bengal 734003",096092 51901,tpisam@gmail.com,132.4 Ha,444
309,TUKDAH TEA ESTATE,Organized Estate,Darjeeling Hills,Darjeeling,B.D. TEA ESTATES PVT. LTD.,B.K. TIBREWAL,Kolkata,"Halmira Estate Tea Private Limited, 23, Pankaj Mullick Sarani, near st.lawrence school, Garcha, Ballygunge, Kolkata, West Bengal 700019",033 3502 5701,bdttukdahte@yahoo.com,261.7 Ha,F-8/4
310,KUCHLIBARI TEA ESTATE,Organized Estate,Cooch Behar,Cooch Behar,GOEL PLANTATIONS PVT. LTD,PRADEEP GOEL,Jalpaiguri,"RMH6+3X4 Damdim Tea Estate Factory, Amalgamated Plantations Pvt Ltd, Damdim Tea Garden, West Bengal 735209",03562242264,goelplantationspvtltd@gmail.co,160.0 Ha,3475
311,MAINAK HILLS TEA ESTATE,Organized Estate,Cooch Behar,Cooch Behar,T & I GLOBAL LTD,SAJJAN BAGARIA,Kolkata,"4-A, T & I Global Limited, Jassal House, No. 11, Auckland Pl, Kolkata, West Bengal 700017",033 2283 3613,mainak@tiglobal.com,274.0 Ha,3498
312,MOUPRIYA PLANTATION PVT LTD,Organized Estate,Cooch Behar,Cooch Behar,ASHIT KR.SARKAR,ASHIT KR. SARKAR,Siliguri,"ASHIT SARKAR, Santinagar Market, Siliguri Rd, Panjipara, West Bengal 733208",9775471460,-,16.5 Ha,3731
313,TINBIGHA TEA ESTATE,Organized Estate,Cooch Behar,Cooch Behar,0,0,Kolkata,-,9933038917,newtea@yahoo.com,159.4 Ha,3550
314,MAHALDERAM,Organized Estate,Darjeeling Hills / Terai,Darjeeling,JUTE & STORES LTD.,NIL,Kolkata,"Jute & Stores Ltd, 28/1, Shakespeare Sarani, Elgin, Kolkata, West Bengal 700017",9733045451,rungamattee.jung@gmail.com,67.9 Ha,173
315,MAJHERDABRI,Organized Estate,Dooars,Jalpaiguri,BINOD KR. AGARWAL,GIRIRAJ AGARWAL,Kolkata,"JF7G+HWW Binod kumar Agarwal, Action Area IIB, Reckjoani, West Bengal 700161",9002844384,majherdabri@rediffmail.com,382.3 Ha,175
316,MATHURA TEA ESTATE,Organized Estate,Dooars,Jalpaiguri,MCLEOD RUSSEL INDIA LIMITED,NIL,Kolkata,"Mcleod Russel India limited, Surendra Mohan Ghosh Sarani, 4, Mangoe Ln, Kolkata, West Bengal 700001",099030 96991,mathura@wmg.com,701.2 Ha,9
317,NIMTIJHORA TEA ESTATE,Organized Estate,Dooars,Jalpaiguri,KHAYERBARI TEA CO. LTD.,SHRI SHYAM SUNDAR GOYAL,Other / Unspecified,"K B Tea Product Pvt Limited, Chowdhury niwas, Milanpally, Saktigarh, Siliguri, West Bengal 734005",098320 20781,nimtijhoratea@gmail.com,396.1 Ha,730
318,PATKAPRA TEA ESTATE,Organized Estate,Dooars,Jalpaiguri,DOOARS PLANTATION &,DOOARS PLANTATION &,Kolkata,"4th Floor, Darjeeling Dooars Plantations Tea Limited, Nicco House, 2, Hare St, Above Canara Bank, B.B.D. Bagh, Kolkata, West Bengal 700001",033 2248 7908,patkaparatea@yahoo.com,470.6 Ha,976
319,MATIKUNDA TEA ESTATE,Organized Estate,Terai,Uttar Dinajpur,BIJLIMONI TEA & FINANCE LTD.,BIJLIMONI TEA & FINANCE LTD.,Kolkata,"H735+JF3 Bijalimoni Tea Estate, Paschim Madati, West Bengal 734426",9733230964,-,62.1 Ha,4168
320,PRAKASH CHANDRA TEA ESTATE,Organized Estate,Terai,Uttar Dinajpur,0,0,Siliguri,-,9800694839,-,11.6 Ha,4151
321,PROVA TEA ESTATE,Organized Estate,Terai,Uttar Dinajpur,540,0,Siliguri,"Siliguri, West Bengal",9679735361,-,24.8 Ha,3730
322,RIGHTEX TRADING (P) LTD.,Organized Estate,Terai,Uttar Dinajpur,RIGHTEX TRADING (P) LTD.,BIMAN DUTTA,Siliguri,"C9MM+52G Rightex Trading Pvt Ltd, Uttar Besarbari, West Bengal 733207",9733017325,-,23.2 Ha,4154
323,SOLODIGHI TEA ESTATE,Organized Estate,Terai,Uttar Dinajpur,TOPICAL TEA CO. PVT. LTD.,SHRI PRANAB KUMAR ADAK,Islampur,"TOPICAL TEA COMPANY PRIVATE LIMITED, Soldighi, Debijhora, Chopra, Bhagabati, West Bengal 733207",9832840250,acpranab@yahoo.co.in,39.7 Ha,3990
324,TULSIVITA TEA ESTATE,Organized Estate,Terai,Uttar Dinajpur,TULSIVIA AGRO FAM,SHRI SWAPAN DAS & CHANDAN,Islampur,"Islampur, West Bengal",09775935169,das.swapan65@yahoo.com,40.8 Ha,4155
325,TEA & INDUSTRIES LTD.) ARYAMAN TEA ESTATE(UNIT OF JAYSHREE TEA & INDUSTRIES LTD.),Bought Leaf Factory (BLF),Dooars,Jalpaiguri,TEA & INDUSTRIES LTD.) ARYAMAN TEA ESTATE(UNIT OF JAYSHREE TEA & INDUSTRIES LTD.),-,Siliguri,"Jalpaiguri, West Bengal",-,-,BLF Processing,"ARYAMAN SPECIAL, ARYAMAN CLONAL, ARYAMAN SPECIAL 1"
326,ARYAN TEA PLANTATIONS PVT. LTD. ARYAN TEA PLANTATIONS PVT. LTD.,Bought Leaf Factory (BLF),Dooars,Jalpaiguri,ARYAN TEA PLANTATIONS PVT. LTD. ARYAN TEA PLANTATIONS PVT. LTD.,-,Siliguri,"Jalpaiguri, West Bengal",-,-,BLF Processing,"MAZHABARI,DURGABARI ATAL TEA CO(1943) LTD. ATAL TE"
327,"MAZHABARI,DURGABARI ATAL TEA CO(1943) LTD. ATAL TEA FACTORY & ESTATE",Bought Leaf Factory (BLF),Dooars,Jalpaiguri,"MAZHABARI,DURGABARI ATAL TEA CO(1943) LTD. ATAL TEA FACTORY & ESTATE",-,Siliguri,"Jalpaiguri, West Bengal",-,-,BLF Processing,ATAL AYAN TEA INDUSTRIESAYAN TEA FACTORY & STGS WE
328,ATAL AYAN TEA INDUSTRIESAYAN TEA FACTORY & STGS,Bought Leaf Factory (BLF),Dooars,Jalpaiguri,ATAL AYAN TEA INDUSTRIESAYAN TEA FACTORY & STGS,-,Siliguri,"Jalpaiguri, West Bengal",-,-,BLF Processing,"AYAN GOLD, PAROMITA, ANWESHA AMALGAMATED"
329,Ltd. B N Bhowmick Tea Processing Pvt. Ltd.,Bought Leaf Factory (BLF),Dooars,Jalpaiguri,Ltd. B N Bhowmick Tea Processing Pvt. Ltd.,-,Siliguri,"Jalpaiguri, West Bengal",-,-,BLF Processing,"KOPAI, KOPAI XCLUSIVE BAIKUNTHPUR TEA MFG CO PVT L"
330,BAIKUNTHPUR TEA MFG CO PVT LTD BHATURBARI,Bought Leaf Factory (BLF),Terai,Darjeeling,BAIKUNTHPUR TEA MFG CO PVT LTD BHATURBARI,-,Siliguri,"Darjeeling, West Bengal",-,-,BLF Processing,"ANJANI GOLD,RAAGINI GOLD,BHATURBARI BALASON TEA CO"
331,BROJENDRA PLANTATION PVT LTD BROJENDRA PLANTATION PVT LTD,Bought Leaf Factory (BLF),Dooars,Jalpaiguri,BROJENDRA PLANTATION PVT LTD BROJENDRA PLANTATION PVT LTD,-,Siliguri,"Jalpaiguri, West Bengal",-,-,BLF Processing,"RANGEET PREMIUM, RANGEET ROYAL, RANGEET, RANGEET V"
332,CACHAR KING PLANTATIONS PVT. LTD. CACHAR KING BLF & STG,Bought Leaf Factory (BLF),Dooars,Jalpaiguri,CACHAR KING PLANTATIONS PVT. LTD. CACHAR KING BLF & STG,-,Siliguri,"Jalpaiguri, West Bengal",-,-,BLF Processing,"CACHAR KING DIAMOND, CACHAR KING PREMIUM, CACHAR K"
333,DARSHANANAND HOLDINGS PVT.LIMITED BAJRANG TEA FACTORY,Bought Leaf Factory (BLF),Dooars,Jalpaiguri,DARSHANANAND HOLDINGS PVT.LIMITED BAJRANG TEA FACTORY,-,Siliguri,"Jalpaiguri, West Bengal",-,-,BLF Processing,"KAMAKSHI, CHITALGHATA DASPARA TEA ESTATE PVT.LTD"
334,DASPARA TEA ESTATE PVT.LTD DASPARA TEA ESTATE PVT.LTD,Bought Leaf Factory (BLF),Dooars,Jalpaiguri,DASPARA TEA ESTATE PVT.LTD DASPARA TEA ESTATE PVT.LTD,-,Siliguri,"Jalpaiguri, West Bengal",-,-,BLF Processing,"DASPARA, DEVSAR, KALIGHAT DOOARS PLANTATIONS & IND"
335,DOOARS PLANTATIONS & INDS. LTD PATKAPARA TEA ESTATE FACTORY,Bought Leaf Factory (BLF),Dooars,Jalpaiguri,DOOARS PLANTATIONS & INDS. LTD PATKAPARA TEA ESTATE FACTORY,-,Siliguri,"Jalpaiguri, West Bengal",-,-,BLF Processing,"PATKAPARA (GOLD), PATKAPARA Duke Tea Pvt. Ltd.DUKE"
336,ESSEL FUNDS MANAGEMENT PVT LTD ESSEL FUNDS MANAGEMENT PVT LTD,Bought Leaf Factory (BLF),Dooars,Jalpaiguri,ESSEL FUNDS MANAGEMENT PVT LTD ESSEL FUNDS MANAGEMENT PVT LTD,-,Siliguri,"Jalpaiguri, West Bengal",-,-,BLF Processing,"DHUMCHIBARI,SWASTIKA,SHREE KRISHNA DIAMOND, SHREE"
337,EVERGREEN DOOARS TEA PVT LTD EVERGREEN DOOARS TEA PVT LTD,Bought Leaf Factory (BLF),Dooars,Jalpaiguri,EVERGREEN DOOARS TEA PVT LTD EVERGREEN DOOARS TEA PVT LTD,-,Siliguri,"Jalpaiguri, West Bengal",-,-,BLF Processing,"BAGANBAHAR, BAGANBAHAR DIAMOND, BAGANBAHAR GOLD, B"
338,GOPE TEA PLANTATION PVT LTD GOPE TEA ESTATE,Bought Leaf Factory (BLF),Dooars,Jalpaiguri,GOPE TEA PLANTATION PVT LTD GOPE TEA ESTATE,-,Siliguri,"Jalpaiguri, West Bengal",-,-,BLF Processing,"GOPE, GOPE SUPREME GOODRICKE GROUP LIMITED"
339,HIGHLAND EXIM PVT LTDHIGHLAND EXIM FACTORY & STG,Bought Leaf Factory (BLF),Dooars,Jalpaiguri,HIGHLAND EXIM PVT LTDHIGHLAND EXIM FACTORY & STG,-,Siliguri,"Jalpaiguri, West Bengal",-,-,BLF Processing,"AMONI, BIRA YELLOW, KESTOPUR HIMALAYAN TEA & AGRO "
340,JAGSHAKTI TEA & AGRO PVT LTD JAGSHAKTI FACTORY & STG,Bought Leaf Factory (BLF),Dooars,Jalpaiguri,JAGSHAKTI TEA & AGRO PVT LTD JAGSHAKTI FACTORY & STG,-,Siliguri,"Jalpaiguri, West Bengal",-,-,BLF Processing,"DHARLA PREMIUM, MOKRARI GOLD, DHARLA, MOKRARI, JAI"
341,JAI SHANKAR TEA CO. PVT. LTD JAI SHANKAR TEA CO. PVT. LTD,Bought Leaf Factory (BLF),Dooars,Jalpaiguri,JAI SHANKAR TEA CO. PVT. LTD JAI SHANKAR TEA CO. PVT. LTD,-,Jalpaiguri,"Jalpaiguri, West Bengal",-,-,BLF Processing,"SONIBARI, KAILASH GOLD, AVIRAM GOLD, KAILASH TEA J"
342,COMPANY PRIVATE LIMITED JATINDRA MOHAN TEA COMPANY PVT LTD,Bought Leaf Factory (BLF),Dooars,Jalpaiguri,COMPANY PRIVATE LIMITED JATINDRA MOHAN TEA COMPANY PVT LTD,-,Siliguri,"Jalpaiguri, West Bengal",-,-,BLF Processing,"JATINDRA MOHAN GOLD, JATINDRA MOHAN TEA JAYSHREE T"
343,PVT LTD KAILASHGIRI CONSULTANT PVT LTD FACTORY & STG,Bought Leaf Factory (BLF),Dooars,Jalpaiguri,PVT LTD KAILASHGIRI CONSULTANT PVT LTD FACTORY & STG,-,Siliguri,"Jalpaiguri, West Bengal",-,-,BLF Processing,"KAILASHGIRI, KAILASHGIRI GOLD, KAILASHGIRI DIAMOND"
344,PVT. LTD. KALINAGAR TEA & AGRO CO. PVT. LTD.,Bought Leaf Factory (BLF),Dooars,Jalpaiguri,PVT. LTD. KALINAGAR TEA & AGRO CO. PVT. LTD.,-,Siliguri,"Jalpaiguri, West Bengal",-,-,BLF Processing,"SONAAJULI, VEERPRIDE, KALIAPANI, KANAK KARJEEPARA "
345,"SONAAJULI, VEERPRIDE, KALIAPANI, KANAK KARJEEPARA TEA FACTORYKARJEEPARA TEA FACTORY",Bought Leaf Factory (BLF),Dooars,Jalpaiguri,"SONAAJULI, VEERPRIDE, KALIAPANI, KANAK KARJEEPARA TEA FACTORYKARJEEPARA TEA FACTORY",-,Siliguri,"Jalpaiguri, West Bengal",-,-,BLF Processing,"PADMABARI, PADMABARI GOLD, KARJEEPARA, SANKALP KAT"
346,LIMITED KATYANI BEVERAGES AND AGRO PRODUCTS FACTORY,Bought Leaf Factory (BLF),Dooars,Jalpaiguri,LIMITED KATYANI BEVERAGES AND AGRO PRODUCTS FACTORY,-,Siliguri,"Jalpaiguri, West Bengal",-,-,BLF Processing,"BAIKANTHAPUR ROYAL, BAIKANTHAPUR,BAIKANTHAPUR SPEC"
347,KAYAN AGRO INDUSTRIES & CO. PVT. LTD. KAYAN TEA FACTORY & STG,Bought Leaf Factory (BLF),Dooars,Jalpaiguri,KAYAN AGRO INDUSTRIES & CO. PVT. LTD. KAYAN TEA FACTORY & STG,-,Siliguri,"Jalpaiguri, West Bengal",-,-,BLF Processing,"SRIROYAL, MADHOBARI, HEEMALIPUR, NIPONBARI, KHARIB"
348,KUKURJAN TEA PROCESSING PVT LTD KUKURJAN TEA FACTORY,Bought Leaf Factory (BLF),Dooars,Jalpaiguri,KUKURJAN TEA PROCESSING PVT LTD KUKURJAN TEA FACTORY,-,Siliguri,"Jalpaiguri, West Bengal",-,-,BLF Processing,"NIRANJANA, NIRANJANA ROYAL, KAMATHBARI DAMROO ROYA"
349,TEA & INDUSTRIES LTD.) KUMARIKA TEA PROJECT(UNIT OF JAYSHREE TEA & INDUSTRIES LTD.),Bought Leaf Factory (BLF),Dooars,Jalpaiguri,TEA & INDUSTRIES LTD.) KUMARIKA TEA PROJECT(UNIT OF JAYSHREE TEA & INDUSTRIES LTD.),-,Siliguri,"Jalpaiguri, West Bengal",-,-,BLF Processing,"KUMARIKA SPECIAL, KUMARIKA SPECIAL-1, KUMARIKA ROY"
350,"KUMARIKA GOLD, KUMARIKA CLONAL, KUMARIKA CLONAL -1 , LUXMI TEA CO. PVT. LTDFULBARI TEA ESTATE",Bought Leaf Factory (BLF),Dooars,Jalpaiguri,"KUMARIKA GOLD, KUMARIKA CLONAL, KUMARIKA CLONAL -1 , LUXMI TEA CO. PVT. LTDFULBARI TEA ESTATE",-,Siliguri,"Jalpaiguri, West Bengal",-,-,BLF Processing,FULBARI HIGH GROWN M/S HIMALAYAN TEA & AGRO PVT. L
351,PLANTATION PVT. LTD M/S NEW LEAF TEA PLANTATION PVT. LTD,Bought Leaf Factory (BLF),Dooars,Jalpaiguri,PLANTATION PVT. LTD M/S NEW LEAF TEA PLANTATION PVT. LTD,-,Siliguri,"Jalpaiguri, West Bengal",-,-,BLF Processing,"KABINI, NOYYAL, KABINI VALUE, NOYYAL VALUE, KABINI"
352,MALHATI TEA & INDUSTRIES LIMITED. JOGES CHANDRA TEA ESTATE,Bought Leaf Factory (BLF),Dooars,Jalpaiguri,MALHATI TEA & INDUSTRIES LIMITED. JOGES CHANDRA TEA ESTATE,-,Siliguri,"Jalpaiguri, West Bengal",-,-,BLF Processing,"JOGES CHANDRA, JOGES CHANDRA GOLD MANJUSHREE TEA C"
353,"JOGES CHANDRA, JOGES CHANDRA GOLD MANJUSHREE TEA COMPANYMANJUSHREE TEA COMPANY",Bought Leaf Factory (BLF),Dooars,Jalpaiguri,"JOGES CHANDRA, JOGES CHANDRA GOLD MANJUSHREE TEA COMPANYMANJUSHREE TEA COMPANY",-,Siliguri,"Jalpaiguri, West Bengal",-,-,BLF Processing,"MALAPARA SUPREME, MALAPARA GOLD, MALAPARA DIAMOND "
354,"MALAPARA SUPREME, MALAPARA GOLD, MALAPARA DIAMOND MANSARAVOR TEA PVT LTDMANSARAVOR TEA PVT LTD",Bought Leaf Factory (BLF),Dooars,Jalpaiguri,"MALAPARA SUPREME, MALAPARA GOLD, MALAPARA DIAMOND MANSARAVOR TEA PVT LTDMANSARAVOR TEA PVT LTD",-,Siliguri,"Jalpaiguri, West Bengal",-,-,BLF Processing,"GUYABARI, GUYABARI GOLD, BANDHU NAGAR MARS TEA I N"
355,"GUYABARI, GUYABARI GOLD, BANDHU NAGAR MARS TEA I NDIA PVT LTDMARS TEA I NDIA PVT LTD",Bought Leaf Factory (BLF),Dooars,Jalpaiguri,"GUYABARI, GUYABARI GOLD, BANDHU NAGAR MARS TEA I NDIA PVT LTDMARS TEA I NDIA PVT LTD",-,Siliguri,"Jalpaiguri, West Bengal",-,-,BLF Processing,"JEEVANMOTI,JEEVANMOTI VALUE,TAPTI,TAPTI VALUE,SARA"
356,"VALUE,TAPTI,TAPTI VALUE,SARAMATI, SARAMATI MINU TEA INDUSTRIES MINU TEA FACTORY & STG",Bought Leaf Factory (BLF),Dooars,Jalpaiguri,"VALUE,TAPTI,TAPTI VALUE,SARAMATI, SARAMATI MINU TEA INDUSTRIES MINU TEA FACTORY & STG",-,Siliguri,"Jalpaiguri, West Bengal",-,-,BLF Processing,"MINU GOLD, MINU TEA"
357,PROCESSING PVT. LTD NAVBHARAT TEA PROCESSING PVT. LTD,Bought Leaf Factory (BLF),Dooars,Jalpaiguri,PROCESSING PVT. LTD NAVBHARAT TEA PROCESSING PVT. LTD,-,Siliguri,"Jalpaiguri, West Bengal",-,-,BLF Processing,"AAMBAGH, LICHUGURI NEELKANTH TEA COMPANY LTD."
358,NITYANANDA AGRO COMPANY LTD. NITYANANDA AGRO CO. LTD.,Bought Leaf Factory (BLF),Terai,Uttar Dinajpur,NITYANANDA AGRO COMPANY LTD. NITYANANDA AGRO CO. LTD.,-,Siliguri,"Uttar Dinajpur, West Bengal",-,-,BLF Processing,"ASMI, ASMI GOLD NORTH DINAJPUR TEA AGRO PVT. LTD. "
359,PVT. LTD. - NORTH DINAJPUR TEA AGRO BLF & STG,Bought Leaf Factory (BLF),Terai,Uttar Dinajpur,PVT. LTD. - NORTH DINAJPUR TEA AGRO BLF & STG,-,Siliguri,"Uttar Dinajpur, West Bengal",-,-,BLF Processing,"North Dinajpur, Double Elephant, Shera, Suryamukhi"
360,NOUVELLE TEA PVT. LTD.NOUVELLE TEA PVT. LTD.,Bought Leaf Factory (BLF),Dooars,Jalpaiguri,NOUVELLE TEA PVT. LTD.NOUVELLE TEA PVT. LTD.,-,Siliguri,"Jalpaiguri, West Bengal",-,-,BLF Processing,"KUMARPARA ROYAL, KUMARPARA, KUMARPARA GOLD, KUMARP"
361,NPS COLD STORAGE PVT. LTD. NPS COLD STORAGE PVT. LTD.,Bought Leaf Factory (BLF),Dooars,Jalpaiguri,NPS COLD STORAGE PVT. LTD. NPS COLD STORAGE PVT. LTD.,-,Siliguri,"Jalpaiguri, West Bengal",-,-,BLF Processing,"MOODHUBARI SPECIAL, MOODHUBARI, ASSHABARI P.B. GHO"
362,FACTORY P.B. GHOSH & SONS TEA FACTORY & STG,Bought Leaf Factory (BLF),Dooars,Jalpaiguri,FACTORY P.B. GHOSH & SONS TEA FACTORY & STG,-,Siliguri,"Jalpaiguri, West Bengal",-,-,BLF Processing,"RANIRHAT, KALIRHAT, DHAULAGIRI, PAHARPUR, SAGARDIG"
363,PHULJHORA AGRO PLANTATION PVT. LTD INDIRA TEA FACTORY,Bought Leaf Factory (BLF),Dooars,Jalpaiguri,PHULJHORA AGRO PLANTATION PVT. LTD INDIRA TEA FACTORY,-,Siliguri,"Jalpaiguri, West Bengal",-,-,BLF Processing,"GAJOLDOBA NATURAL, INDIRA PREMIUM, INDIRA GOLD, PI"
364,PIONEER TEA AND EXPORTS LTD. PIONEER TEA & EXPORTS LTD.,Bought Leaf Factory (BLF),Dooars,Jalpaiguri,PIONEER TEA AND EXPORTS LTD. PIONEER TEA & EXPORTS LTD.,-,Siliguri,"Jalpaiguri, West Bengal",-,-,BLF Processing,"PIONEER,AMRIT ROYAL, ANUBHUTI, SAFRON VALLEY, PPS "
365,PROCESSING PVT. LTD SANYASIHAT TEA PROCESSING PVT. LTD,Bought Leaf Factory (BLF),Dooars,Jalpaiguri,PROCESSING PVT. LTD SANYASIHAT TEA PROCESSING PVT. LTD,-,Siliguri,"Jalpaiguri, West Bengal",-,-,BLF Processing,"SANYASIHAT, SANYASIHAT VALUE, AMBATULLI, AMBATULLI"
366,SARODAMONI TEA CO. PVT LTD SARODAMONI TEA CO. PVT LTD,Bought Leaf Factory (BLF),Dooars,Jalpaiguri,SARODAMONI TEA CO. PVT LTD SARODAMONI TEA CO. PVT LTD,-,Siliguri,"Jalpaiguri, West Bengal",-,-,BLF Processing,"SARODAMONI, SARODAMONI VALUE, MANJIRA, MANJIRA VAL"
367,"MANJIRA ROYAL, SARODAMONI PREMIUM, MANJIRA PREMIUM SENCHAL AGRO PVT. LTDSENCHAL TEA FACTORY & STG",Bought Leaf Factory (BLF),Dooars,Jalpaiguri,"MANJIRA ROYAL, SARODAMONI PREMIUM, MANJIRA PREMIUM SENCHAL AGRO PVT. LTDSENCHAL TEA FACTORY & STG",-,Siliguri,"Jalpaiguri, West Bengal",-,-,BLF Processing,"SENCHAL GOLD ,SENCHAL, SUNNY VALLEY, SINGHA, SVARN"
368,AND MFG PVT LTD SHAKTI TEA PROCESSORS & MFG PVT LTD,Bought Leaf Factory (BLF),Dooars,Jalpaiguri,AND MFG PVT LTD SHAKTI TEA PROCESSORS & MFG PVT LTD,-,Siliguri,"Jalpaiguri, West Bengal",-,-,BLF Processing,"SHAKTI SUPREME, SHAKTI DIAMOND, SHIV ROYAL, SHIV S"
369,SHREE GANAPATI TEA P. LTDSHREE GANAPATI TEA P. LTD,Bought Leaf Factory (BLF),Dooars,Jalpaiguri,SHREE GANAPATI TEA P. LTDSHREE GANAPATI TEA P. LTD,-,Siliguri,"Jalpaiguri, West Bengal",-,-,BLF Processing,"SHREE GANAPATI, VARUN GOLD, SIDDHI VINAYAK, JAI HA"
370,INDUSTRIES PRIVATE LIMITED SHRI BANSI BEHARIJI TEA INDUSTRIES PRIVATE LIMITED,Bought Leaf Factory (BLF),Dooars,Jalpaiguri,INDUSTRIES PRIVATE LIMITED SHRI BANSI BEHARIJI TEA INDUSTRIES PRIVATE LIMITED,-,Siliguri,"Jalpaiguri, West Bengal",-,-,BLF Processing,"DWARIKA GOLD, RADHABARI GOLD, DWARIKA ROYAL, BANSU"
371,"GOLD, DWARIKA ROYAL, BANSURI ROYAL SONDEEP TEA PVT. LTD.SONDEEP TEA FACTORY & STG",Bought Leaf Factory (BLF),Dooars,Jalpaiguri,"GOLD, DWARIKA ROYAL, BANSURI ROYAL SONDEEP TEA PVT. LTD.SONDEEP TEA FACTORY & STG",-,Siliguri,"Jalpaiguri, West Bengal",-,-,BLF Processing,"SWAPNA GOLD, SHREYA GOLD, SONDEEP SRIKRISHNAPUR TE"
372,SRIKRISHNAPUR TEA CO.PVT LTD SRIKRISHNAPUR FACTORY & STG,Bought Leaf Factory (BLF),Dooars,Jalpaiguri,SRIKRISHNAPUR TEA CO.PVT LTD SRIKRISHNAPUR FACTORY & STG,-,Siliguri,"Jalpaiguri, West Bengal",-,-,BLF Processing,"SRIKRISHNA, SRIKRISHNASUPREME SUMAN MANUFACTURING"
373,WORKS LTD. SUMAN MANUFACTURING WORKS LTD.,Bought Leaf Factory (BLF),Dooars,Jalpaiguri,WORKS LTD. SUMAN MANUFACTURING WORKS LTD.,-,Siliguri,"Jalpaiguri, West Bengal",-,-,BLF Processing,"GAGANBARI PREMIUM, MUDIPARA, MUDIPARA VALUE, GAGAN"
374,SWARNALAXMI MERCANTILE P. LTD SWARNALAXMI MERCANTILE P. LTD,Bought Leaf Factory (BLF),Dooars,Jalpaiguri,SWARNALAXMI MERCANTILE P. LTD SWARNALAXMI MERCANTILE P. LTD,-,Siliguri,"Jalpaiguri, West Bengal",-,-,BLF Processing,"JOTIYAKALI, JOTIYAKALI GOLD TEESTA TEA CO.PVT.LTD."
375,"JOTIYAKALI, JOTIYAKALI GOLD TEESTA TEA CO.PVT.LTD.TEESTA TEA CO.PVT.LTD.",Bought Leaf Factory (BLF),Dooars,Jalpaiguri,"JOTIYAKALI, JOTIYAKALI GOLD TEESTA TEA CO.PVT.LTD.TEESTA TEA CO.PVT.LTD.",-,Siliguri,"Jalpaiguri, West Bengal",-,-,BLF Processing,"PANBARI ROYAL, PANBARI GOLD, PANBARI, KALAMATI GOL"
376,UNIQUE TEA BORN PRIVATE LIMITED UNIQUE TEA BORN PRIVATE LIMITED,Bought Leaf Factory (BLF),Dooars,Jalpaiguri,UNIQUE TEA BORN PRIVATE LIMITED UNIQUE TEA BORN PRIVATE LIMITED,-,Siliguri,"Jalpaiguri, West Bengal",-,-,BLF Processing,"TEA BORN, DEB NAGAR UTTORAYON TEA INDUSTRIES PVT. "
377,PVT. LTD UTTORAYON BOUGHT LEAF FACTORY & STG,Bought Leaf Factory (BLF),Dooars,Jalpaiguri,PVT. LTD UTTORAYON BOUGHT LEAF FACTORY & STG,-,Siliguri,"Jalpaiguri, West Bengal",-,-,BLF Processing,"MOHINIPUR, HARSINGPUR, MAHAVIR, UTI BLACK VITCO TE"
378,"MOHINIPUR, HARSINGPUR, MAHAVIR, UTI BLACK VITCO TEA & ALLIED P. LTD.VITCO TEA FACTORY & STG",Bought Leaf Factory (BLF),Dooars,Jalpaiguri,"MOHINIPUR, HARSINGPUR, MAHAVIR, UTI BLACK VITCO TEA & ALLIED P. LTD.VITCO TEA FACTORY & STG",-,Siliguri,"Jalpaiguri, West Bengal",-,-,BLF Processing,"BAGHPOOKRIE, VITCO GOLD, BAGHPOOKRIE PREMIUM, SEVA"
379,PLANTATIONS PVT LTD VRINDABAN TEA & PLANTATIONS PVT LTD,Bought Leaf Factory (BLF),Dooars,Jalpaiguri,PLANTATIONS PVT LTD VRINDABAN TEA & PLANTATIONS PVT LTD,-,Siliguri,"Jalpaiguri, West Bengal",-,-,BLF Processing,"KAIRA SUPREME, SONA PREMIUM, PARVATI GOLD KASTURI "
380,"KAIRA SUPREME, SONA PREMIUM, PARVATI GOLD KASTURI TEA PLANTATIONKASTURI TEA PLANTATION",Bought Leaf Factory (BLF),Dooars,Jalpaiguri,"KAIRA SUPREME, SONA PREMIUM, PARVATI GOLD KASTURI TEA PLANTATIONKASTURI TEA PLANTATION",-,Siliguri,"Jalpaiguri, West Bengal",-,-,BLF Processing,"AAMTOLA, TIPKAI P. D. BAJORIA & SONS TEA COMPANY P"
381,COMPANY PVT. LTD. P. D. BAJORIA & SONS TEA COMPANY PVT. LTD.,Bought Leaf Factory (BLF),Dooars,Jalpaiguri,COMPANY PVT. LTD. P. D. BAJORIA & SONS TEA COMPANY PVT. LTD.,-,Siliguri,"Jalpaiguri, West Bengal",-,-,BLF Processing,MANVI RUCHI AGRO PRODUCTS PVT.LTD.
382,RUCHI AGRO PRODUCTS PVT.LTD. RUCHI AGRO PRODUCTS PVT.LTD.,Bought Leaf Factory (BLF),Dooars,Jalpaiguri,RUCHI AGRO PRODUCTS PVT.LTD. RUCHI AGRO PRODUCTS PVT.LTD.,-,Siliguri,"Jalpaiguri, West Bengal",-,-,BLF Processing,"SAAWARIYA, BANSIBARI Tea Tops India Tea Factory(Sa"
383,Factory(Sanjivini Tea Company Pvt. Ltd) Tea Tops India Tea Factory,Bought Leaf Factory (BLF),Dooars,Jalpaiguri,Factory(Sanjivini Tea Company Pvt. Ltd) Tea Tops India Tea Factory,-,Siliguri,"Jalpaiguri, West Bengal",-,-,BLF Processing,"Praakritik, Sathkhamar MURLIDHAR TEA INDUSTRIESMUR"
384,"Praakritik, Sathkhamar MURLIDHAR TEA INDUSTRIESMURLIDHAR TEA INDUSTRIES",Bought Leaf Factory (BLF),Dooars,Jalpaiguri,"Praakritik, Sathkhamar MURLIDHAR TEA INDUSTRIESMURLIDHAR TEA INDUSTRIES",-,Siliguri,"Jalpaiguri, West Bengal",-,-,BLF Processing,"KUMODPARA, URJAA, URJAA GOLD, URJAA ROYAL KUNJ BIH"
385,KUNJ BIHARI GOLD LEAF INDUSTRIES PRIVATE LIMITED KUNJ BIHARI TEA FACTORY,Bought Leaf Factory (BLF),Dooars,Jalpaiguri,KUNJ BIHARI GOLD LEAF INDUSTRIES PRIVATE LIMITED KUNJ BIHARI TEA FACTORY,-,Siliguri,"Jalpaiguri, West Bengal",-,-,BLF Processing,"AASHVI GOLD, CHIKUPARA, PRAANVI GOLD, AASHVI GOLD "
386,PRIVATE LIMITED WISHGREEN INDUSTRIES PRIVATE LIMITED,Bought Leaf Factory (BLF),Dooars,Jalpaiguri,PRIVATE LIMITED WISHGREEN INDUSTRIES PRIVATE LIMITED,-,Siliguri,"Jalpaiguri, West Bengal",-,-,BLF Processing,"TULSIBARI GOLD, TULSIBARI ROYAL, TULSIBARI SUPREME"
387,Dollancha Tea Industries(P) Ltd Dollancha Tea Industries(P) Ltd,Bought Leaf Factory (BLF),Dooars,Jalpaiguri,Dollancha Tea Industries(P) Ltd Dollancha Tea Industries(P) Ltd,-,Siliguri,"Jalpaiguri, West Bengal",-,-,BLF Processing,"DOLLANCHA, DOLLANCHA GOLD, GUNABARI SUGANDH TEA PV"
388,"DOLLANCHA, DOLLANCHA GOLD, GUNABARI SUGANDH TEA PVT. LTDSUGANDH TEA PVT. LTD",Bought Leaf Factory (BLF),Dooars,Jalpaiguri,"DOLLANCHA, DOLLANCHA GOLD, GUNABARI SUGANDH TEA PVT. LTDSUGANDH TEA PVT. LTD",-,Siliguri,"Jalpaiguri, West Bengal",-,-,BLF Processing,"CHECHAPARA GOLD, CHECHAPARA, AURA, AURA PREMIUM, A"
389,BARABARI TEA AND ALLIED PVT LTD BARABARI TEA AND ALLIED PVT LTD,Bought Leaf Factory (BLF),Dooars,Jalpaiguri,BARABARI TEA AND ALLIED PVT LTD BARABARI TEA AND ALLIED PVT LTD,-,Siliguri,"Jalpaiguri, West Bengal",-,-,BLF Processing,"SURESHWARA, SURESHWARA SUPREME, SURESHWARA GARDEN "
390,"SURESHWARA, SURESHWARA SUPREME, SURESHWARA GARDEN EVERGREEN TEA GROUPKUNTA AGRO PVT. LTD",Bought Leaf Factory (BLF),Dooars,Jalpaiguri,"SURESHWARA, SURESHWARA SUPREME, SURESHWARA GARDEN EVERGREEN TEA GROUPKUNTA AGRO PVT. LTD",-,Siliguri,"Jalpaiguri, West Bengal",-,-,BLF Processing,"VAATSALYA DIAMOND, VAATSALYA GOLD, VAATSALYA, KARU"
391,ROYBARI TEA COMPANY PVT. LTD. ROYBARI TEA COMPANY PVT. LTD.,Bought Leaf Factory (BLF),Dooars,Jalpaiguri,ROYBARI TEA COMPANY PVT. LTD. ROYBARI TEA COMPANY PVT. LTD.,-,Siliguri,"Jalpaiguri, West Bengal",-,-,BLF Processing,"HAPPY ROYAL, ROYBARI GOLD, ROYBARI Lakhipur Tea & "
392,"HAPPY ROYAL, ROYBARI GOLD, ROYBARI Lakhipur Tea & Agro Pvt. Ltd.Lakhipur Tea & Agro Pvt. Ltd.",Bought Leaf Factory (BLF),Dooars,Jalpaiguri,"HAPPY ROYAL, ROYBARI GOLD, ROYBARI Lakhipur Tea & Agro Pvt. Ltd.Lakhipur Tea & Agro Pvt. Ltd.",-,Siliguri,"Jalpaiguri, West Bengal",-,-,BLF Processing,"Lakhipur Premium, Lakhipur Estate, Lakhipur, Lakhi"
393,SATABDI TEA PROCESSING (P) LTD SATABDI TEA PROCESSING (P) LTD,Bought Leaf Factory (BLF),Dooars,Jalpaiguri,SATABDI TEA PROCESSING (P) LTD SATABDI TEA PROCESSING (P) LTD,-,Siliguri,"Jalpaiguri, West Bengal",-,-,BLF Processing,"SATABDI GOLD, SATABDI ROYAL, TALMA TEA, SATABDI TE"
394,MANUFACTURER PVT. LTD. PARSURAM TEA MANUFACTURER PVT. LTD.,Bought Leaf Factory (BLF),Dooars,Jalpaiguri,MANUFACTURER PVT. LTD. PARSURAM TEA MANUFACTURER PVT. LTD.,-,Siliguri,"Jalpaiguri, West Bengal",-,-,BLF Processing,"Parsuram Diamond , Parsuram Premium, Parasmani Eve"
395,Evergreen Tea Group RAHAMAN AGRO PLANTATION (P) LTD,Bought Leaf Factory (BLF),Dooars,Jalpaiguri,Evergreen Tea Group RAHAMAN AGRO PLANTATION (P) LTD,-,Siliguri,"Jalpaiguri, West Bengal",-,-,BLF Processing,"HEER NANDINI DIAMOND, HEER NANDINI GOLD, HEERNANDI"
396,"WARREN TEA LIMITEDTARA TEA ESTATEASSAMTARA WELCOME TEA COMPANY WELCOME TEA COMPANY-SHGASSAMKAIZEN, WELLCOME, KAILYN",Bought Leaf Factory (BLF),Dooars,Jalpaiguri,"WARREN TEA LIMITEDTARA TEA ESTATEASSAMTARA WELCOME TEA COMPANY WELCOME TEA COMPANY-SHGASSAMKAIZEN, WELLCOME, KAILYN",-,Siliguri,"Jalpaiguri, West Bengal",-,-,BLF Processing,MANUFACTURING PVT. LTD TIOK TEA ESTATE & STGASSAM 
