Serial,Garden Name,Reg No,Region,District,Subdivision,Company Status,Grant Area (Ha),Tea Area (Ha),Association,Estate Address,Estate Phone,Estate Email,Owner Entity,Directory Owner Address,Directory Owner Phone,Directory Owner Email,CEO Name,CEO Phone,CEO Email,HQ City,Scraped HQ Name,Scraped HQ Address,Scraped HQ PIN Code,Scraped HQ Phone,Scraped HQ Website,Latitude,Longitude,Place ID,Google Maps URL,HQ Match Status
1,"AIBHEEL TEA GARDEN","B-81","Dooars","JALPAIGURI","MATELLI","Public Ltd Co",1508.1,827.84,"ITA","P.O. MATELLI,DIST.JALPAIGURI735223, -","03561282956","aib@goodricke.com","GOODRICKE GROUP LIMITED","CAMELLIA, HOUSE,14,GURUSADAY, ROAD,KOLKATA19","03322873969","goodricke@goodricke.com","MR.A.N.SINGH","990300999","goodricke@goodricke.com","Kolkata","Goodricke Group Limited","Goodricke Group Limited, 14, Gurusaday Dutta Rd, Beck Bagan, Ballygunge, Kolkata, West Bengal 700019","700019","033 2287 3067","https://www.goodricketea.com/",22.5353048,88.36169489999999,"ChIJ7V-kwCB3AjoRm_bV8GLZkww","https://maps.google.com/maps/preview/place/Goodricke+Group+Limited,+14,+Gurusaday+Dutta+Rd,+Beck+Bagan,+Ballygunge,+Kolkata,+West+Bengal+700019/@22.5353048,88.3616949,3685a,13.1y/data=!4m2!3m1!1s0x3a027720c0a45fed:0xc93d962f0d5f69b","matched"
2,"ANANDAPUR TEA ESTATE","52","Dooars","JALPAIGURI","MATELLI","Public Ltd Co",631.7,402.25,"ITA","P.O : ANANDAPUR, DIST.JALPAIGURI, WEST BENGAL.","03562-200253","anandapurteaestate@yahoo.com","NEW CHUMTA TEA CO. LTD","MCLEOD HOUSE 3, N.S.ROAD, KOLKATA-700001","033-22489161","mail@ntcl.in","MR. H.K.SHARMA","033-22489161","mail@ntcl.in","Kolkata","New Chumta Tea","New Chumta Tea, New Chumta Tea garden PO - New Chumta PS - Matigara, Siliguri, West Bengal 734009","734009","098008 82719","http://www.newchumtatea.com/",26.771186399999998,88.3639986,"ChIJPQ8-mq1H5DkR7qy_FrD6Tes","https://www.google.com/maps/place/?q=place_id:ChIJPQ8-mq1H5DkR7qy_FrD6Tes","matched"
3,"BAGRACOTE TEA GARDEN","B-2625","Dooars","JALPAIGURI","MATELLI","Public Ltd Co",808.63,488.89,"TRA","P.O. BAGRACOTE,DIST JALPAIGURI","03562245261","bagtg@duncan.tea.co.in","DUNCANS INDUSTRIES LIMITED","31,W.S. ROAD,KOLKATA-1","","","MR. G.P. GOENKA","","","Kolkata","Duncans Tea Limited","4th Floor, Duncans Tea Limited, Duncan House, 31, Netaji Subhas Rd, Murgighata, B.B.D. Bagh, Kolkata, West Bengal 700001","700001","033 2242 1605","https://www.duncanstea.in/",22.5758118,88.3490346,"ChIJhZmnTbt3AjoRLq_WvutvPsY","https://maps.google.com/maps/preview/place/4th+Floor,+Duncans+Tea+Limited,+Duncan+House,+31,+Netaji+Subhas+Rd,+Murgighata,+B.B.D.+Bagh,+Kolkata,+West+Bengal+700001/@22.5758118,88.3490346,3684a,13.1y/data=!4m2!3m1!1s0x3a0277bb4da79985:0xc63e6febbed6af2e","matched"
4,"BAINTGOORIE TEA ESTATE","2626","Dooars","JALPAIGURI","MATELLI","Public Ltd Co",1056.83,657.93,"ITA","BAINTGOORIE T.E. P.O., MALBAZAR,DIST:JALPAIGURI(W.B.)","03562200026","senguptaaloke@rediffmail.com","DIANA TEA CO. LTD.","3,B LALBAZAR ST. KOLKATA-, 700001","03322488672","contactus@dianatea.in","MR.SANDEEP KUMER SINGHANIA","9831008677","contactus@dianatea.in","Kolkata","Diana Tea Company Limited","4th Floor, Diana Tea Company Limited, SIR RNM House, 3/B, Lal Bazar St, Lal Bazar, Kolkata, West Bengal 700001","700001","033 2248 8672","http://dianatea.in/",22.571953,88.35202,"ChIJrz92paV3AjoRgq3T0Eb5lA8","https://maps.google.com/maps/preview/place/4th+Floor,+Diana+Tea+Company+Limited,+SIR+RNM+House,+3%2FB,+Lal+Bazar+St,+Lal+Bazar,+Kolkata,+West+Bengal+700001/@22.571953,88.35202,3684a,13.1y/data=!4m2!3m1!1s0x3a0277a5a5763faf:0xf94f946d0d3ad82","matched"
5,"BATABARI","1612","Dooars","JALPAIGURI","MATELLI","Public Ltd Co",487.59,299.59,"ITA","P.O. CHALSA, DIST: JALPAIGURI-, 735206","03562260351","","AMALGAMATED PLANTATIONS","PRIVATE LIMITED, G.S. ROAD, DISPUR, P. BOX NO. 9, CH, CHRISTIAN BASTI, GUWAHATI-, 700851","03612341618","deepak.atal@amalgamated.in","DEEPAK ATAL","03612341618","deepak.atal@amalgamated.in","Assam","Amalgamated Plantations Guwahati","Amalgamated Plantations Guwahati, GS Rd, Ananda Nagar, Christian Basti, Guwahati, Assam 781005","781005","0361 234 0037","",26.157656799999998,91.77633689999999,"ChIJqYSXUhJZWjcRX2Q5Mldoob0","https://www.google.com/maps/place/?q=place_id:ChIJqYSXUhJZWjcRX2Q5Mldoob0","matched"
6,"CHALOUNI","B-7","Dooars","JALPAIGURI","MATELLI","Public Ltd Co",778.96,562.93,"ITA","P.O MATELLI, DIST- JALPAIGURI, W.B","03562-200071","chalouni@goodricke.com","GOODRICKE GROUP LIMITED","CAMELLIA HOUSE, 14,, GURUSADAY ROAD, KOL-19","033-22873067","goodricke@.vsnl.com","MR. ARUN SINGH","9903000999","goodricke@.vsnl.com","Kolkata","Goodricke Group Limited","Goodricke Group Limited, 14, Gurusaday Dutta Rd, Beck Bagan, Ballygunge, Kolkata, West Bengal 700019","700019","033 2287 3067","https://www.goodricketea.com/",22.5353048,88.36169489999999,"ChIJ7V-kwCB3AjoRm_bV8GLZkww","https://maps.google.com/maps/preview/place/Goodricke+Group+Limited,+14,+Gurusaday+Dutta+Rd,+Beck+Bagan,+Ballygunge,+Kolkata,+West+Bengal+700019/@22.5353048,88.3616949,3685a,13.1y/data=!4m2!3m1!1s0x3a027720c0a45fed:0xc93d962f0d5f69b","matched"
7,"CHHAOPHALI TEA ESTATE","3985","Dooars","JALPAIGURI","MATELLI","Public Ltd Co",35.294,35.19,"None","P.O-BATABARI, DIST-JALPAIGURI, W.B","9733149174","","DUTTA AGRO PLANTATION PVT LTD","RAJANI BAGAN, HILL ACRT ROAD,, SILIGURI, DARJEELING","9832032095","","SANJOY DUTTA","9832032095","","Siliguri","Dutta Agro Products Pvt Ltd.","Dutta Agro Products Pvt Ltd., Kalna Rd, Gargeswar, Bardhaman, Jabui, West Bengal 713146","713146","","http://duttaagroproducts.com/",23.2524996,88.0898273,"ChIJAZykrEpR-DkRaKAq2gQe0JE","https://www.google.com/maps/place/?q=place_id:ChIJAZykrEpR-DkRaKAq2gQe0JE","partial"
8,"CHULSA TEA ESTATE","B 26","Dooars","JALPAIGURI","MATELLI","Public Ltd Co",624.09,442.6,"TRA","POST-MATELLI, DIST-JALPAIGURI","9775460329","chulsa@goodricke.com","GOODRICKE GROUP LIMITED","14,GURUSADEY ROAD, CAMELLIA, HOUSE, KOLKATA-19","03322873067","chulsa@goodricke.com","MR.A.N.SINGH","03322873067","ansingh@goodricke.com","Kolkata","Goodricke Group Limited","Goodricke Group Limited, 14, Gurusaday Dutta Rd, Beck Bagan, Ballygunge, Kolkata, West Bengal 700019","700019","033 2287 3067","https://www.goodricketea.com/",22.5353048,88.36169489999999,"ChIJ7V-kwCB3AjoRm_bV8GLZkww","https://maps.google.com/maps/preview/place/Goodricke+Group+Limited,+14,+Gurusaday+Dutta+Rd,+Beck+Bagan,+Ballygunge,+Kolkata,+West+Bengal+700019/@22.5353048,88.3616949,3685a,13.1y/data=!4m2!3m1!1s0x3a027720c0a45fed:0xc93d962f0d5f69b","matched"
9,"DAGAPUR","225","Dooars","JALPAIGURI","MATELLI","Public Ltd Co",274.55,194.77,"TAI","DT DARJEELING, PO PRADHAN, NAGAR, WEST BENGAL","0353-2511305","","SUBLIME AGRO LTD.","7/1, LORD SINHA ROAD, KOLKATA, 700 001","033-22820521","sublimeagro@gmail.com","SUBLIME AGRO LTD.","033-22820521","sublimeagro@gmail.com","Kolkata","Surobhi Agro Industries Pvt Ltd","Surobhi Agro Industries Pvt Ltd, Anwesha, opposite lahari dance institute, aam tala shiv than, Fartabad, Garia, Rajpur Sonarpur, West Bengal 700084","700084","","http://www.farmologyindia.com/",22.4611958,88.3936423,"ChIJmY0licR4AjoR93tE2UKtfys","https://maps.google.com/maps/preview/place/Surobhi+Agro+Industries+Pvt+Ltd,+Anwesha,+opposite+lahari+dance+institute,+aam+tala+shiv+than,+Fartabad,+Garia,+Rajpur+Sonarpur,+West+Bengal+700084/@22.4611958,88.3936423,3687a,13.1y/data=!4m2!3m1!1s0x3a0278c489258d99:0x2b7fad42d9447bf7","partial"
10,"ELLENBARRIE TEA ESTATE","2472","Dooars","JALPAIGURI","MATELLI","Public Ltd Co",382.02,229.46,"ITPA","P.O., BAGRACOTE,DIST:JALPAIGURI,W.B.","09735001710","","THE ELLENBARRIE TEA CO.LTD. SHANTI PROSAD AGARWALLA","746 BLOCK'P'NEW, ALIPOREK.L.SAIGOL, SARANI,KOLKATA53, E-, Mail :shanti.agarwala@ellenbarrie.co, m","03322291923","shanti.agarwala@ellenbarrie.co","746 BLOCK'P'NEW","09735001710","shanti.agarwala@ellenbarrie.co","Kolkata","The Ellenbarrie Tea Co Limited","The Ellenbarrie Tea Co Limited, 3a, Ripon St, Block K, Taltala, Kolkata, West Bengal 700014","700014","033 2229 1923","",22.510489999999997,88.33555,"ChIJs5XPpKpwAjoRstgDRRr6bfI","https://www.google.com/maps/place/?q=place_id:ChIJs5XPpKpwAjoRstgDRRr6bfI","matched"
11,"ENGO TEA ESTATE","2417","Dooars","JALPAIGURI","MATELLI","Proprietorship",161.18,109.14,"ITA","P.O. MATELLI, DIST-JALPAIGURI, W.B.","92233620518","","ENGO TRADING & TEA CO.(P)","LTD., 135/BRB, BASU ROAD KOL-1","033-22133069","engotea2008@gmail.com","MR ASHOK KUMAR BHUWALKA","09831029757","engotea2008@gmail.com","Kolkata","Engo Tea Co. Ltd.","FLOOR, FLAT NO.5A, Engo Tea Co. Ltd., 12, 5TH, Pretoria St, Kolkata, West Bengal 700071","700071","033 3029 5000","",22.544324,88.351635,"ChIJY_C_FRd3AjoRQ06FHCmola0","https://www.google.com/maps/place/?q=place_id:ChIJY_C_FRd3AjoRQ06FHCmola0","matched"
12,"GOOD HOPE TEA ESTATE","2294","Dooars","JALPAIGURI","MATELLI","Public Ltd Co",599.8,418.29,"ITA","GOOD HOPE T.E. P.O., DAMDIM,DIST:JALPAIGURI ,PIN:73520","","","DIANA TEA CO. LTD.","M/S. DIANA TEA CO. LTD., ,3B,LALBAZAR STREET,KOLKATA-","","","MR. MONOJ AGARWAL","","","Kolkata","Diana Tea Company Limited","4th Floor, Diana Tea Company Limited, SIR RNM House, 3/B, Lal Bazar St, Lal Bazar, Kolkata, West Bengal 700001","700001","033 2248 8672","http://dianatea.in/",22.571953,88.35202,"ChIJrz92paV3AjoRgq3T0Eb5lA8","https://maps.google.com/maps/preview/place/4th+Floor,+Diana+Tea+Company+Limited,+SIR+RNM+House,+3%2FB,+Lal+Bazar+St,+Lal+Bazar,+Kolkata,+West+Bengal+700001/@22.571953,88.35202,3684a,13.1y/data=!4m2!3m1!1s0x3a0277a5a5763faf:0xf94f946d0d3ad82","matched"
13,"GOPALPUR TEA ESTATE","152","Dooars","JALPAIGURI","MATELLI","Public Ltd Co",829.6,510.27,"TRA","JALPAIGURI, WEST BENGAL","03563220086","gopal_tea@bsnl.in","THE GOPALPUR TEA COMPANY LIMITED","FLAT 12,30,CHOWRANGHEE, ROAD,KOLKATA 16","03322291725","gopalpurtea@gmail.com","SHRI NATHMAL MAHESWARI","9330715151","gopalpurtea@gmail.com","Kolkata","THE GOPALPUR TEA CO. LTD.","THE GOPALPUR TEA CO. LTD., 3rd Floor, Suite No.12, 30 Chowringhee Road, Kolkata, West Bengal 700013","700013","033 2229 1684","",22.562625,88.3511611,"ChIJ33o0YBF3AjoRpq_szvLAbpY","https://maps.google.com/maps/preview/place/THE+GOPALPUR+TEA+CO.+LTD.,+3rd+Floor,+Suite+No.12,+30+Chowringhee+Road,+Kolkata,+West+Bengal+700013/@22.562625,88.3511611,3684a,13.1y/data=!4m2!3m1!1s0x3a02771160347adf:0x966ec0f2ceecafa6","matched"
14,"GURJANGJHORA TEA ESTATE","25","Dooars","JALPAIGURI","MATELLI","Public Ltd Co",326.36,268.81,"TRA","P.O. MAL, DIST. JALPAIGURI","9641404338","","GURJANGJHORA TEA &","INDUSTRIES LTD.,, 'CENTRE POINT, 28/2,, SHAKESPEARE SARANI, 4TH, FLOOR, FLAT NO.401, KOLKATA- E-, 700017, E-, Mail :kalyanigroupho@rediffmail.com","03561230172","kalyanigroupho@rediffmail.com","MR.S.SAHA","03561230172","kalyanigroupho@rediffmail.com","Kolkata","Gurjang Jhora Tea Garden","Gurjang Jhora Tea Garden, West Bengal","","","",26.900056799999998,88.727746,"ChIJ65jzgUQJ5DkRDvFeJ40qxVE","https://www.google.com/maps/place/?q=place_id:ChIJ65jzgUQJ5DkRDvFeJ40qxVE","matched"
15,"INDONG TEA ESTATE","2649","Dooars","JALPAIGURI","MATELLI","Proprietorship",740.38,483.84,"ITPA","INDONG, T.E.P.O.MATELLI,DIST:JALPAIGURI.-, 735223","09434600437","","INDONG TEA CO. PVT. LTD.","4,INDIA EXCHANGE, PLACE,KOLKATA700 001","03322303281","devvrat61@sifi.com","MR. DEVVRAT GUPTA","03322303281","devvrat61@sifi.com","Kolkata","Indong Tea Company Limited","Indong Tea Company Limited, Sikkim Commerce House, 4/1, Middleton St, Kankaria Estates, Park Street area, Kolkata, West Bengal 700071","700071","033 4006 3601","http://indongteaco.com/",22.5485722,88.3512777,"ChIJ77Vb9xB3AjoRkwxWaJGEYQo","https://maps.google.com/maps/preview/place/Indong+Tea+Company+Limited,+Sikkim+Commerce+House,+4%2F1,+Middleton+St,+Kankaria+Estates,+Park+Street+area,+Kolkata,+West+Bengal+700071/@22.5485722,88.3512777,3685a,13.1y/data=!4m2!3m1!1s0x3a027710f75bb5ef:0xa61849168560c93","matched"
16,"JOGESH CHANDRA TEA ESTATE","148","Dooars","JALPAIGURI","MATELLI","Proprietorship",577.11,463.47,"ITA","P.O : MALHATI, DIST : JALPAIGURI, WEST BENGAL","9733473975","","MALHATI TEA AND INDS. LTD.","233,SEVOKE ROAD, 2ND MILE,SILIGURI, WEST BENGAL.","0353-2544704","","MR.NARENDRA BARELIA","9434048605","","Siliguri","Malhati Division","PMG6+3VP Malhati Division, Jogesh Chandra Tea Garden, West Bengal 735218","735218","","",26.7252184,88.662202,"ChIJT_xjz5Zz5DkReLONZrdK_Fk","https://www.google.com/maps/place/?q=place_id:ChIJT_xjz5Zz5DkReLONZrdK_Fk","partial"
17,"KAILASHPUR TEA ESTATE","1812","Dooars","JALPAIGURI","MATELLI","Public Ltd Co",404.81,294.54,"ITA","P.O : OODLABARI, DIST:JALPAIGURI, WEST BENGAL","7797802384","kpte.jal@gmail.com","THE FRIENDS TEA COMPANY LTD. MR. RANJIT BALOW","RAHUT BUILDING                  RAHUT B, BABUPARA,                       BABUPAR, JALPAIGURI                      JALPAIG, WEST BENGAL                     Tel :03","03","friendst@rediffmail.com","UILDING","","friendst@rediffmail.com","Jalpaiguri","Praakritik Tea Industries Pvt Ltd","HJMH+7Q5 Praakritik Tea Industries Pvt Ltd, Patkata Colony, Denguajhar, Jalpaiguri, West Bengal 735133","735133","","",26.5832081,88.6294798,"ChIJ2VfuSABl5DkRNpcRXBcIp9g","https://www.google.com/maps/place/?q=place_id:ChIJ2VfuSABl5DkRNpcRXBcIp9g","matched"
18,"KILLCOTT","B-9","Dooars","JALPAIGURI","MATELLI","Public Ltd Co",632.44,431.25,"","P.O. MATELLI, DIST: JALPAIGURI","9932911652","killtg@duncans-tea.com","DUNCANS INDUSTRIES LIMITED","P.O. MATELLI, DIST: JALPAIGURI","9932911652","killtg@duncans-tea.com","DUNCANS INDUSTRIES LIMITED","9932911652","killtg@duncans-tea.com","Jalpaiguri","Duncans Tea Limited","4th Floor, Duncans Tea Limited, Duncan House, 31, Netaji Subhas Rd, Murgighata, B.B.D. Bagh, Kolkata, West Bengal 700001","700001","033 2242 1605","https://www.duncanstea.in/",22.5758118,88.3490346,"ChIJhZmnTbt3AjoRLq_WvutvPsY","https://maps.google.com/maps/preview/place/4th+Floor,+Duncans+Tea+Limited,+Duncan+House,+31,+Netaji+Subhas+Rd,+Murgighata,+B.B.D.+Bagh,+Kolkata,+West+Bengal+700001/@22.5758118,88.3490346,3684a,13.1y/data=!4m2!3m1!1s0x3a0277bb4da79985:0xc63e6febbed6af2e","matched"
19,"LEESH RIVER TEAGARDEN","B-02","Dooars","JALPAIGURI","MATELLI","Public Ltd Co",1029.43,634.61,"ITA","PO BAGRAKOTE, DST JALPIGURI","03562-245269","leesh@goodricke.com","GOODRICKE GROUP LIMITED","14, GURUSADAY RD KOL 19","033-22873065","sebi@goodricke.com","MR A N SINGH","033-22873065","sebi@goodricke.com","Kolkata","Goodricke Group Limited","Goodricke Group Limited, 14, Gurusaday Dutta Rd, Beck Bagan, Ballygunge, Kolkata, West Bengal 700019","700019","033 2287 3067","https://www.goodricketea.com/",22.5353048,88.36169489999999,"ChIJ7V-kwCB3AjoRm_bV8GLZkww","https://maps.google.com/maps/preview/place/Goodricke+Group+Limited,+14,+Gurusaday+Dutta+Rd,+Beck+Bagan,+Ballygunge,+Kolkata,+West+Bengal+700019/@22.5353048,88.3616949,3685a,13.1y/data=!4m2!3m1!1s0x3a027720c0a45fed:0xc93d962f0d5f69b","matched"
20,"MALNADY TEA ESTATE","28","Dooars","JALPAIGURI","MATELLI","Public Ltd Co",144.28,97.69,"","POST MAL, DIST-JALPAIGURI","03434339664","malnady.te@gmail.com","MALNADY TEA ESTATE PVT. LTD., MALNADY TEA ESTATE PVT. LTD.,","MALNADY TEA ESTATE PVT, LTD., MALNADY TEA, GOPAL BHAWAN, 2ND FLOOR,      GOPAL BHAWA, CHURCH ROAD, SILIGURI-1       CHURCH ROAD","03532432548","","ESTATE PVT, LTD.,","","","Siliguri","Malnady Tea Garden office","2ND FLOOR, Malnady Tea Garden office, Gopal Bhawan, Church Rd, Ward 10, Janta Nagar, Siliguri, West Bengal 734001","734001","","",26.7180713,88.4233677,"ChIJlZks-GlB5DkRddzFighaec4","https://maps.google.com/maps/preview/place/2ND+FLOOR,+Malnady+Tea+Garden+office,+Gopal+Bhawan,+Church+Rd,+Ward+10,+Janta+Nagar,+Siliguri,+West+Bengal+734001/@26.7180713,88.4233677,3564a,13.1y/data=!4m2!3m1!1s0x39e44169f82c9995:0xce795a088ac5dc75","matched"
21,"MANABARRIE","2307","Dooars","JALPAIGURI","MATELLI","Public Ltd Co",521.72,292,"ITPA","P.O. MANABARI, DT JALPAIGURI,, WEST BENGAL","03562-250061","manabarite@indiatimes.com","TODI TEA CO. LTD.","2, LAL BAZAR STREET, KOLKATA, 700001","033-22101842","toditea@indiatimes.com","N. P. TODI","033-22101842","toditea@indiatimes.com","Kolkata","Todi Tea Company","Todi Tea Company, 114, Rabindra Sarani, Malapara, Santoshpur, Jorabagan, Kolkata, West Bengal 700007","700007","","",22.586793999999998,88.358207,"ChIJCf0ES6V3AjoRviSaRPT-fv0","https://maps.google.com/maps/preview/place/Todi+Tea+Company,+114,+Rabindra+Sarani,+Malapara,+Santoshpur,+Jorabagan,+Kolkata,+West+Bengal+700007/@22.586794,88.358207,3684a,13.1y/data=!4m2!3m1!1s0x3a0277a54b04fd09:0xfd7efef4449a24be","matched"
22,"MATELLI TEA ESTATE","N 8&9","Dooars","JALPAIGURI","MATELLI","Public Ltd Co",1046,730.08,"ITA","MATELLI T.E P.O: MATELLI DIST:, JALPAIGURI","03562242211,242230","matelliteaestate@gmail.com","LUXMI TEA COMPANY LIMITED","17,R.N MUKHERJEE ROAD, KISHORE BHAVAN ,KOLKATA-, 7000001","","","LUXMI TEA COMPANY LIMITED","","","Kolkata","Luxmi Tea Company Private Limited","Luxmi Tea Company Private Limited, 17, RN Mukherjee Rd, B.B.D. Bagh, Kolkata, West Bengal 700001","700001","033 2248 4437","https://www.luxmitea.in/",22.5703909,88.3516927,"ChIJA6Pf2aV3AjoRTeyZT1y40Yw","https://maps.google.com/maps/preview/place/Luxmi+Tea+Company+Private+Limited,+17,+RN+Mukherjee+Rd,+B.B.D.+Bagh,+Kolkata,+West+Bengal+700001/@22.5703909,88.3516927,3684a,13.1y/data=!4m2!3m1!1s0x3a0277a5d9dfa303:0x8cd1b85c4f99ec4d","matched"
23,"MEENGLAS TEA GARDEN","B-5","Dooars","JALPAIGURI","MATELLI","Public Ltd Co",928.56,617.82,"ITA","P.O. SAILIHAT,DIST-JALPAIGURI,WB","92337-91401","meen@goodricke.com","GOODRICKE GROUP LIMITED","CAMELLIA HOUSE,14, GURUSADAY ROAD,KOL-19","033-22873067","meen@goodricke.com","MR A.N.SINGH","033-22873067","goodricke@vsnl.com","Kolkata","Goodricke Group Limited","Goodricke Group Limited, 14, Gurusaday Dutta Rd, Beck Bagan, Ballygunge, Kolkata, West Bengal 700019","700019","033 2287 3067","https://www.goodricketea.com/",22.5353048,88.36169489999999,"ChIJ7V-kwCB3AjoRm_bV8GLZkww","https://maps.google.com/maps/preview/place/Goodricke+Group+Limited,+14,+Gurusaday+Dutta+Rd,+Beck+Bagan,+Ballygunge,+Kolkata,+West+Bengal+700019/@22.5353048,88.3616949,3685a,13.1y/data=!4m2!3m1!1s0x3a027720c0a45fed:0xc93d962f0d5f69b","matched"
24,"NAGAISUREE","B-8","Dooars","JALPAIGURI","MATELLI","Proprietorship",964.19,629.97,"TRA","P.O. MATELLI, DIST-JALPAIGURI,WB","9333057984","nagtg@ducans-tea.com","DUNCANS INDUSTRIES LIMITED","31, N.S. CHANDRA ROAD, KOL-1, tea.com","033-2200962","","MR M.GURBAXANI","033-2200962","","Kolkata","Duncans Tea Limited","4th Floor, Duncans Tea Limited, Duncan House, 31, Netaji Subhas Rd, Murgighata, B.B.D. Bagh, Kolkata, West Bengal 700001","700001","033 2242 1605","https://www.duncanstea.in/",22.5758118,88.3490346,"ChIJhZmnTbt3AjoRLq_WvutvPsY","https://maps.google.com/maps/preview/place/4th+Floor,+Duncans+Tea+Limited,+Duncan+House,+31,+Netaji+Subhas+Rd,+Murgighata,+B.B.D.+Bagh,+Kolkata,+West+Bengal+700001/@22.5758118,88.3490346,3684a,13.1y/data=!4m2!3m1!1s0x3a0277bb4da79985:0xc63e6febbed6af2e","matched"
25,"NEDAM TEA ESTATE","J-25","Dooars","JALPAIGURI","MATELLI","Public Ltd Co",355.73,255.83,"ITA","PO MAL JALPAIGURI","03562200208","nbtcl@rediffmail.com","NORTHERN BENGAL TEA","CORPORATION LTD, ATIABARI BUILDING DBC ROAD, JALPIGURI","03561230733","nbtcl@rediffmail.com","ANAND AGARWAL","9434022153","nbtcl@rediffmail.com","Jalpaiguri","Northern Bengal Tea Corporation Limited","Atiabari Building, Kadamtalla, Northern Bengal Tea Corporation Limited, Jalpaiguri, West Bengal 735101","735101","03561 230 733","",26.5200566,88.73977719999999,"ChIJq6qqqjp55DkR2q-bxy_qy1g","https://maps.google.com/maps/preview/place/Atiabari+Building,+Kadamtalla,+Northern+Bengal+Tea+Corporation+Limited,+Jalpaiguri,+West+Bengal+735101/@26.5200566,88.7397772,3570a,13.1y/data=!4m2!3m1!1s0x39e4793aaaaaaaab:0x58cbea2fc79bafda","matched"
26,"NEPUCHAPUR TEA ESTATE","05","Dooars","JALPAIGURI","MATELLI","Public Ltd Co",400.02,296.35,"TRA","NEPUCHAPUR T.E P.O: BARADIGHI, DIST: JALPAIGURI, E-, Mail :carlton.kinglee@nepuchapurtea.c, m","03562240324","","DIPALI DASGUPTA","NEPUCHAPUR TEA CO LTD 5A,NC, DUTTA SARANI KOLKATA-700001","03322302646","","MR. RAJA RAY","9830882010","raja.ray@nepuchapurtea.com","Kolkata","Dipali Dasgupta Bari","Dipali Dasgupta Bari, 61, Patwari Para Rd, Patwari Para, Haltu, Kolkata, West Bengal 700075","700075","","",22.4983233,88.39243359999999,"ChIJV9Y5QgBxAjoRZS2zZmKlXfs","https://maps.google.com/maps/preview/place/Dipali+Dasgupta+Bari,+61,+Patwari+Para+Rd,+Patwari+Para,+Haltu,+Kolkata,+West+Bengal+700075/@22.4983233,88.3924336,3686a,13.1y/data=!4m2!3m1!1s0x3a0271004239d657:0xfb5da56266b32d65","matched"
27,"NEW GLENCO TEA ESTATE","2390","Dooars","JALPAIGURI","MATELLI","Public Ltd Co",550.72,349.78,"ITA","MALBAZAR,, JALPAIGURI,WESTBENGAL","03532510831","soongachi@gmail.com","SOONGACHI TEA INDUSTRIES (P) LTD","ARJUN ENCLAVE,TEA AUCTION, ROAD,SILIGURI","03532510831","soongachi@gmail.com","S.K.SARIA","9434001426","soongachi@gmail.com","Siliguri","Soongachi Tea !! BEST TEA SUPPLIERS IN SILIGURI !! BEST TEA MANUFACTURER IN SILIGURI !! BEST TEA WHOLESALER IN SILIGURI","Soongachi Tea !! BEST TEA SUPPLIERS IN SILIGURI !! BEST TEA MANUFACTURER IN SILIGURI !! BEST TEA WHOLESALER IN SILIGURI, Arjun Enclave C & E Block 1st Floor, Tea Auction Rd, Green Park Colony, Siliguri, West Bengal 734003","734003","","http://soongachitea.in/",26.7353167,88.4103323,"ChIJnVdlNi9B5DkR6WCl_xfs7ck","https://maps.google.com/maps/preview/place/Soongachi+Tea+!!+BEST+TEA+SUPPLIERS+IN+SILIGURI+!!+BEST+TEA+MANUFACTURER+IN+SILIGURI+!!+BEST+TEA+WHOLESALER+IN+SILIGURI,+Arjun+Enclave+C+%26+E+Block+1st+Floor,+Tea+Auction+Rd,+Green+Park+Colony,+Siliguri,+West+Bengal+734003/@26.7353167,88.4103323,3563a,13.1y/data=!4m2!3m1!1s0x39e4412f3665579d:0xc9edec17ffa560e9","matched"
28,"OODLABARI TEA ESTATE","276","Dooars","JALPAIGURI","MATELLI","Public Ltd Co",623.41,484.18,"ITA","P.O: MANABARI, DIST. : JALPAIGURI","03562-250306","oodlabariteagarden@hotmail.co","SHRI AJOY KUMAR NAHATA","OODLABARI TEA CO.LTD., 11,R.N.MUKHERJEE ROAD,, KOLKATA-01","033-22481101","oodlabari@hotmail.com","NOT APPLICABLE","033-22481101","oodlabari@hotmail.com","Kolkata","Oodlabari","Oodlabari, RN Mukherjee Rd, Chowringhee North, Bow Barracks, Kolkata, West Bengal 700001","700001","033 2248 1101","https://oodlabari.co.in/Company/AboutUs",22.570344,88.3499701,"ChIJe6yzIVN2AjoRza9yZc6FWUI","https://www.google.com/maps/place/?q=place_id:ChIJe6yzIVN2AjoRza9yZc6FWUI","partial"
29,"PUTHARJHORA TEA ESTATE","2611","Dooars","JALPAIGURI","MATELLI","Public Ltd Co",566.8,369.44,"TAI","P.O. MARAPUR ,DIST. JALPAIGURI., (W.B.)","934079907","tpiptg@gmail.com","PUTHARJHORA TEA GARDEN","PVT. LDT., 30,JL ROAD,KOLKATA-700016","03322299147","teapromoters@vsnl.net","MR. K.C.AGARWAL","03322299147","teapromoters@vsnl.net","Kolkata","Putharjhora organic tea garden,factory","Putharjhora organic tea garden,factory, TEA GARDEN FACTORY LINE, Patharjhora Tea Garden, West Bengal 735231","735231","","",26.9494567,88.6505813,"ChIJc9HAKsEP5DkRIV3mIJfE1PA","https://www.google.com/maps/place/?q=place_id:ChIJc9HAKsEP5DkRIV3mIJfE1PA","matched"
30,"RAJA TEA ESTATE","2293","Dooars","JALPAIGURI","MATELLI","Public Ltd Co",600.08,417.67,"ITA","POST MALBAZAR, DIST JALPAIGURI,, WEST BENGAL","03562255023","teraitea@gmail.com","ABHIJIT TEA CO.(P) LTD.","AGARWAL HOUSE, 2ND MILE,, SEVOKE ROAD, SILIGURI","03532543857","","MR.V.D.DUA","03532543857","teraitea@gmail.com","Siliguri","Deesha Trade Endeavours P. Ltd.","Deesha Trade Endeavours P. Ltd., 195, Sukanta Sarani, opp. Bsnl Residential Complex, New Milanpally, Saktigarh, Siliguri, West Bengal 734005","734005","","http://deeshaindiatea.in/",26.7007551,88.41436569999999,"ChIJxUoagNtB5DkR2I-asm2VMdw","https://www.google.com/maps/place/?q=place_id:ChIJxUoagNtB5DkR2I-asm2VMdw","matched"
31,"RANICHERRA TEA ESTATE","2588","Dooars","JALPAIGURI","MATELLI","Public Ltd Co",1226.79,715.32,"ITA","PO SAILIHAT, JALPAIGURI, WEST, BENGAL","03562242264","ranicherra_tea@rediffmail.com","RANICHERRA TEA CO.LTD","PO MATELLI, JALPAIGURI,735223, E-, Mail :ranicherra_tea@rediffmail.com","9800075337","ranicherra_tea@rediffmail.com","PRADEEP KUMAR GOEL","9800075337","ranicherra_tea@rediffmail.com","Jalpaiguri","RANICHERRA TEA COMPANY LIMITED","RANICHERRA TEA COMPANY LIMITED, MATELLI BAZAR MATELLI , JALPAIGURI WEST BENGAL PIN, Jalpaiguri, West Bengal 735223","735223","084367 16419","",26.9360917,88.80949059999999,"ChIJ_____7T34zkR6OsGU3sa4aA","https://maps.google.com/maps/preview/place/RANICHERRA+TEA+COMPANY+LIMITED,+MATELLI+BAZAR+MATELLI+,+JALPAIGURI+WEST+BENGAL+PIN,+Jalpaiguri,+West+Bengal+735223/@26.9360917,88.8094906,3557a,13.1y/data=!4m2!3m1!1s0x39e3f7b4ffffffff:0xa0e11a7b5306ebe8","matched"
32,"RUNGAMUTTEE TEA ESTATE","A4","Dooars","JALPAIGURI","MATELLI","Public Ltd Co",1427.77,771.74,"ITA","PO-MAL,DIST-JALPAIGURI,WB, E-, Mail :rungamuttee.estate@amalgamated., in","03562200008","","AMALGAMATED PLANTATIONS","PRIVATE LIMITED, 5/2 RUSSELL STREET,KOL-700071 Tel, E-, Mail :rungamuttee.estate@amalgama, ted.in","03322267638","","MR DEEPAK ATAL(MD)","","","Kolkata","Amalgamated Plantations Pvt. Ltd.","G8RX+3C2 Amalgamated Plantations Pvt. Ltd., 1, Bishop Lefroy Rd, Near Rabindra Sadan METRO Gate, Sreepally, Bhowanipore, Kolkata, West Bengal 700020","700020","033 6605 3750","https://amalgamatedplantations.co.in/",22.540184,88.348784,"ChIJJWKLuuV3AjoR9M2u3qyv0T0","https://maps.google.com/maps/preview/place/G8RX%2B3C2+Amalgamated+Plantations+Pvt.+Ltd.,+1,+Bishop+Lefroy+Rd,+Near+Rabindra+Sadan+METRO+Gate,+Sreepally,+Bhowanipore,+Kolkata,+West+Bengal+700020/@22.540184,88.348784,3685a,13.1y/data=!4m2!3m1!1s0x3a0277e5ba8b6225:0x3dd1afacdeaecdf4","matched"
33,"SONALI TEA ESTATE","2434","Dooars","JALPAIGURI","MATELLI","Proprietorship",426.92,217.58,"None","SONALI T.E.,P.O., BAGRACOTE,JALPAIGURI","8972564243","pradhanshiv@gmail.com","SHRI RAJHESH JHUNJHUNWALA","SONALI T.E.,P.O. BGRACOTE","8927767461","rsagroup@gmail.com","SHRI RAJHESH JHUNJHONWALA","8927767461","rsagroup@gmail.com","Other / Unspecified","","","","","",,,"","","not_found"
34,"SOONGACHI","A-6","Dooars","JALPAIGURI","MATELLI","Public Ltd Co",1052,639.42,"TAI","P.O - MALBAZAR, DIST -JALPAIGURI,, WEST BENGAL.","9434050033","soongachi@gmail.com","G.D. AGARWAL","ANJU ENCLAVE, TEA AUCTION, ROAD, SILIGURI-3","03532510831","shivksaria@gmail.com","S.K. SARIA","03532510831","shivksaria@gmail.com","Siliguri","Siliguri","Siliguri, West Bengal","","","",26.7271012,88.39528609999999,"ChIJzR1E9RRB5DkR_-1jIHDEtd4","https://maps.google.com/maps/preview/place/Siliguri,+West+Bengal/@26.7271012,88.3952861,3564a,13.1y/data=!4m2!3m1!1s0x39e44114f5441dcd:0xdeb5c4702063edff","partial"
35,"TOONBARRIE TEA ESTATE","2120","Dooars","JALPAIGURI","MATELLI","Public Ltd Co",259.42,154.35,"TRA","TOONBARRIE TEA ESTATE, POST, MAL DIST- JALPAIGURI","09464583479","malnady.te@gmail.co","TOONBARI TEA ESTATE PVT.","LTD.,, NO.8, KHAIRU PLACE, KOLKATA-, 700 072","03532432548","","TOONBARI TEA ESTATE PVT.","03532432548","","Kolkata","MarionBari Tea Estate","R72H+VCR MarionBari Tea Estate, Marionbari Tea Garden, West Bengal 734009","734009","","",26.8022262,88.2785083,"ChIJhaqXvSY25DkRokbxVT_w7bA","https://www.google.com/maps/place/?q=place_id:ChIJhaqXvSY25DkRokbxVT_w7bA","matched"
36,"WASHABARIETEA ESTATE","2404","Dooars","JALPAIGURI","MATELLI","Public Ltd Co",698.18,438.25,"ITA","BAGRAKOTE, JALPAIGURI","9734155750","subhasish.dey24@gmail.com","A.PALCHOUDHURI,NAYANTARA","PALCHOUDHURI, FARADAY HOUSE,P-17,GANESH, CHANDRA AVENUE, KOLKATA -13","03322345760","washabarie@gmail.com","A.PALCHOUDHURI,NAYANTARA","03322345760","washabarie@gmail.com","Kolkata","Kolkata","Kolkata, West Bengal","","","https://www.kmcgov.in/",22.5743545,88.3628734,"ChIJZ_YISduC-DkRvCxsj-Yw40M","https://maps.google.com/maps/preview/place/Kolkata,+West+Bengal/@22.5743545,88.3628734,3684a,13.1y/data=!4m2!3m1!1s0x39f882db4908f667:0x43e330e68f6c2cbc","partial"
37,"ZURRANTEE TEA","2621","Dooars","JALPAIGURI","MATELLI","Proprietorship",742.46,510.18,"ITA","INDONG MATIALLI,DIST-, JALPAIGURI,W.B.","03562-200004","","SHASHANK PRASAD","2,HARE STREET NICCO HOUSE,, KOL-1","033-22489226","tea@ddptl.com","MR.SHASHANK PRASAD","9831018022","tea@ddptl.com","Kolkata","Kolkata","Kolkata, West Bengal","","","https://www.kmcgov.in/",22.5743545,88.3628734,"ChIJZ_YISduC-DkRvCxsj-Yw40M","https://maps.google.com/maps/preview/place/Kolkata,+West+Bengal/@22.5743545,88.3628734,3684a,13.1y/data=!4m2!3m1!1s0x39f882db4908f667:0x43e330e68f6c2cbc","partial"
38,"AMARPUR TEA ESTATE","2810/2811","Dooars","JALPAIGURI","JALPAIGURI","Public Ltd Co",80.5,70.33,"ITPA","P.O-BERUBARI, DIST-JALPAIGURI,, W.B","03561-202155","amarpur89@gmail.com","AMARPUR TEA PLANTATIONS LTD ALOK CHAMARIA","1/1A VANSITTART ROW, KOL-1  1/1A VANSI","033-22485837","phaskowa@gmail.com","TTART ROW, KOL-1","","askowa@gmail.com","Kolkata","Halmira Estate Tea Private Limited","Halmira Estate Tea Private Limited, 23, Pankaj Mullick Sarani, near st.lawrence school, Garcha, Ballygunge, Kolkata, West Bengal 700019","700019","033 3502 5701","https://www.halmiratea.com/",22.5288479,88.355651,"ChIJM71Ogi93AjoRcc12reVUb24","https://www.google.com/maps/place/?q=place_id:ChIJM71Ogi93AjoRcc12reVUb24","matched"
39,"DAM DIM","A2","Dooars","JALPAIGURI","JALPAIGURI","Public Ltd Co",1361.51,738.02,"ITA","P.O DAMDIM,DIST.JALPAIGURI","03562221305","","AMALGAMATED PLANTATIONS","PRIVATE LIMITED, 5/2,RUSSELL ST. KOLKATA-700071 Tel :, E-, Mail :ashok.bordoloi.amalgamated.in","03322267638","","MR.A.BORDOLOI","","","Kolkata","Amalgamated Plantations Pvt. Ltd.","G8RX+3C2 Amalgamated Plantations Pvt. Ltd., 1, Bishop Lefroy Rd, Near Rabindra Sadan METRO Gate, Sreepally, Bhowanipore, Kolkata, West Bengal 700020","700020","033 6605 3750","https://amalgamatedplantations.co.in/",22.540184,88.348784,"ChIJJWKLuuV3AjoR9M2u3qyv0T0","https://maps.google.com/maps/preview/place/G8RX%2B3C2+Amalgamated+Plantations+Pvt.+Ltd.,+1,+Bishop+Lefroy+Rd,+Near+Rabindra+Sadan+METRO+Gate,+Sreepally,+Bhowanipore,+Kolkata,+West+Bengal+700020/@22.540184,88.348784,3685a,13.1y/data=!4m2!3m1!1s0x3a0277e5ba8b6225:0x3dd1afacdeaecdf4","matched"
40,"DANGUAJHAR TEA GARDEN","B-31","Dooars","JALPAIGURI","JALPAIGURI","Public Ltd Co",963.9,660.57,"ITA","P.O-DANGUAJHAR, DIST-JALPAIGURI,, W.B","03561-256529","deng@gooricke.com","GOODRICKE GROUP LIMITED","14, GURUSADAY ROAD, KOL-19","033-22873067","goodricke@vsnl.com","A. N. SINGH","033-22873067","goodricke@vsnl.com","Kolkata","Goodricke Group Limited","Goodricke Group Limited, 14, Gurusaday Dutta Rd, Beck Bagan, Ballygunge, Kolkata, West Bengal 700019","700019","033 2287 3067","https://www.goodricketea.com/",22.5353048,88.36169489999999,"ChIJ7V-kwCB3AjoRm_bV8GLZkww","https://maps.google.com/maps/preview/place/Goodricke+Group+Limited,+14,+Gurusaday+Dutta+Rd,+Beck+Bagan,+Ballygunge,+Kolkata,+West+Bengal+700019/@22.5353048,88.3616949,3685a,13.1y/data=!4m2!3m1!1s0x3a027720c0a45fed:0xc93d962f0d5f69b","matched"
41,"JOYPUR","16","Dooars","JALPAIGURI","JALPAIGURI","Public Ltd Co",365.08,343.69,"ITPA","P.O-PRASANNANAGAR, DIST-, JALPAIGURI, W.B","03561-204489","","SUNNY VALLEY TEA &","INDUSTRIES LTD, P.O+DIST-JALPAIGURI, W.B","03561-230204","","RAJENDRA KR. MAHESWARI","03561-230204","","Jalpaiguri","KARLAVALLEY TEA FACTORY Bada line photo ka location bhejiye","GMXG+MV3 KARLAVALLEY TEA FACTORY Bada line photo ka location bhejiye, Patkata Colony, Jalpaiguri, West Bengal 735133","735133","","",26.5491371,88.6771768,"ChIJn1-H_6t75DkRzxQ-6YLa2x0","https://maps.google.com/maps/preview/place/GMXG%2BMV3+KARLAVALLEY+TEA+FACTORY+Bada+line+photo+ka+location+bhejiye,+Patkata+Colony,+Jalpaiguri,+West+Bengal+735133/@26.5491371,88.6771768,3569a,13.1y/data=!4m2!3m1!1s0x39e47babff875f9f:0x1ddbda82e93e14cf","matched"
42,"KARALA VALLEY TEA ESTATE","145","Dooars","JALPAIGURI","JALPAIGURI","Public Ltd Co",331.84,224.3,"ITPA","P.O-MOHITNAGAR, DIST-JALPAIGURI,, W.B","03561-255363","tea@ddptl.com","DARJEELING DOOARS","PLANTATIONS (TEA) LTD., NICCO HOUSE, 4TH FLOOR, 2,, HARE STREET, KOL-1","033-22487908","tea@ddptl.com","SHASHANK PRASAD","033-22487908","tea@ddptl.com","Kolkata","Darjeeling Dooars Plantations Tea Limited","4th Floor, Darjeeling Dooars Plantations Tea Limited, Nicco House, 2, Hare St, Above Canara Bank, B.B.D. Bagh, Kolkata, West Bengal 700001","700001","033 2248 7908","",22.5713318,88.3458527,"ChIJhee-ACZ3AjoRR4JZfTemkLU","https://maps.google.com/maps/preview/place/4th+Floor,+Darjeeling+Dooars+Plantations+Tea+Limited,+Nicco+House,+2,+Hare+St,+Above+Canara+Bank,+B.B.D.+Bagh,+Kolkata,+West+Bengal+700001/@22.5713318,88.3458527,3684a,13.1y/data=!4m2!3m1!1s0x3a02772600bee785:0xb590a6377d598247","matched"
43,"KONPAKRI AGRO INDUSTRIES (P)","3744","Dooars","JALPAIGURI","JALPAIGURI","Public Ltd Co",41.263,35.62,"ITPA","LTD*, P.O-BERUBARI, DIST-JALPAIGURI,, W.B","03561-255397","puro24@gmail.com","KONPAKRI AGRO INDUS. (P) LTD PUROJIT BAKSHI GUPTA","ASSAM MORE, P.O-MOHITNAGAR, ASSAM MORE, JALPAIGURI                   JALPAIGUR","03561-255397","puro24@gmail.com",", P.O-MOHITNAGAR,","","uro24@gmail.co","Jalpaiguri","Bhatrisakti Agro Pvt. Ltd.","GMJ8+3RQ Bhatrisakti Agro Pvt. Ltd., Patkata Colony, Mohitnagar, Golghumti, Jalpaiguri, West Bengal 735102","735102","","",26.5302012,88.6671001,"ChIJl3W0Q8R75DkRnnkgB0Q69e4","https://maps.google.com/maps/preview/place/GMJ8%2B3RQ+Bhatrisakti+Agro+Pvt.+Ltd.,+Patkata+Colony,+Mohitnagar,+Golghumti,+Jalpaiguri,+West+Bengal+735102/@26.5302012,88.6671001,3570a,13.1y/data=!4m2!3m1!1s0x39e47bc443b47597:0xeef53a440720799e","matched"
44,"NANDAN TEA ESTATE","3818","Dooars","JALPAIGURI","JALPAIGURI","Public Ltd Co",25.12,25.12,"ITPA","P.O-MANUAGANJ, DIST-JALPAIGURI,, W.B","9932627668","","CHUNIAJHORA TEA CO LTD","K. C. DEY ROAD, SILIGURI-734401","0353-645796","","ANAND KUMAR AGARWAL","9933020942","","Siliguri","Chuniajhora Tea Co Ltd","Chuniajhora Tea Co Ltd, 62, Hill Cart Rd, Ward 10, Hakim Para, Siliguri, West Bengal 734001","734001","","",26.716220099999997,88.4224708,"ChIJ_7UUwWpB5DkRMkXEDHDg8q8","https://maps.google.com/maps/preview/place/Chuniajhora+Tea+Co+Ltd,+62,+Hill+Cart+Rd,+Ward+10,+Hakim+Para,+Siliguri,+West+Bengal+734001/@26.7162201,88.4224708,3564a,13.1y/data=!4m2!3m1!1s0x39e4416ac114b5ff:0xaff2e0700cc44532","matched"
45,"NEPATI VALLEY TEA ESTATE","3785","Dooars","JALPAIGURI","JALPAIGURI","Public Ltd Co",27.85,26.95,"ITPA","P.O-RANGDHAMALI, DIST-, JALPAIGURI, W.B","0353-2530946","das.samir133@gmail.com","NEPATI VALLEY TEA ESTATE (P) LTD","P.O-RANGDHAMALI, DIST-, JALPAIGURI, W.B","0353-2530946","das.samir133@gmail.com","BADAL CHANDRA DAS","0353-2530946","das.samir133@gmail.com","Siliguri","Happy Valley Tea Estate","Happy Valley Tea Estate, Lebong Cart Rd, near Darjeeling, Chauk Bazaar, Darjeeling, West Bengal 734101","734101","","https://happyvalleyorganictea.com/",27.0513425,88.25865259999999,"ChIJ5_fbgLsu5DkRFfQNjzjGogQ","https://www.google.com/maps/place/?q=place_id:ChIJ5_fbgLsu5DkRFfQNjzjGogQ","matched"
46,"PARBATI T.E AND GOURANGA","3826","Dooars","JALPAIGURI","JALPAIGURI","Public Ltd Co",27.68,27.68,"ITPA","CHANDRA T.E*, P.O-KARJIPARA, DIST-JALPAIGURI,, W.B","9832092716","","GOURANGA PARBATI TEA CO PVT DILIP DAS AND PRADIP DAS","LTD                         TILAK ROAD,, TILAK ROAD, HAKIMPARA,      SILIGURI, SILIGURI                    Tel :9832092","9832092","","HAKIMPARA,","","","Siliguri","PRADIP TEA COMPANY","STALL NO. T - 435, PRADIP TEA COMPANY, TULAPATTY ROAD, Bidhan Market Rd, near SECTOR BUILDING, Ward 11, Hakim Para, Siliguri, West Bengal 734001","734001","","",26.7171125,88.4254299,"ChIJl6OYmWxB5DkRBx7Zzxf1puc","https://www.google.com/maps/place/?q=place_id:ChIJl6OYmWxB5DkRBx7Zzxf1puc","matched"
47,"RAIPUR TEA ESTATE","129","Dooars","JALPAIGURI","JALPAIGURI","Public Ltd Co",340.21,239.83,"TAI","P.O-RANGDHAMALI, DIST-, JALPAIGURI, W.B","9434064999","amritapurteaslg@gmail.com","SUBRATA SAHA","AMRITPUR TEA CO. LTD., P.O+DIST-JALPAIGURI, W.B","9434064999","amritapurteaslg@gmail.com","SUBRATA SAHA","9434064999","amritapurteaslg@gmail.com","Jalpaiguri","Subrata Saha","VRF3+C69 Subrata Saha, NH 717, Mangalbari, West Bengal 735206","735206","","",26.873536899999998,88.8030971,"ChIJlcwXl1714zkR1dLy5zkXdNo","https://www.google.com/maps/place/?q=place_id:ChIJlcwXl1714zkR1dLy5zkXdNo","matched"
48,"SARASWATIPUR T.E","31","Dooars","JALPAIGURI","JALPAIGURI","Public Sector",379.31,326.4,"TRA","P.O: SARASWATIPUR BAGAN DIST;, JALPAIGURI PIN 735133","03561230172,230442","","SARASWATIPUR TEA &","INDUSTRIES LTD, CENTRE POINT 28/2, SHAKESPEARE SARANI 4TH, FLOOR FLAT NO.401 KOLKATA, 700017","03322814014,22408982","","SARASWATIPUR TEA &","03322814014,22408982","","Kolkata","Saraswatipur Tea Resort","QH42+28 Saraswatipur Tea Resort, Unnamed Road, Saraswatipur Tea Estate, Junglee Mohal, West Bengal 734008","734008","081005 77114","http://www.saraswatipurtearesort.com/",26.7540366,88.55098819999999,"ChIJwxqeNsVr5DkR679x2wgFbdM","https://maps.google.com/maps/preview/place/QH42%2B28+Saraswatipur+Tea+Resort,+Unnamed+Road,+Saraswatipur+Tea+Estate,+Junglee+Mohal,+West+Bengal+734008/@26.7540366,88.5509882,3563a,13.1y/data=!4m2!3m1!1s0x39e46bc5369e1ac3:0xd36d0508db71bfeb","matched"
49,"AMBARI TEA ESTATE","P-1","Dooars","JALPAIGURI","NAGRAKATA","Public Ltd Co",707.37,587.1,"TRA","AMBARI T.E.,P.O. AMBARI, BAGAN,JALPAIGURI","8967554771","","DIANA TEA CO. LTD.","3B,LALBAZAR ST,KOLKATA-1","03340661593","","SHRI MANOJ AGARWAL","9830682087","","Kolkata","Diana Tea Company Limited","4th Floor, Diana Tea Company Limited, SIR RNM House, 3/B, Lal Bazar St, Lal Bazar, Kolkata, West Bengal 700001","700001","033 2248 8672","http://dianatea.in/",22.571953,88.35202,"ChIJrz92paV3AjoRgq3T0Eb5lA8","https://maps.google.com/maps/preview/place/4th+Floor,+Diana+Tea+Company+Limited,+SIR+RNM+House,+3%2FB,+Lal+Bazar+St,+Lal+Bazar,+Kolkata,+West+Bengal+700001/@22.571953,88.35202,3684a,13.1y/data=!4m2!3m1!1s0x3a0277a5a5763faf:0xf94f946d0d3ad82","matched"
50,"BANARHAT","2767","Dooars","JALPAIGURI","NAGRAKATA","Public Sector",796.94,634.21,"ITA","PO- BANARHAT,DIST-JALPAIGURI, WB","03563252002","yule.banarhat@gmail.com","ANDREW YULE & COMPANY LIMITED","YULE, HOUSE, 8, DR. RP SARANI,, KOLKATA 700001","03322428210","","S MUNSHI","03322428210","","Kolkata","ANDREW YULE & CO.LTD.","ANDREW YULE & CO.LTD., Yule House, 8, Dr Rajendra Prasad Sarani, China Bazar, B.B.D. Bagh, Kolkata, West Bengal 700001","700001","033 2242 7722","http://www.andrewyule.com/",22.5786953,88.35042519999999,"ChIJH_yxC7t3AjoRPdMcq3c5JHY","https://www.google.com/maps/place/?q=place_id:ChIJH_yxC7t3AjoRPdMcq3c5JHY","partial"
51,"BHOGATPORE TEA ESTATE","2662","Dooars","JALPAIGURI","NAGRAKATA","Public Ltd Co",976.59,643.06,"ITA","PO NAGRAKATA -735225","03565272034","rudrajalpaiguri@rediffmail.co","BHOGOTPUR TEA CO.LTD","NILHAT HOUSE,7TH, FLOOR,11,R.N.MUKHERJEE, ROAD,KOLKATA","03322427351","bhagatpurtea@hotmail.com","ANIL KUMAR NAHATA","9831990002","bhagatpurtea@hotmail.com","Kolkata","Bhagatpur Tea Co Ltd","Bhagatpur Tea Co Ltd, 11, RN Mukherjee Rd, B.B.D. Bagh, Kolkata, West Bengal 700001","700001","091633 02244","http://www.bhagatpurtea.com/",22.5708624,88.3513948,"ChIJA6Pf2aV3AjoR3cG0P-rmJAk","https://maps.google.com/maps/preview/place/Bhagatpur+Tea+Co+Ltd,+11,+RN+Mukherjee+Rd,+B.B.D.+Bagh,+Kolkata,+West+Bengal+700001/@22.5708624,88.3513948,3684a,13.1y/data=!4m2!3m1!1s0x3a0277a5d9dfa303:0x924e6ea3fb4c1dd","matched"
52,"BINAGURI TEA ESTATE","2598","Dooars","JALPAIGURI","NAGRAKATA","Proprietorship",725.09,602.56,"ITA","P.O: BINNAGURI, DIST.JALPAIGURI, WEST BENGAL.","03563-259311","binaguri@gmail.com","BINAGURI TEA CO. PVT.LTD.","238A,AJC BOSE ROAD, KOLKATA-700020","033-22483110","binaguri.te@gmail.com","SHRI R.K.SINGH","033-22483110","binaguri.te@gmail.com","Kolkata","Binaguri Tea Co Pvt Ltd","Binaguri Tea Co Pvt Ltd, 238 A, AJC Bose Rd, Sreepally, Ballygunge, Kolkata, West Bengal 700020","700020","","",22.5413157,88.3485997,"ChIJna9XCxZ3AjoROm_ZtdJZNSA","https://maps.google.com/maps/preview/place/Binaguri+Tea+Co+Pvt+Ltd,+238+A,+AJC+Bose+Rd,+Sreepally,+Ballygunge,+Kolkata,+West+Bengal+700020/@22.5413157,88.3485997,3685a,13.1y/data=!4m2!3m1!1s0x3a0277160b57af9d:0x203559d2b5d96f3a","matched"
53,"CARRON TEA ESTATE","2520","Dooars","JALPAIGURI","NAGRAKATA","Proprietorship",581.55,303.86,"ITA","CARRON T.G P.O: CARRON DIST:, JALPAIGURI","9831195470","","BASU TEA PRIVATE LTD","E-3/2 GILLANDER HOUSE 8,N.S, ROAD KOLKATA-700001","03322133460,9831195470","","MR. P.K BASU","03322133460","","Kolkata","BASU TEA STALL","BASU TEA STALL, Sapuipara, Ghosh Para, Howrah, West Bengal 711227","711227","","",22.6401549,88.3214751,"ChIJuXxRncuC-DkRR_l_CuHPm-w","https://www.google.com/maps/place/?q=place_id:ChIJuXxRncuC-DkRR_l_CuHPm-w","matched"
54,"CHAMURCHI TEA ESTATE","19","Dooars","JALPAIGURI","NAGRAKATA","Public Ltd Co",889.2,493.22,"TRA","P.O. CHAMURCHI DIST. JALPAIGURI, WEST BENGAL","09674731050","chamurchi.2010@gmail.com","RAJENDRA PRASAD TIWARI","216, MG ROAD KOLKATA- 700007","03322526728-29","rajendra.1957@yahoo.com","RAJENDRA PRASAD TIWARI","03322526728-29","rajendra.1957@yahoo.com","Kolkata","Cardiology opd R G Kar MCH","Cardiology opd R G Kar MCH, 01, Khudiram Bose Sarani, Bidhan Sarani, Belgachia, Kolkata, West Bengal 700004","700004","033 2555 7675","http://www.rgkarmch.org/",22.603514099999998,88.37749889999999,"ChIJy0zZypV3AjoRZOo__aflVeM","https://www.google.com/maps/place/?q=place_id:ChIJy0zZypV3AjoRZOo__aflVeM","partial"
55,"CHENGMARI","2613","Dooars","JALPAIGURI","NAGRAKATA","Public Ltd Co",1851.37,1290.87,"TAI","PO-CARRON, DIST -JALPAIGURI, WB","9734925599","dsparmar13@gmail.com","CHENGMARI TEA CO. LTD.","CHENGMARI TEA CO. LTD. .37,, SHAKESPEARE SARANI, KOLKATA, -700017","033 22809603","chen_935503@bsnl.in","RAMESH KR. MORE","033 22809603","chen_935503@bsnl.in","Kolkata","Chengmari Tea Company Limited","Chengmari Tea Company Limited, 37, Kala Mandir,, Shakespeare Sarani, Mullick Bazar, Park Street area, Kolkata, West Bengal 700017","700017","033 2287 9834","https://chengmari.com/",22.544779,88.358255,"ChIJZc2jth53AjoRKqrIlKYbE98","https://maps.google.com/maps/preview/place/Chengmari+Tea+Company+Limited,+37,+Kala+Mandir,,+Shakespeare+Sarani,+Mullick+Bazar,+Park+Street+area,+Kolkata,+West+Bengal+700017/@22.544779,88.358255,3685a,13.1y/data=!4m2!3m1!1s0x3a02771eb6a3cd65:0xdf131ba694c8aa2a","matched"
56,"CHOONABHUTTI TEA ESTATE","M-7","Dooars","JALPAIGURI","NAGRAKATA","Public Sector",539.95,401.8,"TRA","P.O-CHAMURCHI, DIST-JALPAIGURI,, W.B","03563-258384","yule.choonabhutti@gmail.com","ANDREW YULE & COMPANY LIMITED","8, R.P. SARANI, KOL-1","033-22428210","cetea@andrewyule.com","SUNIL MUNSHI","033-22428210","cetea@andrewyule.com","Kolkata","ANDREW YULE & CO.LTD.","ANDREW YULE & CO.LTD., Yule House, 8, Dr Rajendra Prasad Sarani, China Bazar, B.B.D. Bagh, Kolkata, West Bengal 700001","700001","033 2242 7722","http://www.andrewyule.com/",22.5786953,88.35042519999999,"ChIJH_yxC7t3AjoRPdMcq3c5JHY","https://www.google.com/maps/place/?q=place_id:ChIJH_yxC7t3AjoRPdMcq3c5JHY","partial"
57,"DEBPARA TEA ESTATE","12","Dooars","JALPAIGURI","NAGRAKATA","Public Ltd Co",851.81,546.24,"TRA","DEBPARA T.E.,P.O. BANARHAT,DIST-, JALPAIGURI","9434010469","debparatea@gmail.com","DEBPARA TEA CO. LTD.","UKILPARA,JALPAIGURI","03561230060","","MR. S.MITTAL","9434145186","debparatea@gmail.com","Jalpaiguri","Debpara Tea Co. Ltd.","Debpara Tea Co. Ltd., 10, Sevoke Rd, Ward 10, Hakim Para, Siliguri, West Bengal 734001","734001","","",26.716723599999998,88.4234954,"ChIJo6I_KGtB5DkRWMPg1K-vOCA","https://maps.google.com/maps/preview/place/Debpara+Tea+Co.+Ltd.,+10,+Sevoke+Rd,+Ward+10,+Hakim+Para,+Siliguri,+West+Bengal+734001/@26.7167236,88.4234954,3564a,13.1y/data=!4m2!3m1!1s0x39e4416b283fa2a3:0x2038afafd4e0c358","matched"
58,"DHARANIPUR","2515","Dooars","JALPAIGURI","NAGRAKATA","Proprietorship",441.59,264.52,"ITA","PO-CARRON,DIST-JALPAIGURI,WB","9547701884","","ROSHANLAL AGARWAL","O M PALACE , ASHRAMPARA, WB","0353-2640235","redbank@yahoo.com","N K BASU","0350 -2640235","redbank@yahoo.com","Siliguri","Roshan Lal & Company","Roshan Lal & Company, Nehru Rd, Ward 8, Khalpara, Siliguri, West Bengal 734001","734001","","",26.7084859,88.4238371,"ChIJF0AIFaRB5DkRISUL5FvEEic","https://www.google.com/maps/place/?q=place_id:ChIJF0AIFaRB5DkRISUL5FvEEic","partial"
59,"DIANA TEA ESTATE","J-26","Dooars","JALPAIGURI","NAGRAKATA","Public Ltd Co",536.62,418.3,"ITA","P.O. BANARHAT,PIN, 735202,JALPAIGURI","03563203052","gmdiana@rediffmail.com","DIANA TEA CO. LTD.","3B LALBAZAR ST.KOL-1","03322488672","contactus@dianatea.in","MR. MONO AGRWALLA","03322488672","contactus@dianatea.in","Kolkata","Diana Tea Company Limited","4th Floor, Diana Tea Company Limited, SIR RNM House, 3/B, Lal Bazar St, Lal Bazar, Kolkata, West Bengal 700001","700001","033 2248 8672","http://dianatea.in/",22.571953,88.35202,"ChIJrz92paV3AjoRgq3T0Eb5lA8","https://maps.google.com/maps/preview/place/4th+Floor,+Diana+Tea+Company+Limited,+SIR+RNM+House,+3%2FB,+Lal+Bazar+St,+Lal+Bazar,+Kolkata,+West+Bengal+700001/@22.571953,88.35202,3684a,13.1y/data=!4m2!3m1!1s0x3a0277a5a5763faf:0xf94f946d0d3ad82","matched"
60,"GHATIA TEA ESTATE","2624","Dooars","JALPAIGURI","NAGRAKATA","Proprietorship",756.11,599.64,"TRA","GHATIA TEA ESTATE NAGRAKATA, DIST: JALPAIGURI","9434024387","ghatia.tea@gmail.com","H.V. KEJRIWAL","90/31, DIAMOND HARBOUR ROAD, KOLKATA-700038","03323983289","rungamattee@gmail.com","H.V. KEJRIWAL","03323983289","rungamattee@gmail.com","Kolkata","Kejriwal Castings Limited","14th Floor, Kejriwal Castings Limited, Tower - 2, DN 62, Salt Lake Bypass, DN Block, Sector V, Bidhannagar, Kolkata, West Bengal 700091","700091","033 4801 6753","https://www.kejriwalcastings.com/",22.5767544,88.4311097,"ChIJgyNwSA53AjoRcfUwEI3vXjM","https://www.google.com/maps/place/?q=place_id:ChIJgyNwSA53AjoRcfUwEI3vXjM","partial"
61,"HILLA","2423","Dooars","JALPAIGURI","NAGRAKATA","Public Sector",709,310,"ITA","P.O.NAGRAKATA, DIST- JALPAIGURI,, W.B","9434319429","","WEST BENGAL TEA","DEVELOPMENT CORPORATION, LTD., SHYAMKUNJ,12B, LORD SINHA, ROAD, 3RD FLOOR, KOL-71","033-22821284","webtea@vsnl.net","MISS. MAUSAMI GUHA ROY","033-22828761","webtea@vsnl.net","Kolkata","Bengal Tea & Fabrics Limited","4th floor, Bengal Tea & Fabrics Limited, Century Tower, 45, Shakespeare Sarani, opposite Kala Mandir, Mullick Bazar, Park Street area, Kolkata, West Bengal 700017","700017","033 2283 6416","http://www.bengaltea.com/",22.544356,88.359584,"ChIJfUyjlB53AjoRZjL6zA2fa50","https://www.google.com/maps/place/?q=place_id:ChIJfUyjlB53AjoRZjL6zA2fa50","matched"
62,"HOPE TEA GARDEN","B/10","Dooars","JALPAIGURI","NAGRAKATA","Public Ltd Co",679.57,432.12,"ITA","HOPE TEA GARDEN,P.O., NAGRAKATA; DIST: JALPAIGURI","03563200051","hope@goodricke.com","V.MANDAL","""CAMELLIA, HOUSE""14,GURUSADAY, ROAD,KOLAKATA-19","03322872577","","MR. ARUN NARAYAN SINGH","09903000999","","Kolkata","Mandal villa","93/1, Mandal villa, Dr Meghnad Saha Rd, Lakshminagar, Dum Dum, Kolkata, West Bengal 700074","700074","","",22.624890999999998,88.40637459999999,"ChIJs3ToCwCf-DkRjCdI6QfDl3o","https://www.google.com/maps/place/?q=place_id:ChIJs3ToCwCf-DkRjCdI6QfDl3o","partial"
63,"JALDACCA ALTADANGA TEA ESTATE 15","","Dooars","JALPAIGURI","NAGRAKATA","Public Ltd Co",405.37,197.39,"TRA","P.O-NATHUAHAT, DIST-JALPAIGURI,, W.B","03563-246045","teraitea@gmail.com","AJIT KUMAR AGARWAL","AGARWALA HOUSE, 2ND MILE,, SEVOKE ROAD, SILIGURI","0353-2543857","teraitea@gmail.com","V.D.DUA","0353-2543857","teraitea@gmail.com","Siliguri","Dr. Ajit Kumar Singh - Best Nephrologist in Siliguri | Kidney Doctor in Siliguri | Best Kidney Transplant Doctor in Siliguri","Dr. Ajit Kumar Singh - Best Nephrologist in Siliguri | Kidney Doctor in Siliguri | Best Kidney Transplant Doctor in Siliguri, Inside Uttarayan Township City centre Matigara, Siliguri, West Bengal 734010","734010","","http://drajitkumarsingh.co.in/",26.734320099999998,88.39135689999999,"ChIJB6mQXWVH5DkRUaKL-GL3pdY","https://www.google.com/maps/place/?q=place_id:ChIJB6mQXWVH5DkRUaKL-GL3pdY","partial"
64,"JITI","B-11","Dooars","JALPAIGURI","NAGRAKATA","Public Ltd Co",934.46,546.86,"TRA","P.O-NAGRAKATA,DIST-, JALPAIGURI,WB","9733180349","jiti@goodricke.com","GOODRICKE GROUP LIMITED","""CAMELLIA, HOUSE""14,GURUSADAY, ROAD,KOL-19","033-22873067","goodricke@goodricke.com","MR A.N. SINGH","033-22873067","goodricke@goodricke.com","Kolkata","Goodricke Group Limited","Goodricke Group Limited, 14, Gurusaday Dutta Rd, Beck Bagan, Ballygunge, Kolkata, West Bengal 700019","700019","033 2287 3067","https://www.goodricketea.com/",22.5353048,88.36169489999999,"ChIJ7V-kwCB3AjoRm_bV8GLZkww","https://maps.google.com/maps/preview/place/Goodricke+Group+Limited,+14,+Gurusaday+Dutta+Rd,+Beck+Bagan,+Ballygunge,+Kolkata,+West+Bengal+700019/@22.5353048,88.3616949,3685a,13.1y/data=!4m2!3m1!1s0x3a027720c0a45fed:0xc93d962f0d5f69b","matched"
65,"KARBALA TEA ESTATE","M(19)2768","Dooars","JALPAIGURI","NAGRAKATA","Public Sector",1021.95,755.24,"ITA","P.O: BANARHAT, DIST : JALPAIGURI, WEST BENGAL","03563-252005","yule.karballa@gmail.com","ANDREW YULE & COMPANY LIMITED","8,DR.R.P.SARANI,, KOLKATA","","","SHRI SUNIL MUNSHI","9830019050","","Kolkata","ANDREW YULE & CO.LTD.","ANDREW YULE & CO.LTD., Yule House, 8, Dr Rajendra Prasad Sarani, China Bazar, B.B.D. Bagh, Kolkata, West Bengal 700001","700001","033 2242 7722","http://www.andrewyule.com/",22.5786953,88.35042519999999,"ChIJH_yxC7t3AjoRPdMcq3c5JHY","https://www.google.com/maps/place/?q=place_id:ChIJH_yxC7t3AjoRPdMcq3c5JHY","partial"
66,"KATALGURI TEA ESTATE","10","Dooars","JALPAIGURI","NAGRAKATA","Proprietorship",777.06,495.25,"None","P.O. KATALGURI DIST. JALPAIGURI, (WB)","03563200068","","ARION AGENCIES PVT. LTD.","233, 2ND MILE SEVOKE ROAD,, SILIGURI","03532544704","sevokemotors@vsnl.net","NARENDRA BERLIA","03532544704","sevokemotors@vsnl.net","Siliguri","Anil agencies","3rd Mile, Anil agencies, near Urban Palms Apartment, Ward 42, Salugara, Siliguri, West Bengal 734008","734008","","",26.7579837,88.4421692,"ChIJLZwxxVhA5DkRF0Kr0FSlE_k","https://www.google.com/maps/place/?q=place_id:ChIJLZwxxVhA5DkRF0Kr0FSlE_k","partial"
67,"KATHALDHURA TEA ESTATE","3973","Dooars","JALPAIGURI","NAGRAKATA","Public Ltd Co",80.97,74.93,"ITPA","KATHALDHURA TEA ESTATE, POST-, NAGRAKATA, DIST-JALPAIGURI","9434496215","deepakberlia@yahoo.com","KANCHAN TREE PLANTATIONS","PVT. LTD.,, KANCHAN TREE PLANTATION, PVT. LTD., 2ND MILE, SEVOKE, ROAD, SILIGUR734001","03532779338","deepakberlia@yahoo.com","MR. DEEPAK BERLIA","9434045112","deepakberlia@yahoo.com","Siliguri","Siliguri","Siliguri, West Bengal","","","",26.7271012,88.39528609999999,"ChIJzR1E9RRB5DkR_-1jIHDEtd4","https://maps.google.com/maps/preview/place/Siliguri,+West+Bengal/@26.7271012,88.3952861,3564a,13.1y/data=!4m2!3m1!1s0x39e44114f5441dcd:0xdeb5c4702063edff","partial"
68,"KURTI TEA ESTATE","2616","Dooars","JALPAIGURI","NAGRAKATA","Proprietorship",659,417.93,"","PO. NAGRAKATA, JALPAIGURI","03565270409","kurtitea@gmail.com","QUALITY TEA PRODUCING CO. PVT. LTD.","KOLKATA","03565270409","qtpl@vsnl.net","B.K.DALMIA","03565270409","qtpl@vsnl.net","Kolkata","Quality Tea Plantations P Ltd","Quality Tea Plantations P Ltd, 24, Hemanta Basu Sarani, Lal Dighi, B.B.D. Bagh, Kolkata, West Bengal 700062","700062","033 2230 8994","",22.5699659,88.3495671,"ChIJqwsrO6R3AjoRilH04_T-QQk","https://maps.google.com/maps/preview/place/Quality+Tea+Plantations+P+Ltd,+24,+Hemanta+Basu+Sarani,+Lal+Dighi,+B.B.D.+Bagh,+Kolkata,+West+Bengal+700062/@22.5699659,88.3495671,3684a,13.1y/data=!4m2!3m1!1s0x3a0277a43b2b0bab:0x941fef4e3f4518a","matched"
69,"LAKHIPARA TEA GARDEN","B-14","Dooars","JALPAIGURI","NAGRAKATA","Public Ltd Co",919.55,627.47,"TRA","P.O. BANARHAT,JALPAIGURI","03563203123","lak@goodricke.com","GOODRICKE GROUP LIMITED","CAMELLIA HOUSE,14 GURUSDAY, ROAD,KOLKATA","03322873067","goodricke@vsnl.com","MR.A.N.SINGH","03322873067","goodricke@vsnl.com","Kolkata","Goodricke Group Limited","Goodricke Group Limited, 14, Gurusaday Dutta Rd, Beck Bagan, Ballygunge, Kolkata, West Bengal 700019","700019","033 2287 3067","https://www.goodricketea.com/",22.5353048,88.36169489999999,"ChIJ7V-kwCB3AjoRm_bV8GLZkww","https://maps.google.com/maps/preview/place/Goodricke+Group+Limited,+14,+Gurusaday+Dutta+Rd,+Beck+Bagan,+Ballygunge,+Kolkata,+West+Bengal+700019/@22.5353048,88.3616949,3685a,13.1y/data=!4m2!3m1!1s0x3a027720c0a45fed:0xc93d962f0d5f69b","matched"
70,"LANKAPARA TEA GARDEN","2632","Dooars","JALPAIGURI","NAGRAKATA","Public Ltd Co",1275.7,758.45,"ITA","P.O. RAMJHORA ,JALPAIGURI","9333058015","lantg@ducanstea.com","DUNCANS INDUSTRIES LIMITED","31,N.S.ROAD.KOLKATA-1","32219158","","G.P.GOENKA","32219158","","Kolkata","Duncans Tea Limited","4th Floor, Duncans Tea Limited, Duncan House, 31, Netaji Subhas Rd, Murgighata, B.B.D. Bagh, Kolkata, West Bengal 700001","700001","033 2242 1605","https://www.duncanstea.in/",22.5758118,88.3490346,"ChIJhZmnTbt3AjoRLq_WvutvPsY","https://maps.google.com/maps/preview/place/4th+Floor,+Duncans+Tea+Limited,+Duncan+House,+31,+Netaji+Subhas+Rd,+Murgighata,+B.B.D.+Bagh,+Kolkata,+West+Bengal+700001/@22.5758118,88.3490346,3684a,13.1y/data=!4m2!3m1!1s0x3a0277bb4da79985:0xc63e6febbed6af2e","matched"
71,"LOOKSUN TEA ESTATE","2441","Dooars","JALPAIGURI","NAGRAKATA","Public Ltd Co",747.56,424.69,"ITA","PO. CARRON,JALPAIGURI,WEST, BENGAL","03532779337","deepakberlia@yahoo.com","GIRIRAJ PLANTATIONS PVT. LTD","2ND MILE SEVOKE ROAD, SILIGURI","03532779337","girirajplantation@yahoo.in","DEPAK BERLIA","03532779337","deepakberlia@yahoo.com","Siliguri","Siliguri","Siliguri, West Bengal","","","",26.7271012,88.39528609999999,"ChIJzR1E9RRB5DkR_-1jIHDEtd4","https://maps.google.com/maps/preview/place/Siliguri,+West+Bengal/@26.7271012,88.3952861,3564a,13.1y/data=!4m2!3m1!1s0x39e44114f5441dcd:0xdeb5c4702063edff","partial"
72,"MOGULKATA TEA ESTATE","2524","Dooars","JALPAIGURI","NAGRAKATA","Proprietorship",662.84,408.39,"ITA","P.O : BANARHAT, DIST. : JALPAIGURI, WEST BENGAL","9775897718","sengupta@gmail.com","BIJOYNAGAR TEA CO. LTD","11,GOVT.PLACE EAST, KOLKATA-700069, WEST BENGAL","033-22487629","btcl@cal2.vsnl.net.in","MR. R.S.CHATTERJEE","9903461349","btcl@cal2.vsnl.net.in","Kolkata","Diana Tea Company Limited","4th Floor, Diana Tea Company Limited, SIR RNM House, 3/B, Lal Bazar St, Lal Bazar, Kolkata, West Bengal 700001","700001","033 2248 8672","http://dianatea.in/",22.571953,88.35202,"ChIJrz92paV3AjoRgq3T0Eb5lA8","https://www.google.com/maps/place/?q=place_id:ChIJrz92paV3AjoRgq3T0Eb5lA8","matched"
73,"MORAGHAT TEA ESTATE","2546","Dooars","JALPAIGURI","NAGRAKATA","Proprietorship",604.38,513.47,"ITA","BINNAGURI P.O., DIST.JALPAIGURI, WEST BENGAL","03563-203008","","BINAGURI TEA CO. PVT.LTD.","24,R.N.MUKHERJEE, ROAD,KOLKATA-1","033-22484395","","BINAGURI TEA CO. PVT.LTD.","033-22484395","","Kolkata","Binaguri Tea Co Pvt Ltd","Binaguri Tea Co Pvt Ltd, 238 A, AJC Bose Rd, Sreepally, Ballygunge, Kolkata, West Bengal 700020","700020","","",22.5413157,88.3485997,"ChIJna9XCxZ3AjoROm_ZtdJZNSA","https://maps.google.com/maps/preview/place/Binaguri+Tea+Co+Pvt+Ltd,+238+A,+AJC+Bose+Rd,+Sreepally,+Ballygunge,+Kolkata,+West+Bengal+700020/@22.5413157,88.3485997,3685a,13.1y/data=!4m2!3m1!1s0x3a0277160b57af9d:0x203559d2b5d96f3a","matched"
74,"NAGRAKATA TEA ESTATE","2615","Dooars","JALPAIGURI","NAGRAKATA","Public Ltd Co",923.68,549.78,"ITA","P.O. NAGRAKATA,DIST.JALPAIGURI","9635155853","qualitytea@hotmail.com","QUALITY TEA PRODUCING CO. PVT. LTD.","6-A,DR.RAJENDRA PRASAD, SARANI,KOLKATA-1","03322307874","qualitytea@hotmail.com","MR.SANJAY DALMIA","9331196774","qualitytea@hotmail.com","Kolkata","Quality Tea Plantations P Ltd","Quality Tea Plantations P Ltd, 24, Hemanta Basu Sarani, Lal Dighi, B.B.D. Bagh, Kolkata, West Bengal 700062","700062","033 2230 8994","",22.5699659,88.3495671,"ChIJqwsrO6R3AjoRilH04_T-QQk","https://maps.google.com/maps/preview/place/Quality+Tea+Plantations+P+Ltd,+24,+Hemanta+Basu+Sarani,+Lal+Dighi,+B.B.D.+Bagh,+Kolkata,+West+Bengal+700062/@22.5699659,88.3495671,3684a,13.1y/data=!4m2!3m1!1s0x3a0277a43b2b0bab:0x941fef4e3f4518a","matched"
75,"NEW DOOARS","M-26","Dooars","JALPAIGURI","NAGRAKATA","Public Sector",962.35,792.35,"ITA","PO-BANARHAT, DIST-JALPAIGURI, WB","03563-258858","yulenewdooars@gmail.com","ANDREW YULE & COMPANY LIMITED","YULE HOUSE, DR.R P, SARANI,KOLKATA-700001","033-22428210","","SUNIL MUNSHI","033-22428210","","Kolkata","ANDREW YULE & CO.LTD.","ANDREW YULE & CO.LTD., Yule House, 8, Dr Rajendra Prasad Sarani, China Bazar, B.B.D. Bagh, Kolkata, West Bengal 700001","700001","033 2242 7722","http://www.andrewyule.com/",22.5786953,88.35042519999999,"ChIJH_yxC7t3AjoRPdMcq3c5JHY","https://www.google.com/maps/place/?q=place_id:ChIJH_yxC7t3AjoRPdMcq3c5JHY","partial"
76,"NYA SYLEE","RC-31","Dooars","JALPAIGURI","NAGRAKATA","Partnership",786.12,460.77,"ITA","P.O NAGRAKATA, DIST- JALPAIGURI,, W.B","9775842525","","OCTIVIOUS TEA & INDIA LTD.","15, B HEMANTA BASU SARANI,, KOL-1","9331289101","susil@octiviouste.com","MR. SUSHIL KR. JAIN","9331289101","susil@octiviouste.com","Kolkata","Octavius Tea & Industries Ltd.","Octavius Tea & Industries Ltd., 2, Transport Depot Rd, Alipore Mint Colony, Alipore, Kolkata, West Bengal 700088","700088","","https://www.octavius.in/",22.5216741,88.3077244,"ChIJ3fhQdvR5AjoRpnZR_PBK__Q","https://maps.google.com/maps/preview/place/Octavius+Tea+%26+Industries+Ltd.,+2,+Transport+Depot+Rd,+Alipore+Mint+Colony,+Alipore,+Kolkata,+West+Bengal+700088/@22.5216741,88.3077244,3686a,13.1y/data=!4m2!3m1!1s0x3a0279f47650f8dd:0xf4ff4af0fc5176a6","matched"
77,"RED BANK","1956","Dooars","JALPAIGURI","NAGRAKATA","Proprietorship",551.09,361.63,"ITA","PO-RED BANK,DIST-JALPAIGURI,WB","9002735011","redbank@yahoo.com","ROSHANLAL AGARWAL","OM PALACE , ASHRAMPARA,, SILIGURI, E-, Mail :buxadoorsteaestates@gmail.co, m","0353-2640068","buxadoorsteaestates@gmail.co","N K BASU","0353-2640068","buxadoorsteaestates@gmail.co","Siliguri","Roshan Lal & Company","Roshan Lal & Company, Nehru Rd, Ward 8, Khalpara, Siliguri, West Bengal 734001","734001","","",26.7084859,88.4238371,"ChIJF0AIFaRB5DkRISUL5FvEEic","https://www.google.com/maps/place/?q=place_id:ChIJF0AIFaRB5DkRISUL5FvEEic","partial"
78,"RHEABARI TEA ESTATE","14","Dooars","JALPAIGURI","NAGRAKATA","Partnership",510.14,374.62,"TRA","P.O. BANARHAT DIST JALPAIGURI, WEST BENGAL","03565203159","","ASHOK KUMAR BANSAL","M/S REHEABARI TEA CO. LTD., HINDUSTAN BUILDING 4, CHITRANJAN AVENUE KOLKATA, 72","03322124721","info@newteaCo.com","ARVIND KUMAR","03322124721","info@newteaCo.com","Kolkata","Ashok Kumar Bansal & Associates","Ashok Kumar Bansal & Associates, K-10-A, KRISHNA PURI, Jhalana, Brij Mohan Marg, Sector 12, Malviya Nagar, Jaipur, Rajasthan 302017","302017","098280 20548","",26.845371399999998,75.8082665,"ChIJvR8qbSW3bTkRXwV1MvN7AGY","https://www.google.com/maps/place/?q=place_id:ChIJvR8qbSW3bTkRXwV1MvN7AGY","matched"
79,"SURENDRA NAGAR","2415","Dooars","JALPAIGURI","NAGRAKATA","Proprietorship",210,172.16,"ITA","PO: REDBANK, DIST-JALPAIGURI,WB","9002735011","redbank@yahoo.com","ROSHANLAL AGARWAL","O M PALACE, RAMAKRISHNA, ROAD,ASHRAMPARA,WB, E-, Mail :buxadooarsteaestate@gmail.co, m","9434086855","buxadooarsteaestate@gmail.co","NK BASU","9434086855","buxadooarsteaestate@gmail.co","Siliguri","Roshan Lal & Company","Roshan Lal & Company, Nehru Rd, Ward 8, Khalpara, Siliguri, West Bengal 734001","734001","","",26.7084859,88.4238371,"ChIJF0AIFaRB5DkRISUL5FvEEic","https://www.google.com/maps/place/?q=place_id:ChIJF0AIFaRB5DkRISUL5FvEEic","partial"
80,"AMBIOK TEA ESTATE","236","Darjeeling Hills","DARJEELING","GORUBATHAN","Public Ltd Co",277.06,152.13,"ITPA","P.O.FAGU,DIST.DARJEELING,WEST, BENGAL","03532430018","hilton@sancharnet.in","ANAND GOPAL TEA CO.","(DARJEELING) PVT.LTD., ANAND GOPAL TEA CO., (DARJEELING) PVT. LTD. BESIDES HO, HOTEL GATEWAY,1ST, FLOOR ,SEVOKE ROAD,SILIGURI Tel :","03532537016","sanjoyambiok@yahoo.co.in","MR. SANJAY MITTAL","","sanjoyambiok@yahoo.co.in","Siliguri","Gopaldhara Tea Co. Pvt. Ltd.","Block, 1st Floor, Gopaldhara Tea Co. Pvt. Ltd., Arjun Enclave, Green Park Colony, C & E, Tea Auction Rd, Ward 46, Champasari, Mallaguri, Siliguri, West Bengal 734003","734003","","http://www.gopaldharaindia.com/",26.735297799999998,88.41032969999999,"ChIJ6cMNtChB5DkRs_oCtzEvhaw","https://www.google.com/maps/place/?q=place_id:ChIJ6cMNtChB5DkRs_oCtzEvhaw","matched"
81,"FAGU","2628","Darjeeling Hills","DARJEELING","GORUBATHAN","Public Ltd Co",227.11,190.15,"TRA","P.O. FAGU, DIST- DARJEELING.","9474101791","fagu.gbc@gmail.com","GBC ENTERPRISE LTD.","VIKRAM APPARTMENT ,B, 1,MEGHNATH SAHA, SARANI,PRODHAN NAGAR.","0353 2514388/033 22310370","gbc.siliguri@gmail.com","KRISHNENDU DAS","0353 2514388/033 22310370","gbc.siliguri@gmail.com","Other / Unspecified","","","","","",,,"","","not_found"
82,"MISSION HILL","262","Darjeeling Hills","DARJEELING","GORUBATHAN","Public Ltd Co",380.12,244.16,"ITPA","PO-FAGU,DIST-DARJEELING,PIN-, 735231.","9233452220","missionhill.tea@gmail.com","ASHA TEA COMPANY PVT LTD","PO-MAL,DIST-JALPAIGURI,WB.","9434051938","missionhill.tea@gmail.com","MR SUBHADEEP ROY","9647700306","","Jalpaiguri","Asha Tea Company","Asha Tea Company, Rishi Rd, Mal Bazar, Tunbari Tea Garden P, West Bengal 735221","735221","095936 62523","http://missionhilltea.com/",26.8805709,88.74676889999999,"ChIJ4QRPZNQL5DkRutETeHFYIA4","https://www.google.com/maps/place/?q=place_id:ChIJ4QRPZNQL5DkRutETeHFYIA4","matched"
83,"MOHAN MAJHUA TEA ESTATE","2047","Darjeeling Hills","DARJEELING","GORUBATHAN","Proprietorship",52.2,52.2,"TRA","P.O. KURSEONG DIST. DARJEELING, (WB)","09733045451","rungamattee.jung@gmail.com","MAHANADI TEA COMPANY PVT.","LTD., 24/1A, BALLY GANJ CIRCULAR, ROAD UTTRAYAN BUILDING, KOLKATA-19","9330124797","jungpana@rediffmail.com","SHANTANU KEJRIWAL","9330124797","jungpana@rediffmail.com","Kolkata","Victoria Tea Company","1, Ground Floor, Victoria Tea Company, Martin Burn House, Head Quarter, RN Mukherjee Rd, opposite Lal Bazar, Lal Bazar, Kolkata, West Bengal 700001","700001","033 2210 7383","http://www.nectartea.in/",22.572442499999998,88.3516444,"ChIJA6Pf2aV3AjoR3J6chG-IcWM","https://www.google.com/maps/place/?q=place_id:ChIJA6Pf2aV3AjoR3J6chG-IcWM","matched"
84,"NARBADA MAJHUA TEA ESTATE","210","Darjeeling Hills","DARJEELING","GORUBATHAN","Proprietorship",48,38.79,"","P.O. KURSEONG DIST. DARJEELING, WEST BENGAL","09733045451","rungamattee.jung@gmail.com","4","","","","0","09330124797","jungpana@rediffmail.com","Kolkata","","","","","",,,"","","unscraped"
85,"SYLEE","C-59","Darjeeling Hills","DARJEELING","GORUBATHAN","Public Ltd Co",1033.62,591.44,"ITA","P.O. SAILIHAT,DIST-JALPAIGURI,WB","9331289107","sylee@octaviustea.com","OCTIVIOUS TEA & INDIA LTD.","15,B HEMANTA BASU SARANI,KOL 15,B, -1","9331289101","octavius@octaviustea.com","MR. SUSHIL KR JAIN","033-221741","susil@octaviustea.com","Kolkata","Octavius Tea & Industries Ltd.","Octavius Tea & Industries Ltd., 2, Transport Depot Rd, Alipore Mint Colony, Alipore, Kolkata, West Bengal 700088","700088","","https://www.octavius.in/",22.5216741,88.3077244,"ChIJ3fhQdvR5AjoRpnZR_PBK__Q","https://maps.google.com/maps/preview/place/Octavius+Tea+%26+Industries+Ltd.,+2,+Transport+Depot+Rd,+Alipore+Mint+Colony,+Alipore,+Kolkata,+West+Bengal+700088/@22.5216741,88.3077244,3686a,13.1y/data=!4m2!3m1!1s0x3a0279f47650f8dd:0xf4ff4af0fc5176a6","matched"
86,"UPPER FAGU","2327","Darjeeling Hills","DARJEELING","GORUBATHAN","Public Ltd Co",450,121.3,"ITA","PO-GORUBATHAN,DIST-DARJEELING,, WEST BENGAL","9733175202","upperfagu@yahoo.co.in","SOMBARIA CO LTD","3, NETAJI SUBHAS ROAD,, KOLKATTA-700 001","033-22488602","upperfagu@yahoo.co.in","MR ASHOK CHATTERJEE","9836075780","upperfagu@yahoo.co.in","Kolkata","Shakambhari Ispat & Power Limited","Shakambhari Ispat & Power Limited, Diamond Prestige 41A, A. J. C. Bose Road Room No. 801, 8th Floor, Kolkata, West Bengal 700017","700017","033 6625 5252","http://www.shakambhariispat.com/",22.550933,88.3625677,"ChIJIdQ-WR13AjoREd8w8boXwdk","https://www.google.com/maps/place/?q=place_id:ChIJIdQ-WR13AjoREd8w8boXwdk","partial"
87,"AMBOOTIA TEA ESTATE","2020","Darjeeling Hills / Terai","DARJEELING","KURSEONG","Proprietorship",966.7,346.89,"TRA","AMBOOTIA TEA ESTATE P.O., KURSEONG DIST DARJEELING","900702132","ambootiagarden@gmail.com","DARJEELING ORGANIC TEA","ESTATES PVT. LTD., 20 COAL BERTH, HOBKON ROAD, KOLKATA700088","0332439167","ambootiagarden@gmail.com","MR SANJOY PRAKASH BANSAL","0332439167","ambootiagarden@gmail.com","Kolkata","Darjeeling Organictea Estates Private Limited.","Darjeeling Organictea Estates Private Limited., 4A, Camac St, Kankaria Estates, Elgin, Kolkata, West Bengal 700071","700071","","",22.5461514,88.3525057,"ChIJAQCQrRB3AjoRB2vc3jg_S8c","https://maps.google.com/maps/preview/place/Darjeeling+Organictea+Estates+Private+Limited.,+4A,+Camac+St,+Kankaria+Estates,+Elgin,+Kolkata,+West+Bengal+700071/@22.5461514,88.3525057,3685a,13.1y/data=!4m2!3m1!1s0x3a027710ad900001:0xc74b3f38dedc6b07","matched"
88,"CASTLETON TEA GARDEN","2025","Darjeeling Hills / Terai","DARJEELING","KURSEONG","Public Ltd Co",254.58,172.96,"ITA","PO-KURSEONG,DIST-, DARJEELING,WB","9832056093","castleton@goodricke.com","AMGOORIE INDIA LIMITED","14-GURUSADAY ROAD,KOL-19","03322874689","hr@goodricke.com","MR A N SINGH","03322874689","hr@goodricke.com","Kolkata","Goodricke Group Limited","Goodricke Group Limited, 14, Gurusaday Dutta Rd, Beck Bagan, Ballygunge, Kolkata, West Bengal 700019","700019","033 2287 3067","https://www.goodricketea.com/",22.5353048,88.36169489999999,"ChIJ7V-kwCB3AjoRm_bV8GLZkww","https://maps.google.com/maps/preview/place/Goodricke+Group+Limited,+14,+Gurusaday+Dutta+Rd,+Beck+Bagan,+Ballygunge,+Kolkata,+West+Bengal+700019/@22.5353048,88.3616949,3685a,13.1y/data=!4m2!3m1!1s0x3a027720c0a45fed:0xc93d962f0d5f69b","matched"
89,"DOOTERIAH TEA ESTATE","2335","Darjeeling Hills / Terai","DARJEELING","KURSEONG","Proprietorship",1264.52,443.92,"TRA","P.O. GHOOM DIST. DARJEELING, WEST BENGAL","9593789915","dtkvdarj@gmail.com","K.D. SINGH","10TH FLOOR KRISHNA BUILDING, 224 AJC BOSE ROAD KOLKATA-17","03364505743","dtkv@vsnl.net","K.D. SINGH","03364505743","dtkv@vsnl.net","Kolkata","K.D.SINGH ENTERPRISE","20/1/1N, K.D.SINGH ENTERPRISE, Ballygunge Station Rd, Golpark, Fern Place, Gariahat, Kolkata, West Bengal 700019","700019","082400 66731","",22.5183334,88.3709547,"ChIJX3cH1e53AjoRIBOGvObx3R4","https://maps.google.com/maps/preview/place/20%2F1%2F1N,+K.D.SINGH+ENTERPRISE,+Ballygunge+Station+Rd,+Golpark,+Fern+Place,+Gariahat,+Kolkata,+West+Bengal+700019/@22.5183334,88.3709547,3686a,13.1y/data=!4m2!3m1!1s0x3a0277eed507775f:0x1eddf1e6bc861320","matched"
90,"GIDAPAHAR TEA ESTATE","311","Darjeeling Hills / Terai","DARJEELING","KURSEONG","Proprietorship",119.57,94.34,"DTA","PO:KURSEONG, DIST. DARJEELING, STATE:WEST BENGAL, PIN: 734203","0354-2338014","giddapahar@rediffmail.com","H.K.SHAW","GIDAPAHAR T.E, P.O : KURSEONG, DIST. DARJEELING, STATE : WEST BENGAL","0354-2338014","giddapahar@rediffmail.com","NOT APPLICABLE","","","Darjeeling","Happy Valley Tea Estate","Happy Valley Tea Estate, Lebong Cart Rd, near Darjeeling, Chauk Bazaar, Darjeeling, West Bengal 734101","734101","","https://happyvalleyorganictea.com/",27.0513425,88.25865259999999,"ChIJ5_fbgLsu5DkRFfQNjzjGogQ","https://www.google.com/maps/place/?q=place_id:ChIJ5_fbgLsu5DkRFfQNjzjGogQ","matched"
91,"GOOMTEE TEA ESTATE","2157","Darjeeling Hills / Terai","DARJEELING","KURSEONG","Proprietorship",234.7,134,"TRA","P.O. KURSEONG DIST. DARJEELING, WEST BENGAL","09733045451","rungamattee.jung@gmail.com","MAHANADI TEA COMPANY PVT.","LTD., 24/1A, BALLY GANJ CIRCULAR, ROAD UTTRAYAN BUILDING, KOLKATA-19","09330124797","jungpana@rediffmail.com","SANTANU KRJRIWAL","09330124797","jungpana@rediffmail.com","Kolkata","Victoria Tea Company","1, Ground Floor, Victoria Tea Company, Martin Burn House, Head Quarter, RN Mukherjee Rd, opposite Lal Bazar, Lal Bazar, Kolkata, West Bengal 700001","700001","033 2210 7383","http://www.nectartea.in/",22.572442499999998,88.3516444,"ChIJA6Pf2aV3AjoR3J6chG-IcWM","https://www.google.com/maps/place/?q=place_id:ChIJA6Pf2aV3AjoR3J6chG-IcWM","matched"
92,"JOGMAYA TEA ESTATE","309","Darjeeling Hills / Terai","DARJEELING","KURSEONG","Proprietorship",207.54,107.27,"ITA","P.O. GAYABARI DIST. DARJEELING, WEST BENGAL 734223","8670877700","jogmayatea@yahoo.in","JOGMAYA TEA ESTATE PVT. LTD.","8A, WOOD STREET KOLKATA-16, WB","03322817160","indiateaexp@vsnl.net","M/S NAINA JOHAR","03322817160","indiateaexp@vsnl.net","Kolkata","JOGMAYA TEA FACTORY","V85C+3HQ JOGMAYA TEA FACTORY, Gayabari, West Bengal 734223","734223","","",26.857706099999998,88.32147119999999,"ChIJY_bR1F835DkR41_7hzklE3A","https://www.google.com/maps/place/?q=place_id:ChIJY_bR1F835DkR41_7hzklE3A","matched"
93,"JUNGPANA","0454","Darjeeling Hills / Terai","DARJEELING","KURSEONG","Public Ltd Co",101.08,75.71,"TRA","PO-KURSEONG,, DIST-DARJEELING,, WEST BENGAL, rungamattee.jung@rediffmail.com","9733045451","rungamattee.jung@rediffmail.com","JUTE & STORES LTD.","90/31,DH ROAD KOLKATA-700038","9330124797","jungpana@rediffmail.com","SANTANU KEJRIWAL","9330124797","jungpana@rediffmail.com","Kolkata","Jute & Stores Ltd","Jute & Stores Ltd, 28/1, Shakespeare Sarani, Elgin, Kolkata, West Bengal 700017","700017","","",22.5438938,88.3553828,"ChIJs0Copxl3AjoRQ82gwceOlks","https://maps.google.com/maps/preview/place/Jute+%26+Stores+Ltd,+28%2F1,+Shakespeare+Sarani,+Elgin,+Kolkata,+West+Bengal+700017/@22.5438938,88.3553828,3685a,13.1y/data=!4m2!3m1!1s0x3a027719a7a840b3:0x4b968ec7c1a0cd43","matched"
94,"LONGVIEW TE","2153","Darjeeling Hills / Terai","DARJEELING","KURSEONG","Public Ltd Co",1020.62,500.15,"ITA","PO.PANCHABARI,DARJEELING, WEST, BENGAL","9475763001","longview123@gmail.com","LONGVIEW TEA & AGRO LIMITED","15 COLLEGE STREET, KOLKATA -, 700012","","longview123@gmail.com","MOHAN KRISHNAN","9734161819","longview123@gmail.com","Kolkata","Longview Tea & Agro Limited","Longview Tea & Agro Limited, 51, Shakespeare Sarani, Park Circus, Park Street area, Kolkata, West Bengal 700017","700017","","",22.5442189,88.360806,"ChIJHbthXB53AjoRid4uUdcB0ac","https://maps.google.com/maps/preview/place/Longview+Tea+%26+Agro+Limited,+51,+Shakespeare+Sarani,+Park+Circus,+Park+Street+area,+Kolkata,+West+Bengal+700017/@22.5442189,88.360806,3685a,13.1y/data=!4m2!3m1!1s0x3a02771e5c61bb1d:0xa7d101d7512ede89","matched"
95,"MAKAIBARI TEAESTATE","1605","Darjeeling Hills / Terai","DARJEELING","KURSEONG","Proprietorship",570.21,248.18,"DTA","P.O. KURSEONG DIST. DARJEELING,, WEST BENGAL 734203","9733051545","lamatarun@gmail.com","MAKAIBARITEA 7 TRADING CO. PVT. LTD.","MAKAIBARI TEA ESTATE P.O., KURSEONG DIST DARJEELING, WEST BENGAL","9733004577","makaibari.rajah@gmail.com","KULDIP BASU","9830504586","kbasu@btinternate.in","Darjeeling","Makaibari Tea Estate","V756+W87 Makaibari Tea Estate, Pankhabari Rd, Kurseong, West Bengal 734203","734203","091471 27351","https://www.makaibari.com/",26.8597967,88.26079279999999,"ChIJJdXDVMg25DkRQoV0dhfUPjU","https://www.google.com/maps/place/?q=place_id:ChIJJdXDVMg25DkRQoV0dhfUPjU","matched"
96,"MONTEVIOT TEA ESTATE","73","Darjeeling Hills / Terai","DARJEELING","KURSEONG","Partnership",76.6,59.91,"TRA","MONTEVIOT TEA ESTATE P.O:, KURSEONG DIST: DARJEELING","9007021331","te.monteviot@smbootia.com","MR. SANJAY BANSAL","DARJEELING ORGANIC EKTA PVT. DAR, LTD 20, COAL BARTH , HOBKON, ROAD, KOLKATA 700088","9007883169","ambplantation@gmail.com","MR. KRISHNENDU CHATTERJEE","9007883169","ambplantation@gmail.com","Kolkata","Bansal Medical Services – Diagnostic Centre in Ekbalpur, Kolkata","Bansal Medical Services – Diagnostic Centre in Ekbalpur, Kolkata, Rampuria House, 57/2F, Diamond Harbour Rd, Naptani Bagan, Mominpore, Kolkata, West Bengal 700023","700023","084201 09409","http://www.bansalmedical.com/",22.5309734,88.3261703,"ChIJmy1rV1h3AjoRRJYSWx77_v4","https://www.google.com/maps/place/?q=place_id:ChIJmy1rV1h3AjoRRJYSWx77_v4","partial"
97,"MOONDAKOTEE TEA ESTATE","2317","Darjeeling Hills / Terai","DARJEELING","KURSEONG","Proprietorship",563.36,298.78,"DTA","P.O-SONADA ,DIST- JALPAIGURI, 734219","9733029153","moondakoteegarden@gmail.com","MR. SANJAY BANSAL","MOONDAKATEE TEA CO. PVT., LTD., 20 COAL BERTH HOBUKAN ROAD, KOLKATA 88","033-24391927","","K.CHATTERJEE","9007883165","amb.plantation@yahoo.com","Kolkata","Bansal Medical Services – Diagnostic Centre in Ekbalpur, Kolkata","Bansal Medical Services – Diagnostic Centre in Ekbalpur, Kolkata, Rampuria House, 57/2F, Diamond Harbour Rd, Naptani Bagan, Mominpore, Kolkata, West Bengal 700023","700023","084201 09409","http://www.bansalmedical.com/",22.5309734,88.3261703,"ChIJmy1rV1h3AjoRRJYSWx77_v4","https://www.google.com/maps/place/?q=place_id:ChIJmy1rV1h3AjoRRJYSWx77_v4","partial"
98,"MULLOTAR TEA ESTATE","1302","Darjeeling Hills / Terai","DARJEELING","KURSEONG","Proprietorship",448.94,172.69,"DTA","P.O:MAHANADI, DIST.DARJEELING, WEST BENGAL.","0354-2000004","mullotar10@gmail.com","MR. SANJAY BANSAL","20,COAL BERTH, HOBOKEN ROAD, KOLKATA-88","033-24391927","amb.plantation@yahoo.com","SHRI K.CHATTERJEE","033-24391927","amb.plantation@yahoo.com","Kolkata","Bansal Medical Services – Diagnostic Centre in Ekbalpur, Kolkata","Bansal Medical Services – Diagnostic Centre in Ekbalpur, Kolkata, Rampuria House, 57/2F, Diamond Harbour Rd, Naptani Bagan, Mominpore, Kolkata, West Bengal 700023","700023","084201 09409","http://www.bansalmedical.com/",22.5309734,88.3261703,"ChIJmy1rV1h3AjoRRJYSWx77_v4","https://www.google.com/maps/place/?q=place_id:ChIJmy1rV1h3AjoRRJYSWx77_v4","partial"
99,"POBONG TEA ESTATE","2529","Darjeeling Hills / Terai","DARJEELING","KURSEONG","Public Ltd Co",520.84,166.82,"DTA","P.O: GHOOM, DIST.DARJEELING, WEST BENGAL","9434878611","chottopobong@gmail.com","SRI D.PODDAR & SRI MANOJ","PODDAR, HMP HOUSE,, 4 FAIRLIE PLACE, KOLKATA-01 (W.B)","033-22310271","hmptea@gmail.com","SRI F.L.BABINALL","033-22310271","hmptea@gmail.com","Kolkata","Poddar And Poddar","4d, Poddar And Poddar, 99, Karaya Rd, Lower Range, Beck Bagan, Ballygunge, Kolkata, West Bengal 700019","700019","","",22.538876,88.3623831,"ChIJzR05DCB3AjoRcsb6HuO1Jtk","https://www.google.com/maps/place/?q=place_id:ChIJzR05DCB3AjoRcsb6HuO1Jtk","partial"
100,"POTONG","2497","Darjeeling Hills / Terai","DARJEELING","KURSEONG","Public Ltd Co",411.93,138.44,"None","P.O. BELGACHI,DIST-DARJEELING,WB","033-22822158","","UNITED NATUREX DOT COM (P) LTD","USHA KIRAN BUILDING,, (7THFLOOR) FLAT 7A. 12A, ABANINDRANATH THAKUR, SARANI,KOL-17","033-22822158","","MR. K.C. AGARWAL","033-22822158","","Kolkata","Nature Technologies Pvt Ltd | Software Development Company","13th Floor, Nature Technologies Pvt Ltd | Software Development Company, SRIJAN CORPORATE PARK, PS, GP Block, Sector V, Bidhannagar, Kolkata, West Bengal 700091","700091","033 4004 1637","",22.568776,88.434192,"ChIJu42oy-Z1AjoRXEFJv8Lvq6w","https://www.google.com/maps/place/?q=place_id:ChIJu42oy-Z1AjoRXEFJv8Lvq6w","partial"
101,"ROHINI TEA ESTATE","2074","Darjeeling Hills / Terai","DARJEELING","KURSEONG","Public Ltd Co",426,142,"ITA","KURSEONG,DARJEELING,WEST, BENGAL","03542510831","","SONA TEA LIMITED","ARJUN ENCLAVE,TEA AUCTION, ROAD,SILIGURI","03542510831","gopaldhara@gmail.com","S.K.SARIA","03542510831","shivksaria@gmail.com","Siliguri","Surajmukhi Tea Private Limited","Surajmukhi Tea Private Limited, Madhuban Complex, Zilla Parishad Rd, Ward 41, Don Bosco Colony, Siliguri, West Bengal 734001","734001","","https://www.surajmukhiteas.com/",26.743212399999997,88.44757609999999,"ChIJq6qqqhZB5DkRberHCZhcsBI","https://www.google.com/maps/place/?q=place_id:ChIJq6qqqhZB5DkRberHCZhcsBI","matched"
102,"SELIMHILL","1157","Darjeeling Hills / Terai","DARJEELING","KURSEONG","Public Ltd Co",398.78,176.51,"TRA","PO-TINDHARIA, DIST -, DARJEELING,WB","94340 50793","","THE PEERLESS TEA &","INDUSTRIES LTD, 240B,AJC ROADBOSE ROAD,3RD, FLOOR, KOLKATA-7000,WB20","033-22832947","","MAHENDRA AGARWAALA","033-22832947","","Kolkata","Ego Bar - The Peerless Inn","H972+2HF Ego Bar - The Peerless Inn, Peerless Inn Hotel, 12, Jawaharlal Nehru Road, New Market Area, Dharmatala, Taltala, Esplanade, Kolkata, West Bengal 700013","700013","033 4400 3900","",22.5625502,88.3514098,"ChIJ76z5Eal3AjoRf_WHNN5-kxc","https://www.google.com/maps/place/?q=place_id:ChIJ76z5Eal3AjoRf_WHNN5-kxc","partial"
103,"SEPOYDHOORAH TEA ESTATE","DJ-127","Darjeeling Hills / Terai","DARJEELING","KURSEONG","Partnership",317.86,138.86,"DTA","P.O.- TINDHARIA,DIST- DARJEELING","9333613671","","MR. SANJAY BANSAL","SEPAYDHOORAH TEA CO PVT., LTD., 20 COAL BERTH HOBUKAN ROAD, KOLKATA 88","033-24391927","","K.CHATTERJEE","9007883165","amb.plantation@yahoo.com","Kolkata","Bansal Medical Services – Diagnostic Centre in Ekbalpur, Kolkata","Bansal Medical Services – Diagnostic Centre in Ekbalpur, Kolkata, Rampuria House, 57/2F, Diamond Harbour Rd, Naptani Bagan, Mominpore, Kolkata, West Bengal 700023","700023","084201 09409","http://www.bansalmedical.com/",22.5309734,88.3261703,"ChIJmy1rV1h3AjoRRJYSWx77_v4","https://www.google.com/maps/place/?q=place_id:ChIJmy1rV1h3AjoRRJYSWx77_v4","partial"
104,"SINGELL TEA ESTATE","47","Darjeeling Hills / Terai","DARJEELING","KURSEONG","Public Ltd Co",554.54,242.46,"TRA","SINGELL TEA ESTATE P.O ST. MARY'S, KURSEONG DIST: DARJEELING","9434079904","tpisgl@gmail.com","SINGELL TEA &AGRICULTURAL","INDUSTRIES LTD., SINGELL TEA &AGRICULTURAL, INDUSTRIES LTD CHOWRANGEE, MANSION 30, J.N ROAD KOLKATA, 70 0016","033-22291660,033-22293324","tpi@vsnl.com","MR. N SENGUPTA","033-22291660,033-22293324","tpi@vsnl.com","Kolkata","Singell Tea Bungalow","Singell Tea Bungalow, Singel Tea Garden, Kurseong, West Bengal 734220","734220","098313 75612","",26.893857999999998,88.27588279999999,"ChIJBfiQ0QUx5DkRh6BPk9GTy9o","https://www.google.com/maps/place/?q=place_id:ChIJBfiQ0QUx5DkRh6BPk9GTy9o","matched"
105,"SIVITAR TEA ESTATE","1303","Darjeeling Hills / Terai","DARJEELING","KURSEONG","Proprietorship",525.3,148.92,"TRA","P.O. MAHANANDI,DIST - DARJEELING","0354200007","te.sivitar1@gmail.com","MR. SANJAY BANSAL","SIVITAR TEA PVT. LTD., 20 COAL BERTH,HOBOKEN, RD,KOL -88,KOLKATA-1","03324391927","","K.CHATTERJEE","9007883165","amb.plantation@yahoo.com","Kolkata","Bansal Medical Services – Diagnostic Centre in Ekbalpur, Kolkata","Bansal Medical Services – Diagnostic Centre in Ekbalpur, Kolkata, Rampuria House, 57/2F, Diamond Harbour Rd, Naptani Bagan, Mominpore, Kolkata, West Bengal 700023","700023","084201 09409","http://www.bansalmedical.com/",22.5309734,88.3261703,"ChIJmy1rV1h3AjoRRJYSWx77_v4","https://www.google.com/maps/place/?q=place_id:ChIJmy1rV1h3AjoRRJYSWx77_v4","partial"
106,"SPRINGSIDE","1155","Darjeeling Hills / Terai","DARJEELING","KURSEONG","Public Ltd Co",220.67,146.02,"DTA","PQST- KURSEONG DIST -, DARJEELING","9832056093","castletan@goodrick.e.com","AMGOORIE INDIA LIMITED","14 GURUSADAY ROAD.KOLKATA-, 19","033 22873067","hr@goodricke.com","A.N. SINGH","00 22873067","hr@goodricke.com","Kolkata","Goodricke Group Limited","Goodricke Group Limited, 14, Gurusaday Dutta Rd, Beck Bagan, Ballygunge, Kolkata, West Bengal 700019","700019","033 2287 3067","https://www.goodricketea.com/",22.5353048,88.36169489999999,"ChIJ7V-kwCB3AjoRm_bV8GLZkww","https://maps.google.com/maps/preview/place/Goodricke+Group+Limited,+14,+Gurusaday+Dutta+Rd,+Beck+Bagan,+Ballygunge,+Kolkata,+West+Bengal+700019/@22.5353048,88.3616949,3685a,13.1y/data=!4m2!3m1!1s0x3a027720c0a45fed:0xc93d962f0d5f69b","matched"
107,"TINDHARIA TEA ESTATE","45","Darjeeling Hills / Terai","DARJEELING","KURSEONG","Partnership",343.7,154.91,"DTA","P.O : TINDHARIA, DIST : DARJEELING, WEST BENGAL-734223","9614933382","","SRI A.KANORIA & S.KANORIA","10, PRINCEP STREET, KOLKATA-72","033-22129750","balaji@cal.vsnl.net.in","SRI A.KANORIA & S.KANORIA","033-22129750","balaji@cal.vsnl.net.in","Kolkata","Kanoria House","House, 8/5, Kanoria House, Kanoria, 3, Alipore Rd, Alipore, Kolkata, West Bengal 700027","700027","","",22.5321495,88.3284694,"ChIJQ5YKyBt3AjoRS9JohPEPkFM","https://www.google.com/maps/place/?q=place_id:ChIJQ5YKyBt3AjoRS9JohPEPkFM","partial"
108,"ARYA TEA ESTATE","2192","Darjeeling Hills","DARJEELING","DARJEELING","Proprietorship",228.65,123.26,"TRA","RAJBARI-P.O DARJEELING-I, WEST, BENGAL","9832042372","arya.sry@gmail.com","RAM KISHORE BANSAL","KOLKATA-01","033-2287 8631/34/35","aryatea@vsnl.net","RAM KISHORE BANSAL","033-2287 8631/34/35","aryatea@vsnl.net","Kolkata","Bansal Medical Services – Diagnostic Centre in Ekbalpur, Kolkata","Bansal Medical Services – Diagnostic Centre in Ekbalpur, Kolkata, Rampuria House, 57/2F, Diamond Harbour Rd, Naptani Bagan, Mominpore, Kolkata, West Bengal 700023","700023","084201 09409","http://www.bansalmedical.com/",22.5309734,88.3261703,"ChIJmy1rV1h3AjoRRJYSWx77_v4","https://maps.google.com/maps/preview/place/Bansal+Medical+Services+%E2%80%93+Diagnostic+Centre+in+Ekbalpur,+Kolkata,+Rampuria+House,+57%2F2F,+Diamond+Harbour+Rd,+Naptani+Bagan,+Mominpore,+Kolkata,+West+Bengal+700023/@22.5309734,88.3261703,3685a,13.1y/data=!4m2!3m1!1s0x3a027758576b2d9b:0xfefefb1e5b129644","partial"
109,"BADAMTAM TEA ESTATE","B-86","Darjeeling Hills","DARJEELING","DARJEELING","Public Ltd Co",880.1,321.05,"TRA","P.O. LEBONG DIST. DARJEELING, WEST BENGAL","9733001363","bdmtam@goodricke.com","GOODRICKE GROUP LIMITED","GGL, CAMELLIA HOUSE 14, GURUSADAY ROAD KOLKATA-19, E-, Mail :subrotobanerjee@goodricke.co, m","0332287257","subrotobanerjee@goodricke.co","A.N. SINGH","0332287257","subrotobanerjee@goodricke.co","Kolkata","Goodricke Group Limited","Goodricke Group Limited, 14, Gurusaday Dutta Rd, Beck Bagan, Ballygunge, Kolkata, West Bengal 700019","700019","033 2287 3067","https://www.goodricketea.com/",22.5353048,88.36169489999999,"ChIJ7V-kwCB3AjoRm_bV8GLZkww","https://maps.google.com/maps/preview/place/Goodricke+Group+Limited,+14,+Gurusaday+Dutta+Rd,+Beck+Bagan,+Ballygunge,+Kolkata,+West+Bengal+700019/@22.5353048,88.3616949,3685a,13.1y/data=!4m2!3m1!1s0x3a027720c0a45fed:0xc93d962f0d5f69b","matched"
110,"BANNOCKBURN TEA ESTATE","F-8/6","Darjeeling Hills","DARJEELING","DARJEELING","Proprietorship",283.8,136.58,"TRA","P.O. LEBONG DIST. DARJEELING (WB)","9339145064","bdtbannockburnte@yahoo.in","B.D. TEA ESTATES PVT. LTD.","M/S B.D. TEA ESTATES PVT. LTD, CRESCENT TOWER 7TH FLOOR, 229AJC BOSE ROAD KOLKATA-20","03322817486","bdtcpt@dataone.in","B. K. TIBREWAL","03322817486","bdtcpt@dataone.in","Kolkata","Halmira Estate Tea Private Limited","Halmira Estate Tea Private Limited, 23, Pankaj Mullick Sarani, near st.lawrence school, Garcha, Ballygunge, Kolkata, West Bengal 700019","700019","033 3502 5701","https://www.halmiratea.com/",22.5288479,88.355651,"ChIJM71Ogi93AjoRcc12reVUb24","https://www.google.com/maps/place/?q=place_id:ChIJM71Ogi93AjoRcc12reVUb24","matched"
111,"BARNESBEG TEA GARDEN","B-90","Darjeeling Hills","DARJEELING","DARJEELING","Public Ltd Co",288.68,132,"ITA","DARJEELING P.O., NO. 42 POSTBOX-","","","GOODRICKE GROUP LIMITED","CAMELILIA HOUSE","","","A. N. SINGH","","","Other / Unspecified","Goodricke Group Limited","Goodricke Group Limited, 14, Gurusaday Dutta Rd, Beck Bagan, Ballygunge, Kolkata, West Bengal 700019","700019","033 2287 3067","https://www.goodricketea.com/",22.5353048,88.36169489999999,"ChIJ7V-kwCB3AjoRm_bV8GLZkww","https://maps.google.com/maps/preview/place/Goodricke+Group+Limited,+14,+Gurusaday+Dutta+Rd,+Beck+Bagan,+Ballygunge,+Kolkata,+West+Bengal+700019/@22.5353048,88.3616949,3685a,13.1y/data=!4m2!3m1!1s0x3a027720c0a45fed:0xc93d962f0d5f69b","matched"
112,"DILARAM","2296","Darjeeling Hills","DARJEELING","DARJEELING","Public Ltd Co",358.08,196.82,"ITA","PO TUNG, DIST DARJEELING, WB","9434046957","jcpande@goodricke.com","AMGOORIE INDIA LIMITED","CAMELLIA HOUSE , 14,, GURUSADAY ROAD, KOLKATA-19","033-22873067","ansingh@goodricke.com","A N SINGH","033-22873067","ansingh@goodricke.com","Kolkata","Goodricke Group Limited","Goodricke Group Limited, 14, Gurusaday Dutta Rd, Beck Bagan, Ballygunge, Kolkata, West Bengal 700019","700019","033 2287 3067","https://www.goodricketea.com/",22.5353048,88.36169489999999,"ChIJ7V-kwCB3AjoRm_bV8GLZkww","https://maps.google.com/maps/preview/place/Goodricke+Group+Limited,+14,+Gurusaday+Dutta+Rd,+Beck+Bagan,+Ballygunge,+Kolkata,+West+Bengal+700019/@22.5353048,88.3616949,3685a,13.1y/data=!4m2!3m1!1s0x3a027720c0a45fed:0xc93d962f0d5f69b","matched"
113,"EDENVALE","7","Darjeeling Hills","DARJEELING","DARJEELING","Public Ltd Co",41.26,28.34,"ITA","PO-TUNG, DIST DARJEELING,WB","9434046957","mhope@goodricke.com","AMGOORIE INDIA LIMITED","CAMELLIA HOUSE,14,, GURUSADAY ROAD, KOLKATA-19","03322873067","ansing@goodricke.com","A . N. SINGH","03322873067","ansing@goodricke.com","Kolkata","Goodricke Group Limited","Goodricke Group Limited, 14, Gurusaday Dutta Rd, Beck Bagan, Ballygunge, Kolkata, West Bengal 700019","700019","033 2287 3067","https://www.goodricketea.com/",22.5353048,88.36169489999999,"ChIJ7V-kwCB3AjoRm_bV8GLZkww","https://maps.google.com/maps/preview/place/Goodricke+Group+Limited,+14,+Gurusaday+Dutta+Rd,+Beck+Bagan,+Ballygunge,+Kolkata,+West+Bengal+700019/@22.5353048,88.3616949,3685a,13.1y/data=!4m2!3m1!1s0x3a027720c0a45fed:0xc93d962f0d5f69b","matched"
114,"GING TEA ESTATE","F-8\2","Darjeeling Hills","DARJEELING","DARJEELING","Proprietorship",632.14,254.11,"TRA","LEBONG DARJEELING","093312-62149","bdtgingte@yahoo.in","BD TEA ESTATE PVT. LTD.","BD TE PVT LTD 229,A.J. C. BOSE, ROAD","22817486","bdtcpt@dataone.in","B K TIBREWAL","0","bdtcpt@dataone.in","Kolkata","Halmira Estate Tea Private Limited","Halmira Estate Tea Private Limited, 23, Pankaj Mullick Sarani, near st.lawrence school, Garcha, Ballygunge, Kolkata, West Bengal 700019","700019","033 3502 5701","https://www.halmiratea.com/",22.5288479,88.355651,"ChIJM71Ogi93AjoRcc12reVUb24","https://www.google.com/maps/place/?q=place_id:ChIJM71Ogi93AjoRcc12reVUb24","matched"
115,"GLENBURN TEA ESTATE","D-66","Darjeeling Hills","DARJEELING","DARJEELING","Public Ltd Co",758.85,285.49,"ITA","P.O.DARJEELING,DIST DARJEELING","9832045945","glenburn1859@yahoo.com","DLX LIMITED","KANAK BUILDING,41 CHOWRINGH KAN, ROAD,KOLKATA-700071","9832045945","glenburn1859@yahoo.com","MR.K.N.NOWROJEE","9831211142","dlap@live.com","Kolkata","DLX Limited","DLX Limited, Kanak Building, Kanak Tower, 41, Jawaharlal Nehru Rd, Park Street area, Kolkata, West Bengal 700071","700071","033 2288 3970","",22.5499021,88.3492047,"ChIJWyi-lhF3AjoRMDCeofbdfLo","https://maps.google.com/maps/preview/place/DLX+Limited,+Kanak+Building,+Kanak+Tower,+41,+Jawaharlal+Nehru+Rd,+Park+Street+area,+Kolkata,+West+Bengal+700071/@22.5499021,88.3492047,3685a,13.1y/data=!4m2!3m1!1s0x3a02771196be285b:0xba7cddf6a19e3030","matched"
116,"HAPPY VALLEY TEA ESTATE","100","Darjeeling Hills","DARJEELING","DARJEELING","Public Ltd Co",177.36,122.82,"DTA","PO-DARJEELING DIST-DARJEELING, WEST BENGAL","9434378088","ddas29@gmail.com","MR. SANJAY BANSAL","KOLKATA, E-, Mail :ambplantation@ambootia.com","03324391966","ambplantation@ambootia.com","MR. SANJAY BANSAL","03324391966","ambplantation@ambootia.com","Kolkata","Bansal Medical Services – Diagnostic Centre in Ekbalpur, Kolkata","Bansal Medical Services – Diagnostic Centre in Ekbalpur, Kolkata, Rampuria House, 57/2F, Diamond Harbour Rd, Naptani Bagan, Mominpore, Kolkata, West Bengal 700023","700023","084201 09409","http://www.bansalmedical.com/",22.5309734,88.3261703,"ChIJmy1rV1h3AjoRRJYSWx77_v4","https://www.google.com/maps/place/?q=place_id:ChIJmy1rV1h3AjoRRJYSWx77_v4","partial"
117,"KALEJ VALLEY TEA ESTATE","2334","Darjeeling Hills","DARJEELING","DARJEELING","Proprietorship",500.54,237.56,"TRA","P.O. GHOOM DIST., DARJEELING,WEST BENGAL","9735971934","dtkv.kv@gmail.com","K.D. SINGH","M/S DOOTERIAH & KALEJ VALLEY, TEA ESTATES PVT. LTD. 10TH, FLOOR KRISHNA BUILDING, 224AJC BOSE ROAD, KOLKATA-17","03364505743","dtkv@vsnl.net","DEBABRATA MITRA","8830017460","debabrata.mitra@alchemist.co","Kolkata","K.D.SINGH ENTERPRISE","20/1/1N, K.D.SINGH ENTERPRISE, Ballygunge Station Rd, Golpark, Fern Place, Gariahat, Kolkata, West Bengal 700019","700019","082400 66731","",22.5183334,88.3709547,"ChIJX3cH1e53AjoRIBOGvObx3R4","https://maps.google.com/maps/preview/place/20%2F1%2F1N,+K.D.SINGH+ENTERPRISE,+Ballygunge+Station+Rd,+Golpark,+Fern+Place,+Gariahat,+Kolkata,+West+Bengal+700019/@22.5183334,88.3709547,3686a,13.1y/data=!4m2!3m1!1s0x3a0277eed507775f:0x1eddf1e6bc861320","matched"
118,"LIZAHILL TEA ESTATE","1954","Darjeeling Hills","DARJEELING","DARJEELING","Public Ltd Co",183.67,114.67,"DTA","RISHEEHAT TEA, ESTATE,PO.RISHEEHAT, DARJEELING","03542272119","risheehatteaestate@yahoo.in","JAYSHREE TEA & INDUSTRIES","LTD., 10, CAMAC STREET, INDUSTRIAL, HOUSE, 15TH FLOOR, KOLKATA -, 700017","03322827531","dpm@jayshreetea.com","D.P.MAHESHWARI","03322827531","dpm@jayshreetea.com","Kolkata","Jayshree Tea & Industries Ltd","Jayshree Tea & Industries Ltd, 10, Camac St, Elgin, Kolkata, West Bengal 700071","700071","033 2282 7531","http://www.jayshreetea.com/",22.542876099999997,88.35147309999999,"ChIJ-S7YuCZ3AjoRKRx_R32tAT8","https://www.google.com/maps/place/?q=place_id:ChIJ-S7YuCZ3AjoRKRx_R32tAT8","matched"
119,"MARGARET'S HOPE","E-47","Darjeeling Hills","DARJEELING","DARJEELING","Public Ltd Co",778.1,361,"ITA","PO-TUNG,DIST-DARJEELING,WB","9434046957","","AMGOORIE INDIA LIMITED","CAMALLIA HOUSE,14,, GURUSADAY ROAD, KOLKATA-19","033 2287 3067","ansingh@goodricke.com","A N SINGH","033 2287 3067","ansingh@goodricke.com","Kolkata","Goodricke Group Limited","Goodricke Group Limited, 14, Gurusaday Dutta Rd, Beck Bagan, Ballygunge, Kolkata, West Bengal 700019","700019","033 2287 3067","https://www.goodricketea.com/",22.5353048,88.36169489999999,"ChIJ7V-kwCB3AjoRm_bV8GLZkww","https://maps.google.com/maps/preview/place/Goodricke+Group+Limited,+14,+Gurusaday+Dutta+Rd,+Beck+Bagan,+Ballygunge,+Kolkata,+West+Bengal+700019/@22.5353048,88.3616949,3685a,13.1y/data=!4m2!3m1!1s0x3a027720c0a45fed:0xc93d962f0d5f69b","matched"
120,"NORTH TUKVAR","2463","Darjeeling Hills","DARJEELING","DARJEELING","Public Ltd Co",516.98,195.48,"DTA","P.O. DARJEELING - 434 101","9647700815","aloksharma66@gmail.com","NORTH TUKVAR TEA CO. LTD.","INDUSTRY HOUSE, 15TH FLOOR,, 10, CAMAC STREET, KOLKATA -, 700 017.","03322827531/34","dpm@jayshreetea.com","D.P. MAHESHWARI","03322827531/34","dpm@jayshreetea.com","Kolkata","North Tukvar Tea Company Limited","Industry House, North Tukvar Tea Company Limited, 10, Camac St, Elgin, Kolkata, West Bengal 700071","700071","","",22.5429034,88.3512348,"ChIJ__8DqBd3AjoRY5NSSoyOo4A","https://maps.google.com/maps/preview/place/Industry+House,+North+Tukvar+Tea+Company+Limited,+10,+Camac+St,+Elgin,+Kolkata,+West+Bengal+700071/@22.5429034,88.3512348,3685a,13.1y/data=!4m2!3m1!1s0x3a027717a803ffff:0x80a38e8c4a529363","matched"
121,"NURBONG TEA ESTATE","218","Darjeeling Hills","DARJEELING","DARJEELING","Proprietorship",496.68,271.22,"TRA","P.O. NURBONG DIST. DARJEELING, WEST BENGAL","9733221506","nurbonggarden3@gmail.com","DARJEELING ORGANIC TEA","ESTATES PVT. LTD., 20 KOL BERTH HOBOKEN ROAD, KOLKATA, E-, Mail :krishnenduchatterjee@airtelblac, kberry.com","9001883165","","K.C. CHATTERJEE","9001883165","","Kolkata","Darjeeling Organictea Estates Private Limited.","Darjeeling Organictea Estates Private Limited., 4A, Camac St, Kankaria Estates, Elgin, Kolkata, West Bengal 700071","700071","","",22.5461514,88.3525057,"ChIJAQCQrRB3AjoRB2vc3jg_S8c","https://maps.google.com/maps/preview/place/Darjeeling+Organictea+Estates+Private+Limited.,+4A,+Camac+St,+Kankaria+Estates,+Elgin,+Kolkata,+West+Bengal+700071/@22.5461514,88.3525057,3685a,13.1y/data=!4m2!3m1!1s0x3a027710ad900001:0xc74b3f38dedc6b07","matched"
122,"OAKS TEA ESTATE","2094","Darjeeling Hills","DARJEELING","DARJEELING","Public Ltd Co",175.33,138.91,"ITA","P.O. SONADA,DIST DARJEELING","03542481332","","S.K.AGARWAWAL","DEARS TEA CO. PVT. LTD., ,P.O. SONADA,DIST DARJEELING","03322832947","","MR MAHENDRA AGARWALA","03322832947","","Kolkata","S K Agrawal and Co Chartered Accountants LLP","S K Agrawal and Co Chartered Accountants LLP, Agrawal and Co Chartered Accountants LLP The chambers, S K, Rajdanga Main Rd, opposite Gitanjali Stadium, Sector E, East Kolkata Twp, Kolkata, West Bengal 700107","700107","033 4008 9902","http://www.skagrawal.co.in/",22.5139207,88.3943671,"ChIJn3SOXqF3AjoRaZ355FewK38","https://maps.google.com/maps/preview/place/S+K+Agrawal+and+Co+Chartered+Accountants+LLP,+Agrawal+and+Co+Chartered+Accountants+LLP+The+chambers,+S+K,+Rajdanga+Main+Rd,+opposite+Gitanjali+Stadium,+Sector+E,+East+Kolkata+Twp,+Kolkata,+West+Bengal+700107/@22.5139207,88.3943671,3686a,13.1y/data=!4m2!3m1!1s0x3a0277a15e8e749f:0x7f2bb057e4f99d69","partial"
123,"ORANGE VALLEY TEA ESTATE","1959","Darjeeling Hills","DARJEELING","DARJEELING","Proprietorship",339.54,189.49,"TRA","P.O. RISHEEHAT DIST. DARJEELING, (WB)","9332037125","orangevalleyte@rediffmail.com","SS BAGARIA","12C SINHA ROAD FLAT NO. 6, SHYAMKUNJ KOLKATA- 71","03340140023","tea@bagaria.com","B.K. BIHANI","03340140023","tea@bagaria.com","Kolkata","Bagaria Trading Limited","4th Floor, Bagaria Trading Limited, 16, Netaji Subhas Rd, Murgighata, B.B.D. Bagh, Kolkata, West Bengal 700001","700001","033 2210 7789","https://nehaknots.com/",22.5773564,88.3490595,"ChIJe6yzIVN2AjoR81qGDvK97SI","https://www.google.com/maps/place/?q=place_id:ChIJe6yzIVN2AjoR81qGDvK97SI","partial"
124,"PANDAM","2063","Darjeeling Hills","DARJEELING","DARJEELING","Public Sector",381,131.32,"DTA","P.O. & DIST : DARJEELING","0354-2253070","webtea@vsnl.net","WEST BENGAL TEA","DEVELOPMENT CORPORATION, LTD., SHYAMKUNJ COMPLEX, 12B,, LORD SINHA ROAD, 3RD FLOOR,, FLAT NO. 21, KOLKATA - 700 071","033-22821284","webtea@vsnl.net","M. GUHA ROY","033-22821284","webtea@vsnl.net","Kolkata","Bengal Tea & Fabrics Limited","4th floor, Bengal Tea & Fabrics Limited, Century Tower, 45, Shakespeare Sarani, opposite Kala Mandir, Mullick Bazar, Park Street area, Kolkata, West Bengal 700017","700017","033 2283 6416","http://www.bengaltea.com/",22.544356,88.359584,"ChIJfUyjlB53AjoRZjL6zA2fa50","https://www.google.com/maps/place/?q=place_id:ChIJfUyjlB53AjoRZjL6zA2fa50","matched"
125,"PHOOBSERING TEA ESTATE","F8/3","Darjeeling Hills","DARJEELING","DARJEELING","Public Ltd Co",510.15,235.77,"TRA","PHOOBSERING TEA ESTATE P.O:, LEBONG DIST: DARJEELING","9330619239","bdtphobseringte@yahoo.com","B.D. TEA ESTATES PVT. LTD.","BD TEA ESTATE PVT. LTD 229AJC BD T, BOSE ROAD KOLKATA700020","03322817486","bdtphobseringte@yahoo.com","B K TEBREWAL","03322817486","bdtphobseringte@yahoo.com","Kolkata","Halmira Estate Tea Private Limited","Halmira Estate Tea Private Limited, 23, Pankaj Mullick Sarani, near st.lawrence school, Garcha, Ballygunge, Kolkata, West Bengal 700019","700019","033 3502 5701","https://www.halmiratea.com/",22.5288479,88.355651,"ChIJM71Ogi93AjoRcc12reVUb24","https://www.google.com/maps/place/?q=place_id:ChIJM71Ogi93AjoRcc12reVUb24","matched"
126,"RISHEEHAT TEA ESTATE","2194","Darjeeling Hills","DARJEELING","DARJEELING","Public Ltd Co",199.11,141.78,"DTA","PO.RISHEEHAT,DARJEELING","03542272119","risheehatteaestate@yahoo.in","JAYSHREE TEA & INDUSTRIES","LTD., 10,CAMAC STREET,INDUSTRY, HOUSE,15TH FLOOR, KOLKATA -, 700017","03322827531","dpm@jayshreetea.com","D.P.MAHESHWARI","03322827531","dpm@jayshreetea.com","Kolkata","Jayshree Tea & Industries Ltd","Jayshree Tea & Industries Ltd, 10, Camac St, Elgin, Kolkata, West Bengal 700071","700071","033 2282 7531","http://www.jayshreetea.com/",22.542876099999997,88.35147309999999,"ChIJ-S7YuCZ3AjoRKRx_R32tAT8","https://www.google.com/maps/place/?q=place_id:ChIJ-S7YuCZ3AjoRKRx_R32tAT8","matched"
127,"RUNGLEE RUNGLIOT","B-46","Darjeeling Hills","DARJEELING","DARJEELING","Public Ltd Co",417.6,183.97,"TRA","PO-RUNGLEE,DIST -DARJEELING,WB","9434379086","rungtg@rediffmail.com","DUNCANS INDUSTRIES LIMITED","31,NS ROAD,DUNCANS, HOUSE,KOLKATA-700001","2209642185","","M.GURBAXANI","2209642185","rungtg@rediffmail.com","Kolkata","Duncans Tea Limited","4th Floor, Duncans Tea Limited, Duncan House, 31, Netaji Subhas Rd, Murgighata, B.B.D. Bagh, Kolkata, West Bengal 700001","700001","033 2242 1605","https://www.duncanstea.in/",22.5758118,88.3490346,"ChIJhZmnTbt3AjoRLq_WvutvPsY","https://maps.google.com/maps/preview/place/4th+Floor,+Duncans+Tea+Limited,+Duncan+House,+31,+Netaji+Subhas+Rd,+Murgighata,+B.B.D.+Bagh,+Kolkata,+West+Bengal+700001/@22.5758118,88.3490346,3684a,13.1y/data=!4m2!3m1!1s0x3a0277bb4da79985:0xc63e6febbed6af2e","matched"
128,"RUNGMOOK/CEDARS TEA ESTATE","2684","Darjeeling Hills","DARJEELING","DARJEELING","Public Sector",713.16,460.71,"DTA","P.O. SONADA,DIST DARJEELING","9832062800","","WEST BENGAL TEA","DEVELOPMENT CORPORATION, LTD., 12 B LORD SINHA, ROAD,'SHYAMKUNJ'3RD FLOOR, KOLKATA-71","033-22821284","webtea@vsnl.net","WEST BENGAL TEA","033-22821284","webtea@vsnl.net","Kolkata","Bengal Tea & Fabrics Limited","4th floor, Bengal Tea & Fabrics Limited, Century Tower, 45, Shakespeare Sarani, opposite Kala Mandir, Mullick Bazar, Park Street area, Kolkata, West Bengal 700017","700017","033 2283 6416","http://www.bengaltea.com/",22.544356,88.359584,"ChIJfUyjlB53AjoRZjL6zA2fa50","https://www.google.com/maps/place/?q=place_id:ChIJfUyjlB53AjoRZjL6zA2fa50","matched"
129,"S00M TEA ESTATE","D-70","Darjeeling Hills","DARJEELING","DARJEELING","Public Ltd Co",507,237.28,"","NORTH POINT DARJEELING","919339145068","soomte@chamong.com","ASHOK KUMAR LOHIA","2,N C DUTTA ROAD KOLKATA-1","0","","0","03330936400","chamong@snonline.com","Kolkata","Ashok Kumar Shaw LICI","Ashok Kumar Shaw LICI, 23, R.N.Banerjee Rd, Narkel Bagan, Shibbati Para, Khardah, Khardaha, West Bengal 700117","700117","","",22.7243694,88.3640892,"ChIJdyA9YgCb-DkRQUBsvKe8d5Q","https://www.google.com/maps/place/?q=place_id:ChIJdyA9YgCb-DkRQUBsvKe8d5Q","partial"
130,"SHREE DWARIK T E","2421","Darjeeling Hills","DARJEELING","DARJEELING","Public Ltd Co",507.09,181.14,"None","NORTHPOINT DARJEELING","9339145068","soomte@chamong.com","MR A K LOHIA","SYCOTTA TEA CO. PVT. LTD., 2,N.C.DUTTA SARANI, SAGAR, ESTATE,KOLKATA-1","9331262137","chamong@snosline.com","MR A K LOHIA","03330936437","chamong@sanoline.com","Kolkata","S.S Lohia & Co.","7th Floor, Room 711, S.S Lohia & Co., 27, Brabourne Rd, Murgighata, B.B.D. Bagh, Kolkata, West Bengal 700001","700001","","",22.577138599999998,88.3520521,"ChIJI5s6vrp3AjoRl1DRGgtzCyQ","https://www.google.com/maps/place/?q=place_id:ChIJI5s6vrp3AjoRl1DRGgtzCyQ","partial"
131,"SINGTOM TEA ESTATE","2031","Darjeeling Hills","DARJEELING","DARJEELING","Proprietorship",579,236.54,"None","P.O. NORTH POINT DIST DARJEELING, WEST BENGAL","9378278989","","MOHAN KUMAR CHIRIMAR","CAMELLIA TEA GROUP PVT. LTD., 71, PARK STREET, PARK PLAZA, 5TH FLOOR KOLKATA-16","0332290092","mohan@rexiindia.net","MOHAN KUMAR CHIRIMAR","0332290092","mohan@rexiindia.net","Kolkata","Raghunath Exports Company","Raghunath Exports Company, 4E, Park Plaza, North Block, 71 Park Street, Kolkata, West Bengal 700016","700016","098366 54681","",22.5512475,88.35443719999999,"ChIJ33o0YBF3AjoR4SELklpSkso","https://www.google.com/maps/place/?q=place_id:ChIJ33o0YBF3AjoR4SELklpSkso","partial"
132,"TEESTA VALLEY TEA ESTATE","P-17","Darjeeling Hills","DARJEELING","DARJEELING","Public Ltd Co",717.4,297.47,"ITA","P.O. RUNGLI RUNGLIOT DIST., DARJEELING WEST BENGAL","9434783767","adev@teestavalley.com","TEESTA VALLEY TEA CO LTD","3, NETAJI SUBHASH ROAD, KOLKATA-1","0332248356","akroy@teestavalley.com","A.K. ROY","0332248356","akroy@teestavalley.com","Kolkata","Teesta Valley Tea Co. Ltd.","Teesta Valley Tea Co. Ltd., 5 & 7, Netaji Subhas Road, Kolkata, West Bengal 700001","700001","033 2248 8704","http://teestavalley.net/",22.5794218,88.34935519999999,"ChIJJ1GLl7t3AjoRV_89ssF7sJU","https://maps.google.com/maps/preview/place/Teesta+Valley+Tea+Co.+Ltd.,+5+%26+7,+Netaji+Subhas+Road,+Kolkata,+West+Bengal+700001/@22.5794218,88.3493552,3684a,13.1y/data=!4m2!3m1!1s0x3a0277bb978b5127:0x95b07bc1b23dff57","matched"
133,"TUKVAR","2368","Darjeeling Hills","DARJEELING","DARJEELING","Public Ltd Co",892.03,436.72,"DTA","P.O. TUKVAR, DARJEELING - 734 104., E-, Mail :rajeshpareek2007@rediffmail.com","9733127121","rajeshpareek2007@rediffmail.com","JAYSHREE TEA & INDUSTRIES","LTD., INDUSTRY HOUSE, 15TH FLOOR,, 10, CAMAC STREET, KOLKATA -, 700 017.","033-22827531","dpm@jayshreetea.com","D.P. MAHESHWARI","033-22827531","dpm@jayshreetea.com","Kolkata","Jayshree Tea & Industries Ltd","Jayshree Tea & Industries Ltd, 10, Camac St, Elgin, Kolkata, West Bengal 700071","700071","033 2282 7531","http://www.jayshreetea.com/",22.542876099999997,88.35147309999999,"ChIJ-S7YuCZ3AjoRKRx_R32tAT8","https://www.google.com/maps/place/?q=place_id:ChIJ-S7YuCZ3AjoRKRx_R32tAT8","matched"
134,"TUMSONG TEA ESTATE","D/18","Darjeeling Hills","DARJEELING","DARJEELING","Public Ltd Co",180.22,113.8,"DTA","P.O. GHOOM, DIST. DARJEELING -, 734102","9331262123","tumsongte@chamong.com","SYCOTTA TEA CO. PVT. LTD.","2 N.C.DUTTA SARANI,5TH, FLOOR,UNIT-1,SAGAR, ESTATE,KOLKATA1","03330936400","tumsongte@chamong.com","MR.ASHIOK KUMAR LOHIA","9830047951","tumsongte@chamong.com","Kolkata","Asian Tea Company Private Limited","1st Floor, Asian Tea Company Private Limited, Gajraj Point, 209 A, AJC Bose Rd, Park Circus, Elgin, Kolkata, West Bengal 700017","700017","033 4044 1201","http://asianteagroup.com/",22.5435855,88.360575,"ChIJRzzkVh53AjoRWDllWFK0pEw","https://www.google.com/maps/place/?q=place_id:ChIJRzzkVh53AjoRWDllWFK0pEw","matched"
135,"TURZUM TEA ESTATE","2590","Darjeeling Hills","DARJEELING","DARJEELING","Public Ltd Co",229.57,145.95,"DTA","POKHRIABONG,DIST-, DARJEELING,PIN 734216","09434047971","sungmaorganic1@yahoo.co.in","JAYSHREE TEA & INDUSTRIES","LTD., INDUSTRY HOUSE 10,CAMAC, STREET,KOLKATA- 700017","03322827531","","SHRI D.P. MAHESWARI","09433027968","dpm@jayshreetea.com","Kolkata","Jayshree Tea & Industries Ltd","Jayshree Tea & Industries Ltd, 10, Camac St, Elgin, Kolkata, West Bengal 700071","700071","033 2282 7531","http://www.jayshreetea.com/",22.542876099999997,88.35147309999999,"ChIJ-S7YuCZ3AjoRKRx_R32tAT8","https://www.google.com/maps/place/?q=place_id:ChIJ-S7YuCZ3AjoRKRx_R32tAT8","matched"
136,"ASHAPUR TEA ESTATE","252","Terai","DARJEELING","NUXALBARI","Public Ltd Co",166.16,125.12,"ITA","P.O. NAXALBARI DIAT. DARJEELING, (WB) 734429","03532559118","ashapurteaestate@gmail.com","THE ASHAPUR TEA CO. LTD.","17, BALLYGUNGE GARDENS, KOLKATA-19","03323353200","ashapurtea@hotmail.com","MR. TULSIDAS SANYAL","03323353200","ashapurtea@hotmail.com","Kolkata","The Ashapur Tea Co Ltd","The Ashapur Tea Co Ltd, 97, Ballygunge Gardens Rd, Golpark, Ballygunge Gardens, Keyatala, Kolkata, West Bengal 700019","700019","","",22.518411,88.3677589,"ChIJaWuWYtN2AjoR4v0oJ4afu2M","https://maps.google.com/maps/preview/place/The+Ashapur+Tea+Co+Ltd,+97,+Ballygunge+Gardens+Rd,+Golpark,+Ballygunge+Gardens,+Keyatala,+Kolkata,+West+Bengal+700019/@22.518411,88.3677589,3686a,13.1y/data=!4m2!3m1!1s0x3a0276d362966b69:0x63bb9f862728fde2","matched"
137,"ATAL","566","Terai","DARJEELING","NUXALBARI","Public Ltd Co",532.32,360.51,"TAI","P.O. HATIGHISA , DIST: DARJEELING.","0353-2005205","atalteaestate@gmail.com","ATAL TEA CO. (1943) LTD.","4, C.R. AVENUE, KOLKATA -, 700072","033-22126753","atalteaestate@gmail.com","ARVIND KUMAR","9831149644","atalteaestate@gmail.com","Kolkata","Atal Tea Estate Factory","M7Q2+RF4 Atal Tea Estate Factory, Atal, West Bengal 734429","734429","","",26.6893429,88.2504494,"ChIJM6VSGwBP5DkRbt6BMVd15Ic","https://www.google.com/maps/place/?q=place_id:ChIJM6VSGwBP5DkRbt6BMVd15Ic","matched"
138,"AZAMABAD","2327","Terai","DARJEELING","NUXALBARI","Public Ltd Co",160.92,131.11,"ITPA","P.O. NAXALBARI, DIST. DARJEELING","0353-2004059","","AZAMABAD TEA CO. (P) LTD","SPENCER PLAZA, 2ND FLOOR,, BURDAWAN ROAD, SILIGURI, 734005","0353-2500744","ajaigargslg@yahoo.co.in","AJAY GARG","0353-2500744","ajaigargslg@yahoo.co.in","Siliguri","Azamabad Tea Co. (P) Ltd.","Azamabad Tea Co. (P) Ltd., No. 2, Sevoke Rd, Ward 11, Bankim Nagar, Siliguri, West Bengal 734001","734001","","",26.7177391,88.42466019999999,"ChIJT4v9tRRB5DkRMAlKvAw6Llc","https://maps.google.com/maps/preview/place/Azamabad+Tea+Co.+(P)+Ltd.,+No.+2,+Sevoke+Rd,+Ward+11,+Bankim+Nagar,+Siliguri,+West+Bengal+734001/@26.7177391,88.4246602,3564a,13.1y/data=!4m2!3m1!1s0x39e44114b5fd8b4f:0x572e3a0cbc4a0930","matched"
139,"BELGACHI TEA ESTATE","2162","Terai","DARJEELING","NUXALBARI","Public Ltd Co",919.7,462.83,"","P.O. NAXALBARI DIST. DARJEELING, (WB)","9609775851","","462.83","","","","37970","9434061231","amit.mlagroup@gmail.com","Siliguri","REGIONAL RESPONSE CENTRE,(2BN NDRF)SILIGURI","P9HP+HP2 REGIONAL RESPONSE CENTRE,(2BN NDRF)SILIGURI, Paribahan Nagar, Ghokla Jote, Matigara, Siliguri, West Bengal 734010","734010","","",26.728888899999998,88.38677729999999,"ChIJfaFoL8ZH5DkRhuFDh7Ox0ks","https://www.google.com/maps/place/?q=place_id:ChIJfaFoL8ZH5DkRhuFDh7Ox0ks","partial"
140,"BHOJNARAIN TEA ESTATE","1953","Terai","DARJEELING","NUXALBARI","Public Ltd Co",341.95,246.79,"ITPA","P.O: RAMALA BAGAN, BAGDOGRA, DIST.DARJEELING, WEST BENGAL","0353-2004181","","BHOJNARAIN TEA CO. LTD","HOTEL PRAKASH BLDG., HILLCART ROAD, SILIGURI (W.B)","0353-2536730","","BHOJNARAIN TEA CO. LTD","0353-2536730","","Siliguri","Bhojnarayan Tea Garden","Bhojnarayan Tea Garden, Nembutari, Hetmuri, West Bengal 734426","734426","","",26.6160499,88.3279464,"ChIJD7p-dPZP5DkRA1eOA-YiOCk","https://www.google.com/maps/place/?q=place_id:ChIJD7p-dPZP5DkRA1eOA-YiOCk","matched"
141,"BIJOYNAGAR T.E.","","Terai","DARJEELING","NUXALBARI","Public Ltd Co",350.94,274.37,"","PO-BAGDOGRA,DIST-, DARJEELING,WEST BENGAL","03532005290","bijoynagarte@gmail.com","BIJOYNAGAR TEA CO. LTD","BIJOYNAGAR TEA CO., LTD,11,GOVT. PLACE EAST,, KOLKATTA-69","03322487629","btcl@cal2.vsnl.net","BIJOYNAGAR TEA CO. LTD","03322487629","btcl@cal2.vsnl.net","Kolkata","Diana Tea Company Limited","4th Floor, Diana Tea Company Limited, SIR RNM House, 3/B, Lal Bazar St, Lal Bazar, Kolkata, West Bengal 700001","700001","033 2248 8672","http://dianatea.in/",22.571953,88.35202,"ChIJrz92paV3AjoRgq3T0Eb5lA8","https://www.google.com/maps/place/?q=place_id:ChIJrz92paV3AjoRgq3T0Eb5lA8","matched"
142,"FULBARI PATAN TEA ESTATE","176","Terai","DARJEELING","NUXALBARI","Partnership",312.17,99.33,"TRA","P.O. SIMULBARI DIST. DARJEELING, (WB)","03532575531","","FULBARI PATAN TEA ESTATE","11, RN MUKHERJEE ROAD NILHAT, HOUSE KOLKATA-1","03322488582","","KAMAL SINGH BAID","03322488582","","Kolkata","Fulbaritea estate","Q84J+CXM Fulbaritea estate, Fulbari Pataner Chhat, West Bengal 734010","734010","","",26.756092799999998,88.3324332,"ChIJ-a7MjalH5DkRZAkr_ZEe8nQ","https://maps.google.com/maps/preview/place/Q84J%2BCXM+Fulbaritea+estate,+Fulbari+Pataner+Chhat,+West+Bengal+734010/@26.7560928,88.3324332,3563a,13.1y/data=!4m2!3m1!1s0x39e447a98dccaef9:0x74f21e91fd2b0964","matched"
143,"GUNGARAM TEA ESTATE","B32","Terai","DARJEELING","NUXALBARI","Proprietorship",924.97,642.31,"TRA","PO-BAGDOGRA DIST-DARJEELING, 734014","03532004044","gung@duncans-tea.com","MR. G.P.GOENKA","31 N.S.ROAD KOLKATA700001","033-2200962","gung@duncans-tea.com","MR. A.K.GOEL","033-2200962","akgoel@duncans-tea.com","Kolkata","RP Goenka International School","RP Goenka International School, 34 1/1, Diamond Harbour Rd, Majherhat, Mominpore, Kolkata, West Bengal 700027","700027","033 7155 8000","http://www.rpgis.in/",22.520075,88.32365,"ChIJPyufqMx5AjoRCkZ4Bb7epJg","https://www.google.com/maps/place/?q=place_id:ChIJPyufqMx5AjoRCkZ4Bb7epJg","partial"
144,"HANSQUA TEA ESTATE","B-35","Terai","DARJEELING","NUXALBARI","Public Ltd Co",646.94,545.42,"TAI","P.O : BAGDOGRA, DIST.DARJEELING, WEST BENGAL","9733007728","hansquatea@gmail.com","R.D TEA LTD","4,MIDDLETON STREET, KOLKATA-700071","033-32979592","rdtbharat@gmail.com","R.D TEA LTD","033-32979592","rdtbharat@gmail.com","Kolkata","R.D. Tea Limited","R.D. Tea Limited, 4, Middleton St, Kankaria Estates, Park Street area, Kolkata, West Bengal 700071","700071","090079 02650","http://rdtealtd.com/",22.5486366,88.3509491,"ChIJPbsW-RB3AjoRhQSf5jmTogE","https://maps.google.com/maps/preview/place/R.D.+Tea+Limited,+4,+Middleton+St,+Kankaria+Estates,+Park+Street+area,+Kolkata,+West+Bengal+700071/@22.5486366,88.3509491,3685a,13.1y/data=!4m2!3m1!1s0x3a027710f916bb3d:0x1a29339e69f0485","matched"
145,"JAYANTIKA","2539","Terai","DARJEELING","NUXALBARI","Public Ltd Co",706.47,585.21,"ITA","PO-SAHABAD,DIST-DARJEELING,WB","9434708555","jayantika@rediffmail.com","JAYSHREE TEA & INDUSTRIES","LTD., 10 CAMACSTREET KOLKATA-1","033-22827531","birlatea@giascio1.vsnl.net.in","D P MAHASHWARI","033 22827531","birlatea@giasc101.vsnlnet.in","Kolkata","Jayshree Tea & Industries Ltd","Jayshree Tea & Industries Ltd, 10, Camac St, Elgin, Kolkata, West Bengal 700071","700071","033 2282 7531","http://www.jayshreetea.com/",22.542876099999997,88.35147309999999,"ChIJ-S7YuCZ3AjoRKRx_R32tAT8","https://www.google.com/maps/place/?q=place_id:ChIJ-S7YuCZ3AjoRKRx_R32tAT8","matched"
146,"KIRAN CHANDRA","118","Terai","DARJEELING","NUXALBARI","Public Ltd Co",356.31,270.38,"None","PO-BAGDOGRA,DIST-, DARJEELING,WB","0353-2004176","","NEW DARJEELING UNION TEA","CO.LTD., MAHANANDAPARA, SILIGURI,WB","9832061689","ndutcoslg123d@gmail.com","NEW DARJEELING UNION TEA","9832061689","ndutcoslg123d@gmail.com","Siliguri","Darjeeling Tea House","Darjeeling Tea House, Uttarapan market complex, Hill Cart Rd, Ward 1, Patiram Jote, Siliguri, West Bengal 734003","734003","","https://www.facebook.com/DarjeelingTeaHouseSlgOfficial",26.728000899999998,88.4134248,"ChIJayz8IjtB5DkR6uyjzVwhGaY","https://www.google.com/maps/place/?q=place_id:ChIJayz8IjtB5DkR6uyjzVwhGaY","matched"
147,"LOHAGARH TEA ESTATE","1671","Terai","DARJEELING","NUXALBARI","Public Ltd Co",329.56,226.36,"TRA","P.O. BELGACHI DIST. DARJEELING, WEST BENGAL","03532004116","teraitea@gmail.com","AJIT KUMAR AGARWAL","AGARWALA HOUSE, 2ND MILE,, SEVOKE ROAD, SILIGURI","03532542656","teraitea@gmail.com","V.D. DUA","03532542656","teraitea@gmail.com","Siliguri","Dr. Ajit Kumar Singh - Best Nephrologist in Siliguri | Kidney Doctor in Siliguri | Best Kidney Transplant Doctor in Siliguri","Dr. Ajit Kumar Singh - Best Nephrologist in Siliguri | Kidney Doctor in Siliguri | Best Kidney Transplant Doctor in Siliguri, Inside Uttarayan Township City centre Matigara, Siliguri, West Bengal 734010","734010","","http://drajitkumarsingh.co.in/",26.734320099999998,88.39135689999999,"ChIJB6mQXWVH5DkRUaKL-GL3pdY","https://www.google.com/maps/place/?q=place_id:ChIJB6mQXWVH5DkRUaKL-GL3pdY","partial"
148,"MANJHA TEA ESTATE","146","Terai","DARJEELING","NUXALBARI","Public Ltd Co",251.13,215.48,"TRA","P.O. BELGACHI DIST. DARJEELING, (WB)","9830304666","","THE CORONATION TEA CO. LTD.","BABUPARA, JALPAIGURI","9830041166","","S.K. KALYANI","9830041166/03324751035","","Kolkata","Teesta Valley Tea Co. Ltd.","Teesta Valley Tea Co. Ltd., 5 & 7, Netaji Subhas Road, Kolkata, West Bengal 700001","700001","033 2248 8704","http://teestavalley.net/",22.5794218,88.34935519999999,"ChIJJ1GLl7t3AjoRV_89ssF7sJU","https://www.google.com/maps/place/?q=place_id:ChIJJ1GLl7t3AjoRV_89ssF7sJU","matched"
149,"MARAPUR TEA ESTATE","254","Terai","DARJEELING","NUXALBARI","Proprietorship",151.75,137.37,"TRA","P.O. BELGACHI DIST. DARJEELING, (WB)","7679180621","","AJIT PRASAD","DEONAR TEA PLANTATION, PARK, PALACE 3RD FLOOR HILCART, ROAD SILIGURI","03532430930","","AJIT PRASAD","03532430930","","Siliguri","Ajit Prasad","Bagrakote Oppo, Ajit Prasad, FCI Godown, Hakimpara, Subhas Pally, Siliguri, West Bengal 734001","734001","","",26.7044438,88.43498149999999,"ChIJT5FkZENB5DkRZFngeLCiKMQ","https://maps.google.com/maps/preview/place/Bagrakote+Oppo,+Ajit+Prasad,+FCI+Godown,+Hakimpara,+Subhas+Pally,+Siliguri,+West+Bengal+734001/@26.7044438,88.4349815,3564a,13.1y/data=!4m2!3m1!1s0x39e441436464914f:0xc428a2b078e05964","matched"
150,"MERRYVIEW TEA ESTATE","666","Terai","DARJEELING","NUXALBARI","Public Ltd Co",479.73,396.05,"ITA","P.O. HATIGHISA DIST. DARJEELING, (WB)","9679997374","kdas@midgroup.in","GIRDHAR GOPAL DALMIA","M/S DALMIA TEA PLANTATION&, INDUSTRIES LIMITED,, DALMISAHOUSE, 392, BLOCK-G,, KOLKATA-700053, ggdalmia@midgroup.in","03323984089/ 03323981890","kolkata@midgroup.in","G.G. DALMIA","03323984089/ 03323981890/","kolkata@midgroup.in","Kolkata","Dalmia Bharat Group Regional Office - East","16th floor, Dalmia Bharat Group Regional Office - East, Merlin Acropolis, 1858, Rajdanga Main Rd, Shantipally, Sector B, East Kolkata Twp, Kolkata, West Bengal 700107","700107","033 6701 2600","",22.5151885,88.3934,"ChIJ66qIwVJxAjoRNVqsCGNtw38","https://www.google.com/maps/place/?q=place_id:ChIJ66qIwVJxAjoRNVqsCGNtw38","partial"
151,"NUXALBARI","32","Terai","DARJEELING","NUXALBARI","Proprietorship",458.78,427.95,"TAI","PO: NAKSALBARI DIST: DARJELLING","03532488362","nuxalbariteaestate@gmail.com","NUXALBARI TEA CO LTD","7/3 BURDWAN ROAD KOLKATA-27","03324796998","jabbar@rediffmail.com","LALITA JABBAR","03324796998","jabbar@rediffmail.com","Kolkata","Nuxalbari Tea Factory & Office","Nuxalbari Tea Factory & Office, Nuxalbari Tea Estate, Naxalbari, Hoda Bhitar Chhat, West Bengal 734429","734429","096411 00574","http://nuxalbaritea.com/",26.6738817,88.20372669999999,"ChIJd5TIfolM5DkRkg2YOJphjf4","https://www.google.com/maps/place/?q=place_id:ChIJd5TIfolM5DkRkg2YOJphjf4","matched"
152,"ORD TERAI TEA GARDEN","2634","Terai","DARJEELING","NUXALBARI","Public Ltd Co",578.91,456.5,"TRA","ORD TERAI TEA GARDEN P.O:, BELGACHI DIST; DARJEELING","9331266167","duars@vsnl.net","DUARS UNION TEA CO. LTD","3A RIPON STREET KOLKATA, 700016","03322293112","duars@vsnl.net","B.P. AGGARWAL","03322293112","duars@vsnl.net","Kolkata","Duars Union Tea Co. Limited","Duars Union Tea Co. Limited, 3A, Ripon St, Near Anthropological Survey of India, Esplanade, Taltala, Kolkata, West Bengal 700016","700016","033 2227 3388","",22.5534094,88.3551842,"ChIJvTzrHgV3AjoRhD9gLsmmndM","https://maps.google.com/maps/preview/place/Duars+Union+Tea+Co.+Limited,+3A,+Ripon+St,+Near+Anthropological+Survey+of+India,+Esplanade,+Taltala,+Kolkata,+West+Bengal+700016/@22.5534094,88.3551842,3685a,13.1y/data=!4m2!3m1!1s0x3a0277051eeb3cbd:0xd39da6c92e603f84","matched"
153,"PAHARGOOMIAH TEA ESTATE","2526","Terai","DARJEELING","NUXALBARI","Proprietorship",994.48,694.78,"TRA","PAHARGOOMIAH TEA ESTATE P.O:, BAGDOGRA DIST: DARJEELING","0353 6450322","pahargoomiah-te@yahaoo.com","PAHARGOOMIAH TEA","INDUSTRIES PVT. LTD, NICCO HOUSE 6TH FLOOR 2, HARE STREET, KOLKATA 700 001, E-, Mail :pahargoomiah@bhatkawa.com","03322489916","pahargoomiah@bhatkawa.com","SUDARSHAN JALAN","033 22485422","pahargoomiah@bhatkawa.com","Kolkata","Pahargoomiah Tea Industries Pvt Ltd","6TH FLOOR, Pahargoomiah Tea Industries Pvt Ltd, Nicco House, 2, Hare St, B.B.D. Bagh, Kolkata, West Bengal 700001","700001","033 2248 9916","http://www.pahargoomiahtea.com/",22.5713318,88.3458527,"ChIJgztZhhx3AjoRMnWF8RAh86c","https://maps.google.com/maps/preview/place/6TH+FLOOR,+Pahargoomiah+Tea+Industries+Pvt+Ltd,+Nicco+House,+2,+Hare+St,+B.B.D.+Bagh,+Kolkata,+West+Bengal+700001/@22.5713318,88.3458527,3684a,13.1y/data=!4m2!3m1!1s0x3a02771c86593b83:0xa7f32110f1857532","matched"
154,"PANIGHATA","G 39","Terai","DARJEELING","NUXALBARI","Public Ltd Co",617.86,458.44,"TAI","PO- BELGHACHI, DIST-, DARJEELING,WB","9932439079","","THE NEW TRAI ASSOCIATION LTD DEEPAK BERLIA","THE NEW TERAI ASSOCIATION      PO- BE, LTD, 26, BURTOLLA STREET,      DARJEE, KOLKATA                        Tel :9","9","deepakberlia@yahoo.com","LGHACHI, DIST-","","deepakberlia@yahoo.com","Kolkata","Trustea Sustainable Tea Foundation","Trustea Sustainable Tea Foundation, Chambers Mall, 506, Sector E, East Kolkata Twp, Kolkata, West Bengal 700107","700107","033 4073 2658","https://www.trustea.org/",22.5138888,88.3942976,"ChIJhXUtUUlxAjoRB-FE2Uqsg5E","https://www.google.com/maps/place/?q=place_id:ChIJhXUtUUlxAjoRB-FE2Uqsg5E","matched"
155,"SACHINDRA CHANDRA TEA ESTATE","119","Terai","DARJEELING","NUXALBARI","Public Ltd Co",377.43,224.02,"TRA","P.O. KHARIBARI,DIST-, DARJEELING,WEST BENGAL","03532005190","teraitea@gmail.com","SHRI AJIT KUMAR AGARWALA","THE KHARIBARI TEA CO. LTD., AGARWALA HOUSE,2ND, MILE,SEVOKE ROAD,SILIGURI","","","SHRI V.D. DUA","","teraitea@gmail.com","Siliguri","Dr. Ajit Kumar Singh - Best Nephrologist in Siliguri | Kidney Doctor in Siliguri | Best Kidney Transplant Doctor in Siliguri","Dr. Ajit Kumar Singh - Best Nephrologist in Siliguri | Kidney Doctor in Siliguri | Best Kidney Transplant Doctor in Siliguri, Inside Uttarayan Township City centre Matigara, Siliguri, West Bengal 734010","734010","","http://drajitkumarsingh.co.in/",26.734320099999998,88.39135689999999,"ChIJB6mQXWVH5DkRUaKL-GL3pdY","https://www.google.com/maps/place/?q=place_id:ChIJB6mQXWVH5DkRUaKL-GL3pdY","partial"
156,"SANNYASITHAN","161","Terai","DARJEELING","NUXALBARI","Public Ltd Co",207.97,128.81,"ITA","PO-BAGDOGRA, DIST-, DARJEELING,WB","0353-2005562","","SANNYASITHAN TEA CO.PVT. LTD R K SINGH","RN MUKHERJEE ROAD 700001     RN MUKHERJEE","033-22484861            700001","","ROAD, KOLKATA-","","","Kolkata","Sannyasithan Tea Estate","M7XV+VC7 Sannyasithan Tea Estate, Sannyasi Thaner Chhat, West Bengal 734014","734014","","",26.6996596,88.2935519,"ChIJVVVVldFI5DkRss87tW_WfkY","https://www.google.com/maps/place/?q=place_id:ChIJVVVVldFI5DkRss87tW_WfkY","matched"
157,"SATISH CHANDRA TEA ESTATE","119","Terai","DARJEELING","NUXALBARI","Public Ltd Co",145,134.01,"ITPA","P.O. NAKSALBARI,DIST DARJEELING","9474384225","","SOUTHERN TERAI TEA CO (P)","LTD., 98 BM, SARANI,MAHANANDAPARA,SILIGU, RI","9474386293","","SOUTHERN TERAI TEA CO (P)","9474386293","","Other / Unspecified","TERAI TEA FARMER PRODUCER COMPANY LIMITED","TERAI TEA FARMER PRODUCER COMPANY LIMITED, KESHORDOBA, Khoribari, West Bengal 734427","734427","097349 65214","https://v0-terai-tea-website.vercel.app/",26.5539673,88.1916811,"ChIJ9f5YTvxT5DkRpCLPLzrclx8","https://www.google.com/maps/place/?q=place_id:ChIJ9f5YTvxT5DkRpCLPLzrclx8","matched"
158,"SINGHIA JHORA TEA ESTATE","2436","Terai","DARJEELING","NUXALBARI","Proprietorship",150.03,129.18,"ITA","P.O. BAGDOGRA DIST. DARJEELING, (WB)","03532004168","singhisjhorste@gmail.com","SINGHIA JHORA TEA CO. (P) LTD","TIRUMALA HOUSE 51, SHAKESPEARE SARANI, 2ND, FLOOR, KOL-17","033257604","","MOHAN KRISHNA","033257604","","Kolkata","Singhia Jhora Tea Co Pvt Ltd","Singhia Jhora Tea Co Pvt Ltd, 51, Shakespeare Sarani, Park Circus, Park Street area, Kolkata, West Bengal 700017","700017","","",22.5442189,88.360806,"ChIJHbthXB53AjoRe_8GFnzLN48","https://maps.google.com/maps/preview/place/Singhia+Jhora+Tea+Co+Pvt+Ltd,+51,+Shakespeare+Sarani,+Park+Circus,+Park+Street+area,+Kolkata,+West+Bengal+700017/@22.5442189,88.360806,3685a,13.1y/data=!4m2!3m1!1s0x3a02771e5c61bb1d:0x8f37cb7c1606ff7b","matched"
159,"TAIPOO","Q-31","Terai","DARJEELING","NUXALBARI","Public Ltd Co",393.79,298.67,"TRA","PO- KESTOPUR, BAGDOGRA-734014,, DARJEELING, WEST BENGAL","0353-2004121","taipooslg@rediffmail.com","GILLANDERS ARBUTHNOT & CO.","LTD., C-4, GILLANDERS HOUSE, NETAJI, SUBHAS ROAD, KOLKATA -1","033-22302331","gillander@cal3.vsnl.in","M. SODHANI","033-22302331","gillander@cal3.vsnl.in","Kolkata","Gillanders Arbuthnot & Co. Ltd.","Gillanders Arbuthnot & Co. Ltd., C-4, Netaji Subhas Rd, Kolkata, West Bengal 700001","700001","033 2230 2331","http://gillandersindia.org/",22.5765881,88.3494291,"ChIJ77mAR7t3AjoRQ_qTzdpGa8I","https://maps.google.com/maps/preview/place/Gillanders+Arbuthnot+%26+Co.+Ltd.,+C-4,+Netaji+Subhas+Rd,+Kolkata,+West+Bengal+700001/@22.5765881,88.3494291,3684a,13.1y/data=!4m2!3m1!1s0x3a0277bb4780b9ef:0xc26b46dacd93fa43","matched"
160,"THANJHORA TEA ESTATE","707","Terai","DARJEELING","NUXALBARI","Public Ltd Co",456.81,361.72,"TRA","P.O. KHORIBARI,WEST BENGAL","03532005285","thanjhora@gmail.com","JALPAIGURI DOOARS TEA CO.","LTD., HINDUSTAN BUILDING,4 C.R., AVENEUE,KOLKATA","22126753","new_tea@vsnl.in","ROSHANLAL AGARWALA","22126753","new_tea@vsnl.in","Kolkata","Darjeeling Dooars Plantations Tea Limited","4th Floor, Darjeeling Dooars Plantations Tea Limited, Nicco House, 2, Hare St, Above Canara Bank, B.B.D. Bagh, Kolkata, West Bengal 700001","700001","033 2248 7908","",22.5713318,88.3458527,"ChIJhee-ACZ3AjoRR4JZfTemkLU","https://www.google.com/maps/place/?q=place_id:ChIJhee-ACZ3AjoRR4JZfTemkLU","matched"
161,"TIRRIHANNAH CO LTD","E-51","Terai","DARJEELING","NUXALBARI","Public Sector",450.7,362.12,"TAI","BAGDOGRA DARJEELING","0","tirrihannah.co@gmail.com","TIRRIHANNAH CO LTD","0","0","","GHANSHYAM DASKANKANI","22487093","tirrihannah.co@gmail.com","Other / Unspecified","Tirrihannah Tea Factory","Q787+H9V Tirrihannah Tea Factory, Tirrihannah Tea Garden, Ord Terai Tea Garden, West Bengal 734423","734423","","",26.7664808,88.26341819999999,"ChIJfclsTupJ5DkRgASiF53Pbes","https://www.google.com/maps/place/?q=place_id:ChIJfclsTupJ5DkRgASiF53Pbes","matched"
162,"ATIABARI TEA ESTATE","725","Dooars","JALPAIGURI","KALCHINI","Public Ltd Co",757.64,556.57,"ITPA","P.O. ATIABARI BAGAN,DIST, JALPAIGURI","03566 200131","","ATIABARI TEA COMPANY LTD","2ND MILE,233 SEOKE, ROAD,SILIGURI","03532544704","sevokemotors@vsnl.net","MR. NARENDRA BERLIA","03532544704","sevokemotors@vsnl.net","Siliguri","Awwal Tea","Awwal Tea, Sevoke Rd, near sachitra hotel, Jyoti Nagar, Bankim Nagar, Siliguri, West Bengal 734001","734001","","https://awwaltea.com/?utm_source=google&utm_medium=wix_google_business_profile&utm_campaign=6826128395188206104",26.7351718,88.4351987,"ChIJPzzqDgRB5DkRKUIccNO3kP0","https://www.google.com/maps/place/?q=place_id:ChIJPzzqDgRB5DkRKUIccNO3kP0","matched"
163,"BEECH TEA ESTATE","P-6","Dooars","JALPAIGURI","KALCHINI","Public Ltd Co",934.66,785.12,"ITA","P.O. HASIMARA DIST. JALPAIGURI, (WB)","9434045937","beech@westcong.com","KANISKA SETHIA","M/S THE DIBRUGHAR TEA CO., LTD. ASHOKA HOUSE 3A HARE, STREET KOLKATA 700001","03322622669","sumeet@westcong.com","S. ROY CHOWDHURY","03322622669","sumeet@westcong.com","Kolkata","KANISHKA SHIPPING LINES","KANISHKA SHIPPING LINES, 23A, Netaji Subhas Rd, Fairley Place, B.B.D. Bagh, Kolkata, West Bengal 700001","700001","099337 56004","",22.576022299999998,88.3484723,"ChIJ-c8c59R3AjoRImhCV-lj6LQ","https://maps.google.com/maps/preview/place/KANISHKA+SHIPPING+LINES,+23A,+Netaji+Subhas+Rd,+Fairley+Place,+B.B.D.+Bagh,+Kolkata,+West+Bengal+700001/@22.5760223,88.3484723,3684a,13.1y/data=!4m2!3m1!1s0x3a0277d4e71ccff9:0xb4e863e957426822","partial"
164,"BHARNOBARI TEA ESTATE","P-7","Dooars","JALPAIGURI","KALCHINI","Public Ltd Co",867.49,726.74,"TRA","P.O. HASIMARA DIST. JALPAIGURI, (WB)","9476372408","","BARNOBARI TEA & INDUSTRIES PVT. LTD.","25 SWALLOW LANE KOLKATA1","03324482858","","S. JOSHI","03324482858","","Kolkata","Bharnobari Tea & Industries Ltd.","Bharnobari Tea & Industries Ltd., 34, Raja Santosh Rd, Mangalam, Alipore, Kolkata, West Bengal 700027","700027","","",22.518554899999998,88.3315233,"ChIJzUYw_FJ3AjoR1foM2yUKYhQ","https://maps.google.com/maps/preview/place/Bharnobari+Tea+%26+Industries+Ltd.,+34,+Raja+Santosh+Rd,+Mangalam,+Alipore,+Kolkata,+West+Bengal+700027/@22.5185549,88.3315233,3686a,13.1y/data=!4m2!3m1!1s0x3a027752fc3046cd:0x14620a25db0cfad5","matched"
165,"BHATKAWA TEA ESTATE","E-23","Dooars","JALPAIGURI","KALCHINI","Public Ltd Co",783.46,634.47,"ITA","P.O:GAROPARA, P.S:KALCHINI, DIST.JALPAIGURI, WEST BENGAL","03566-240241","manager-bhatkawa@yahoo.com","BHATKAWA TEA INDUSTRIES LTD. SRI SUDARSHAN JALAN","NICCO HOUSE,                 NICCO HOUSE, 6TH FLOOR,                   6TH FLOOR,, 2,HARE STREET                2,HARE STRE, KOLKATA-01                   KOLKATA-01","033-22489916","contact@bhatkawa.com",",","","tact@bhatkawa.com","Kolkata","Bhatkawa Tea Estate","6TH FLOOR, Bhatkawa Tea Estate, Nicco House, 2, Hare St, B.B.D. Bagh, Kolkata, West Bengal 700001","700001","22489916","http://bhatkawatea.com/",22.571455,88.3458035,"ChIJZ5G1tKN3AjoR5UFY8eS_AgI","https://maps.google.com/maps/preview/place/6TH+FLOOR,+Bhatkawa+Tea+Estate,+Nicco+House,+2,+Hare+St,+B.B.D.+Bagh,+Kolkata,+West+Bengal+700001/@22.571455,88.3458035,3684a,13.1y/data=!4m2!3m1!1s0x3a0277a3b4b59167:0x202bfe4f15841e5","matched"
166,"BHATPARA TEA ESTATE","2579","Dooars","JALPAIGURI","KALCHINI","Public Ltd Co",1251.44,631.97,"ITA","P.O : KALCHINI, DIST.JALPAIGURI, WEST BENGAL","03566-200076","bhatpara@wmg.co.in","MCLEOD RUSSEL INDIA LIMITED","FOUR MANGOE LANE, S.M.GHOSH SARANI, KOLKATA-700001 (W.B)","033-22101221","","MR. RAJEEV TAKRU","033-22101222","rajiv_takru@wmg.co.in","Kolkata","Mcleod Russel India limited","Mcleod Russel India limited, Surendra Mohan Ghosh Sarani, 4, Mangoe Ln, Kolkata, West Bengal 700001","700001","099030 96991","http://www.mcleodrussel.com/",22.569381699999997,88.3511199,"ChIJdcrz16V3AjoRV8_Qg8r4ZXw","https://maps.google.com/maps/preview/place/Mcleod+Russel+India+limited,+Surendra+Mohan+Ghosh+Sarani,+4,+Mangoe+Ln,+Kolkata,+West+Bengal+700001/@22.5693817,88.3511199,3684a,13.1y/data=!4m2!3m1!1s0x3a0277a5d7f3ca75:0x7c65f8ca83d0cf57","matched"
167,"CENTRAL DOOARS TEA ESTATE","N-2","Dooars","JALPAIGURI","KALCHINI","Public Ltd Co",1225.6,761.59,"ITA","P.O : PANABASTI, P.S:KALCHINI, DIST:JALPAIGURI, WEST BENGAL-735226","03566-206015","central-dooars@wmg.co.in","MCLEOD RUSSEL INDIA LIMITED","FOUR MANGOE LANE, S.M.GHOSH SARANI, KOLKATA-1","033-22101222","central-dooars@wmg.co.in","MR. RAJEEV TAKRU","033-22101222","rajiv_takru@wmg.co.in","Kolkata","Mcleod Russel India limited","Mcleod Russel India limited, Surendra Mohan Ghosh Sarani, 4, Mangoe Ln, Kolkata, West Bengal 700001","700001","099030 96991","http://www.mcleodrussel.com/",22.569381699999997,88.3511199,"ChIJdcrz16V3AjoRV8_Qg8r4ZXw","https://maps.google.com/maps/preview/place/Mcleod+Russel+India+limited,+Surendra+Mohan+Ghosh+Sarani,+4,+Mangoe+Ln,+Kolkata,+West+Bengal+700001/@22.5693817,88.3511199,3684a,13.1y/data=!4m2!3m1!1s0x3a0277a5d7f3ca75:0x7c65f8ca83d0cf57","matched"
168,"CHUAPARA TEA ESTATE","N-7","Dooars","JALPAIGURI","KALCHINI","Public Ltd Co",933.64,689.47,"ITA","P.O:KALCHINI, DIST.JALPAIGURI, WEST BENGAL","09933185203","chuapara@wmg.co.in","MCLEOD RUSSEL INDIA LIMITED","FOUR MANGOE LANE, S.M.GHOSH SARANI, KOLKATA-01","033-22101221","c@wmg.co.in","RAJEEV TAKRU","033-22101222","rajiv_takru@wmg.co.in","Kolkata","Mcleod Russel India limited","Mcleod Russel India limited, Surendra Mohan Ghosh Sarani, 4, Mangoe Ln, Kolkata, West Bengal 700001","700001","099030 96991","http://www.mcleodrussel.com/",22.569381699999997,88.3511199,"ChIJdcrz16V3AjoRV8_Qg8r4ZXw","https://maps.google.com/maps/preview/place/Mcleod+Russel+India+limited,+Surendra+Mohan+Ghosh+Sarani,+4,+Mangoe+Ln,+Kolkata,+West+Bengal+700001/@22.5693817,88.3511199,3684a,13.1y/data=!4m2!3m1!1s0x3a0277a5d7f3ca75:0x7c65f8ca83d0cf57","matched"
169,"DIMA TEA ESTATE","J-39","Dooars","JALPAIGURI","KALCHINI","Partnership",956.31,742.82,"ITPA","P.O:KALCHINI, DIST. JALPAIGURI, PIN-735217","03566-240240","","SURAJ GOVIND ESTATES PVT.","LTD., GOVIND BHAWAN, 2,BTM SARANI, KOLKATA-1","033-22254459","surajgovind.patel@gmail.com","SURAJ GOVIND ESTATES PVT.","033-22254459","surajgovind.patel@gmail.com","Kolkata","Surajgovind Estates Pvt Ltd","Surajgovind Estates Pvt Ltd, 2, Brabourne Rd, Radha Bazar, Lal Bazar, Kolkata, West Bengal 700001","700001","080174 45223","",22.573456699999998,88.35136109999999,"ChIJG-t0B6V3AjoRGlQFS7ZCzRI","https://maps.google.com/maps/preview/place/Surajgovind+Estates+Pvt+Ltd,+2,+Brabourne+Rd,+Radha+Bazar,+Lal+Bazar,+Kolkata,+West+Bengal+700001/@22.5734567,88.3513611,3684a,13.1y/data=!4m2!3m1!1s0x3a0277a50774eb1b:0x12cd42b64b05541a","matched"
170,"JAINTI TEA ESTATE","N-18","Dooars","JALPAIGURI","KALCHINI","Public Ltd Co",827.51,411.95,"ITA","P.O-HATIPOTH , DIST - JALPAIGURI.","9775496991","jainti@wmg.co.in","MCLEOD RUSSEL INDIA LIMITED","4, MANGOE LANE S.M. GHOSH, SARANI, KOLKATA-1","03322101221","srinivas_c@wmg.co.in","MCLEOD RUSSEL INDIA LIMITED","03322101221","srinivas_c@wmg.co.in","Kolkata","Mcleod Russel India limited","Mcleod Russel India limited, Surendra Mohan Ghosh Sarani, 4, Mangoe Ln, Kolkata, West Bengal 700001","700001","099030 96991","http://www.mcleodrussel.com/",22.569381699999997,88.3511199,"ChIJdcrz16V3AjoRV8_Qg8r4ZXw","https://maps.google.com/maps/preview/place/Mcleod+Russel+India+limited,+Surendra+Mohan+Ghosh+Sarani,+4,+Mangoe+Ln,+Kolkata,+West+Bengal+700001/@22.5693817,88.3511199,3684a,13.1y/data=!4m2!3m1!1s0x3a0277a5d7f3ca75:0x7c65f8ca83d0cf57","matched"
171,"KALCHINI T E","2532","Dooars","JALPAIGURI","KALCHINI","Proprietorship",1151.75,742.15,"ITA","P.O. KALCHINI,DIST- JALPAIGURI","03566 240213","","BUXA DOOARS TEA CO (I) LTD","OM, PLACE,ASHRAMPARA,SILIGURI","9434086855","","N K BASU","9434086855","buxadoors.teastates@gmail.co","Siliguri","Deesha Trade Endeavours P. Ltd.","Deesha Trade Endeavours P. Ltd., 195, Sukanta Sarani, opp. Bsnl Residential Complex, New Milanpally, Saktigarh, Siliguri, West Bengal 734005","734005","","http://deeshaindiatea.in/",26.7007551,88.41436569999999,"ChIJxUoagNtB5DkR2I-asm2VMdw","https://www.google.com/maps/place/?q=place_id:ChIJxUoagNtB5DkR2I-asm2VMdw","matched"
172,"MADHU TEA ESTATE","55","Dooars","JALPAIGURI","KALCHINI","Proprietorship",451.42,323.08,"TRA","MADHU TEA, ESTATE,P.O.MADHUBAGAN,JALPAIGU, RI","8972631365","","DIABARI TEA CO LTD","MOT CLUB STRTEET 2ND FLOOR, KOLKATA 13","9831155538","","N M KEDIA","9831155538","","Kolkata","Teesta Valley Tea Co. Ltd.","Teesta Valley Tea Co. Ltd., 5 & 7, Netaji Subhas Road, Kolkata, West Bengal 700001","700001","033 2248 8704","http://teestavalley.net/",22.5794218,88.34935519999999,"ChIJJ1GLl7t3AjoRV_89ssF7sJU","https://www.google.com/maps/place/?q=place_id:ChIJJ1GLl7t3AjoRV_89ssF7sJU","matched"
173,"MECHPARA TEA ESTATE","2580","Dooars","JALPAIGURI","KALCHINI","Proprietorship",752.45,516,"ITA","P.O:KALCHINI, DIST. : JALPAIGURI, WEST BENGAL","9233552005","vipinamitagupta@gmail.com","DARJEELING DOOARS","PLANTATIONS (TEA) LTD., 4TH FLOOR,, NICCO HOUSE,, HARE STREET, KOLKATA-1","033-22487908","tea@ddptl.com","DARJEELING DOOARS","033-22487908","tea@ddptl.com","Kolkata","Darjeeling Dooars Plantations Tea Limited","4th Floor, Darjeeling Dooars Plantations Tea Limited, Nicco House, 2, Hare St, Above Canara Bank, B.B.D. Bagh, Kolkata, West Bengal 700001","700001","033 2248 7908","",22.5713318,88.3458527,"ChIJhee-ACZ3AjoRR4JZfTemkLU","https://maps.google.com/maps/preview/place/4th+Floor,+Darjeeling+Dooars+Plantations+Tea+Limited,+Nicco+House,+2,+Hare+St,+Above+Canara+Bank,+B.B.D.+Bagh,+Kolkata,+West+Bengal+700001/@22.5713318,88.3458527,3684a,13.1y/data=!4m2!3m1!1s0x3a02772600bee785:0xb590a6377d598247","matched"
174,"MERICO TEA ESTATE","2531","Dooars","JALPAIGURI","KALCHINI","Public Ltd Co",920.75,602.09,"ITA","P.O:CHINCHULA, P.S:KALCHINI, DIST:JALPAIGURI, WEST BENGAL","03566-200101","merico.tea.estate@gmail.com","SURAJIT BAKSHI","8,CANNING STREET, ROOM NO.203, KOLKATA-1","9831022786","merico.tea.estate@gmail.com","SURAJIT BAKSHI","9831022786","merico.tea.estate@gmail.com","Kolkata","SURAJ TIRKEY BNQ","Q2QM+M8 SURAJ TIRKEY BNQ, Banarhat Tea Garden, West Bengal 735202","735202","","",26.7892324,89.0332923,"ChIJn--jFgCV4zkRoF7sr_gEeZI","https://maps.google.com/maps/preview/place/Q2QM%2BM8+SURAJ+TIRKEY+BNQ,+Banarhat+Tea+Garden,+West+Bengal+735202/@26.7892324,89.0332923,3562a,13.1y/data=!4m2!3m1!1s0x39e3950016a3ef9f:0x927904f8afec5ea0","partial"
175,"RAJAHBHAT TEA ESTATE","E-24","Dooars","JALPAIGURI","KALCHINI","Public Ltd Co",420.53,352.15,"ITA","P.O: RAJAHBHAT T.E, DIST. JALPAIGURI, WEST BENGAL","03566-240230","rb.ncc@alomextrusions.com","SRI AJAY PRAKASH","JHUNJHUNWALA, ALOM HOUSE, 7B,PRETORICA STREET,KOLKATA 7B,P, -71","033-40106789","info@alomextrusions.com","SRI AJAY PRAKASH","033-40106789","info@alomextrusions.com","Kolkata","Political Consultant- Ajay Prakash Sah","Political Consultant- Ajay Prakash Sah, 141/1B, Lenin Sarani Rd, near Indian Overseas Bank, Taltala, Kolkata, West Bengal 700013","700013","090884 98142","http://www.voteniti.in/",22.5623597,88.3612144,"ChIJDY6q4A53AjoRqhePQK56bo0","https://maps.google.com/maps/preview/place/Political+Consultant-+Ajay+Prakash+Sah,+141%2F1B,+Lenin+Sarani+Rd,+near+Indian+Overseas+Bank,+Taltala,+Kolkata,+West+Bengal+700013/@22.5623597,88.3612144,3684a,13.1y/data=!4m2!3m1!1s0x3a02770ee0aa8e0d:0x8d6e7aae408f17aa","partial"
176,"ATINPUR TEA ESTATE","2757","Terai","DARJEELING","PHASIDEWA","Proprietorship",21.406,17.6,"None","POST DEBIJHORA, DIST UTTAR, DINAJPUR","9832097922","","ATINPUR TEA ESTATE","97/1 RAMKRISHANA ROAD,, ASHRAMPARA, SILIGURI","2642877","","ATINPUR TEA ESTATE","2642877","","Siliguri","Kamalpur Tea Estate","Kamalpur Tea Estate, Bagdogra - Panighata Main Rd, Kamal Pur, Uttar Bagdogra, Bagdogra, West Bengal 734014","734014","","https://www.kamalpurteaestate.com/",26.7073474,88.3083501,"ChIJPwx3Y7lI5DkR83BCsvB4NDw","https://www.google.com/maps/place/?q=place_id:ChIJPwx3Y7lI5DkR83BCsvB4NDw","matched"
177,"BIJALIMONI T.E.","545","Terai","DARJEELING","PHASIDEWA","Public Ltd Co",267.09,217.81,"ITPA","P.O. SAHABAD,DIST DARJEELING","9932630201","","NEW TEA CO. LTD.","HINDUSTAN BUILDINGS 4,, C.R.AVENUE ,KOL-72","03322126753","","NEW TEA CO. LTD.","03322126753","","Kolkata","New Tea Company Limited","New Tea Company Limited, Hindustan Building, New Tea Co. Ltd. 4 Chittaranjan Avenue, 2nd Floor, Kolkata, West Bengal 700072","700072","033 2212 6753","http://newteaco.in/",22.5666942,88.3540443,"ChIJUa2UYah3AjoRbbBlPSwv5K8","https://maps.google.com/maps/preview/place/New+Tea+Company+Limited,+Hindustan+Building,+New+Tea+Co.+Ltd.+4+Chittaranjan+Avenue,+2nd+Floor,+Kolkata,+West+Bengal+700072/@22.5666942,88.3540443,3684a,13.1y/data=!4m2!3m1!1s0x3a0277a86194ad51:0xafe42f2c3d65b06d","matched"
178,"GAYA GANGA TEA ESTATE","2190","Terai","DARJEELING","PHASIDEWA","Public Ltd Co",605.23,468.14,"TAI","P.O:KAMALA BAGAN, GHOSH PUKUR, DIST.DARJEELING, WEST BENGAL","0353-2005513","mngr.gayaganga.te@gmail.com","MINTRI TEA CO. PVT.LTD.","2ND MILE,SEVOKE, ROAD,SILIGURI, DIST.DARJEELING(W.B)","0353-2435612","mintriteaco@yahoo.com","MINTRI TEA CO. PVT.LTD.","0353-2435612","mintriteaco@yahoo.com","Siliguri","Mintri Tea Warehouse","Mintri Tea Warehouse, 2nd, Sevoke Rd, Ward 10, Janta Nagar, Siliguri, West Bengal 734001","734001","","",26.7264168,88.42930799999999,"ChIJ34IaSxBB5DkRsSz6X8jCIPc","https://maps.google.com/maps/preview/place/Mintri+Tea+Warehouse,+2nd,+Sevoke+Rd,+Ward+10,+Janta+Nagar,+Siliguri,+West+Bengal+734001/@26.7264168,88.429308,3564a,13.1y/data=!4m2!3m1!1s0x39e441104b1a82df:0xf720c2c85ffa2cb1","matched"
179,"GIRISH CHANDRA TEA ESTATE","2630","Terai","DARJEELING","PHASIDEWA","Public Ltd Co",86.22,79.44,"","P.O : KAMALABAGAN DIST:, DARJEELING","03532431675","","A.C PAUL AGRICULTURAL CO. PVT. LTD","ARJUN BHAWAN 90, HILL CART, ROAD SILIGURI","03532661237","","SALIL KRISHNA PAUL","03532661237","","Siliguri","A. C. Paul & Sons","A. C. Paul & Sons, Mangturam Rd, Ward 8, Khalpara, Siliguri, West Bengal 734005","734005","","",26.706746799999998,88.4237406,"ChIJOcUFkmhB5DkREOlMZmgIuj0","https://maps.google.com/maps/preview/place/A.+C.+Paul+%26+Sons,+Mangturam+Rd,+Ward+8,+Khalpara,+Siliguri,+West+Bengal+734005/@26.7067468,88.4237406,3564a,13.1y/data=!4m2!3m1!1s0x39e441689205c539:0x3dba0868664ce910","partial"
180,"KAMALA TEA ESTATE","1470","Terai","DARJEELING","PHASIDEWA","Public Ltd Co",752.74,517.3,"ITA","P.O: KAMALA BAGAN, GHOSH PUKUR, DIST.DARJEELING, WEST BENGAL-734426","0353-3204178","","KAMALA TEA CO. LTD","P.O:KAMALA BAGAN, GHOSHPUKUR, DIST.DARJEELING.","0353-3204178","","SRI M.AGARWALA","0353-3204178","","Siliguri","Kamala Tea","Kamala Tea, M5 Building, Hill cart Road, Near, Siliguri Jct Rd, Siliguri, West Bengal 734003","734003","","",26.723948099999998,88.41675769999999,"ChIJwwAqysBB5DkRky0gFFEzvZc","https://www.google.com/maps/place/?q=place_id:ChIJwwAqysBB5DkRky0gFFEzvZc","matched"
181,"MATIDHAR TEA ESTATE","81","Terai","DARJEELING","PHASIDEWA","Public Ltd Co",771.22,642.99,"ITPA","P.O. KAMALA BAGAN,DIST, DARJEELING","03532003039","","NEW TEA CO. LTD.","HINDUSTAN BUILDINGS 4,C.R., AVENUE,KOL-72","03322126753","matidhar@gmail.com","NEW TEA CO. LTD.","03322126753","matidhar@gmail.com","Kolkata","New Tea Company Limited","New Tea Company Limited, Hindustan Building, New Tea Co. Ltd. 4 Chittaranjan Avenue, 2nd Floor, Kolkata, West Bengal 700072","700072","033 2212 6753","http://newteaco.in/",22.5666942,88.3540443,"ChIJUa2UYah3AjoRbbBlPSwv5K8","https://maps.google.com/maps/preview/place/New+Tea+Company+Limited,+Hindustan+Building,+New+Tea+Co.+Ltd.+4+Chittaranjan+Avenue,+2nd+Floor,+Kolkata,+West+Bengal+700072/@22.5666942,88.3540443,3684a,13.1y/data=!4m2!3m1!1s0x3a0277a86194ad51:0xafe42f2c3d65b06d","matched"
182,"SAYEDABAD TEA ESTATE","144","Terai","DARJEELING","PHASIDEWA","Public Ltd Co",567.47,351.66,"TRA","P.O : KAMALA BAGAN, DIST. DARJEELING, WEST BENGAL","0353-6531857","teraitea@gmail.com","SRI AJIT KUMAR AGARWALA","AGARWAL HOUSE,, 2ND MILE, SEVOKE ROAD, SILIGURI, DIST.DARJEELING, WEST BENGAL.","0353-2543857","teraitea@gmail.com","SRI V.D. DUA","0353-2543857","teraitea@gmail.com","Siliguri","Dr. Amit Kumar Agarwal","Dr. Amit Kumar Agarwal, Sanjeevani Apartment, Station Feeder Rd, New Milanpally, Saktigarh, Siliguri, West Bengal 734005","734005","","https://dragarwalsclinic.co.in/",26.701832399999997,88.4161116,"ChIJb5seh1tB5DkRW1l3pGzTD0Y","https://www.google.com/maps/place/?q=place_id:ChIJb5seh1tB5DkRW1l3pGzTD0Y","partial"
183,"AVONGROVE TEA ESTATE","8","Darjeeling Hills","DARJEELING","SUKHIAPUKHRI","Public Ltd Co",316.75,184,"TRA","P.O. NAGRISPUR DIST. DARJEELING, WEST BENGAL","09434085320","amber.subba@kplintl.com","KPL INTERNATIONAL LTD","PARK PLAZA, 71 PARK STREET, KOLKATA-16","03322499472","mehta@kanoriachem.com","M.R. MEHTA","03322499472","mehta@kanoriachem.com","Kolkata","KPL International Limited","KPL International Limited, Park Plaza, 71, Park St, Park Street area, Kolkata, West Bengal 700016","700016","033 2217 8179","http://www.kplintl.com/",22.551307299999998,88.3543454,"ChIJja5Q6eF2AjoRCpGMAguGkTc","https://maps.google.com/maps/preview/place/KPL+International+Limited,+Park+Plaza,+71,+Park+St,+Park+Street+area,+Kolkata,+West+Bengal+700016/@22.5513073,88.3543454,3685a,13.1y/data=!4m2!3m1!1s0x3a0276e1e950ae8d:0x3791860b028c910a","partial"
184,"BALASON & MURMAH","P-19","Darjeeling Hills","DARJEELING","SUKHIAPUKHRI","Public Ltd Co",682.94,352.61,"DTA","PO-SONADA,DIST-DARJEELING, WB","9474103453","balasunteaestate@yahoo.com","JAYSHREE TEA & INDUSTRIES","LTD., INDUSTRY HOUSE, 10, CAMAC, STREET,KOLKATA-17","980028835","birlatea@giasel01.vsnl.net.in","PK AGARWAL","980028835","birlatea@giasel01.vsnl.net.in","Kolkata","Jayshree Tea & Industries Ltd","Jayshree Tea & Industries Ltd, 10, Camac St, Elgin, Kolkata, West Bengal 700071","700071","033 2282 7531","http://www.jayshreetea.com/",22.542876099999997,88.35147309999999,"ChIJ-S7YuCZ3AjoRKRx_R32tAT8","https://www.google.com/maps/place/?q=place_id:ChIJ-S7YuCZ3AjoRKRx_R32tAT8","matched"
185,"CHAMONG TEA ESTATE","D-65","Darjeeling Hills","DARJEELING","SUKHIAPUKHRI","Proprietorship",331.99,139.6,"DTA","PO-POKHRIABONG, DIST-, DARJEELING,WESTBENGAL","9330675616","chamongtea@chamong.com","SYCOTTA TEA CO. PVT. LTD.","2 MC DUTTA SARANI,SOGOR, ESTATE,5TH FLOOR ,KOLKATA-1","03330283023","ashok@chamong.com","ASHOK KR. LOHIA","09331262137","ashok@chamong.com","Kolkata","Asian Tea Company Private Limited","1st Floor, Asian Tea Company Private Limited, Gajraj Point, 209 A, AJC Bose Rd, Park Circus, Elgin, Kolkata, West Bengal 700017","700017","033 4044 1201","http://asianteagroup.com/",22.5435855,88.360575,"ChIJRzzkVh53AjoRWDllWFK0pEw","https://www.google.com/maps/place/?q=place_id:ChIJRzzkVh53AjoRWDllWFK0pEw","matched"
186,"CHONGTONG TEA ESTATE","2313","Darjeeling Hills","DARJEELING","SUKHIAPUKHRI","Proprietorship",778.79,373.81,"DTA","PO-MARYBONG,DIST-DARJEELING","9007021348","chongtonggarden@gmail.com","SANJAY PRAKASH BANSAL","20 COAL BERTH,HOBOKEN, ROAD,KOL-88","03324391927,9831023442","","MR ANIL BANSAL","9831023442","anilbansal11@gmail.com","Kolkata","Sanjay Om Prakash Gupta & Co., Chartered Accountants","Sanjay Om Prakash Gupta & Co., Chartered Accountants, 2/55 Netaji Nagar, Ground Floor, Kolkata, West Bengal 700092","700092","098306 60012","https://sopg.co.in/",22.4822512,88.3571925,"ChIJQ2WwluRwAjoRR8ca08I6_gs","https://www.google.com/maps/place/?q=place_id:ChIJQ2WwluRwAjoRR8ca08I6_gs","partial"
187,"DHAJEA TEA ESTATE","","Darjeeling Hills","DARJEELING","SUKHIAPUKHRI","Proprietorship",317.08,179.35,"DTA","P.O : NAGRISPUR, DIST : DARJEELING, WEST BENGAL","9339145063","dhajeate@chamong.com","SRI ASHOK KUMAR LOHIA & SRI","K.K.TIBERIWAL, NAGRIFARM TEA CO LTD,2 N.C, DUTTA SARANI SAGAR, ESTATE,5TH FLOOR,UNIT, NO.1,KOLKATA.","033-30936400","chamong@snowline.com","N.A","","","Kolkata","Lohia Commercial Co Private Limited","Lohia Commercial Co Private Limited, Lohia House, 112, Chittaranjan Ave, Calcutta University, College Square, Kolkata, West Bengal 700073","700073","033 2241 0531","",22.5756122,88.3599742,"ChIJnch3Ja53AjoRH-KIPswqvS4","https://www.google.com/maps/place/?q=place_id:ChIJnch3Ja53AjoRH-KIPswqvS4","partial"
188,"GOPALDHARA","6","Darjeeling Hills","DARJEELING","SUKHIAPUKHRI","Public Ltd Co",335.08,168.17,"DTA","P.O. MIRIK,DIST. DARJEELING, WEST, BENGAL","9434051277","gopaldhara@gmail.com","GOPALDHARA TEA CO. PVT. LTD.","ARUN ENCLAVE, TEA AUCTION, ROAD, SILIGURI-3","0353-2510831","shivksaria@gmail.co","MR.S.K.SARIA","0353-2510831","shivksaria@gmail.co","Siliguri","Gopaldhara Tea Co. Pvt. Ltd.","Block, 1st Floor, Gopaldhara Tea Co. Pvt. Ltd., Arjun Enclave, Green Park Colony, C & E, Tea Auction Rd, Ward 46, Champasari, Mallaguri, Siliguri, West Bengal 734003","734003","","http://www.gopaldharaindia.com/",26.735297799999998,88.41032969999999,"ChIJ6cMNtChB5DkRs_oCtzEvhaw","https://maps.google.com/maps/preview/place/Block,+1st+Floor,+Gopaldhara+Tea+Co.+Pvt.+Ltd.,+Arjun+Enclave,+Green+Park+Colony,+C+%26+E,+Tea+Auction+Rd,+Ward+46,+Champasari,+Mallaguri,+Siliguri,+West+Bengal+734003/@26.7352978,88.4103297,3563a,13.1y/data=!4m2!3m1!1s0x39e44128b40dc3e9:0xac852f31b702fab3","matched"
189,"GYABAREE & MIIIKTHONG TEA","2517","Darjeeling Hills","DARJEELING","SUKHIAPUKHRI","Public Ltd Co",812.85,309.51,"DTA","ESTATE, SOURINI, DARJEELING, WEST, BENGAL","9332256639","tea@bagaria.com","LAKTARIA (I) P LTD","12 C LORD SINGHA ROAD, KOLKATA","03322824145","tea@bagaria.com","S S BAGARIA","03322824145","tea@bagaria.com","Kolkata","Lakhotia Transport Co. PVT. LTD.","H9H5+4HX Lakhotia Transport Co. PVT. LTD., Surti Bagan St, Kolutolla, Kolkata, West Bengal 700073","700073","033 2235 4802","http://ltcpl.org/",22.5778608,88.358977,"ChIJreJQOLJ3AjoRknrZEjPacJc","https://www.google.com/maps/place/?q=place_id:ChIJreJQOLJ3AjoRknrZEjPacJc","partial"
190,"LINGIA TEA ESTATE","D-67","Darjeeling Hills","DARJEELING","SUKHIAPUKHRI","Public Ltd Co",220.39,141.63,"DTA","P.O. GHOOM, DIST. DARJEELING, (W.B.)-734102","9339145059","lingiate@chamong.com","SYCOTTA TEA CO. PVT. LTD.","SYCOTTA TEA CO. PVT. LTD., 2,N.C.DUTTA SARANI, SAGAR, ESTATE,KOLKATA-1","03322434979","chamong@snosline.com","MR.A.K.LOHIA","9331262137","chamong@snosline.com","Kolkata","Asian Tea Company Private Limited","1st Floor, Asian Tea Company Private Limited, Gajraj Point, 209 A, AJC Bose Rd, Park Circus, Elgin, Kolkata, West Bengal 700017","700017","033 4044 1201","http://asianteagroup.com/",22.5435855,88.360575,"ChIJRzzkVh53AjoRWDllWFK0pEw","https://www.google.com/maps/place/?q=place_id:ChIJRzzkVh53AjoRWDllWFK0pEw","matched"
191,"MARYBONG TEA GARDEN","B 39","Darjeeling Hills","DARJEELING","SUKHIAPUKHRI","Public Ltd Co",395.08,284.52,"DTA","POST-GUMBA DARJEELING","9339145221","marybongte@chamong.com","DUNCANS INDUSTRIES LIMITED","31, N.S.ROAD, KOLKATA-1","","skdeb@duncans-tea.com","MR.BISWAJEET DUTTA","","skdeb@duncans-tea.com","Kolkata","Duncans Tea Limited","4th Floor, Duncans Tea Limited, Duncan House, 31, Netaji Subhas Rd, Murgighata, B.B.D. Bagh, Kolkata, West Bengal 700001","700001","033 2242 1605","https://www.duncanstea.in/",22.5758118,88.3490346,"ChIJhZmnTbt3AjoRLq_WvutvPsY","https://maps.google.com/maps/preview/place/4th+Floor,+Duncans+Tea+Limited,+Duncan+House,+31,+Netaji+Subhas+Rd,+Murgighata,+B.B.D.+Bagh,+Kolkata,+West+Bengal+700001/@22.5758118,88.3490346,3684a,13.1y/data=!4m2!3m1!1s0x3a0277bb4da79985:0xc63e6febbed6af2e","matched"
192,"MIM","M-23","Darjeeling Hills","DARJEELING","SUKHIAPUKHRI","Public Sector",389.65,187.65,"DTA","P.0.SUKHIAPOKHRI,DIST., DARJEELING,WEST BENGAL","9775929847","yule.mim@gmail.com","ANDREW YULE & COMPANY LIMITED","8,RAJENDRA PRASAD SARANI,, KOLKATTA-700001","03322428210","ce.tea@andrewyule.com","SUNIL MUNSHI","9890019050","ce.tea@andrewyule.com","Kolkata","ANDREW YULE & CO.LTD.","ANDREW YULE & CO.LTD., Yule House, 8, Dr Rajendra Prasad Sarani, China Bazar, B.B.D. Bagh, Kolkata, West Bengal 700001","700001","033 2242 7722","http://www.andrewyule.com/",22.5786953,88.35042519999999,"ChIJH_yxC7t3AjoRPdMcq3c5JHY","https://www.google.com/maps/place/?q=place_id:ChIJH_yxC7t3AjoRPdMcq3c5JHY","partial"
193,"NAGRI","2411","Darjeeling Hills","DARJEELING","SUKHIAPUKHRI","Proprietorship",575.21,321.64,"TRA","PO-NAGRISPUR ,DIST -, DARJEELING,WB","9733293769","nagrigarden1@gmail.com","DARJEELING ORGANIC TEA","ESTATES PVT. LTD., 20 COAL BERTH HOBOKEN ROAD, ROAD,K, KOLKATA-88","033-24391668","","SP BANSAL","033-24391668","","Kolkata","Darjeeling Organictea Estates Private Limited.","Darjeeling Organictea Estates Private Limited., 4A, Camac St, Kankaria Estates, Elgin, Kolkata, West Bengal 700071","700071","","",22.5461514,88.3525057,"ChIJAQCQrRB3AjoRB2vc3jg_S8c","https://maps.google.com/maps/preview/place/Darjeeling+Organictea+Estates+Private+Limited.,+4A,+Camac+St,+Kankaria+Estates,+Elgin,+Kolkata,+West+Bengal+700071/@22.5461514,88.3525057,3685a,13.1y/data=!4m2!3m1!1s0x3a027710ad900001:0xc74b3f38dedc6b07","matched"
194,"NAGRIFARM TEA ESTATE","D/69","Darjeeling Hills","DARJEELING","SUKHIAPUKHRI","Proprietorship",570.31,285.66,"DTA","P.O : NAGRISPUR, DIST.DARJEELING, PIN-734215","09339145224","nagrifarmte@chamong.com","SRI ASHOK KUMAR LOHIA & SRI","K.K.TIBERIWAL, NAGRIFARM TEA CO. LTD., N.C, DUTTA SARANI SAGAR, ESTATE,5TH FLOOR,UNIT-, 1,KOLKATA,WEST BENGAL.","033-30936400","garden@chamong.com","N.A","","","Kolkata","Lohia Commercial Co Private Limited","Lohia Commercial Co Private Limited, Lohia House, 112, Chittaranjan Ave, Calcutta University, College Square, Kolkata, West Bengal 700073","700073","033 2241 0531","",22.5756122,88.3599742,"ChIJnch3Ja53AjoRH-KIPswqvS4","https://www.google.com/maps/place/?q=place_id:ChIJnch3Ja53AjoRH-KIPswqvS4","partial"
195,"OKAYTI","2416","Darjeeling Hills","DARJEELING","SUKHIAPUKHRI","Public Ltd Co",422.34,213.32,"DTA","PO-OKAYTI,DIST-DARJEELING","9733007123","slg@okayti.com","OKAYTI TEA COMPANY LTD","29/13 BALIGANJ PARK,KOL-19","03330284444","sales@okayti.com","SRI ANTRIKSH KUMBAT","9831190900","sales@okayti.com","Kolkata","Okayti Tea Co Ltd","Okayti Tea Co Ltd, 1, Binoy Badal Dinesh Bag E, Lal Dighi, Lal Bazar, Kolkata, West Bengal 700001","700001","","",22.5705977,88.3499806,"ChIJ23g3AaJ3AjoRrddoMKQQwi4","https://maps.google.com/maps/preview/place/Okayti+Tea+Co+Ltd,+1,+Binoy+Badal+Dinesh+Bag+E,+Lal+Dighi,+Lal+Bazar,+Kolkata,+West+Bengal+700001/@22.5705977,88.3499806,3684a,13.1y/data=!4m2!3m1!1s0x3a0277a2013778db:0x2ec210a43068d7ad","matched"
196,"PHUGURI TEA ESTATE","2314","Darjeeling Hills","DARJEELING","SUKHIAPUKHRI","Proprietorship",427.41,227.28,"DTA","PO. PHUGURI, MIRIK, DARJEELING","9332037317","phuguri@bagariagroup.com","S.S. BAGARIA","12C,LORD SINHA ROAD,KOLKATA-, 71","0334014000","tea@bagariagroup.com","S.S.BAGARIA","0334014000","tea@bagariagroup.com","Kolkata","Bagaria Trading Limited","4th Floor, Bagaria Trading Limited, 16, Netaji Subhas Rd, Murgighata, B.B.D. Bagh, Kolkata, West Bengal 700001","700001","033 2210 7789","https://nehaknots.com/",22.5773564,88.3490595,"ChIJe6yzIVN2AjoR81qGDvK97SI","https://www.google.com/maps/place/?q=place_id:ChIJe6yzIVN2AjoR81qGDvK97SI","partial"
197,"PUSSIMBING TEA ESTATE","2347","Darjeeling Hills","DARJEELING","SUKHIAPUKHRI","Public Ltd Co",389.6,201.19,"DTA","P.O:GHOOM, DIST.DARJEELING, WEST BENGAL","9339145062","pussimbing@chamong.com","SHRI ASHOK KUMAR LOHIA","2,N.C.DUTTA SARANI, SAGAR ESTATE, KOLKATA","033-30936401","garden@chamong.com","SHRI ASHOK KUMAR LOHIA","9331262137","garden@chamong.com","Kolkata","Lohia Commercial Co Private Limited","Lohia Commercial Co Private Limited, Lohia House, 112, Chittaranjan Ave, Calcutta University, College Square, Kolkata, West Bengal 700073","700073","033 2241 0531","",22.5756122,88.3599742,"ChIJnch3Ja53AjoRH-KIPswqvS4","https://www.google.com/maps/place/?q=place_id:ChIJnch3Ja53AjoRH-KIPswqvS4","partial"
198,"SEEYOK","2357","Darjeeling Hills","DARJEELING","SUKHIAPUKHRI","Public Ltd Co",406.8,154.01,"DTA","POST MIRIK,DIST DARJEELING","9434079903","tpisyk@gmail.com","SEEYOK TEA COMPANY LTD","30 JL ROAD,KOLKATA 16","03322299147","promoters@vsnl.net","K.C.AGARWAL","03322299147","promoters@vsnl.net","Kolkata","Seeyok Tea Company Limited","Ste 17, Seeyok Tea Company Limited, Chowringhee Mansion, 30, Jawaharlal Nehru Rd, Taltala, Kolkata, West Bengal 700016","700016","","",22.555792,88.3507327,"ChIJedWjHQ93AjoRVL12zdIAXYM","https://maps.google.com/maps/preview/place/Ste+17,+Seeyok+Tea+Company+Limited,+Chowringhee+Mansion,+30,+Jawaharlal+Nehru+Rd,+Taltala,+Kolkata,+West+Bengal+700016/@22.555792,88.3507327,3685a,13.1y/data=!4m2!3m1!1s0x3a02770f1da3d579:0x835d00d2cd76bd54","matched"
199,"SELIMBONG TEA ESTATE","2431","Darjeeling Hills","DARJEELING","SUKHIAPUKHRI","Proprietorship",307.7,153.35,"TRA","P.O. POKHRIABONG DIST., DARJEELING WEST BENGAL","9434079908","slb@rediffmail.com","BRIJ MOHAN","30 JL ROAD KOLKATA","03322299147","teapromoters@vsnl.net","KC AGGARWAL","03322299147","teapromoters@vsnl.net","Kolkata","Brij Mohan and Company","number 6, Brij Mohan and Company, cross road, 67/46, Strand Bank Rd, Kolkata, West Bengal 700007","700007","098300 87666","",22.5876995,88.35103529999999,"ChIJi9Qhayl3AjoRe90lid_Qr5o","https://maps.google.com/maps/preview/place/number+6,+Brij+Mohan+and+Company,+cross+road,+67%2F46,+Strand+Bank+Rd,+Kolkata,+West+Bengal+700007/@22.5876995,88.3510353,3684a,13.1y/data=!4m2!3m1!1s0x3a0277296b21d48b:0x9aafd0df8925dd7b","matched"
200,"SINGBULLI TEA ESTATE","P-21","Darjeeling Hills","DARJEELING","SUKHIAPUKHRI","Public Ltd Co",824.19,302.72,"DTA","P.O. SOURENI,DIST: DARJEELING, (W.B.)","09434048069","singbulli@gmail.com","JAYSHREE TEA & INDUSTRIES","LTD., JAYSHREE TEA & INDUSTRIES, LTD.10,CAMAC STREET ,KOLKATA, -700 017","03322827531","dpm@jayshreetea.com","MR. D.P.MAHESWARI","03322827531","dpm@jayshreetea.com","Kolkata","Jayshree Tea & Industries Ltd","Jayshree Tea & Industries Ltd, 10, Camac St, Elgin, Kolkata, West Bengal 700071","700071","033 2282 7531","http://www.jayshreetea.com/",22.542876099999997,88.35147309999999,"ChIJ-S7YuCZ3AjoRKRx_R32tAT8","https://www.google.com/maps/place/?q=place_id:ChIJ-S7YuCZ3AjoRKRx_R32tAT8","matched"
201,"SOURENEE T.E.","742","Darjeeling Hills","DARJEELING","SUKHIAPUKHRI","Public Ltd Co",136.78,95.55,"DTA","SOURENI BAZAR,PIN, 734227,DARJEELING","09378416250","soureneetg@gmail.com","SHRI J.P.CHOWDHARY","10TH FLOOR,PODDAR, POINT,1B,PARK STREET,KOLKATA","03322295543/49","soureneetg@gmail.com","J.P.CHOWDHARY","03322295543/49","soureneetg@gmail.com","Kolkata","Chowdhary Para","Chowdhary Para, Rahara, Kolkata, West Bengal 700118","700118","","",22.726450099999997,88.38341199999999,"ChIJgVi-ypSb-DkRnvZYjCTu73Y","https://www.google.com/maps/place/?q=place_id:ChIJgVi-ypSb-DkRnvZYjCTu73Y","partial"
202,"SUNGMA TEA ESTATE","2589","Darjeeling Hills","DARJEELING","SUKHIAPUKHRI","Public Ltd Co",251.45,136,"DTA","P.O. POKHRIABONG,PIN, 734216,DARJEELING,WEST BENGAL","09434047971","sungmaorganic1@yahoo.co.in","JAYSHREE TEA & INDUSTRIES","LTD., INDUSTRY HOUSE 10,CAMAC, STREET,KOLKATA-700017","03322827531","","SHRI D.P. MAHESWARI","09433027968","dpm@jayshreetea.com","Kolkata","Jayshree Tea & Industries Ltd","Jayshree Tea & Industries Ltd, 10, Camac St, Elgin, Kolkata, West Bengal 700071","700071","033 2282 7531","http://www.jayshreetea.com/",22.542876099999997,88.35147309999999,"ChIJ-S7YuCZ3AjoRKRx_R32tAT8","https://www.google.com/maps/place/?q=place_id:ChIJ-S7YuCZ3AjoRKRx_R32tAT8","matched"
203,"THURBO TEA GARDEN","B44","Darjeeling Hills","DARJEELING","SUKHIAPUKHRI","Public Ltd Co",819.53,488.44,"ITA","P.O. MIRIK, DIST. DARJEELING","03542005503","thurbo@goodricke.com","GOODRICKE GROUP LIMITED","14.GURUSADAY ROAD,KOLKATA-, 29","03322873067","goodricke@vsnl.com","MR. A.N. SINGH","03322873067","goodricke@vsnl.com","Kolkata","Goodricke Group Limited","Goodricke Group Limited, 14, Gurusaday Dutta Rd, Beck Bagan, Ballygunge, Kolkata, West Bengal 700019","700019","033 2287 3067","https://www.goodricketea.com/",22.5353048,88.36169489999999,"ChIJ7V-kwCB3AjoRm_bV8GLZkww","https://maps.google.com/maps/preview/place/Goodricke+Group+Limited,+14,+Gurusaday+Dutta+Rd,+Beck+Bagan,+Ballygunge,+Kolkata,+West+Bengal+700019/@22.5353048,88.3616949,3685a,13.1y/data=!4m2!3m1!1s0x3a027720c0a45fed:0xc93d962f0d5f69b","matched"
204,"BAGDOGRA TEA ESTATE","2427","Terai","DARJEELING","SILIGURI","Public Ltd Co",281.82,262.28,"TRA","P.O BAGDOGRA,DIST:DARJEELING, WEST BENGAL","03532003210","teraitea@gmail.com","MR AJIT KUMAR AGARWALA","AGARWALA HOUSE 2ND MILE, SEVOKE ROAD SILIGURI","03532543857","teraitea@gmail.com","MR V D DUA","03532543857","teraitea@gmail.com","Siliguri","Dr. Ajit Kumar Singh - Best Nephrologist in Siliguri | Kidney Doctor in Siliguri | Best Kidney Transplant Doctor in Siliguri","Dr. Ajit Kumar Singh - Best Nephrologist in Siliguri | Kidney Doctor in Siliguri | Best Kidney Transplant Doctor in Siliguri, Inside Uttarayan Township City centre Matigara, Siliguri, West Bengal 734010","734010","","http://drajitkumarsingh.co.in/",26.734320099999998,88.39135689999999,"ChIJB6mQXWVH5DkRUaKL-GL3pdY","https://www.google.com/maps/place/?q=place_id:ChIJB6mQXWVH5DkRUaKL-GL3pdY","partial"
205,"COOCH BEHAR T.E","2169","Terai","DARJEELING","SILIGURI","Public Ltd Co",302.5,224.26,"TAI","P.O-FALAKATA, DIST-JALPAIGURI,, W.B, E-, Mail :koochbeharteagardenfkt@yahoo.co, m","09434490571","koochbeharteagardenfkt@yahoo.co","COOCH BEHAR TEA CO LTD","S.S.AGARWAL & SUMIT, AGARWAL, 50, J.L.NEHRU ROAD,, KOL-71","09830042800, 03330481313","snowviewecal@vsnl.net.in","S.S.AGARWAL & SUMIT AGARWAL","09830042800, 03330481313","","Kolkata","Coochbehar Tea Company Limited","Coochbehar Tea Company Limited, 4, Fairlie Pl Rd, Fairley Place, B.B.D. Bagh, Kolkata, West Bengal 700001","700001","","",22.575395099999998,88.34781629999999,"ChIJsyO5U6N3AjoRpFWt8xoOq2c","https://maps.google.com/maps/preview/place/Coochbehar+Tea+Company+Limited,+4,+Fairlie+Pl+Rd,+Fairley+Place,+B.B.D.+Bagh,+Kolkata,+West+Bengal+700001/@22.5753951,88.3478163,3684a,13.1y/data=!4m2!3m1!1s0x3a0277a353b923b3:0x67ab0e1af3ad55a4","matched"
206,"KAMALPUR","277","Terai","DARJEELING","SILIGURI","Partnership",81.05,65.91,"ITA","PO- BAGDOGRA, DIST, DARJEELING,WB","9733300329","","RAJENDRA AGARWAL &","MAHENDRA AGARWAL, 63, SEVOKE ROAD, SILIGURI,WB","9434046537","","RAJENDRA AGARWAL &","9434046537","","Siliguri","J.R. AGARWAL AND ASSOCIATES","Ground floor, J.R. AGARWAL AND ASSOCIATES, Anjani Apartment, Agrasen Rd, opposite Maheswari Bhawan, Ward 9, Khalpara, Siliguri, West Bengal 734005","734005","","",26.7057158,88.4176437,"ChIJj-foqFpB5DkRcIaX9WIPd08","https://www.google.com/maps/place/?q=place_id:ChIJj-foqFpB5DkRcIaX9WIPd08","partial"
207,"MARIONBARIE","2070","Terai","DARJEELING","SILIGURI","Public Ltd Co",421.89,329.05,"TAI","P.O. SILIGURI, DIST: DARJEELING 734, 401.","9434747943","marionbarie11@gmail.com","JAYSHREE TEA & INDUSTRIES","LTD., INDUSTRY HOUSE, 15TH FLOOR,, 10, CAMAC STREET, KOLKATA -, 700 017.","033-22827531","dpm@jayshreetea.com","D.P. MAHESHWARI","033-22827531","dpm@jayshreetea.com","Kolkata","Jayshree Tea & Industries Ltd","Jayshree Tea & Industries Ltd, 10, Camac St, Elgin, Kolkata, West Bengal 700071","700071","033 2282 7531","http://www.jayshreetea.com/",22.542876099999997,88.35147309999999,"ChIJ-S7YuCZ3AjoRKRx_R32tAT8","https://www.google.com/maps/place/?q=place_id:ChIJ-S7YuCZ3AjoRKRx_R32tAT8","matched"
208,"MATIGARA T E","136","Terai","DARJEELING","SILIGURI","Public Ltd Co",217.8,142.09,"TAI","MATIGARA DARJEELING","94348-91476","","MR RAJESH GARG","35,-734001 CHURCH ROAD, SILIGURI","0353-2522620","","0","0","","Siliguri","Dr Rajesh Agarwal - Pulmonologist/Chest specialist","Dr Rajesh Agarwal - Pulmonologist/Chest specialist, Shanti nursing home Uday shankar sarani, Sevoke Rd, beside International Market, Siliguri, West Bengal 734001","734001","","http://www.shantinursinghomesiliguri.com/",26.721441499999997,88.4262226,"ChIJlb6n2Z5B5DkRCc-fbDJoF1Q","https://www.google.com/maps/place/?q=place_id:ChIJlb6n2Z5B5DkRCc-fbDJoF1Q","partial"
209,"MOHURGONG & GULMA TEA ESTATE 126/1712","","Terai","DARJEELING","SILIGURI","Proprietorship",1120.08,694.15,"TAI","MOHURGONG & GULMA TEA ESTATE, P.O: GULMA DIST: DARJEELING","9434019176","slg@yahaoo.com","MOHURGONG &GULMA TEA","ESTATE, P-17, G.C AVENUE KOLKATA-13, slg@yahaoo.com","03322345760","slg@yahaoo.com","MR ADITYA PAL CHOUDHURY","033223457601","slg@yahaoo.com","Kolkata","Mohurgong & Gulma Tea Estates","Mohurgong & Gulma Tea Estates, P17, Ganesh Chandra Ave, Chandni Chawk, Bowbazar, Kolkata, West Bengal 700013","700013","093300 31861","http://gulmatea.com/",22.567185199999997,88.35680819999999,"ChIJn343c6l3AjoROgJ34B35rpw","https://maps.google.com/maps/preview/place/Mohurgong+%26+Gulma+Tea+Estates,+P17,+Ganesh+Chandra+Ave,+Chandni+Chawk,+Bowbazar,+Kolkata,+West+Bengal+700013/@22.5671852,88.3568082,3684a,13.1y/data=!4m2!3m1!1s0x3a0277a973377e9f:0x9caef91de077023a","matched"
210,"NEW CHUMTA TEA ESTATE","R-72","Terai","DARJEELING","SILIGURI","Public Ltd Co",424.11,285.03,"TAI","P.O. NEW CHUMTA DIST., DARJEELING","8697722211","newchumta@ntcl.in","ROOPCHERA TEA CO. PVT. LTD.","MCLEOD HOUSE, 3 N.S. ROAD, KOL- 700 001","03322435223","mail@ntcl.in","S. BAJORIA","03322435223","mail@ntcl.in","Kolkata","Dhruba Tea Centre","Dhruba Tea Centre, 2, Lal Bazar St, Lal Bazar, Kolkata, West Bengal 700001","700001","033 4005 3157","http://www.dhrubatea.com/",22.5723618,88.3521245,"ChIJmeA-f0B3AjoR2AqxedUisxc","https://www.google.com/maps/place/?q=place_id:ChIJmeA-f0B3AjoR2AqxedUisxc","matched"
211,"NISCHINTAPUR TEA ESTATE","224","Terai","DARJEELING","SILIGURI","Public Ltd Co",255.46,167.21,"TRA","NISCHINTAPUR TEA ESTATE P.O& PS:, MATIGARA -734010","9230060666","manager.nte@gmail.com","MR GOVIND GARG","15, COLLEGE STREET, 1ST, FLOOR , KOLKATA 700012","033 22570577","longview07@gmail.com","MR GOVIND GARG","033 22570577","longview07@gmail.com","Kolkata","Govind kr","G8FQ+R46 Govind kr, Alipore, Kolkata, West Bengal 700027","700027","","",22.5246542,88.3379643,"ChIJTaK_AwB3AjoR58eCyjKPRPg","https://www.google.com/maps/place/?q=place_id:ChIJTaK_AwB3AjoR58eCyjKPRPg","partial"
212,"PUTINBARI TEA ESTATE","2329","Terai","DARJEELING","SILIGURI","Proprietorship",215.55,159.36,"TRA","PO-MATIGARA,DIST-, DARJEELING,WEST BENGAL","03532575271","","PUTINBARI TEA ASSOCIATION LTD","M/S PUTINBARI TEA ASS LTD,24 N M, S BOSE ROAD KOL-01","03322307689/22303098","putinbareetea@gmail.com","PUTINBARI TEA ASSOCIATION","03322307689/22303098","putinbareetea@gmail.com","Kolkata","Putinbari Tea Garden","Q8FH+XPQ Putinbari Tea Garden, SH12, Khaprail, West Bengal 734009","734009","095637 92361","",26.774956,88.3293566,"ChIJZ9e6s-RH5DkRD51MqdNurA0","https://www.google.com/maps/place/?q=place_id:ChIJZ9e6s-RH5DkRD51MqdNurA0","matched"
213,"SIMULBARIE","2277","Terai","DARJEELING","SILIGURI","Public Ltd Co",529.55,394.34,"ITPA","P.O SIMULBARIE, DIST, DARJEELING,WEST BENGAL","9434044275","","SIMULBARIE TEA CO. (P) LTD.","71, GANESH CHANDRA AVENUE,, KOLKATA 700 013","0353-2530681/0681","madanparashar@yahoo.com","MADAN MOHAN SHARMA","0353-","slg_bansal@sancharnet.com","Kolkata","Silonibari Tea Co Ltd","Silonibari Tea Co Ltd, 5B, Alipore Park Rd, Alipore, Kolkata, West Bengal 700027","700027","","",22.520691799999998,88.3299028,"ChIJ34rAD-t3AjoRuANdj58MG8k","https://www.google.com/maps/place/?q=place_id:ChIJ34rAD-t3AjoRuANdj58MG8k","matched"
214,"SUKNA","34","Terai","DARJEELING","SILIGURI","Public Ltd Co",358.04,282.63,"ITPA","PO GULMA,DIST DARJEELING, WEST, BENGAL","03532574034","","SUKNA TEA & INDUSTRIES LTD","2/5, SARAT BOSE ROAD, FLAT NO., 2/B, 2ND FLOOR, KOLKATA 700, 020","03324751023","suknatea@hotmail.com","S.K. KALYANI","9903938951","suknatea@hotmail.com","Kolkata","Sukna Tea & Industries Limited","Sukna Tea & Industries Limited, 2-5, Sarat Bose Rd, Sreepally, Ballygunge, Kolkata, West Bengal 700020","700020","","",22.5394775,88.3552248,"ChIJma-iiCJ3AjoRO4FTEJANsa0","https://maps.google.com/maps/preview/place/Sukna+Tea+%26+Industries+Limited,+2-5,+Sarat+Bose+Rd,+Sreepally,+Ballygunge,+Kolkata,+West+Bengal+700020/@22.5394775,88.3552248,3685a,13.1y/data=!4m2!3m1!1s0x3a02772288a2af99:0xadb10d901053813b","matched"
215,"BARADIGHI T.E","N-12","Dooars","JALPAIGURI","MAINAGURI","Public Ltd Co",861.47,556.01,"ITA","BARADIGHI T.E P.O: CHALSA, DIST:, JALPAIGURI","03562200089","rydak@vsnl.net","RYDAK SYNDICATE LIMITED","4, DR. RAJENDRA PRASAD, SARANI, KOLKATA-700001","","rydak@vsnl.net","MR. R MACWAN","03322304351","rydak@vsnl.net","Kolkata","Rydak Syndicate Limited","Rydak Syndicate Limited, 4, Dr Rajendra Prasad Sarani, Murgighata, B.B.D. Bagh, Kolkata, West Bengal 700001","700001","033 2230 4351","http://rydaksyndicate.com/",22.5769815,88.3499389,"ChIJy5KecEZ3AjoRJeoo3dqh87o","https://maps.google.com/maps/preview/place/Rydak+Syndicate+Limited,+4,+Dr+Rajendra+Prasad+Sarani,+Murgighata,+B.B.D.+Bagh,+Kolkata,+West+Bengal+700001/@22.5769815,88.3499389,3684a,13.1y/data=!4m2!3m1!1s0x3a027746709e92cb:0xbaf3a1dadd28ea25","matched"
216,"BUDS TEA ESTATE","3901","Dooars","JALPAIGURI","MAINAGURI","Public Ltd Co",20.74,20.74,"ITPA","P.O-RAJGANJ, DIST-JALPAIGURI, W.B","03561-230060","budstea@gmail.com","BUDS TEA INDUSTRIES","NEHRU ROAD, SILIGURI","0353-2503755","budstea@gmail.com","SUBRATA SAHA/DEBABRATA","98320-63395","budstea@gmail.com","Siliguri","Buds Tea Factory","Buds Tea Factory, Bagjan, West Bengal 735302","735302","","",26.5913185,88.7985923,"ChIJu6CWX-WH4zkRo-WV8gcrNqM","https://www.google.com/maps/place/?q=place_id:ChIJu6CWX-WH4zkRo-WV8gcrNqM","matched"
217,"JADABPUR TEA GARDEN","168","Dooars","JALPAIGURI","MAINAGURI","Public Ltd Co",278.13,141.87,"ITPA","P.O-RAMSHAI, DIST-JALPAIGURI, W.B","03561-275261","jadabpurtea@rediffmail.com","JADABPUR TEA CO LTD","3A, HARE STREET, KOL-1","033-22317311","ramshaitea@rediffmail.com","L.N.GUPTA","033-22317311","ramshaitea@rediffmail.com","Kolkata","Jadabpur Tea Company Limited","Jadabpur Tea Company Limited, 3A, Hare St, Lal Bazar, B.B.D. Bagh, Kolkata, West Bengal 700001","700001","","",22.5712433,88.346308,"ChIJ5cLDt6N3AjoR6IUPCo7z9bU","https://maps.google.com/maps/preview/place/Jadabpur+Tea+Company+Limited,+3A,+Hare+St,+Lal+Bazar,+B.B.D.+Bagh,+Kolkata,+West+Bengal+700001/@22.5712433,88.346308,3684a,13.1y/data=!4m2!3m1!1s0x3a0277a3b7c3c2e5:0xb5f5f38e0a0f85e8","matched"
218,"NOWERA NUDDY TEA ESTATE","A-7","Dooars","JALPAIGURI","MAINAGURI","Public Ltd Co",553.03,257.8,"TRA","P.O: NEORA(MAL) DIST: JALPAIGURI, @amalgamated .in","03561 266267","","AMALGAMATED PLANTATIONS","PRIVATE LIMITED, AMALGAMATED PLANTATIONS, PVT LTD GS ROAD DISPUR POST, BOX NO: 9 CHRISTIAN BUSTY, GUWAHATI 700851, @amalgamated .in","03616115000","","MR. DIPAK ATAL","09435092643","","Assam","Amalgamated Plantations Guwahati","Amalgamated Plantations Guwahati, GS Rd, Ananda Nagar, Christian Basti, Guwahati, Assam 781005","781005","0361 234 0037","",26.157656799999998,91.77633689999999,"ChIJqYSXUhJZWjcRX2Q5Mldoob0","https://www.google.com/maps/place/?q=place_id:ChIJqYSXUhJZWjcRX2Q5Mldoob0","matched"
219,"SONAR BANGLA TEA CO (P) LTD","4137","Dooars","JALPAIGURI","MAINAGURI","Public Ltd Co",59.24,42.51,"ITPA","VILL-SHALBARI, P.O-JALPESH, DIST-, JALPAIGURI, W.B","9434039248","","SONAR BANGLA TEA CO (P) LTD","VILL-SHALBARI, P.O-JALPESH,, DIST-JALPAIGURI, W.B","9434039248","","SANJOY AGARWALLA","9434039248","","Jalpaiguri","Sonar Bangla Tea Co, Pvt. Ltd","GV57+6GF Sonar Bangla Tea Co, Pvt. Ltd, Paschim Salbari, West Bengal 735305","735305","","",26.5080542,88.86381,"ChIJj3C66FmB4zkR9dbpM-pYHt0","https://maps.google.com/maps/preview/place/GV57%2B6GF+Sonar+Bangla+Tea+Co,+Pvt.+Ltd,+Paschim+Salbari,+West+Bengal+735305/@26.5080542,88.86381,3570a,13.1y/data=!4m2!3m1!1s0x39e38159e8ba708f:0xdd1e58ea33e9d6f5","matched"
220,"TRISAKTI TEA ESTATE","3969","Dooars","JALPAIGURI","MAINAGURI","Public Ltd Co",61.45,56.83,"ITPA","P.O-PANBARI, DIST-JALPAIGURI, W.B","9732660435","","TRISAKTI TEA CO (P) LTD","18/1, GARIAHAT ROAD, KOL-19","9732660435","","SAIBAL GANGULY","9732660435","","Kolkata","Victoria Tea Company","1, Ground Floor, Victoria Tea Company, Martin Burn House, Head Quarter, RN Mukherjee Rd, opposite Lal Bazar, Lal Bazar, Kolkata, West Bengal 700001","700001","033 2210 7383","http://www.nectartea.in/",22.572442499999998,88.3516444,"ChIJA6Pf2aV3AjoR3J6chG-IcWM","https://www.google.com/maps/place/?q=place_id:ChIJA6Pf2aV3AjoR3J6chG-IcWM","matched"
221,"BARUAPARA TEA ESTATE","3601","Terai","JALPAIGURI","RAJGANJ","Public Ltd Co",46.57,46.57,"ITPA","P.O-CHAULHATI, DIST-JALPAIGURI,, W.B","9002680366","","KUKURJAN AGRO PRODUCT PVT LTD","MERCHANT ROAD, JALPAIGURI","03561-230577","","RAJENDRA KR. GOYAL","03561-230577","","Jalpaiguri","Ruchi Agro Products Private Limited","Ruchi Agro Products Private Limited, near Sarodamani High School, School Para, Fatapukur, Chhat Guzrimari, West Bengal 735134","735134","","",26.566144599999998,88.5513297,"ChIJt2D7wR5n5DkR_s7LZRDmq9Y","https://www.google.com/maps/place/?q=place_id:ChIJt2D7wR5n5DkR_s7LZRDmq9Y","partial"
222,"BHANDAPUR TEA ESTATE","1614","Terai","JALPAIGURI","RAJGANJ","Public Ltd Co",208.55,120.13,"ITA","P.O-SHIKARPUR, DIST-, JALPAIGURI,W.B","9800136393","shikarpurteaestate@gmail.com","SHIKARPUR & BHANDAPUR TEA","ESTATES PVT LTD, SEVOKE ROAD, SILIGURI, E-, Mail :shikarpurteaestate@gmail.com","9434048605","shikarpurteaestate@gmail.com","NARENDRA BERLIA","9434048605","shikarpurteaestate@gmail.com","Siliguri","Shikarpur Tea Estate Factory","JHGF+3Q5 Shikarpur Tea Estate Factory, Shikarpur, West Bengal 735133","735133","","",26.6251276,88.5744706,"ChIJ_X1cjD9v5DkRY4UXc0JU8Q0","https://www.google.com/maps/place/?q=place_id:ChIJ_X1cjD9v5DkRY4UXc0JU8Q0","matched"
223,"BHANDIGURI","30","Terai","JALPAIGURI","RAJGANJ","Public Ltd Co",392.36,320.19,"ITPA","P.O-BPN BAS, DIST-JALPAIGURI, W.B","03561-645288","goowill_154@yahoo.co.in","ARUN KUMAR MUNDRA","P.O- RAIKATPARA, DIST-, JALPAIGURI, W.B","03561-230154","goowill_154@yahoo.co.in","AMITAVA SENGUPTA","03561-230154","goowill_154@yahoo.co.in","Jalpaiguri","Arun Watch Co","Arun Watch Co, Dinbazar Rd, Jalpaiguri, West Bengal 735101","735101","096353 04056","",26.5303461,88.7240487,"ChIJV5_AakJ55DkRrGpTRRwsAks","https://www.google.com/maps/place/?q=place_id:ChIJV5_AakJ55DkRrGpTRRwsAks","partial"
224,"BHARDESHWAR TEA PLANTATION","3674","Terai","JALPAIGURI","RAJGANJ","Public Ltd Co",109.31,106,"ITPA","CO. (P) LTD*, SANSASI PARA, P.O-RAJGANJ, DIST-, JALPAIGURI, W.B","03561-2402789","","PARTHA PRATIM PAUL","P.O-PRASAHNNAGAR, DIST-, JALPAIGURI, W.B","94340-16766","","PARTHA PRATIM PAUL","94340-16766","","Jalpaiguri","Dr Partha Pratim Deb","Dr Partha Pratim Deb, Basu's Clinic, Nandalal Basu Sarani, College Para, Hakim Para, Siliguri, West Bengal 734001","734001","089105 86504","https://drparthapratimdeb.co.in/",26.7112259,88.4308849,"ChIJxydtRVZB5DkRnGvnnAffZug","https://www.google.com/maps/place/?q=place_id:ChIJxydtRVZB5DkRnGvnnAffZug","partial"
225,"BHASANI TEA ESTATE","3673","Terai","JALPAIGURI","RAJGANJ","Partnership",40.48,40,"ITPA","P.O-RAJGANJ, DIST-JALPAIGURI, W.B","9832064039","","SANJIT PAUL","63, NAZRUL SARANI, HAKIMPARA,, SILIGURI","9832064039","","SANJIT PAUL","9832064039","","Siliguri","Dr.Paul's Multispeciality Clinic Pvt. Ltd.","Shop No - 0108, First Floor, Dr.Paul's Multispeciality Clinic Pvt. Ltd., City Centre Mall, Block - A, Matigara, Siliguri, West Bengal 734010","734010","","https://www.drpaulsonline.com/",26.7240461,88.3946076,"ChIJ-T_tthBH5DkRPNOsWtCuslM","https://www.google.com/maps/place/?q=place_id:ChIJ-T_tthBH5DkRPNOsWtCuslM","partial"
226,"GADRA TEA ESTATE","2799","Terai","JALPAIGURI","RAJGANJ","Public Ltd Co",27.5,22.72,"ITPA","P.O-GADRA, DIST-JALPAIGURI, W.B","9775428615","","BINDO BEHARI TEA INDUSTRIES PVT LTD","S.F.ROAD, SILIGURI(ANANDALOK, CAMPUS)","9434006928","","DR. SUSANTA KR. ROY","9434006928","","Siliguri","Dewill Industries Pvt Ltd","Dewill Industries Pvt Ltd, Ashirbad Apartment, Road, 02, Rd Number 2, Siliguri, West Bengal 734005","734005","","https://darjeelingteagarden.com/",26.6985858,88.4145669,"ChIJOTguVP9B5DkRX5QpKYiLLVg","https://www.google.com/maps/place/?q=place_id:ChIJOTguVP9B5DkRX5QpKYiLLVg","matched"
227,"HARINAGAR TEA ESTATE","4144","Terai","JALPAIGURI","RAJGANJ","Public Ltd Co",27.11,18,"None","P.O-GARALBARI, DIST-JALPAIGURI,, W.B","98320-41691","slsandip@yahoo.com","RUCHI AGRO PRODUCTS PVT LTD SANDIP AGARWAL","33, M.G. ROAD, SILIGURI BAZAR, 33, M.G, DIST-DARJEELING                DIST-DA","98008-47576","slsandip@yahoo.com",". ROAD, SILIGURI BAZAR,","","slsandip@yahoo.com","Siliguri","Ruchi Agro Products Private Limited","Ruchi Agro Products Private Limited, near Sarodamani High School, School Para, Fatapukur, Chhat Guzrimari, West Bengal 735134","735134","","",26.566144599999998,88.5513297,"ChIJt2D7wR5n5DkR_s7LZRDmq9Y","https://www.google.com/maps/place/?q=place_id:ChIJt2D7wR5n5DkR_s7LZRDmq9Y","partial"
228,"HIRALAL TEA GARDEN","2675","Terai","JALPAIGURI","RAJGANJ","Proprietorship",90.86,84.42,"TRA","VILL: CHEKARMARI P.O: GADRA DIST:, JALPAIGURI","9933391167","bissudut@rediffmail.com","NARAYAN CHANDRA DUTTA","311, BIDHAN ROAD SILIGURI","0353 2432937","","NARAYAN CHANDRA DUTTA","0353 2432937","","Siliguri","Dr. Arunava Datta","Dr. Arunava Datta, Pratik Medico, Hill Cart Rd, opposite Howrah Petrol Pump, Ward 10, Janta Nagar, Siliguri, West Bengal 734001","734001","","http://www.drarunavadatta.com/",26.7179793,88.42120159999999,"ChIJ4Y9YsiVB5DkRhSwNzOZM7UQ","https://www.google.com/maps/place/?q=place_id:ChIJ4Y9YsiVB5DkRhSwNzOZM7UQ","partial"
229,"JAGAT BANDHU TEA ESTATE","3777","Terai","JALPAIGURI","RAJGANJ","Public Ltd Co",42.51,42.51,"ITPA","P.O-CHAULHATI, DIST-JALPAIGURI,, W.B","9547404114","","DILIP KR. GHOSH","P-162 CIT ROAD, SCHEME-VII(M),, KOL-54","9830204984","","DILIP KR. GHOSH","9830204984","","Kolkata","Dr Dilip Kr Ghosh","Dr Dilip Kr Ghosh, Salt Lake, BF 247, BF Block, Sector 1, Bidhannagar, Kolkata, West Bengal 700064","700064","033 2337 4736","",22.595295699999998,88.4202315,"ChIJSyWxu-x1AjoRu45WgmG_PuY","https://maps.google.com/maps/preview/place/Dr+Dilip+Kr+Ghosh,+Salt+Lake,+BF+247,+BF+Block,+Sector+1,+Bidhannagar,+Kolkata,+West+Bengal+700064/@22.5952957,88.4202315,3684a,13.1y/data=!4m2!3m1!1s0x3a0275ecbbb1254b:0xe63ebf6182568ebb","matched"
230,"JANAKI GOSAI TEA ESTATE","3801","Terai","JALPAIGURI","RAJGANJ","Public Ltd Co",22.9,20.473,"ITPA","KATHALDUNGI, P.O-CHAULHATI, DIST, -JALPAIGURI, W.B","03561-276882","julie_jayanta@yahoo.co.in","JANAKI GOSAI TEA ESTATE PVT LTD","SEBAGRAM, P.O-DEBNAGAR,, JALPAIGURI, W.B","9434041342","julie_jayanta@yahoo.co.in","JAYANTA BANIK","9434041342","julie_jayanta@yahoo.co.in","Jalpaiguri","Joypur Tea Estate","HJWP+HG7 Joypur Tea Estate, Patkata Colony, Denguajhar, Jalpaiguri, West Bengal 735121","735121","","",26.5964189,88.63629829999999,"ChIJ43mggqt65DkRutsZOhvCyME","https://www.google.com/maps/place/?q=place_id:ChIJ43mggqt65DkRutsZOhvCyME","matched"
231,"RUNGGOTI TEA GARDEN","3994","Terai","JALPAIGURI","RAJGANJ","Public Ltd Co",44.53,44.53,"ITPA","SCHOOL PARA, FATAPUKUR, COLONY, P.O-FATAPUKUR, DIST-, JALPAIGURI","0353-2436673","","NPS COLD STORAGE PVT LTD","8, RAJA RAMMOHAN ROY ROAD,, KAKIMPARA, SILIGURI-734001,, DARJEELING, W.B","98320-63100","","NANI GOPAL PAUL","98320-63100","","Siliguri","Nps Cold Storage Pvt. Ltd.","Nps Cold Storage Pvt. Ltd., Nps cold Storage pvt. Ltd, Fatapukur, Chhat Guzrimari, West Bengal 735134","735134","","",26.56384,88.55051519999999,"ChIJYUYnxy5n5DkRrogRZ_C4k4M","https://www.google.com/maps/place/?q=place_id:ChIJYUYnxy5n5DkRrogRZ_C4k4M","matched"
232,"SHAAKTIMANN TEA ESTATE","3086","Terai","JALPAIGURI","RAJGANJ","Public Ltd Co",95.92,94.01,"ITPA","P.O. SAPTIBARI DIST. JALAPIGURI, (WEST BENGAL)","9434760747","","GOLDEN LEAF TEA PLANTATIONS ASHOK KUMAR AGAEWAL","PRIVATE LIMITED                   M/S, MITRUKA HOUSE, NEHRU ROAD PLANTATIONS, SILIGURI-734005                   MIT, E-M","03532501409","goldenleaf@rediffmail.com","GOLDEN LEAF TEA","","goldenleaf@rediffmail.com","Siliguri","Golden Leaf","Golden Leaf, near Murgi Hati Bidhan Market, Ward 11, Hakim Para, Siliguri, West Bengal 734001","734001","","",26.717605,88.42579219999999,"ChIJzV8O34JB5DkRRCGqx1RI3Mo","https://www.google.com/maps/place/?q=place_id:ChIJzV8O34JB5DkRRCGqx1RI3Mo","matched"
233,"SHIKARPUR TEA ESTATE","1615","Terai","JALPAIGURI","RAJGANJ","Public Ltd Co",555.37,491.35,"ITA","P.O-SHIKARPUR, DIST-JALPAIGURI,, W.B","9800136393","shikarpurteaestate@gmail.com","SHIKARPUR & BHANDAPUR TEA","ESTATES PVT LTD, SEVOKE ROAD, SILIGURI","9434048605","goyal_rahul1@hotmail.com","NARENDRA BERLIA","9434048605","goyal_rahul1@hotmail.com","Siliguri","Shikarpur Tea Estate Factory","JHGF+3Q5 Shikarpur Tea Estate Factory, Shikarpur, West Bengal 735133","735133","","",26.6251276,88.5744706,"ChIJ_X1cjD9v5DkRY4UXc0JU8Q0","https://www.google.com/maps/place/?q=place_id:ChIJ_X1cjD9v5DkRY4UXc0JU8Q0","matched"
234,"SHYAMAL BAG TEA ESTATE","3979","Terai","JALPAIGURI","RAJGANJ","Public Ltd Co",31.49,28.12,"ITPA","P.O-AMGURI, DIST-JALPAIGURI, W.B","9932543954","","HARISHPUR TEA CO. PVT. LTD.","18/1, GARIAHAT ROAD, KOL-19","09435030713","","SAIBAL GANGULY","09435030713","","Kolkata","Harishpur Tea Company Private Limited, Kolkatta Branch Office","Flat no. 2A( 2nd floor, Harishpur Tea Company Private Limited, Kolkatta Branch Office, 18/1, Gariahat Rd, Ballygunge Gardens, Gariahat, Kolkata, West Bengal 700019","700019","033 2460 2870","",22.518463399999998,88.3659764,"ChIJO-Kw1NV2AjoR187jXhycRXw","https://maps.google.com/maps/preview/place/Flat+no.+2A(+2nd+floor,+Harishpur+Tea+Company+Private+Limited,+Kolkatta+Branch+Office,+18%2F1,+Gariahat+Rd,+Ballygunge+Gardens,+Gariahat,+Kolkata,+West+Bengal+700019/@22.5184634,88.3659764,3686a,13.1y/data=!4m2!3m1!1s0x3a0276d5d4b0e23b:0x7c459c1c5ee3ced7","matched"
235,"BILATIBARI TEA ESTATE","3693","Terai","UTTAR DINAJPUR","CHOPRA","Public Ltd Co",48.65,45.45,"ITA","VILL. SOLODHI, PS CHOPRA,, UTTARDINAJPUR","03526255224","bilatibariteaco@gmail.com","BILATIBARI TEA COMPANY PVT. LTD","N.S.ROAD ISLAMPUR, 733202,UTTARDINAJPUR","03526255224","bilatibariteaco@gmail.com","BILATIBARI TEA COMPANY PVT.","03526255224","bilatibariteaco@gmail.com","Islampur","Bilatibari Tea Co. Factory","Bilatibari Tea Co. Factory, Dakshin Kundal Pukhar, West Bengal 733207","733207","","",26.441755399999998,88.3663084,"ChIJh-tl6PZY5DkRtILxfINJJLg","https://www.google.com/maps/place/?q=place_id:ChIJh-tl6PZY5DkRtILxfINJJLg","matched"
236,"CHANDAN TEA ESTATE","2877","Terai","UTTAR DINAJPUR","CHOPRA","Public Ltd Co",323.4,257.16,"TRA","DASPPARA,P.O., GANDAGACH,DIST.UTTAR, DINAJPUR,WEST BENGAL","09733244970","","CHANDAN TEA INDUSTRIES PVT.","LTD., 4C .R AVENUE,HINDUSTHAN, BUILDING, KOLKATA-72","03322126753","","MR. RAJ BANSAL","09831000353","","Kolkata","Chandan Tea Industries Pvt Ltd","Chandan Tea Industries Pvt Ltd, 4, Chittaranjan Ave, Esplanade, Chandni Chawk, Bowbazar, Kolkata, West Bengal 700072","700072","","",22.5666942,88.3540443,"ChIJUa2UYah3AjoR30HEoS28Hdg","https://maps.google.com/maps/preview/place/Chandan+Tea+Industries+Pvt+Ltd,+4,+Chittaranjan+Ave,+Esplanade,+Chandni+Chawk,+Bowbazar,+Kolkata,+West+Bengal+700072/@22.5666942,88.3540443,3684a,13.1y/data=!4m2!3m1!1s0x3a0277a86194ad51:0xd81dbc2da1c441df","matched"
237,"DEBIJHORA","200","Terai","UTTAR DINAJPUR","CHOPRA","Public Ltd Co",450.43,305.38,"ITPA","PO DEBIJHORA, DT UTTAR, DINAJPUR, WEST BENGAL","9735038114","samdutt62@gmail.com","DEBIJHORA TEA CO. LTD.","SPENCER PLAZA(2ND FLOOR),, BURDAWAN, ROAD,SILIGURI,WEST BENGAL, 734005 WEST BENGAL","0353-2500744/2500745","ajaigargslg@yahoo.co.in","A. K. CHATTEERJEE","0353-2500744/2500745","ajaigargslg@yahoo.co.in","Siliguri","Debijhora Tea Estate Factory","Debijhora Tea Estate Factory, Butijhari, West Bengal 733207","733207","","",26.4704578,88.3966076,"ChIJFd9f9jFZ5DkR-AJg1PQMqw4","https://www.google.com/maps/place/?q=place_id:ChIJFd9f9jFZ5DkR-AJg1PQMqw4","matched"
238,"GOALGACH TEA ESTATE","","Terai","UTTAR DINAJPUR","CHOPRA","Public Ltd Co",0,473.66,"","P.O-ASHARUBASTI DIST- UTTAR, DINAJPUR WEST BENGAL","9333057749","","473.66","C","","","0","9333057749","","Kolkata","Kolkata","Kolkata, West Bengal","","","https://www.kmcgov.in/",22.5743545,88.3628734,"ChIJZ_YISduC-DkRvCxsj-Yw40M","https://maps.google.com/maps/preview/place/Kolkata,+West+Bengal/@22.5743545,88.3628734,3684a,13.1y/data=!4m2!3m1!1s0x39f882db4908f667:0x43e330e68f6c2cbc","partial"
239,"GOPE TEA ESTATE","2857","Terai","UTTAR DINAJPUR","CHOPRA","Public Ltd Co",49.22,46.22,"TRA","P.O. ASARUBASTI P.S., CHOPRAA,DIST:UTTAR DINAJPUR, (W.B.)","09932144072","adv.dipakgope@yahoo.com","GOPE TEA PLANTATION PVT. LTD. MR. DIPAK GOPE","VIDYA SAGAR PALLY,P.O.          VI, SILIGURI BAZAR,DIST:            SI, DARJEELING PIN,734005           DA","0353-2536244","adv.dipakgope@yahoo.com","DYA SAGAR PALLY,P.O.","","adv.dipakgope@yahoo.com","Siliguri","Gope Tea Plantation Factory","9CV7+7Q9 Gope Tea Plantation Factory, GOPE TEA ESTATE VILL. UTTAR HAZARBIGHA P.O. ASAARU BASTI P.S. CHOPRA, Daspara, Ghirnigaon Khas, West Bengal 733207","733207","","",26.393163299999998,88.41449949999999,"ChIJGyZAzO715DkRozvMaJTgIwo","https://www.google.com/maps/place/?q=place_id:ChIJGyZAzO715DkRozvMaJTgIwo","matched"
240,"GUPTA TEA ESTATE","4181","Terai","UTTAR DINAJPUR","CHOPRA","Public Ltd Co",35,34,"ITA","VILL & POST SONPURHAT, DIST-, UTTAR DINAJPUR","9434048219","badamitea@rediffmail.com","GUPTA TEA ESTATE","VILL & POST SONPURHAT, DIST-, UTTAR DINAJPUR","9932406732","badamitea@rediffmail.com","MR. KRISHNA KR GUPTA","9932406732","badamitea@rediffmail.com","Other / Unspecified","Gupta Tea Estate","Gupta Tea Estate, Bhadrapur, Koshi Province 57200, Nepal","","+977 981-5050555","",26.5273076,88.0679968,"ChIJP0f67Q2v5TkR552isLpiye0","https://maps.google.com/maps/preview/place/Gupta+Tea+Estate,+Bhadrapur,+Koshi+Province+57200,+Nepal/@26.5273076,88.0679968,3570a,13.1y/data=!4m2!3m1!1s0x39e5af0dedfa473f:0xedc962bab0a29de7","matched"
241,"ICHHAMOTI","3978","Terai","UTTAR DINAJPUR","CHOPRA","Public Ltd Co",141.39,134.9,"TRA","P.O. DASPARA,P.S., CHAPRA,DIST.UTTARDINAJPUR","9832435772","purbashaslgind@yahoo.in","PURBASHA PLANTATIONS & TEA","IND (P)LTD, 262,BIDHAN ROAD,SILIGURI","0353-2520450","","MRS. DEBOMITRA DEY SARKAR","9434061252","debomitra.deysarkar@gmail.co","Siliguri","Deepak Plastic Udyog","First Floor, Deepak Plastic Udyog, 262, Bidhan Rd, Ward 11, Hakim Para, Siliguri, West Bengal 734001","734001","","",26.7176869,88.4264405,"ChIJ8fb-XhNB5DkRqGNnWbPcYSw","https://maps.google.com/maps/preview/place/First+Floor,+Deepak+Plastic+Udyog,+262,+Bidhan+Rd,+Ward+11,+Hakim+Para,+Siliguri,+West+Bengal+734001/@26.7176869,88.4264405,3564a,13.1y/data=!4m2!3m1!1s0x39e441135efef6f1:0x2c61dcb3596763a8","partial"
242,"JOTINDRA MOHAN","","Terai","UTTAR DINAJPUR","CHOPRA","Unknown",3729,51.45,"TRA","VILL NANDKISHOREGA.PO, DEBIJHORAD,IST- UTTAR DINAJPUR","9434234255","adv.dipakgope@yahoo.com","JOTINDRA MOHON TEA","CO.PVT.LTD., 100, ATUL PRASAD SARANI, P.O., RABINDRA SARANI, DIST., DARJEELING","9434234255","adv.dipakgope@yahoo.com","PROKASH DAS","9434234255 /9434234255","adv.dipakgope@yahoo.com","Darjeeling","Jatindra Mohan Tea Company Factory","CCX2+GC8 Jatindra Mohan Tea Company Factory, Choagari, West Bengal 733207","733207","093990 38532","",26.4487953,88.4010883,"ChIJ8WrD19JY5DkR7EuBe61Cu54","https://www.google.com/maps/place/?q=place_id:ChIJ8WrD19JY5DkR7EuBe61Cu54","matched"
243,"KUSUM TEA ESTATE","2707 NC","Terai","UTTAR DINAJPUR","CHOPRA","Public Ltd Co",216.31,204.01,"ITA","PO. MOLANI,VIA RAMGANJ,UTTAR, DINAJPUR","03532502010","kusum.slg@gmail.com","NORTH BENGAL TEA PLANTATION JAGDISH PRASAD AGARWAL","COMPANY                     NEHRU ROAD, S, NEHRU ROAD, SILIGURI        Tel :03532502","03532502","kusum.slg@gmail.com","ILIGURI","",".slg@gmail.com","Siliguri","North Bengal Tea & Allied","WARD NO 5, North Bengal Tea & Allied, Hanuman Mandir Rd, Ganga Nagar, Mahananda Para, Siliguri, West Bengal 734005","734005","","http://www.nehachai.com/",26.704027699999997,88.4128028,"ChIJz1wCGU5B5DkRvGRQahm2D3k","https://www.google.com/maps/place/?q=place_id:ChIJz1wCGU5B5DkRvGRQahm2D3k","matched"
244,"LAKHIPUR (DUNCANS)","","Terai","UTTAR DINAJPUR","CHOPRA","Public Ltd Co",150,126.79,"TRA","POST LAKHIPUR,DIST UTTAR, DINAJPUR,WEST BENGAL","9333057749","","DUNCANS INDUSTRIES LIMITED","31 NS ROAD,KOLKATA-01","03332219158","","MR M GURBAXANI","9831031790","","Kolkata","Duncans Tea Limited","4th Floor, Duncans Tea Limited, Duncan House, 31, Netaji Subhas Rd, Murgighata, B.B.D. Bagh, Kolkata, West Bengal 700001","700001","033 2242 1605","https://www.duncanstea.in/",22.5758118,88.3490346,"ChIJhZmnTbt3AjoRLq_WvutvPsY","https://maps.google.com/maps/preview/place/4th+Floor,+Duncans+Tea+Limited,+Duncan+House,+31,+Netaji+Subhas+Rd,+Murgighata,+B.B.D.+Bagh,+Kolkata,+West+Bengal+700001/@22.5758118,88.3490346,3684a,13.1y/data=!4m2!3m1!1s0x3a0277bb4da79985:0xc63e6febbed6af2e","matched"
245,"MAHAMAYA TEA ESTATE","4152","Terai","UTTAR DINAJPUR","CHOPRA","Public Ltd Co",64.016,53.28,"TRA","VILL:PANDITPOTA-II,P.O. DULALIVITA,, DIST; UTTAR DINAJPUR(W.B.)","9153849746","das.sqapan65@yahoo.com","MAHAMAYA AGRO INDUSTRIES PVT. LTD.","ISLAMPUR,DIST: UTTAR, DINAJPUR(W.B.)","03526257268","das.sqapan65@yahoo.com","MR. SWAPAN DAS","09434044624","das.sqapan65@yahoo.com","Islampur","Mahamaya Tea & Agro Industries Pvt Ltd","Mahamaya Tea & Agro Industries Pvt Ltd, Sonamoti Rd, BSF Camp, Gunabari, West Bengal 733202","733202","098517 83306","",26.1455238,88.1716612,"ChIJbaa4Ngri5DkR4wIDDWsFNfU","https://maps.google.com/maps/preview/place/Mahamaya+Tea+%26+Agro+Industries+Pvt+Ltd,+Sonamoti+Rd,+BSF+Camp,+Gunabari,+West+Bengal+733202/@26.1455238,88.1716612,3582a,13.1y/data=!4m2!3m1!1s0x39e4e20a36b8a66d:0xf535056b0d0302e3","matched"
246,"MATRI","2879","Terai","UTTAR DINAJPUR","CHOPRA","Public Ltd Co",142,128.96,"","VILL-LACHHUGACHH,PO-, CHANDANIDANGA,PS-CHOPRA,DIST-, UTTAR DINAJPUR","0353-2534493/2523216","nanditeaslg@bsnl.in","M C NANDI","SAROJINI, VILLA,RAMKRISHNAPALLY,ISLAM, PUR,DIST-UTTAR DINAJPUR","03526-255152","nanditeaslg@bsnl.in","NIL","","","Islampur","Nandi Trading","Nandi Trading, Netaji Subhash Rd, Teenpool, Islampur, West Bengal 733202","733202","03526 255 224","",26.2591055,88.19017269999999,"ChIJ5wgoYAz95DkR64_fgGQvB7Q","https://www.google.com/maps/place/?q=place_id:ChIJ5wgoYAz95DkR64_fgGQvB7Q","partial"
247,"MAYA TEA ESTATE","4236","Terai","UTTAR DINAJPUR","CHOPRA","Public Ltd Co",59.05,59.05,"ITPA","P.O. CHOPRA,DIST UTTAR DINAJPUR","03532435425","sealtea@sanchernet.in","SEAL & CO (P) LTD.","P.O. CHOPRA,DIST UTTAR, DINAJPUR","03532435425","slg-sealtea@sanchernet.in","PRABIR SEAL","9832066834","slg-sealtea@sanchernet.in","Siliguri","Dolphin Labels","Dolphin Labels, 453, Bidhan Rd, beside P.G.Jewellers, near Auto Stand, Ward 11, Hakim Para, Siliguri, West Bengal 734001","734001","","http://www.kraftpaperpouches.com/",26.717722199999997,88.42633479999999,"ChIJ6cmrziFB5DkRqTednlMuDJg","https://www.google.com/maps/place/?q=place_id:ChIJ6cmrziFB5DkRqTednlMuDJg","partial"
248,"PARAGON TEA ESTATE","4172","Terai","UTTAR DINAJPUR","CHOPRA","Proprietorship",40.81,38.4,"","NANDOI, P.O:BURI JAGIR, ISLAMPUR, DIST.NORTH DINAJPUR, WEST BENGAL.","9434741736","",".81","","","","38.40","9474736741","","Islampur","Islampur","Islampur, West Bengal","","","",26.255431899999998,88.2009408,"ChIJhdrypQz95DkRgzUyHTgWd7g","https://maps.google.com/maps/preview/place/Islampur,+West+Bengal/@26.2554319,88.2009408,3578a,13.1y/data=!4m2!3m1!1s0x39e4fd0ca5f2da85:0xb87716381d323583","partial"
249,"PATAGORA TEA GARDEN (DUNCANS","","Terai","UTTAR DINAJPUR","CHOPRA","Public Ltd Co",584.79,295.85,"","PROJECT)*, P.O:KHUNTI, DIST:NORTH DINAJPUR, WEST BENGAL","9333058016","","DUNCANS INDUSTRIES LIMITED","31,N.C.ROAD, KOLKATA-700001","033-22300962","","DUNCANS INDUSTRIES LIMITED","033-22300962","","Kolkata","Duncans Tea Limited","4th Floor, Duncans Tea Limited, Duncan House, 31, Netaji Subhas Rd, Murgighata, B.B.D. Bagh, Kolkata, West Bengal 700001","700001","033 2242 1605","https://www.duncanstea.in/",22.5758118,88.3490346,"ChIJhZmnTbt3AjoRLq_WvutvPsY","https://maps.google.com/maps/preview/place/4th+Floor,+Duncans+Tea+Limited,+Duncan+House,+31,+Netaji+Subhas+Rd,+Murgighata,+B.B.D.+Bagh,+Kolkata,+West+Bengal+700001/@22.5758118,88.3490346,3684a,13.1y/data=!4m2!3m1!1s0x3a0277bb4da79985:0xc63e6febbed6af2e","matched"
250,"PUSPA TEA ESTATE PVT. LTD.,","2859","Terai","UTTAR DINAJPUR","CHOPRA","Public Ltd Co",59.07,54.07,"ITPA","VILL & POST DASPARA, P.S. CHOPRA,, UTTAR DINAJPUR","03532535668","sondeepteapvt.ltd50@yahoo.in","PUSPA TEA ESTATE PVT. LTD","KARANDIGHI, UTTARDINAJPUR, E-, Mail :sondeepteapvt.ltd50@yahoo.in","9932392624","sondeepteapvt.ltd50@yahoo.in","PUSPA TEA ESTATE PVT. LTD","9932392624","sondeepteapvt.ltd50@yahoo.in","Other / Unspecified","Puspa Tea Estate","CCQQ+788 Puspa Tea Estate, Uttar Jaypura, West Bengal 733207","733207","","",26.4381713,88.4383294,"ChIJGfq6Y1xf5DkRuGikGkx-z78","https://maps.google.com/maps/preview/place/CCQQ%2B788+Puspa+Tea+Estate,+Uttar+Jaypura,+West+Bengal+733207/@26.4381713,88.4383294,3573a,13.1y/data=!4m2!3m1!1s0x39e45f5c63bafa19:0xbfcf7e4c1aa468b8","matched"
251,"RAHAMAN AGRO PLANTATION PVT.","2141","Terai","UTTAR DINAJPUR","CHOPRA","Proprietorship",88.06,83,"ITA","LTD.*, VILL MOLANI, POST-CHANDANI, DANGA, PS-CHOPRA, UTTARDINAJPUR","9635303122","jajhangiralam62@gmail.com","RAHAMAN AGRO PLANTATION","PVT. LTD.,, SOUTH END PARK, BLOCK-B,, MEGHANATH SAHA SARANI, PS, PRADHAN NAGAR, SILIGURI","9851845627","jajahangiralam62@gmial.com","MR. JAHANGIR ALAM","9851845627","jajahangiralam62@gmail.com","Siliguri","RAHAMAN AGRO PLANTATION TEA FACTORY","RAHAMAN AGRO PLANTATION TEA FACTORY, Dakshin Kundal Pukhar, West Bengal 733207","733207","","",26.4407322,88.383091,"ChIJCS3SEMJY5DkR0zLsyvAbDQw","https://www.google.com/maps/place/?q=place_id:ChIJCS3SEMJY5DkR0zLsyvAbDQw","matched"
252,"RAMABOTY TEA ESTATE","2722","Terai","UTTAR DINAJPUR","CHOPRA","Public Ltd Co",239.65,233.05,"TRA","P.O: DEBIJHORA DIST : UTTAR, DINAJPUR","269251","","A.C PAUL AGRICULTURAL CO. PVT. LTD","ARJUN BHAWAN 90 HILL CART, ROAD SILIGURI, slg@yahoo.co.in","2431675","slg@yahoo.co.in","SUNIL KRISHNA PAUL","2431675","slg@yahoo.co.in","Siliguri","A. C. Paul & Sons","A. C. Paul & Sons, Mangturam Rd, Ward 8, Khalpara, Siliguri, West Bengal 734005","734005","","",26.706746799999998,88.4237406,"ChIJOcUFkmhB5DkREOlMZmgIuj0","https://maps.google.com/maps/preview/place/A.+C.+Paul+%26+Sons,+Mangturam+Rd,+Ward+8,+Khalpara,+Siliguri,+West+Bengal+734005/@26.7067468,88.4237406,3564a,13.1y/data=!4m2!3m1!1s0x39e441689205c539:0x3dba0868664ce910","partial"
253,"RIDHI SIDHI TEA ESTATE","4180","Terai","UTTAR DINAJPUR","CHOPRA","Partnership",69.68,60.68,"ITA","CHOPRA, ISLAMPUR, UTTAR, DINAJPUR","9933158269","lionkamalmitruka@yahoo.com","KAMAL MITRUKA","35 MG ROAD, KHALPARA,, SILIGURI,DIST. DARJEELING, E-, Mail :lionkamalmitruka@yahoo.com","9933158269","lionkamalmitruka@yahoo.com","KAMAL MITRUKA","9933158269","lionkamalmitruka@yahoo.com","Siliguri","Kamala Trading","Kamala Trading, Sevoke Rd, opposite Hotel Sabera, Ward 10, Sevoke more, Siliguri, West Bengal 734001","734001","","",26.7161685,88.42308159999999,"ChIJbXutQepB5DkR8XTYm_OeuHU","https://www.google.com/maps/place/?q=place_id:ChIJbXutQepB5DkR8XTYm_OeuHU","partial"
254,"T.N.CHOWDHURY TEA ESTATE","3153","Terai","UTTAR DINAJPUR","CHOPRA","Public Ltd Co",171.37,161.81,"TRA","P.O. ISLAMPUR,DIST. UTTAR, DINAJPUR(W.B.)","03526255034","tnchowdhury34@gmail.com","T.N.CHOWDHURY TEA ESTATE PVT. LTD.","P.O. ISLAMPUR,NEAR SBI, BUILDING, DIST. UTTAR, DINAJPUR(W.B.)","03526255034","tnchowdhury34@gmail.com","MR. DIPANKAR CHOWDHURY","09434055035","tnchowdhury34@gmail.com","Islampur","T N Chowdhury Tea Estate Factory","T N Chowdhury Tea Estate Factory, Benikandar, West Bengal 733202","733202","","",26.168605099999997,88.1890025,"ChIJP_x_Sq3j5DkRPGNMUxEG5a8","https://maps.google.com/maps/preview/place/T+N+Chowdhury+Tea+Estate+Factory,+Benikandar,+West+Bengal+733202/@26.1686051,88.1890025,3581a,13.1y/data=!4m2!3m1!1s0x39e4e3ad4a7ffc3f:0xafe50611534c633c","matched"
255,"BIRPARA TE","B 15","Dooars","JALPAIGURI","MADARIHAT","Public Ltd Co",1529.4,1004.38,"TRA","PO- BIRPARA,DIST-JALPAIGURI,WB","03563-266690","birtg@rediffmail.com","DUNCANS INDUSTRIES LIMITED","31, NS ROAD, KOLKATA-700001","033 2230 0962","","M. GURBAXANI","033 2230 0962","","Kolkata","Duncans Tea Limited","4th Floor, Duncans Tea Limited, Duncan House, 31, Netaji Subhas Rd, Murgighata, B.B.D. Bagh, Kolkata, West Bengal 700001","700001","033 2242 1605","https://www.duncanstea.in/",22.5758118,88.3490346,"ChIJhZmnTbt3AjoRLq_WvutvPsY","https://maps.google.com/maps/preview/place/4th+Floor,+Duncans+Tea+Limited,+Duncan+House,+31,+Netaji+Subhas+Rd,+Murgighata,+B.B.D.+Bagh,+Kolkata,+West+Bengal+700001/@22.5758118,88.3490346,3684a,13.1y/data=!4m2!3m1!1s0x3a0277bb4da79985:0xc63e6febbed6af2e","matched"
256,"BUNDAPANI TEA GARDEN","2381","Dooars","JALPAIGURI","MADARIHAT","Proprietorship",1269.12,529.56,"ITPA","BUNDAPANI TEA GARDEN PO, BUNDABARI, JALPAIGURI","9333449097","bundapani@rediffmail.com","ALIPURDUAR ENTERPRISES LTD","MAUGAL JYOTI BUILDING, GANESH RAM COMPOUND HC, ROAD SILIGURI","9434049103","spaa-ltd@rediffmail.com","RAKESH SRIVASTAVA","9434049103","spaa-ltd@rediffmail.com","Siliguri","Choudhury Enterprise (AD)","Choudhury Enterprise (AD), Hill Cart Rd, Ward 11, Hakim Para, Siliguri, West Bengal 734001","734001","","",26.713072699999998,88.4251098,"ChIJ-8su82tB5DkRnTQQ3hj1O4Q","https://www.google.com/maps/place/?q=place_id:ChIJ-8su82tB5DkRnTQQ3hj1O4Q","partial"
257,"DAHUK VALLEY TEA ESTATE","4169","Dooars","JALPAIGURI","MADARIHAT","Public Ltd Co",174.802,174.802,"ITPA","P.O-GADRA, DIST-JALPAIGURI, W.B","94340-21763","sanjaykundu1970@yahoo.com","USHA TEA CO PVT LTD","79, KUNDU BHAWAN, BIDHAN, ROAD, SILIGURI-734001, E-, Mail :sanjaykundu1970@yahoo.com","94340-21763","sanjaykundu1970@yahoo.com","SUNIL KUMAR KUNDU","94340-21763","sanjaykundu1970@yahoo.com","Siliguri","Usha Tea Co Pvt Ltd","HC4J+QFJ Usha Tea Co Pvt Ltd, Sannyasikata, West Bengal 735134","735134","","",26.556950099999998,88.43115619999999,"ChIJoROQwAx55DkRCSGT26S1yRc","https://maps.google.com/maps/preview/place/HC4J%2BQFJ+Usha+Tea+Co+Pvt+Ltd,+Sannyasikata,+West+Bengal+735134/@26.5569501,88.4311562,3569a,13.1y/data=!4m2!3m1!1s0x39e4790cc09013a1:0x17c9b5a4db932109","matched"
258,"DALGAON TEA ESTATE","2622","Dooars","JALPAIGURI","MADARIHAT","Public Ltd Co",1069.04,656.02,"TRA","P.O. BIRPARA DIST. JALPAIGURI, WEST BENGAL","03563266005","dalgaont1896@yahoo.com","RNT PLANTATIONS LIMITED","M/S RNT PLANTATION LIMITED, 1&2 OLD COURT HOUSE CORNER, KOLKATA 700001","03322308831/32","lukwah@vsnl.net","K.K. KHEMKA","03322308831/32","lukwah@vsnl.net","Kolkata","Amalgamated Plantations Pvt. Ltd.","G8RX+3C2 Amalgamated Plantations Pvt. Ltd., 1, Bishop Lefroy Rd, Near Rabindra Sadan METRO Gate, Sreepally, Bhowanipore, Kolkata, West Bengal 700020","700020","033 6605 3750","https://amalgamatedplantations.co.in/",22.540184,88.348784,"ChIJJWKLuuV3AjoR9M2u3qyv0T0","https://www.google.com/maps/place/?q=place_id:ChIJJWKLuuV3AjoR9M2u3qyv0T0","matched"
259,"DEMDIMA","2430","Dooars","JALPAIGURI","MADARIHAT","Public Ltd Co",1072.71,683.58,"ITA","PO-DEMDIMA, DIST-JALPAIGURI, WB","9333057750","demtg@duncans-tea.com","SANTIPARA TEA CO. LTD.","DUNCAN HOUSE,31,NS ROAD,, KOLKATA-1","033 2219158","","M GURBAXANI","033-2219158","","Kolkata","Sannyasithan Tea Estate","M7XV+VC7 Sannyasithan Tea Estate, Sannyasi Thaner Chhat, West Bengal 734014","734014","","",26.6996596,88.2935519,"ChIJVVVVldFI5DkRss87tW_WfkY","https://www.google.com/maps/place/?q=place_id:ChIJVVVVldFI5DkRss87tW_WfkY","matched"
260,"DUMCHIPARA TEA ESTATE","B-17","Dooars","JALPAIGURI","MADARIHAT","Public Ltd Co",1040.79,695.79,"TRA","P.O. RAMJHORA DIST JALPAIGURI, (WB)","933057979","dumchipara@rediffmail.com","DUNCANS INDUSTRIES LIMITED","31 N.S. ROAD DUNCANS HOUSE, KOLKATA","03332219158","","AK GOEL","03332219158","","Kolkata","Duncans Tea Limited","4th Floor, Duncans Tea Limited, Duncan House, 31, Netaji Subhas Rd, Murgighata, B.B.D. Bagh, Kolkata, West Bengal 700001","700001","033 2242 1605","https://www.duncanstea.in/",22.5758118,88.3490346,"ChIJhZmnTbt3AjoRLq_WvutvPsY","https://maps.google.com/maps/preview/place/4th+Floor,+Duncans+Tea+Limited,+Duncan+House,+31,+Netaji+Subhas+Rd,+Murgighata,+B.B.D.+Bagh,+Kolkata,+West+Bengal+700001/@22.5758118,88.3490346,3684a,13.1y/data=!4m2!3m1!1s0x3a0277bb4da79985:0xc63e6febbed6af2e","matched"
261,"GARGANDA TAE ESTATE","B-2631","Dooars","JALPAIGURI","MADARIHAT","Public Ltd Co",764.48,528.36,"ITA","P.O. RAMJHORA,DIST- JALPAIGURI","03563209002","","DUNCANS INDUSTRIES LIMITED","31,N.S. ROAD ,KOLKATA-1","00000000","","MR. M.GURBAXANI","00000000","","Kolkata","Duncans Tea Limited","4th Floor, Duncans Tea Limited, Duncan House, 31, Netaji Subhas Rd, Murgighata, B.B.D. Bagh, Kolkata, West Bengal 700001","700001","033 2242 1605","https://www.duncanstea.in/",22.5758118,88.3490346,"ChIJhZmnTbt3AjoRLq_WvutvPsY","https://maps.google.com/maps/preview/place/4th+Floor,+Duncans+Tea+Limited,+Duncan+House,+31,+Netaji+Subhas+Rd,+Murgighata,+B.B.D.+Bagh,+Kolkata,+West+Bengal+700001/@22.5758118,88.3490346,3684a,13.1y/data=!4m2!3m1!1s0x3a0277bb4da79985:0xc63e6febbed6af2e","matched"
262,"GOPIMOHAN TEA ESTATE","825","Dooars","JALPAIGURI","MADARIHAT","Public Ltd Co",74.04,43.33,"ITPA","P.O-JAIGAON, DIST-JALPAIGURI, W.B","94343-40753","","JAHURI DURGA TEA CO (P) LTD","P.O-JAIGAON, DIST-JALPAIGURI,, W.B","94343-40753","","SOHANLAL MUKHERJEE","94343-40753","","Jalpaiguri","Danguajhar Tea Garden","Danguajhar Tea Garden, Denguajhar, Jalpaiguri, Paharpur, West Bengal 735121","735121","033 2287 3067","http://www.goodricke.com/",26.5586222,88.69990829999999,"ChIJGROyUDJ65DkR1_7abLp7PAA","https://www.google.com/maps/place/?q=place_id:ChIJGROyUDJ65DkR1_7abLp7PAA","matched"
263,"HANTAPARA TEA ESTATE","B-16","Dooars","JALPAIGURI","MADARIHAT","Public Ltd Co",1230.09,655,"TRA","P.O. MADARIATHAT DIST., JALPAIGURI,WEST BENGAL","9333057982","hantatg@rediffmail.com","DUNCANS INDUSTRIES LIMITED","31, NETAJI SUBHAS ROAD, DUNCANS HOUSE KOLKATA-, 700001","03322300962/22302185","","DUNCANS INDUSTRIES LIMITED","03322300962/22302185","","Kolkata","Duncans Tea Limited","4th Floor, Duncans Tea Limited, Duncan House, 31, Netaji Subhas Rd, Murgighata, B.B.D. Bagh, Kolkata, West Bengal 700001","700001","033 2242 1605","https://www.duncanstea.in/",22.5758118,88.3490346,"ChIJhZmnTbt3AjoRLq_WvutvPsY","https://maps.google.com/maps/preview/place/4th+Floor,+Duncans+Tea+Limited,+Duncan+House,+31,+Netaji+Subhas+Rd,+Murgighata,+B.B.D.+Bagh,+Kolkata,+West+Bengal+700001/@22.5758118,88.3490346,3684a,13.1y/data=!4m2!3m1!1s0x3a0277bb4da79985:0xc63e6febbed6af2e","matched"
264,"MAKRAPARA TEA ESTATE","426","Dooars","JALPAIGURI","MADARIHAT","Proprietorship",601.75,177.03,"ITPA","P.O. BIRPARA,DIST- JALPAIGURI","89266-51032","","ANOOP TEA CO (PVT) LTD","GILLENDER HOUSE 8NS ROAD, 2ND FLOOR B-2/2 KOL 1","9831195497","","AMAR AGARWAL","9831195497","","Kolkata","Anup tea shop","Anup tea shop, James Long Sarani, 18 Bigha, Muradpur, Sarada Pally, Kolkata, West Bengal 700034","700034","","",22.4916914,88.3184624,"ChIJLfroWdd7AjoR0bdRKRkOkvo","https://maps.google.com/maps/preview/place/Anup+tea+shop,+James+Long+Sarani,+18+Bigha,+Muradpur,+Sarada+Pally,+Kolkata,+West+Bengal+700034/@22.4916914,88.3184624,3686a,13.1y/data=!4m2!3m1!1s0x3a027bd759e8fa2d:0xfa920e192951b7d1","matched"
265,"MOHUA","3090","Dooars","JALPAIGURI","MADARIHAT","Public Sector",98.37,65.5,"TRA","PO-DALSINGPARA, DIST-, JALPAIGURI,WB","9734154963","","WEST BENGAL TEA","DEVELOPMENT CORPORATION, LTD., 12 B LS ROAD,KOLKATA-71","033-2282-1284","webtea@vsnl.net","SMT. M.GUHAROY","033-2282-1284","","Kolkata","Bengal Tea & Fabrics Limited","4th floor, Bengal Tea & Fabrics Limited, Century Tower, 45, Shakespeare Sarani, opposite Kala Mandir, Mullick Bazar, Park Street area, Kolkata, West Bengal 700017","700017","033 2283 6416","http://www.bengaltea.com/",22.544356,88.359584,"ChIJfUyjlB53AjoRZjL6zA2fa50","https://www.google.com/maps/place/?q=place_id:ChIJfUyjlB53AjoRZjL6zA2fa50","matched"
266,"MUJNAI TEA ESTATE","425","Dooars","JALPAIGURI","MADARIHAT","Public Ltd Co",600.2,400.2,"ITA","P.O-MADHARIHAT, DIST-JALPAIGURI,, W.B, E-, Mail :kamalsingh241262@rediffmail.com","76025-38502","kamalsingh241262@rediffmail.com","ANJUMAN TEA CO LTD","8, KHAIRU PLACE, 4TH FLOOR, ROOM NO-2, KOL-72","76025-38502","barunsaha_slg@yahoo.com","RUPENDRA SINGH RANAWAT","9434745235","barunsaha_slg@yahoo.com","Kolkata","Anjuman Tea Co Ltd","Anjuman Tea Co Ltd, 8, Khairu Pl, Bow Barracks, Kolkata, West Bengal 700012","700012","","",22.5689688,88.3557111,"ChIJVVU5Jql3AjoRHbbhmYvA4Q8","https://maps.google.com/maps/preview/place/Anjuman+Tea+Co+Ltd,+8,+Khairu+Pl,+Bow+Barracks,+Kolkata,+West+Bengal+700012/@22.5689688,88.3557111,3684a,13.1y/data=!4m2!3m1!1s0x3a0277a926395555:0xfe1c08b99e1b61d","matched"
267,"RAMJHORA TEA ESTATE","59","Dooars","JALPAIGURI","MADARIHAT","Proprietorship",604.46,452.75,"None","P.O. RAMJHORA DIST. JALPAIGURI, (WB)","9153864304","","HIND TEA COMPANY LIMITED","233, 2ND MILE SEVOKE ROAD, SILIGURI","03532544704","sevokemotors@vsnl.net","NARENDRA BERLIA","03532544704","sevokemotors@vsnl.net","Siliguri","Darjeeling Tea Retailer - Hindusthan Tea Co.","T, Darjeeling Tea Retailer - Hindusthan Tea Co., gate 1, 74, Bidhan Market Rd, opposite Hongkong market, Ward 11, Hakim Para, Siliguri, West Bengal 734001","734001","","",26.7171646,88.42573829999999,"ChIJtTqTuYJB5DkRRE_ygD3eImQ","https://www.google.com/maps/place/?q=place_id:ChIJtTqTuYJB5DkRRE_ygD3eImQ","matched"
268,"SATALI TEA ESTATE","P-8","Dooars","JALPAIGURI","MADARIHAT","Public Ltd Co",1096.45,903.57,"TRA","P.O. HASHIMARA DIST. JALPAIGURI, (WB)","03566255003","satali_tg@rediff.com","DEVI BAGARIA","587, NS BOSE ROAD KOLKATA","03322487385","hashimara_tg@yahoo.com","DEVI BAGARIA","03322487385","hashimara_tg@yahoo.com","Kolkata","Bagaria Trading Limited","4th Floor, Bagaria Trading Limited, 16, Netaji Subhas Rd, Murgighata, B.B.D. Bagh, Kolkata, West Bengal 700001","700001","033 2210 7789","https://nehaknots.com/",22.5773564,88.3490595,"ChIJe6yzIVN2AjoR81qGDvK97SI","https://www.google.com/maps/place/?q=place_id:ChIJe6yzIVN2AjoR81qGDvK97SI","partial"
269,"SINGHANIA TEA ESTATE","17","Dooars","JALPAIGURI","MADARIHAT","Proprietorship",348.03,201.72,"ITPA","P.O. BIRPARA,DIST JALPAIGURI","9733438584","managersinghania@yahoo.com","SINGHANIA TEA COMPANY","PRIVATE LTD, 24.R.N.MUKHERJEE, ROAD,KOLKATA-700001","03322481312","singhaniatea@yahoo.com","SHRI S.K.SUTODIYA","03322481312","singhaniatea@yahoo.com","Kolkata","Singhania Tea Estate","P5H6+567 Singhania Tea Estate, Hoasinbad Tea Garden, West Bengal 735228","735228","","",26.727916099999998,89.1605567,"ChIJh5aI-5u_4zkRwAxwacS6fJM","https://www.google.com/maps/place/?q=place_id:ChIJh5aI-5u_4zkRwAxwacS6fJM","matched"
270,"SUBHASINI TEA ESTATE","150","Dooars","JALPAIGURI","MADARIHAT","Public Ltd Co",526.18,371.84,"ITPA","P.O-HASIMARA, DIST-JALPAIGURI,, W.B","03566-255006","","SUBHOJIT GHOSH","GOVT. PLACE ESAT, KOLKATA-69","033-22487629","btcl@cal2.vsnl.net.in","RABI SANKAR CHATTERJEE","033-22487629","btcl@cal2.vsnl.net.in","Kolkata","Subhajit ghosh","Subhajit ghosh, 228, Acharya Prafulla Chandra Rd, Shyambazar, Shyam Bazar, Fariapukur, Shyam Bazar, Kolkata, West Bengal 700004","700004","","",22.5989607,88.37456159999999,"ChIJhTwmbqR3AjoRxafgMsmuHlo","https://www.google.com/maps/place/?q=place_id:ChIJhTwmbqR3AjoRxafgMsmuHlo","partial"
271,"TOORSA","65","Dooars","JALPAIGURI","MADARIHAT","Public Ltd Co",691,482,"TRA","PO-DALSINGPARA,DIST -JALPAIGURI,, WB","9903031555","Toorsatea@gmail.com","SS GUPTA","TOORSA TEA COMPANY PVT., LTD.,4, INDIA EXCHANGE PLACE,, 2ND FLOOR, KOLKATA-27","9903031555","Toorsatea@gmail.com","VASISHT PACHICIA","9903031555","Toorsatea@gmail.com","Kolkata","Dr. S Gupta","Dr. S Gupta, Shoo8, Maidan, Howrah, West Bengal 711101","711101","084208 90735","",22.5931316,88.33735759999999,"ChIJGUNPH-x3AjoReJ4mhsaCVGI","https://www.google.com/maps/place/?q=place_id:ChIJGUNPH-x3AjoReJ4mhsaCVGI","partial"
272,"TULSIPARA TEA ESTATE","2632","Dooars","JALPAIGURI","MADARIHAT","Public Ltd Co",758.38,477.51,"TRA","P.O. RAMJHORA DIST. JALPAIGURI, (WB)","9333057748","tultg@duncans-tea.com","DUNCANS INDUSTRIES LIMITED","DUNCANS HOUSE 31, N.S. ROAD, KOLKATA-1, tea.com","03322302185","","M.GURBAXANI","03322302185","","Kolkata","Duncans Tea Limited","4th Floor, Duncans Tea Limited, Duncan House, 31, Netaji Subhas Rd, Murgighata, B.B.D. Bagh, Kolkata, West Bengal 700001","700001","033 2242 1605","https://www.duncanstea.in/",22.5758118,88.3490346,"ChIJhZmnTbt3AjoRLq_WvutvPsY","https://maps.google.com/maps/preview/place/4th+Floor,+Duncans+Tea+Limited,+Duncan+House,+31,+Netaji+Subhas+Rd,+Murgighata,+B.B.D.+Bagh,+Kolkata,+West+Bengal+700001/@22.5758118,88.3490346,3684a,13.1y/data=!4m2!3m1!1s0x3a0277bb4da79985:0xc63e6febbed6af2e","matched"
273,"DALMORE TEA ESTATE","C-67","Dooars","JALPAIGURI","FALAKATA","Proprietorship",1195.11,552.92,"None","P.O. BIRPARA DIST JALPAIGURI, (WEST BENGAL)","9331289112","dalmore@octaviustea.com","H.C. JAIN","M/S OCTAVIUS TEA & INDIA PVT., LTD. 13TH JAWAHARLAL NEHRU, ROAD C/BLOCK 2ND FLOOR, KOLKATA-17","9331289101","susil@octaviustea.com","SUSHIL JAIN","9331289101","susil@octaviustea.com","Kolkata","Jain & Co","2nd floor, Jain & Co, P21/22, Radha Bazar St, near India Exchange Place, Murgighata, B.B.D. Bagh, Kolkata, West Bengal 700001","700001","033 2242 9190","http://jainandco.net/",22.575558299999997,88.3508277,"ChIJ76zdcqV3AjoRWqJKj9iEgfY","https://www.google.com/maps/place/?q=place_id:ChIJ76zdcqV3AjoRWqJKj9iEgfY","partial"
274,"DALSINGPARA","C-66","Dooars","JALPAIGURI","FALAKATA","Proprietorship",1504.16,809.72,"","PO-DALSINGPARA,DIST-, JALPAIGURI,WB","9733162990","","LAXMIKANT GAUR","MALNADY TE( P) LTD.,GOPAL, BHAWAN,2ND FLOOR,CHURCH, ROAD,SILIGURI BHAWAN,2ND, FLOOR,CHURCH ROAD,","","","LAXMIKANT GAUR","","","Siliguri","Laxmi Kanta Dey","PCPC+465 Laxmi Kanta Dey, Ward 45, Pradhan Nagar, Siliguri, West Bengal 734003","734003","","",26.735319,88.4206122,"ChIJ5-gs0TRB5DkRppnwAdoqB5o","https://www.google.com/maps/place/?q=place_id:ChIJ5-gs0TRB5DkRppnwAdoqB5o","partial"
275,"KADAMBINI TEA ESTATE","149","Dooars","JALPAIGURI","FALAKATA","Public Ltd Co",910.09,399.73,"ITA","P.O-FALAKATA, DIST-JALPAIGURI,, W.B","9734903505","","HIMALAYAN TEA & AGRO PVT LTD NARENDRA BERLIA","240B, AJC BOSE RAOD, 3RD          2, FLOOR, KOLKATA-20, W.B            F, E-                                E, Mail :arbindchoudhury26@gmail.com M","9434048605","arbindchoudhury26@gmail.com","40B, AJC BOSE RAOD, 3RD","","arbindchoudhury26@gmail.com","Kolkata","HIMALAYAN TEA & AGRO PVT. LTD.","HIMALAYAN TEA & AGRO PVT. LTD., Budharugaon, West Bengal 734425","734425","","",26.4768325,88.2381844,"ChIJxeCz5CJU5DkRi4ZFClVx1L8","https://www.google.com/maps/place/?q=place_id:ChIJxeCz5CJU5DkRi4ZFClVx1L8","matched"
276,"SARUGAON TEAESTATE","2318","Dooars","JALPAIGURI","FALAKATA","Public Ltd Co",629.27,227.94,"TAI","PO-BIRPARA,DIST-JALPAIGURI,WB","93563204739","","ETEHLBARI TEA COMPANY 1932","LTD., P-36, INDIA EXCHANGE PLACE, 5TH FLOOR, KOLKATA-700 001","03563 204738","p-hemang@hotmail.com","NIL","","","Kolkata","Ethel Bari Tea Co (1932) Ltd","Ethel Bari Tea Co (1932) Ltd, 24, R N Mukherjee Road, Lal Bazar, Kolkata, West Bengal 700001","700001","033 2248 3110","",22.570074299999998,88.3510063,"ChIJ9Sux1qV3AjoRZ7qLdeGfToA","https://maps.google.com/maps/preview/place/Ethel+Bari+Tea+Co+(1932)+Ltd,+24,+R+N+Mukherjee+Road,+Lal+Bazar,+Kolkata,+West+Bengal+700001/@22.5700743,88.3510063,3684a,13.1y/data=!4m2!3m1!1s0x3a0277a5d6b12bf5:0x804e9fe1758bba67","matched"
277,"TASATI TEA ESTATE","2636","Dooars","JALPAIGURI","FALAKATA","Proprietorship",600.51,450.67,"TRA","P.O. BIRPARA DIST. JALPAIGURI (WB)","9830039341","","A.K. CHAMARIA","M/S TASATI TEA LTD. 7,, SWALLOW LANE KOLKATA-1","033223091749","ashokchamaria@hotmail.com","ASHOK CHAMARIA","033223091749","ashokchamaria@hotmail.com","Kolkata","Chamaria House","Chamaria House, 123, Bangur Ave, Block B, Block D, Lake Town, Kolkata, West Bengal 700055","700055","","",22.6067055,88.41348819999999,"ChIJQfeaaK91AjoRMjFBsnAZDqc","https://www.google.com/maps/place/?q=place_id:ChIJQfeaaK91AjoRMjFBsnAZDqc","partial"
278,"DHOWLAJHORA TEA ESTATE","39","Dooars","JALPAIGURI","KUMARGRAM","Public Ltd Co",608.92,446.73,"ITA","DHOWLAJHORA, KOHINOOR,, JALPAIGURI","03564240042","deepakberlia@yahoo.com","THE BENGAL DFOOARS","NATIONAL TEA CO. LTD., TEMPLE STREET, JALPAIGURI","03561230106","deepakberlia@yahoo.com","DEEPAK BERLIA","9434045112","deepakberlia@yahoo.com","Siliguri","DOOARS TASTE","DOOARS TASTE, College Para, Hakim Para, Siliguri, West Bengal 734001","734001","","",26.7095369,88.4339968,"ChIJGYLDFlJB5DkRVu7-JhVh_1M","https://www.google.com/maps/place/?q=place_id:ChIJGYLDFlJB5DkRVu7-JhVh_1M","partial"
279,"KARTICK","N-14","Dooars","JALPAIGURI","KUMARGRAM","Public Ltd Co",624.95,338.26,"ITA","HATIPOTHA, JALPAIGURI, WB","03564-200072","kartick_tea@rediffmail.com","RYDAK SYNDICATE LIMITED","4,DR.R.P SARANI, KOL-1","033-22304351","jardines@vsnl.com","MR. PREM SINGH (MD)","9831257830","jardines@vsnl.com","Kolkata","Rydak Syndicate Limited","Rydak Syndicate Limited, 4, Dr Rajendra Prasad Sarani, Murgighata, B.B.D. Bagh, Kolkata, West Bengal 700001","700001","033 2230 4351","http://rydaksyndicate.com/",22.5769815,88.3499389,"ChIJy5KecEZ3AjoRJeoo3dqh87o","https://maps.google.com/maps/preview/place/Rydak+Syndicate+Limited,+4,+Dr+Rajendra+Prasad+Sarani,+Murgighata,+B.B.D.+Bagh,+Kolkata,+West+Bengal+700001/@22.5769815,88.3499389,3684a,13.1y/data=!4m2!3m1!1s0x3a027746709e92cb:0xbaf3a1dadd28ea25","matched"
280,"KOHINOOR TEA ESTATE","38","Dooars","JALPAIGURI","KUMARGRAM","Proprietorship",671.73,467.3,"ITA","P.O.SAONTALPUR,DIST.JALPAIGURI,, WEST BENGAL","03564240062","","KOHINOOR TEA CO. PVT. LTD.","M/S KOHINOOR TEA CO. PVT., LTD. BORDHAMAN ROAD,SILIGURI LTD. B","03536452463","","MR. S.AGARWAL","03536452463","","Siliguri","Good Point Tea Pvt. Ltd.","Good Point Tea Pvt. Ltd., 6th Floor, Space Town, 2.5 Mile Sevoke Road, Post, near Check, Siliguri, West Bengal 734001","734001","","http://goodpointtea.com/",26.7475557,88.4383739,"ChIJr_F1HBBB5DkRVUW6YOqRbQo","https://www.google.com/maps/place/?q=place_id:ChIJr_F1HBBB5DkRVUW6YOqRbQo","matched"
281,"KUMARGRAM TEA GARDEN","B-22","Dooars","JALPAIGURI","KUMARGRAM","Public Ltd Co",871.62,659.01,"ITA","POST NEWLANDS, JALPAIGURI-DIST","03564252221","kum@goodricke.com","GOODRICKE GROUP LIMITED","14, GURUSADEY ROAD, CANEFIA, HOUSE, KOLKATA-19, E-, Mail :subrotobanarjee@goodricke.co, m","03322873067","subrotobanarjee@goodricke.co","MR. A.N.SINGH","03322873067","subrotobanarjee@goodricke.co","Kolkata","Goodricke Group Limited","Goodricke Group Limited, 14, Gurusaday Dutta Rd, Beck Bagan, Ballygunge, Kolkata, West Bengal 700019","700019","033 2287 3067","https://www.goodricketea.com/",22.5353048,88.36169489999999,"ChIJ7V-kwCB3AjoRm_bV8GLZkww","https://maps.google.com/maps/preview/place/Goodricke+Group+Limited,+14,+Gurusaday+Dutta+Rd,+Beck+Bagan,+Ballygunge,+Kolkata,+West+Bengal+700019/@22.5353048,88.3616949,3685a,13.1y/data=!4m2!3m1!1s0x3a027720c0a45fed:0xc93d962f0d5f69b","matched"
282,"NEWLANDS TEA ESTATE","2577","Dooars","JALPAIGURI","KUMARGRAM","Public Ltd Co",849.03,605.16,"ITA","P.O. NEWLANDS ,DIST: JALPAIGURI","03564200229","philips_newlands@yahoo.co.in","ENGO TRADING & TEA CO.(P)","LTD., 135,BRB BASU ROAD ,KOLKATA-1 Tel :0, E-, Mail :engoteaco1895@rediffmail.com","0","engoteaco1895@rediffmail.com","MR. B.K.BHUWALKA","","engoteaco1895@rediffmail.com","Kolkata","Engo Tea Co. Ltd.","FLOOR, FLAT NO.5A, Engo Tea Co. Ltd., 12, 5TH, Pretoria St, Kolkata, West Bengal 700071","700071","033 3029 5000","",22.544324,88.351635,"ChIJY_C_FRd3AjoRQ06FHCmola0","https://www.google.com/maps/place/?q=place_id:ChIJY_C_FRd3AjoRQ06FHCmola0","matched"
283,"PHASKOWA TEA ESTATE","2525","Dooars","JALPAIGURI","KUMARGRAM","Public Ltd Co",261.06,140.35,"ITA","P.O.HATIPOTHA,DIST:, JALPAIGURI,PIN 736201,WEST, BENGAL","9434704350","phaskowa2010@gmail.com","PHASKOWA TEA PLANTATIONS","LTD., 1/1A,VANSITTART ROW,KOLKATA- 1, 1","03322485837","phaskowa2010@gmail.com","MANOJ CHAMARIA","9830088117","phaskowa2010@gmail.com","Kolkata","Phaskowa Tea Resort","Phaskowa Tea Resort, Phaskowa Tea Garden, Hatipota, Alipurduar, P.S - Samuktala, Block, Kumargram, West Bengal 736201","736201","078120 56406","",26.6894435,89.6709872,"ChIJmVMoo21D4jkRpORTEbpFC0k","https://maps.google.com/maps/preview/place/Phaskowa+Tea+Resort,+Phaskowa+Tea+Garden,+Hatipota,+Alipurduar,+P.S+-+Samuktala,+Block,+Kumargram,+West+Bengal+736201/@26.6894435,89.6709872,3565a,13.1y/data=!4m2!3m1!1s0x39e2436da3285399:0x490b45ba1153e4a4","matched"
284,"RADHARANI TEA ESTATE","48","Dooars","JALPAIGURI","KUMARGRAM","Public Ltd Co",383.88,149.25,"ITA","KALCHINI, DIST JALPAIGURI","9593959649","anuppratap35@gmail.com","RADHARANI TEA & ESTATES PVT. RADHARANI TEA & ESTATES PVT.","LTD.                           LTD., NO.8, KHAIRU PLACE, 4TH FLOOR, NO.8, KOLKATA-72                     KOLK","03566201150","anuppratap35@gmail.com",", KHAIRU PLACE, 4TH FLOOR,","","anuppratap35@gmail.com","Kolkata","Radharani Tea & Estates Pvt Ltd","Radharani Tea & Estates Pvt Ltd, 16, Bentinck St, Radha Bazar, Barabazar Market, Kolkata, West Bengal 700001","700001","","",22.573219899999998,88.3534165,"ChIJfQNVfq93AjoRkBapmd22rCE","https://maps.google.com/maps/preview/place/Radharani+Tea+%26+Estates+Pvt+Ltd,+16,+Bentinck+St,+Radha+Bazar,+Barabazar+Market,+Kolkata,+West+Bengal+700001/@22.5732199,88.3534165,3684a,13.1y/data=!4m2!3m1!1s0x3a0277af7e55037d:0x21acb6dd99a91690","matched"
285,"RAHIMABAD TEA ESTATE","29","Dooars","JALPAIGURI","KUMARGRAM","Proprietorship",712.75,287.12,"TRA","P.O: HATHIPOTA DIST: JALPAIGURI","09609787954","rahimatea@gmail.com","MR. SHEKHAR ROYCHOUDHURY MR. S.R CHOUDHURY","RAHIMA LANDS AND TEA CO. PVT. RAHIM, LTD 2, CHURCH ROAD KOLKATA- LTD 2,, 01                            01","03322101902","roy@iicglobal.com","A LANDS AND TEA CO. PVT.","","roy@iicglobal.com","Kolkata","Roychowdhury Dr Sujoy","Roychowdhury Dr Sujoy, 106/1b, monohar pokor road, Kolkata, West Bengal 700029","700029","033 2454 4219","",22.5552714,88.3500652,"ChIJ33o0YBF3AjoRV5y62kEbBBA","https://www.google.com/maps/place/?q=place_id:ChIJ33o0YBF3AjoRV5y62kEbBBA","partial"
286,"RAIMATANG TEA ESTATE","2533","Dooars","JALPAIGURI","KUMARGRAM","Proprietorship",663.07,535.27,"ITA","P.O. KALCHINI,JALAIGURI","03566201065","","ROSHANLAL AGARWAL","OM, PLACE,ASHRAMPARA,SILIGURI, E-, Mail :buxadooars.teaestate@gmail.c, om","9434086855","","MR. N.K.BASU","03532640235","","Siliguri","Roshan Lal & Company","Roshan Lal & Company, Nehru Rd, Ward 8, Khalpara, Siliguri, West Bengal 734001","734001","","",26.7084859,88.4238371,"ChIJF0AIFaRB5DkRISUL5FvEEic","https://www.google.com/maps/place/?q=place_id:ChIJF0AIFaRB5DkRISUL5FvEEic","partial"
287,"RYDAK TEA ESTATE","N-13","Dooars","JALPAIGURI","KUMARGRAM","Public Ltd Co",1414.89,735.81,"TRA","P.O: RAIDAK DIST: JALPAIGURI","9734123657","rydak_raaj@rediffmail.com","RYDAK SYNDICATE LIMITED","4,DR. RAJENDRA PRATAP SARANI, KOLKATA700001","033 22304351","jardines@vsnl.com","MR PREM SINGH","03322304362","jardines@vsnl.com","Kolkata","Rydak Syndicate Limited","Rydak Syndicate Limited, 4, Dr Rajendra Prasad Sarani, Murgighata, B.B.D. Bagh, Kolkata, West Bengal 700001","700001","033 2230 4351","http://rydaksyndicate.com/",22.5769815,88.3499389,"ChIJy5KecEZ3AjoRJeoo3dqh87o","https://maps.google.com/maps/preview/place/Rydak+Syndicate+Limited,+4,+Dr+Rajendra+Prasad+Sarani,+Murgighata,+B.B.D.+Bagh,+Kolkata,+West+Bengal+700001/@22.5769815,88.3499389,3684a,13.1y/data=!4m2!3m1!1s0x3a027746709e92cb:0xbaf3a1dadd28ea25","matched"
288,"SANKOS","B 23","Dooars","JALPAIGURI","KUMARGRAM","Public Sector",933.25,665.2,"TRA","P.O, NEWLANDS, DIST-JALPAIGURI,, W.B","03564-252229","san@goodricke.com","GOODRICKE GROUP LIMITED","CAMELLIA HOUSE,, 14,GURUSADAY ROAD, KOL19","033-22873067","san@goodricke.com","MR.ARUN SINGH (MD)","033-22873067","san@goodricke.com","Kolkata","Goodricke Group Limited","Goodricke Group Limited, 14, Gurusaday Dutta Rd, Beck Bagan, Ballygunge, Kolkata, West Bengal 700019","700019","033 2287 3067","https://www.goodricketea.com/",22.5353048,88.36169489999999,"ChIJ7V-kwCB3AjoRm_bV8GLZkww","https://maps.google.com/maps/preview/place/Goodricke+Group+Limited,+14,+Gurusaday+Dutta+Rd,+Beck+Bagan,+Ballygunge,+Kolkata,+West+Bengal+700019/@22.5353048,88.3616949,3685a,13.1y/data=!4m2!3m1!1s0x3a027720c0a45fed:0xc93d962f0d5f69b","matched"
289,"TURTURI TEA ESTATE","166","Dooars","JALPAIGURI","KUMARGRAM","Public Ltd Co",471.85,294.48,"ITA","PO-HATIPOTHA,DIST-JALPAIGURI","9609992682","turturitea@gmail.com","ALIPURDUAR TEA COMPANY LTD","2,CHURCH LANE,3RD, FLOOR,ROOM NO-308C,KOL-01","0332210902/107644","turturitea@gmail.com","MR SHEKHAR ROY CHOWDHARY","0332210902","turturitea@gmail.com","Kolkata","Tea Garden Alipurduar","HG37+R94 Tea Garden Alipurduar, Bariguri, West Bengal 736123","736123","","",26.5545242,89.5134463,"ChIJTdI8dP5Q4jkRBmTP7M0qBL0","https://www.google.com/maps/place/?q=place_id:ChIJTdI8dP5Q4jkRBmTP7M0qBL0","matched"
290,"ETHELBARI","2318","Dooars","JALPAIGURI","DHUPGURI","Public Ltd Co",364.1,270.52,"TAI","PO-BIRPARA,DIST-JALPAIGURI,WB","03563-264030","","THE ETHELBARI TEA CO (1932)","LTD., P-36,INDIA EXCHANGE PLACE,5TH, FLOOR, KOLKATA-700001","225498074197","","MAHENDRA KR. PATEL","225498074197","ethelbari1932@yahoo.com","Kolkata","Ethel Bari Tea Co (1932) Ltd","Ethel Bari Tea Co (1932) Ltd, 24, R N Mukherjee Road, Lal Bazar, Kolkata, West Bengal 700001","700001","033 2248 3110","",22.570074299999998,88.3510063,"ChIJ9Sux1qV3AjoRZ7qLdeGfToA","https://maps.google.com/maps/preview/place/Ethel+Bari+Tea+Co+(1932)+Ltd,+24,+R+N+Mukherjee+Road,+Lal+Bazar,+Kolkata,+West+Bengal+700001/@22.5700743,88.3510063,3684a,13.1y/data=!4m2!3m1!1s0x3a0277a5d6b12bf5:0x804e9fe1758bba67","matched"
291,"GAIRKHATA TEA ESTATE","860","Dooars","JALPAIGURI","DHUPGURI","Public Ltd Co",1070.3,710.63,"TRA","P.O-GAIRKATA, DIST-JALPAIGURI,, W.B","03563-233548","gairkhatateaestate@gmail.com","GILLANDERS ARBUTHNOT & CO.","LTD., C-4, GILLANDER HOUSE,, N.S.ROAD, KOL-1","","","GILLANDERS ARBUTHNOT & CO.","","","Kolkata","Gillanders Arbuthnot & Co. Ltd.","Gillanders Arbuthnot & Co. Ltd., C-4, Netaji Subhas Rd, Kolkata, West Bengal 700001","700001","033 2230 2331","http://gillandersindia.org/",22.5765881,88.3494291,"ChIJ77mAR7t3AjoRQ_qTzdpGa8I","https://maps.google.com/maps/preview/place/Gillanders+Arbuthnot+%26+Co.+Ltd.,+C-4,+Netaji+Subhas+Rd,+Kolkata,+West+Bengal+700001/@22.5765881,88.3494291,3684a,13.1y/data=!4m2!3m1!1s0x3a0277bb4780b9ef:0xc26b46dacd93fa43","matched"
292,"GANDRAPARA TEA GARDEN","B-13","Dooars","JALPAIGURI","DHUPGURI","Public Ltd Co",979.31,832.03,"ITA","P.O. : BANARHAT, DIST.JALPAIGURI, WESTBENGAL","03563-252046","","GOODRICKE GROUP LIMITED","CAMELLIA HOUSE, 14,GURUSADAY ROAD, KOLKATA-700019, E-, Mail :subrotobanerjee@goodricke.co, m","033-22873067","subrotobanerjee@goodricke.co","MR. A.N.SINGH","033-22873067","subrotobanerjee@goodricke.co","Kolkata","Goodricke Group Limited","Goodricke Group Limited, 14, Gurusaday Dutta Rd, Beck Bagan, Ballygunge, Kolkata, West Bengal 700019","700019","033 2287 3067","https://www.goodricketea.com/",22.5353048,88.36169489999999,"ChIJ7V-kwCB3AjoRm_bV8GLZkww","https://maps.google.com/maps/preview/place/Goodricke+Group+Limited,+14,+Gurusaday+Dutta+Rd,+Beck+Bagan,+Ballygunge,+Kolkata,+West+Bengal+700019/@22.5353048,88.3616949,3685a,13.1y/data=!4m2!3m1!1s0x3a027720c0a45fed:0xc93d962f0d5f69b","matched"
293,"HULDIBARI TEA GARDEN","P-9","Dooars","JALPAIGURI","DHUPGURI","Public Ltd Co",1130.3,851.24,"ITA","P.O-BINNAGURI, DIST-JALPAIGURI,, W.B","9434744850","htg.fact.@gmail.com","HULDIBARI INDUSTRIES &","PLANTATION CO LTD, 3, NETAJI SUBHASH ROAD,, KOLKATA-1","033-22489166","huldibaritea@yahoo.in","HULDIBARI INDUSTRIES &","033-22489166","huldibaritea@yahoo.in","Kolkata","Huldibari Industries & Plantation Co Ltd","Huldibari Industries & Plantation Co Ltd, McLeod House, 3, Netaji Subhas Rd, Fairley Place, B.B.D. Bagh, Kolkata, West Bengal 700001","700001","033 2248 9168","http://huldibaritea.com/",22.5716908,88.3474533,"ChIJWbxPkKN3AjoRIZbt15hI63c","https://maps.google.com/maps/preview/place/Huldibari+Industries+%26+Plantation+Co+Ltd,+McLeod+House,+3,+Netaji+Subhas+Rd,+Fairley+Place,+B.B.D.+Bagh,+Kolkata,+West+Bengal+700001/@22.5716908,88.3474533,3684a,13.1y/data=!4m2!3m1!1s0x3a0277a3904fbc59:0x77eb4898d7ed9621","matched"
294,"JAYBIRPARA TEA ESTATE","2462","Dooars","JALPAIGURI","DHUPGURI","Public Ltd Co",392.38,220.66,"ITA","JAYBIRPARA T.E.,P.O., BIRPARA,JALPAIGURI","9932288314","jaibirpara@wmg.co.in","MCLEOD RUSSEL INDIA LIMITED SHRI S. CHAKRABORTY","4,MAGOE LANE,SURNDRA MOHAN 4,MANGO, GHOSH SARANI,KOLKATA-700001 MOHAN, E-Mai","033221101221            70000","c@wmg.co.in","E LANE,SURENDRA","","c@wmg.co.in","Kolkata","Mcleod Russel India limited","Mcleod Russel India limited, Surendra Mohan Ghosh Sarani, 4, Mangoe Ln, Kolkata, West Bengal 700001","700001","099030 96991","http://www.mcleodrussel.com/",22.569381699999997,88.3511199,"ChIJdcrz16V3AjoRV8_Qg8r4ZXw","https://maps.google.com/maps/preview/place/Mcleod+Russel+India+limited,+Surendra+Mohan+Ghosh+Sarani,+4,+Mangoe+Ln,+Kolkata,+West+Bengal+700001/@22.5693817,88.3511199,3684a,13.1y/data=!4m2!3m1!1s0x3a0277a5d7f3ca75:0x7c65f8ca83d0cf57","matched"
295,"KALABARI TEA ESTATE","436","Dooars","JALPAIGURI","DHUPGURI","Public Ltd Co",539.5,310.36,"ITA","P.O-KALABARI BAGAN, DIST-, JALPAIGURI, W.B","9932357968","","S.K. BACHAWAT","THE EASTERN TEA CO LTD, IDEAL THE EA, PLAZA, 2ND FLOOR, SOUTH, BLOCK, 11/1 SARAT BOSE ROAD, BLOCK,, KOLKATA","033-22837495","","S.K. BACHAWAT","033-22837495","","Kolkata","S.K.Bhalotia & Co.","S.K.Bhalotia & Co., Unit-1A, 1st Floor, Imax Lohia Square 23, Gangadhar Babu Lane, Bepin Behari Ganguly St, opposite SBI, near Firangi Kali Mandir, Branch, Kolkata, West Bengal 700012","700012","033 4073 0113","http://www.skbnco.com/",22.5708238,88.3594275,"ChIJkeVRbKx3AjoRhTluv53hjoU","https://www.google.com/maps/place/?q=place_id:ChIJkeVRbKx3AjoRhTluv53hjoU","partial"
296,"LAKHIKANTA TEA ESTATE","127/87","Dooars","JALPAIGURI","DHUPGURI","Proprietorship",341.89,64.52,"ITPA","P.O-LAKHIKANTAPARA, DIST-, JALPAIGURI, W.B","97340-40432","","RUNGAMATI TEA INDUSTRIES LTD","90/31, OLD DIAMOND HARBOUR, ROAD, KOL-6","033-24583476","","HARSHA VARSHAN KEYRIWAL","98310-31450","","Kolkata","Rungamattee Tea & Ind Ltd","Rungamattee Tea & Ind Ltd, 90/31, Diamond Harbour Rd, Block 6, Sahapur, New Alipore, Kolkata, West Bengal 700038","700038","099033 64444","http://www.rungamattee.com/",22.5102878,88.32291959999999,"ChIJq6qqaqpwAjoRH4DJ0197G8Q","https://www.google.com/maps/place/?q=place_id:ChIJq6qqaqpwAjoRH4DJ0197G8Q","matched"
297,"NANGDALA","2547","Dooars","JALPAIGURI","DHUPGURI","Public Ltd Co",870.07,485,"TRA","PO BIRPARA DIST JALPAIGURI WB","03563 - 266001","mgr-nangdala@rediffmail.com","MKTEAPVT.LTD","2/2 JUSTICE DWARKANATH ROAD, 2/, KOLKATA 7OOO2O","24746364","m.k.tea@cal.vsnlnet.in","RAJ BERRY","24746364","ea@cal.vsnlnet.in","Kolkata","Mahe Technologies Pvt Ltd - BPO Company | B2B & B2C Telemarketing Agency","Mahe Technologies Pvt Ltd - BPO Company | B2B & B2C Telemarketing Agency, 56, Ballygunge Gardens, Gariahat, Kolkata, West Bengal 700019","700019","090513 91761","https://mahetechnologies.in/",22.51689,88.366897,"ChIJNxs0uPR2AjoRyknZVlwtH8I","https://www.google.com/maps/place/?q=place_id:ChIJNxs0uPR2AjoRyknZVlwtH8I","partial"
298,"PALASHBARI","13","Dooars","JALPAIGURI","DHUPGURI","Proprietorship",426.6,357.68,"ITA","PO-BANARHAT , DIST -, JALPAIGURI,WB","03563-252019","palashbari@bsnl.in","PALASHBARI TEA CO LTD","NANDI COOMERCIAL HOUSE,14B,, CAMAC STREET,KOLKATA-17","2281-7576","palashbari@bsnl.in","PALASHBARI TEA CO LTD","2281-7576","palashbari@bsnl.in","Kolkata","Palashbari Tea Company Limited","Palashbari Tea Company Limited, 14B, Camac St, Park Circus, Ballygunge, Kolkata, West Bengal 700017","700017","","",22.54213,88.352144,"ChIJU5tOlxd3AjoR7XjLXkME1Zk","https://maps.google.com/maps/preview/place/Palashbari+Tea+Company+Limited,+14B,+Camac+St,+Park+Circus,+Ballygunge,+Kolkata,+West+Bengal+700017/@22.54213,88.352144,3685a,13.1y/data=!4m2!3m1!1s0x3a027717974e9b53:0x99d504435ecb78ed","matched"
299,"RAHIMPUR TEA ESTATE","46","Dooars","JALPAIGURI","DHUPGURI","Public Ltd Co",315.63,125.64,"ITPA","P.O-BIRPARA, DIST-JALPAIGURI, W.B","03563-264553","","RAHIMPUR TEA CO LTD","71, GANESH CHANDRA AVENUE,, 3RD FLOOR, KOLKATA-13, E-, Mail :slg_bansalte@sancharnet.com","033-22369154","slg_bansalte@sancharnet.com","MADAN MOHAN SHARMA","033-22369154","slg_bansalte@sancharnet.com","Kolkata","Rahimpur Tea Company","Rm No. 5, 1st Floor, Rahimpur Tea Company, Karnani Estate, 209, AJC Bose Rd, Park Circus, Elgin, Kolkata, West Bengal 700017","700017","","https://www.bansalteas.com/",22.5436808,88.3613455,"ChIJ33X1JLN3AjoRja1dREUHRUg","https://maps.google.com/maps/preview/place/Rm+No.+5,+1st+Floor,+Rahimpur+Tea+Company,+Karnani+Estate,+209,+AJC+Bose+Rd,+Park+Circus,+Elgin,+Kolkata,+West+Bengal+700017/@22.5436808,88.3613455,3685a,13.1y/data=!4m2!3m1!1s0x3a0277b324f575df:0x48450745445dad8d","matched"
300,"TELEPARA TEA ESTATE","2655","Dooars","JALPAIGURI","DHUPGURI","Public Ltd Co",1074.14,714.48,"ITA","PO:BINNAGURI, DIST:JALPAIGURI, WEST BENGAL","9733117831","teleparateaestate@yahoo.com","EXIMPO TEA LIMITED","3-B , LAL BAZAR, STREET,KOLKATA-01, WEST BENGAL.","033-22489011","","MR.P.K.AGARWAL","033-22489011","pshagarwal@yahoo.co.in","Kolkata","Eximpo Tea Limited","Eximpo Tea Limited, 3b, Lal Bazar St, Murgighata, B.B.D. Bagh, Kolkata, West Bengal 700001","700001","033 2248 4645","",22.5729218,88.35057549999999,"ChIJe6yzIVN2AjoREFgACOlyKXc","https://maps.google.com/maps/preview/place/Eximpo+Tea+Limited,+3b,+Lal+Bazar+St,+Murgighata,+B.B.D.+Bagh,+Kolkata,+West+Bengal+700001/@22.5729218,88.3505755,3684a,13.1y/data=!4m2!3m1!1s0x3a02765321b3ac7b:0x772972e908005810","matched"
301,"TOTAPARA TEA ESTATE","2592","Dooars","JALPAIGURI","DHUPGURI","Public Ltd Co",520.11,378.13,"ITPA","P.O: BANARHAT, DIST.JALPAIGURI, WEST BENGAL","9733118472","","NUDDEA PLANTATIONS LTD.","73,METCALF STREET, 2ND FLOOR, KOLKATA-13","033-22311234","","NUDDEA PLANTATIONS LTD.","033-22311234","","Kolkata","Manjushree Plantations Limited","7E, Manjushree Plantations Limited, Neelambar Building, 28B, Shakespeare Sarani, Elgin, Kolkata, West Bengal 700017","700017","033 2283 5660","https://manjushreeplantations.com/",22.5447757,88.3550762,"ChIJ0wPHmxl3AjoRvdf_8i-tZE8","https://www.google.com/maps/place/?q=place_id:ChIJ0wPHmxl3AjoRvdf_8i-tZE8","partial"
302,"GIELLE TEA ESTATE","P-4","Darjeeling Hills","DARJEELING","KALIMPONG","Public Ltd Co",486.64,250.51,"ITA","P.O. RUNGLI RUNGLIOT DIST., DARJEELING (WB)","9474382788","gielle@teestavalley.com","TEESTA VALLEY TEA CO LTD","3 NETAJI SUBHASH ROAD, KOLKATA-1","03322483586","akroy@teestavalley.com","TEESTA VALLEY TEA CO LTD","03322483586","akroy@teestavalley.com","Kolkata","Teesta Valley Tea Co. Ltd.","Teesta Valley Tea Co. Ltd., 5 & 7, Netaji Subhas Road, Kolkata, West Bengal 700001","700001","033 2248 8704","http://teestavalley.net/",22.5794218,88.34935519999999,"ChIJJ1GLl7t3AjoRV_89ssF7sJU","https://maps.google.com/maps/preview/place/Teesta+Valley+Tea+Co.+Ltd.,+5+%26+7,+Netaji+Subhas+Road,+Kolkata,+West+Bengal+700001/@22.5794218,88.3493552,3684a,13.1y/data=!4m2!3m1!1s0x3a0277bb978b5127:0x95b07bc1b23dff57","matched"
303,"KUMAI TEA ESTATE","2315","Darjeeling Hills","DARJEELING","KALIMPONG","Public Ltd Co",587.62,313.62,"TRA","KUMAI TEA ESTATE, PO KUMAI VIA, CHULSA","9434079902","tpikum@gmail.com","SNOWVIEW TEA COMPANY PVT LTD","17, CHOWRANGEE MANSIONS, KOLKATA 700016","03322299147","teagardens@teapromoters.in","MR. N SENGUPTA","03322299147","teagardens@teapromoters.in","Kolkata","Star Tea Company Private Limited","Star Tea Company Private Limited, 8/1, Lal Bazar St, Lal Bazar, Kolkata, West Bengal 700001","700001","033 2230 0559","http://www.startea.in/",22.5721265,88.3525406,"ChIJzZZYoKV3AjoRkegB8bfPzpU","https://www.google.com/maps/place/?q=place_id:ChIJzZZYoKV3AjoRkegB8bfPzpU","matched"
304,"KUMLAI","A-3","Darjeeling Hills","DARJEELING","KALIMPONG","Proprietorship",612.74,403.14,"ITA","P.O. DAMDIM, DIST- JALPAIGURI, W.B","03562-221388","mgrkumlaitea@bsnl.in","THE KUMLAI TEA & IND. LTD.","NICCO HOUSE, 4TH FLOOR,, CHURCH LANE, KOL-1","033-22485551","kanoiteagroup@gmail.com","MR. J.C.GHOSH","9433277494","kanoiteagroup@gmail.com","Kolkata","Kumlai Tea & Industries Ltd","Kumlai Tea & Industries Ltd, 1, Ganesh Chandra Ave, Mission Row Extension, Esplanade, Chowringhee North, Bow Barracks, Kolkata, West Bengal 700013","700013","","",22.5695847,88.35328,"ChIJiZsfrKh3AjoR4bI1_Fz12z8","https://maps.google.com/maps/preview/place/Kumlai+Tea+%26+Industries+Ltd,+1,+Ganesh+Chandra+Ave,+Mission+Row+Extension,+Esplanade,+Chowringhee+North,+Bow+Barracks,+Kolkata,+West+Bengal+700013/@22.5695847,88.35328,3684a,13.1y/data=!4m2!3m1!1s0x3a0277a8ac1f9b89:0x3fdbf55cfc35b2e1","matched"
305,"LOPCHU TEA ESTATE","1","Darjeeling Hills","DARJEELING","KALIMPONG","Public Ltd Co",321.21,95.75,"DTA","PO: LOPCHU, DIST:DARJEELING, STATE : WEST BENGAL, PIN-734213","03552-205091","lopchu@gmail.com","C.K.KANORIA ESQR &","P.K.KANORIA ESQR., PO: LOPCHU, DIST:DARJEELING, STATE : WEST BENGAL, PIN-734213","033-22104168","lopchu@gmail.com","C.K.KANORIA ESQR &","033-22104168","lopchu@gmail.com","Kolkata","S.Kakrania & Co.","S.Kakrania & Co., 10, Old Post Office St, B.B.D. Bagh, Kolkata, West Bengal 700001","700001","033 2248 0725","http://kakrania.in/",22.5689113,88.3447442,"ChIJnWUpkqF3AjoRWglrtYOmcHM","https://www.google.com/maps/place/?q=place_id:ChIJnWUpkqF3AjoRWglrtYOmcHM","partial"
306,"NAMRING","2576","Darjeeling Hills","DARJEELING","KALIMPONG","Proprietorship",770.93,448.34,"ITA","PO - RUNGLI RUNGLIOT, DIST, DARJEELING, WEST BENGAL","9434052960","","MONOJ PODDAR","4,FAIRLIC PLACE HMP HOUSE ,, KOLKATA-1","033-22310269","hmpteaestate@gmail.com","O.P.JAIN","033-22310269","hmpteaestate@gmail.com","Kolkata","Poddar Groups || Real Estate Promoter in Bansdroni, South Kolkata","Poddar Groups || Real Estate Promoter in Bansdroni, South Kolkata, P-109, Bansdroni Park, Ward Number 113, Kolkata, West Bengal 700070","700070","070038 84269","https://poddargroups.com/",22.469113099999998,88.3545898,"ChIJ068gcvhwAjoRNmFlfD9E7m0","https://www.google.com/maps/place/?q=place_id:ChIJ068gcvhwAjoRNmFlfD9E7m0","partial"
307,"PESHOK TEA ESTATE","2399","Darjeeling Hills","DARJEELING","KALIMPONG","Public Ltd Co",988.64,314.7,"DTA","P.O : PESHOK, DIST : DARJEELING, WEST BENGAL-734312","9609701516","subnkr@gmail.com","SHRI DEBABRATA MITRA","1004-05,KRISHNA, BUILDING,224, AJC BOSE ROAD, KOLKATA-700017, E-, Mail :debabrata.mitra@alchemist.co.i, n","9830017460","debabrata.mitra@alchemist.co","SHRI D.MITRA","9830017460","debabrata.mitra@alchemist.co","Kolkata","Dr. DEBABRATA MITRA","Dr. DEBABRATA MITRA, North City Hospital, C/O, Bagmari Rd, Kankurgachi, Kolkata, West Bengal 700054","700054","","",22.589571499999998,88.3940617,"ChIJNeOn54p3AjoRbYaNuv2dcPI","https://maps.google.com/maps/preview/place/Dr.+DEBABRATA+MITRA,+North+City+Hospital,+C%2FO,+Bagmari+Rd,+Kankurgachi,+Kolkata,+West+Bengal+700054/@22.5895715,88.3940617,3684a,13.1y/data=!4m2!3m1!1s0x3a02778ae7a7e335:0xf2709dfdba8d866d","partial"
308,"SAMABEONG TEA ESTATE","444","Darjeeling Hills","DARJEELING","KALIMPONG","Public Ltd Co",731.82,132.45,"DTA","P.O. LAVA, DIST. DARJEELING","9932514460","tpisam@gmail.com","DARJEELING TRADING LTD.","30,JL ROAD,KOLKAT16","03322299147","tpisam@gmail.com","MR. K.C.AGARWAL","03322299147","tpisam@gmail.com","Kolkata","Darjeeling Tea Traders","Darjeeling Tea Traders, 734003, Hill Cart Rd, beside biswadeep cinema hall, Ward 2, Pradhan Nagar, Siliguri, West Bengal 734003","734003","096092 51901","https://www.facebook.com/share/1CGDztBctF/",26.7278472,88.4140984,"ChIJFTCuFPZB5DkR85RcGSk8p04","https://www.google.com/maps/place/?q=place_id:ChIJFTCuFPZB5DkR85RcGSk8p04","matched"
309,"TUKDAH TEA ESTATE","F-8/4","Darjeeling Hills","DARJEELING","KALIMPONG","Public Ltd Co",555.55,261.71,"DTA","P.O. GHOOM,DIST- DARJEELING","9339145083","bdttukdahte@yahoo.com","B.D. TEA ESTATES PVT. LTD.","229,A.J.C. BOSE RD,KOL-20","9339145083","bdttukdahte@yahoo.com","B.K. TIBREWAL","03322817486","bdtept@dataone.in","Kolkata","Halmira Estate Tea Private Limited","Halmira Estate Tea Private Limited, 23, Pankaj Mullick Sarani, near st.lawrence school, Garcha, Ballygunge, Kolkata, West Bengal 700019","700019","033 3502 5701","https://www.halmiratea.com/",22.5288479,88.355651,"ChIJM71Ogi93AjoRcc12reVUb24","https://www.google.com/maps/place/?q=place_id:ChIJM71Ogi93AjoRcc12reVUb24","matched"
310,"KUCHLIBARI TEA ESTATE","3475","Cooch Behar","COOCH BEHAR","MEKHALIGANJ","Public Ltd Co",217.79,160.02,"TAI","PO.KUCHLIBARI , COOCHBEHAR,, WEST BENGAL","03562242264","","GOEL PLANTATIONS PVT. LTD","PO. MATELLI, JALPAIGURI, WEST, BENGAL - 735223, E-, Mail :goelplantationspvtltd@gmail.co, m","03562242260","goelplantationspvtltd@gmail.co","PRADEEP GOEL","9800075337","goelplantationspvtltd@gmail.co","Jalpaiguri","Damdim Tea Estate Factory, Amalgamated Plantations Pvt Ltd","RMH6+3X4 Damdim Tea Estate Factory, Amalgamated Plantations Pvt Ltd, Damdim Tea Garden, West Bengal 735209","735209","","",26.8276316,88.6624554,"ChIJzXCnv-gN5DkRHSxR8KUdgT4","https://www.google.com/maps/place/?q=place_id:ChIJzXCnv-gN5DkRHSxR8KUdgT4","matched"
311,"MAINAK HILLS TEA ESTATE","3498","Cooch Behar","COOCH BEHAR","MEKHALIGANJ","Public Ltd Co",284.79,274.04,"ITPA","P.O-CHANGRA BANDHA, DIST-, JALPAIGURI, W.B","9434143583","mainak@tiglobal.com","T & I GLOBAL LTD","11, JASSAL HOUSE, 4-A,, AUCKLAND SQUARE, KOLKATA-17","033-30283626","sajjan@tiglobal.com","SAJJAN BAGARIA","033-30283626","sajjan@tiglobal.com","Kolkata","T & I Global Limited","4-A, T & I Global Limited, Jassal House, No. 11, Auckland Pl, Kolkata, West Bengal 700017","700017","033 2283 3613","https://www.tiglobal.com/",22.5424377,88.3580818,"ChIJwXSDIh93AjoRrcKn_qgvRZ8","https://maps.google.com/maps/preview/place/4-A,+T+%26+I+Global+Limited,+Jassal+House,+No.+11,+Auckland+Pl,+Kolkata,+West+Bengal+700017/@22.5424377,88.3580818,3685a,13.1y/data=!4m2!3m1!1s0x3a02771f228374c1:0x9f452fa8fea7c2ad","partial"
312,"MOUPRIYA PLANTATION PVT LTD","3731","Cooch Behar","COOCH BEHAR","MEKHALIGANJ","Proprietorship",16.49,16.49,"None","P.O-BHAGRAMGURI, MATHABHANGA, P.S, DIST-COOCH BEHAR","9775471460","","ASHIT KR.SARKAR","SUBHASPALLY, P.O-SILIGURI,, WEST BENGAL","9434307456","","ASHIT KR. SARKAR","9434307456","","Siliguri","ASHIT SARKAR","ASHIT SARKAR, Santinagar Market, Siliguri Rd, Panjipara, West Bengal 733208","733208","","",26.1330717,88.0062567,"ChIJY0sFEY4R5TkR01zPNx5E230","https://www.google.com/maps/place/?q=place_id:ChIJY0sFEY4R5TkR01zPNx5E230","partial"
313,"TINBIGHA TEA ESTATE","3550","Cooch Behar","COOCH BEHAR","MEKHALIGANJ","Public Ltd Co",223.29,159.36,"","P.O-109, BR. KUCHLIBARI, DIST-, COOCHBEHAR","9933038917","newtea@yahoo.com","0","","","","0","033-22126753","newtea@yahoo.com","Kolkata","","","","","",,,"","","unscraped"
314,"MAHALDERAM","173","Darjeeling Hills / Terai","DARJEELING","KUESEONG","Public Ltd Co",110.07,67.9,"TRA","PO-BAGDORA,, DIST DARJEELING","9733045451","rungamattee.jung@gmail.com","JUTE & STORES LTD.","90/31, D.H. ROAD,KOLKATA-, 700038","09330124797","","NIL","","","Kolkata","Jute & Stores Ltd","Jute & Stores Ltd, 28/1, Shakespeare Sarani, Elgin, Kolkata, West Bengal 700017","700017","","",22.5438938,88.3553828,"ChIJs0Copxl3AjoRQ82gwceOlks","https://maps.google.com/maps/preview/place/Jute+%26+Stores+Ltd,+28%2F1,+Shakespeare+Sarani,+Elgin,+Kolkata,+West+Bengal+700017/@22.5438938,88.3553828,3685a,13.1y/data=!4m2!3m1!1s0x3a027719a7a840b3:0x4b968ec7c1a0cd43","matched"
315,"MAJHERDABRI","175","Dooars","JALPAIGURI","ALIPURDUAR","Public Ltd Co",486.5,382.27,"TRA","P.O: ALIPURDUAR JUNCTION DIST, JALPAIGURI PIN:736121","9002844384","majherdabri@rediffmail.com","BINOD KR. AGARWAL","P/3 NEW CIT ROAD 2ND FLOOR,, KOLKATA-700076","03322372825/94340051120","dabritea@yahoo.co.in","GIRIRAJ AGARWAL","9832039123/03322372825","dabritea@yahoo.co.in","Kolkata","Binod kumar Agarwal","JF7G+HWW Binod kumar Agarwal, Action Area IIB, Reckjoani, West Bengal 700161","700161","","",22.6139917,88.4773374,"ChIJ6yFSE5uf-DkRIe_BiGTdiWU","https://maps.google.com/maps/preview/place/JF7G%2BHWW+Binod+kumar+Agarwal,+Action+Area+IIB,+Reckjoani,+West+Bengal+700161/@22.6139917,88.4773374,3683a,13.1y/data=!4m2!3m1!1s0x39f89f9b135221eb:0x6589dd6488c1ef21","partial"
316,"MATHURA TEA ESTATE","9","Dooars","JALPAIGURI","ALIPURDUAR","Public Ltd Co",984.01,701.18,"ITA","P.O-MATHURA BAGAN","03564-203134","mathura@wmg.com","MCLEOD RUSSEL INDIA LIMITED","SURENDRA MOHAN GHOSH, SARANI, FOUR MANGOE LANE,, KOLKATA-1","033-22101221","administrator@wmg.co.in","NIL","","","Kolkata","Mcleod Russel India limited","Mcleod Russel India limited, Surendra Mohan Ghosh Sarani, 4, Mangoe Ln, Kolkata, West Bengal 700001","700001","099030 96991","http://www.mcleodrussel.com/",22.569381699999997,88.3511199,"ChIJdcrz16V3AjoRV8_Qg8r4ZXw","https://maps.google.com/maps/preview/place/Mcleod+Russel+India+limited,+Surendra+Mohan+Ghosh+Sarani,+4,+Mangoe+Ln,+Kolkata,+West+Bengal+700001/@22.5693817,88.3511199,3684a,13.1y/data=!4m2!3m1!1s0x3a0277a5d7f3ca75:0x7c65f8ca83d0cf57","matched"
317,"NIMTIJHORA TEA ESTATE","730","Dooars","JALPAIGURI","ALIPURDUAR","Public Ltd Co",575.45,396.15,"ITA","P.O.KALCHINI,DIST;JALPAIGURI,WEST, BENGAL","09434381072","nimtijhoratea@gmail.com","KHAYERBARI TEA CO. LTD.","NIMTI, BHAWAN,SAMAJPARA,JALPAIGUR, I","09434019481","nimtitea@yahoo.in","SHRI SHYAM SUNDAR GOYAL","09434019481","nimtitea@yahoo.in","Other / Unspecified","K B Tea Product Pvt Limited","K B Tea Product Pvt Limited, Chowdhury niwas, Milanpally, Saktigarh, Siliguri, West Bengal 734005","734005","098320 20781","",26.7011824,88.4199728,"ChIJ3Ru2csBB5DkRsLy8_CwDuis","https://www.google.com/maps/place/?q=place_id:ChIJ3Ru2csBB5DkRsLy8_CwDuis","matched"
318,"PATKAPRA TEA ESTATE","976","Dooars","JALPAIGURI","ALIPURDUAR","Public Ltd Co",592.58,470.65,"ITA","POST,ALIPURDUAR, JALPAIGURI","9593959192","patkaparatea@yahoo.com","DOOARS PLANTATION &","INDUSTRIES LTD.,, 3A RIPON STREET KOLKATA-, 700016, E-, Mail :dooarsplantations@hotmail.com","033-22292983","dooarsplantations@hotmail.com","DOOARS PLANTATION &","033-22292983","dooarsplantations@hotmail.com","Kolkata","Darjeeling Dooars Plantations Tea Limited","4th Floor, Darjeeling Dooars Plantations Tea Limited, Nicco House, 2, Hare St, Above Canara Bank, B.B.D. Bagh, Kolkata, West Bengal 700001","700001","033 2248 7908","",22.5713318,88.3458527,"ChIJhee-ACZ3AjoRR4JZfTemkLU","https://www.google.com/maps/place/?q=place_id:ChIJhee-ACZ3AjoRR4JZfTemkLU","matched"
319,"MATIKUNDA TEA ESTATE","4168","Terai","UTTAR DINAJPUR","ISLAMPUR","Public Ltd Co",113.08,62.11,"ITPA","P.O. MATIKUNDA,UTTAR DINAJPUR","9733230964","","BIJLIMONI TEA & FINANCE LTD.","I & L ALIPUR ROAD,KOLKATA-27","9831000353","","BIJLIMONI TEA & FINANCE LTD.","9831000353","","Kolkata","Bijalimoni Tea Estate","H735+JF3 Bijalimoni Tea Estate, Paschim Madati, West Bengal 734426","734426","","",26.554022399999997,88.2586657,"ChIJEfa9UJxR5DkR2FfN1VGmDrE","https://www.google.com/maps/place/?q=place_id:ChIJEfa9UJxR5DkR2FfN1VGmDrE","matched"
320,"PRAKASH CHANDRA TEA ESTATE","4151","Terai","UTTAR DINAJPUR","ISLAMPUR","Proprietorship",12.14,11.61,"","P.O:VAISVITA, DIST: NORTH DINAJPUR, WEST BENGAL","9800694839","","0","","","","0","9434019869","","Siliguri","","","","","",,,"","","unscraped"
321,"PROVA TEA ESTATE","3730","Terai","UTTAR DINAJPUR","ISLAMPUR","Proprietorship",26.81,24.81,"","P.O:DEBIJHORA, DIST.NORTH DINAJPUR, WEST BENGAL","9679735361","","540","","","","0","0353-2642678","","Siliguri","Siliguri","Siliguri, West Bengal","","","",26.7271012,88.39528609999999,"ChIJzR1E9RRB5DkR_-1jIHDEtd4","https://maps.google.com/maps/preview/place/Siliguri,+West+Bengal/@26.7271012,88.3952861,3564a,13.1y/data=!4m2!3m1!1s0x39e44114f5441dcd:0xdeb5c4702063edff","partial"
322,"RIGHTEX TRADING (P) LTD.","4154","Terai","UTTAR DINAJPUR","ISLAMPUR","Public Ltd Co",29.58,23.16,"None","PO-DEBIJHORA,DIST-NORTH, DINAJPUR,WB","9733017325","","RIGHTEX TRADING (P) LTD.","6, SAYED MUSTAFA ALI, ROAD,HAKIMPARA,SILIGURI","9434019869","","BIMAN DUTTA","9733017325","","Siliguri","Rightex Trading Pvt Ltd","C9MM+52G Rightex Trading Pvt Ltd, Uttar Besarbari, West Bengal 733207","733207","","",26.432946299999998,88.38258569999999,"ChIJ9yVnwmNZ5DkRopKD_vy8J4c","https://maps.google.com/maps/preview/place/C9MM%2B52G+Rightex+Trading+Pvt+Ltd,+Uttar+Besarbari,+West+Bengal+733207/@26.4329463,88.3825857,3573a,13.1y/data=!4m2!3m1!1s0x39e45963c26725f7:0x8727bcfcfe8392a2","partial"
323,"SOLODIGHI TEA ESTATE","3990","Terai","UTTAR DINAJPUR","ISLAMPUR","Public Ltd Co",42.46,39.67,"TRA","VILL: SOLODIGHI, P.O. DEBIJHORA,, DIST: UTTAR DINAJPUR","9832840250","","TOPICAL TEA CO. PVT. LTD.","N.S. ROAD, ISLAMPUR,P.O./P.S.:, ISLAMPUR, DIST. UTTAR, DINAJPUR","03526255224","acpranab@yahoo.co.in","SHRI PRANAB KUMAR ADAK","03526255224","acpranab@yahoo.co.in","Islampur","TOPICAL TEA COMPANY PRIVATE LIMITED","TOPICAL TEA COMPANY PRIVATE LIMITED, Soldighi, Debijhora, Chopra, Bhagabati, West Bengal 733207","733207","","http://topicaltea.in/",26.4784501,88.3668634,"ChIJjc716nBZ5DkR5ggMBccTosM","https://maps.google.com/maps/preview/place/TOPICAL+TEA+COMPANY+PRIVATE+LIMITED,+Soldighi,+Debijhora,+Chopra,+Bhagabati,+West+Bengal+733207/@26.4784501,88.3668634,3571a,13.1y/data=!4m2!3m1!1s0x39e45970eaf5ce8d:0xc3a213c7050c08e6","matched"
324,"TULSIVITA TEA ESTATE","4155","Terai","UTTAR DINAJPUR","ISLAMPUR","Partnership",41.846,40.75,"TRA","VILLAGE: HAFTIAGACH,P.O., BHOSPITA,DIST: UTTAR DINAJPUR, (W.B.)","09775935169","","TULSIVIA AGRO FAM","HIGH SCHOOL MORE,, ISLAMPUR,UTAR DINAJPUR(W.B)","03526257268","das.swapan65@yahoo.com","SHRI SWAPAN DAS & CHANDAN","09434044624","das.swapan65@yahoo.com","Islampur","Islampur","Islampur, West Bengal","","","",26.255431899999998,88.2009408,"ChIJhdrypQz95DkRgzUyHTgWd7g","https://maps.google.com/maps/preview/place/Islampur,+West+Bengal/@26.2554319,88.2009408,3578a,13.1y/data=!4m2!3m1!1s0x39e4fd0ca5f2da85:0xb87716381d323583","partial"
