Serial,Garden Name,Reg No,Region,District,Subdivision,Company Status,Grant Area (Ha),Tea Area (Ha),Association,Garden Address,Garden Phone,Garden Email,Owner / Company,Owner HQ Address,Owner Phone,Owner Fax,Owner Email,CEO / Principal,CEO Address,CEO Phone,CEO Email,HQ City
1,"AIBHEEL TEA GARDEN","B-81","Dooars","JALPAIGURI","MATELLI","Public Ltd Co",1508.1,827.84,"ITA","P.O. MATELLI,DIST.JALPAIGURI735223, -",,,"GOODRICKE GROUP LIMITED","CAMELLIA, HOUSE,14,GURUSADAY, ROAD,KOLKATA19","03322873969","03322872577","goodricke@goodricke.com","MR.A.N.SINGH","CAMELLIA, HOUSE,14,GURUSADAY, ROAD,KOLKATA19","990300999","goodricke@goodricke.com","Kolkata"
2,"ANANDAPUR TEA ESTATE","52","Dooars","JALPAIGURI","MATELLI","Public Ltd Co",631.7,402.25,"ITA","P.O : ANANDAPUR, DIST.JALPAIGURI, WEST BENGAL.",,,"NEW CHUMTA TEA CO. LTD","MCLEOD HOUSE 3, N.S.ROAD, KOLKATA-700001","033-22489161","033-22489598","mail@ntcl.in","MR. H.K.SHARMA","NEW CHUMTA TEA CO., MCLEOD HOUSE 3, N.S.ROAD, KOLKATA-700001","033-22489161","mail@ntcl.in","Kolkata"
3,"BAGRACOTE TEA GARDEN","B-2625","Dooars","JALPAIGURI","MATELLI","Public Ltd Co",808.63,488.89,"TRA","P.O. BAGRACOTE,DIST JALPAIGURI",,,"DUNCANS INDUSTRIES LIMITED","31,W.S. ROAD,KOLKATA-1","","","","MR. G.P. GOENKA","31,W.S. ROAD,KOLKATA-1","","","Kolkata"
4,"BAINTGOORIE TEA ESTATE","2626","Dooars","JALPAIGURI","MATELLI","Public Ltd Co",1056.83,657.93,"ITA","BAINTGOORIE T.E. P.O., MALBAZAR,DIST:JALPAIGURI(W.B.)",,,"DIANA TEA CO. LTD.","3,B LALBAZAR ST. KOLKATA-, 700001","03322488672","03322487571","contactus@dianatea.in","MR.SANDEEP KUMER SINGHANIA","3,B LALBAZAR ST. KOLKATA-, 700001","9831008677","contactus@dianatea.in","Kolkata"
5,"BATABARI","1612","Dooars","JALPAIGURI","MATELLI","Public Ltd Co",487.59,299.59,"ITA","P.O. CHALSA, DIST: JALPAIGURI-, 735206",,,"AMALGAMATED PLANTATIONS","PRIVATE LIMITED, G.S. ROAD, DISPUR, P. BOX NO. 9, CH, CHRISTIAN BASTI, GUWAHATI-, 700851","03612341618","","deepak.atal@amalgamated.in","DEEPAK ATAL","G.S. ROAD, DISPUR, P. BOX NO. 9,, RISTIAN BASTI, GUWAHATI-, 700851","03612341618","deepak.atal@amalgamated.in","Assam"
6,"CHALOUNI","B-7","Dooars","JALPAIGURI","MATELLI","Public Ltd Co",778.96,562.93,"ITA","P.O MATELLI, DIST- JALPAIGURI, W.B",,,"GOODRICKE GROUP LIMITED","CAMELLIA HOUSE, 14,, GURUSADAY ROAD, KOL-19","033-22873067","033-22872577","goodricke@.vsnl.com","MR. ARUN SINGH","CAMELLIA HOUSE, 14,, GURUSADAY ROAD, KOL-19","9903000999","goodricke@.vsnl.com","Kolkata"
7,"CHHAOPHALI TEA ESTATE","3985","Dooars","JALPAIGURI","MATELLI","Public Ltd Co",35.294,35.19,"None","P.O-BATABARI, DIST-JALPAIGURI, W.B",,,"DUTTA AGRO PLANTATION PVT LTD","RAJANI BAGAN, HILL ACRT ROAD,, SILIGURI, DARJEELING","9832032095","","","SANJOY DUTTA","RAJANI BAGAN, HILL ACRT ROAD,, SILIGURI, DARJEELING","9832032095","","Siliguri"
8,"CHULSA TEA ESTATE","B 26","Dooars","JALPAIGURI","MATELLI","Public Ltd Co",624.09,442.6,"TRA","POST-MATELLI, DIST-JALPAIGURI",,,"GOODRICKE GROUP LIMITED","14,GURUSADEY ROAD, CAMELLIA, HOUSE, KOLKATA-19","03322873067","","chulsa@goodricke.com","MR.A.N.SINGH","14,GURUSADEY ROAD, CAMELLIA, HOUSE, KOLKATA-19","03322873067","ansingh@goodricke.com","Kolkata"
9,"DAGAPUR","225","Dooars","JALPAIGURI","MATELLI","Public Ltd Co",274.55,194.77,"TAI","DT DARJEELING, PO PRADHAN, NAGAR, WEST BENGAL",,,"SUBLIME AGRO LTD.","7/1, LORD SINHA ROAD, KOLKATA, 700 001","033-22820521","033-22822207","sublimeagro@gmail.com","SUBLIME AGRO LTD.","7/1, LORD SINHA ROAD, KOLKATA, 700 001","033-22820521","sublimeagro@gmail.com","Kolkata"
10,"ELLENBARRIE TEA ESTATE","2472","Dooars","JALPAIGURI","MATELLI","Public Ltd Co",382.02,229.46,"ITPA","P.O., BAGRACOTE,DIST:JALPAIGURI,W.B.",,,"THE ELLENBARRIE TEA CO.LTD. SHANTI PROSAD AGARWALLA","746 BLOCK'P'NEW, ALIPOREK.L.SAIGOL, SARANI,KOLKATA53, E-, Mail :shanti.agarwala@ellenbarrie.co, m","03322291923","03322493396","shanti.agarwala@ellenbarrie.co","746 BLOCK'P'NEW","ALIPOREK.L.SAIGOL, SARANI,KOLKATA53, E-, Mail :shanti.agarwala@ellenbarrie.co, m","09735001710","shanti.agarwala@ellenbarrie.co","Kolkata"
11,"ENGO TEA ESTATE","2417","Dooars","JALPAIGURI","MATELLI","Proprietorship",161.18,109.14,"ITA","P.O. MATELLI, DIST-JALPAIGURI, W.B.",,,"ENGO TRADING & TEA CO.(P)","LTD., 135/BRB, BASU ROAD KOL-1","033-22133069","033-135140","engotea2008@gmail.com","MR ASHOK KUMAR BHUWALKA","135/BRB, BASU ROAD KOL-1","09831029757","engotea2008@gmail.com","Kolkata"
12,"GOOD HOPE TEA ESTATE","2294","Dooars","JALPAIGURI","MATELLI","Public Ltd Co",599.8,418.29,"ITA","GOOD HOPE T.E. P.O., DAMDIM,DIST:JALPAIGURI ,PIN:73520",,,"DIANA TEA CO. LTD.","M/S. DIANA TEA CO. LTD., ,3B,LALBAZAR STREET,KOLKATA-","","","","MR. MONOJ AGARWAL","M/S. DIANA TEA CO. LTD., ,3B,LALBAZAR STREET,KOLKATA-","","","Kolkata"
13,"GOPALPUR TEA ESTATE","152","Dooars","JALPAIGURI","MATELLI","Public Ltd Co",829.6,510.27,"TRA","JALPAIGURI, WEST BENGAL",,,"THE GOPALPUR TEA COMPANY LIMITED","FLAT 12,30,CHOWRANGHEE, ROAD,KOLKATA 16","03322291725","03322269950","gopalpurtea@gmail.com","SHRI NATHMAL MAHESWARI","FLAT 12,30,CHOWRANGHEE, ROAD KOLKATA-16","9330715151","gopalpurtea@gmail.com","Kolkata"
14,"GURJANGJHORA TEA ESTATE","25","Dooars","JALPAIGURI","MATELLI","Public Ltd Co",326.36,268.81,"TRA","P.O. MAL, DIST. JALPAIGURI",,,"GURJANGJHORA TEA &","INDUSTRIES LTD.,, 'CENTRE POINT, 28/2,, SHAKESPEARE SARANI, 4TH, FLOOR, FLAT NO.401, KOLKATA- E-, 700017, E-, Mail :kalyanigroupho@rediffmail.com","03561230172","03565227-491","kalyanigroupho@rediffmail.com","MR.S.SAHA","DINBAZAR, JALPAIGURI, Mail :kalyanigroupho@rediffmail.com","03561230172","kalyanigroupho@rediffmail.com","Kolkata"
15,"INDONG TEA ESTATE","2649","Dooars","JALPAIGURI","MATELLI","Proprietorship",740.38,483.84,"ITPA","INDONG, T.E.P.O.MATELLI,DIST:JALPAIGURI.-, 735223",,,"INDONG TEA CO. PVT. LTD.","4,INDIA EXCHANGE, PLACE,KOLKATA700 001","03322303281","03322312906","devvrat61@sifi.com","MR. DEVVRAT GUPTA","4,INDIA EXCHANGE, PLACE,KOLKATA700 001","03322303281","devvrat61@sifi.com","Kolkata"
16,"JOGESH CHANDRA TEA ESTATE","148","Dooars","JALPAIGURI","MATELLI","Proprietorship",577.11,463.47,"ITA","P.O : MALHATI, DIST : JALPAIGURI, WEST BENGAL",,,"MALHATI TEA AND INDS. LTD.","233,SEVOKE ROAD, 2ND MILE,SILIGURI, WEST BENGAL.","0353-2544704","0353-2545273","","MR.NARENDRA BARELIA","233,SEVOKE ROAD, 2ND MILE,SILIGURI, WEST BENGAL.","9434048605","","Siliguri"
17,"KAILASHPUR TEA ESTATE","1812","Dooars","JALPAIGURI","MATELLI","Public Ltd Co",404.81,294.54,"ITA","P.O : OODLABARI, DIST:JALPAIGURI, WEST BENGAL",,,"THE FRIENDS TEA COMPANY LTD. MR. RANJIT BALOW","RAHUT BUILDING                  RAHUT B, BABUPARA,                       BABUPAR, JALPAIGURI                      JALPAIG, WEST BENGAL                     Tel :03","03","03","friendst@rediffmail.com","UILDING","A,, URI, 561-230476, 561-224815, :friendst@rediffmail.com","","friendst@rediffmail.com","Jalpaiguri"
18,"KILLCOTT","B-9","Dooars","JALPAIGURI","MATELLI","Public Ltd Co",632.44,431.25,"","P.O. MATELLI, DIST: JALPAIGURI",,,"DUNCANS INDUSTRIES LIMITED","P.O. MATELLI, DIST: JALPAIGURI","9932911652","","killtg@duncans-tea.com","DUNCANS INDUSTRIES LIMITED","P.O. MATELLI, DIST: JALPAIGURI","9932911652","killtg@duncans-tea.com","Jalpaiguri"
19,"LEESH RIVER TEAGARDEN","B-02","Dooars","JALPAIGURI","MATELLI","Public Ltd Co",1029.43,634.61,"ITA","PO BAGRAKOTE, DST JALPIGURI",,,"GOODRICKE GROUP LIMITED","14, GURUSADAY RD KOL 19","033-22873065","","sebi@goodricke.com","MR A N SINGH","14, GURUSADAY RD KOL 19","033-22873065","sebi@goodricke.com","Kolkata"
20,"MALNADY TEA ESTATE","28","Dooars","JALPAIGURI","MATELLI","Public Ltd Co",144.28,97.69,"","POST MAL, DIST-JALPAIGURI",,,"MALNADY TEA ESTATE PVT. LTD., MALNADY TEA ESTATE PVT. LTD.,","MALNADY TEA ESTATE PVT, LTD., MALNADY TEA, GOPAL BHAWAN, 2ND FLOOR,      GOPAL BHAWA, CHURCH ROAD, SILIGURI-1       CHURCH ROAD","03532432548","03532531480","","ESTATE PVT, LTD.,","N, 2ND FLOOR,, , SILIGURI-1, 32548, 31480","","","Siliguri"
21,"MANABARRIE","2307","Dooars","JALPAIGURI","MATELLI","Public Ltd Co",521.72,292,"ITPA","P.O. MANABARI, DT JALPAIGURI,, WEST BENGAL",,,"TODI TEA CO. LTD.","2, LAL BAZAR STREET, KOLKATA, 700001","033-22101842","033-22480614","toditea@indiatimes.com","N. P. TODI","2, LAL BAZAR STREET, KOLKATA, 700001","033-22101842","toditea@indiatimes.com","Kolkata"
22,"MATELLI TEA ESTATE","N 8&9","Dooars","JALPAIGURI","MATELLI","Public Ltd Co",1046,730.08,"ITA","MATELLI T.E P.O: MATELLI DIST:, JALPAIGURI",,,"LUXMI TEA COMPANY LIMITED","17,R.N MUKHERJEE ROAD, KISHORE BHAVAN ,KOLKATA-, 7000001","","","","LUXMI TEA COMPANY LIMITED","17,R.N MUKHERJEE ROAD, KISHORE BHAVAN ,KOLKATA-, 7000001","","","Kolkata"
23,"MEENGLAS TEA GARDEN","B-5","Dooars","JALPAIGURI","MATELLI","Public Ltd Co",928.56,617.82,"ITA","P.O. SAILIHAT,DIST-JALPAIGURI,WB",,,"GOODRICKE GROUP LIMITED","CAMELLIA HOUSE,14, GURUSADAY ROAD,KOL-19","033-22873067","033-22872577","meen@goodricke.com","MR A.N.SINGH","CAMELLIA HOUSE,14, GURUSADAY ROAD,KOL-19","033-22873067","goodricke@vsnl.com","Kolkata"
24,"NAGAISUREE","B-8","Dooars","JALPAIGURI","MATELLI","Proprietorship",964.19,629.97,"TRA","P.O. MATELLI, DIST-JALPAIGURI,WB",,,"DUNCANS INDUSTRIES LIMITED","31, N.S. CHANDRA ROAD, KOL-1, tea.com","033-2200962","033-2486021","","MR M.GURBAXANI","31, N.S. CHANDRA ROAD, KOL-1, tea.com","033-2200962","","Kolkata"
25,"NEDAM TEA ESTATE","J-25","Dooars","JALPAIGURI","MATELLI","Public Ltd Co",355.73,255.83,"ITA","PO MAL JALPAIGURI",,,"NORTHERN BENGAL TEA","CORPORATION LTD, ATIABARI BUILDING DBC ROAD, JALPIGURI","03561230733","03562200208","nbtcl@rediffmail.com","ANAND AGARWAL","ATIABARI BUILDING DBC ROAD, JALPIGURI","9434022153","nbtcl@rediffmail.com","Jalpaiguri"
26,"NEPUCHAPUR TEA ESTATE","05","Dooars","JALPAIGURI","MATELLI","Public Ltd Co",400.02,296.35,"TRA","NEPUCHAPUR T.E P.O: BARADIGHI, DIST: JALPAIGURI, E-, Mail :carlton.kinglee@nepuchapurtea.c, m",,,"DIPALI DASGUPTA","NEPUCHAPUR TEA CO LTD 5A,NC, DUTTA SARANI KOLKATA-700001","03322302646","03322308738","","MR. RAJA RAY","NEPUCHAPUR TEA CO LTD 5A,NC, DUTTA SARANI KOLKATA-700001","9830882010","raja.ray@nepuchapurtea.com","Kolkata"
27,"NEW GLENCO TEA ESTATE","2390","Dooars","JALPAIGURI","MATELLI","Public Ltd Co",550.72,349.78,"ITA","MALBAZAR,, JALPAIGURI,WESTBENGAL",,,"SOONGACHI TEA INDUSTRIES (P) LTD","ARJUN ENCLAVE,TEA AUCTION, ROAD,SILIGURI","03532510831","03532510833","soongachi@gmail.com","S.K.SARIA","ARJUN ENCLAVE,TEA AUCTION","9434001426","soongachi@gmail.com","Siliguri"
28,"OODLABARI TEA ESTATE","276","Dooars","JALPAIGURI","MATELLI","Public Ltd Co",623.41,484.18,"ITA","P.O: MANABARI, DIST. : JALPAIGURI",,,"SHRI AJOY KUMAR NAHATA","OODLABARI TEA CO.LTD., 11,R.N.MUKHERJEE ROAD,, KOLKATA-01","033-22481101","033-22489515","oodlabari@hotmail.com","NOT APPLICABLE","OODLABARI TEA CO.LTD., 11,R.N.MUKHERJEE ROAD,, KOLKATA-01","033-22481101","oodlabari@hotmail.com","Kolkata"
29,"PUTHARJHORA TEA ESTATE","2611","Dooars","JALPAIGURI","MATELLI","Public Ltd Co",566.8,369.44,"TAI","P.O. MARAPUR ,DIST. JALPAIGURI., (W.B.)",,,"PUTHARJHORA TEA GARDEN","PVT. LDT., 30,JL ROAD,KOLKATA-700016","03322299147","03322496879","teapromoters@vsnl.net","MR. K.C.AGARWAL","30,JL ROAD,KOLKATA-700016","03322299147","teapromoters@vsnl.net","Kolkata"
30,"RAJA TEA ESTATE","2293","Dooars","JALPAIGURI","MATELLI","Public Ltd Co",600.08,417.67,"ITA","POST MALBAZAR, DIST JALPAIGURI,, WEST BENGAL",,,"ABHIJIT TEA CO.(P) LTD.","AGARWAL HOUSE, 2ND MILE,, SEVOKE ROAD, SILIGURI","03532543857","03532542656","","MR.V.D.DUA","AGARWAL, HOUSE, 2ND MILE,, SEVOKE ROAD, SILIGURI","03532543857","teraitea@gmail.com","Siliguri"
31,"RANICHERRA TEA ESTATE","2588","Dooars","JALPAIGURI","MATELLI","Public Ltd Co",1226.79,715.32,"ITA","PO SAILIHAT, JALPAIGURI, WEST, BENGAL",,,"RANICHERRA TEA CO.LTD","PO MATELLI, JALPAIGURI,735223, E-, Mail :ranicherra_tea@rediffmail.com","9800075337","03562242264","ranicherra_tea@rediffmail.com","PRADEEP KUMAR GOEL","PO MATELLI, JALPAIGURI,735223, E-, Mail :ranicherra_tea@rediffmail.com","9800075337","ranicherra_tea@rediffmail.com","Jalpaiguri"
32,"RUNGAMUTTEE TEA ESTATE","A4","Dooars","JALPAIGURI","MATELLI","Public Ltd Co",1427.77,771.74,"ITA","PO-MAL,DIST-JALPAIGURI,WB, E-, Mail :rungamuttee.estate@amalgamated., in",,,"AMALGAMATED PLANTATIONS","PRIVATE LIMITED, 5/2 RUSSELL STREET,KOL-700071 Tel, E-, Mail :rungamuttee.estate@amalgama, ted.in","03322267638","03322267894","","MR DEEPAK ATAL(MD)","5/2 RUSSELL STREET,KOL-700071, :03322267638, E-, Mail :rungamuttee.estate@amalgama, ted.in","","","Kolkata"
33,"SONALI TEA ESTATE","2434","Dooars","JALPAIGURI","MATELLI","Proprietorship",426.92,217.58,"None","SONALI T.E.,P.O., BAGRACOTE,JALPAIGURI",,,"SHRI RAJHESH JHUNJHUNWALA","SONALI T.E.,P.O. BGRACOTE","8927767461","","rsagroup@gmail.com","SHRI RAJHESH JHUNJHONWALA","SONALI T.E.,P.O. BAGRACOTE","8927767461","rsagroup@gmail.com","Other / Unspecified"
34,"SOONGACHI","A-6","Dooars","JALPAIGURI","MATELLI","Public Ltd Co",1052,639.42,"TAI","P.O - MALBAZAR, DIST -JALPAIGURI,, WEST BENGAL.",,,"G.D. AGARWAL","ANJU ENCLAVE, TEA AUCTION, ROAD, SILIGURI-3","03532510831","03532510833","shivksaria@gmail.com","S.K. SARIA","ANJU ENCLAVE, TEA AUCTION, ROAD, SILIGURI-3","03532510831","shivksaria@gmail.com","Siliguri"
35,"TOONBARRIE TEA ESTATE","2120","Dooars","JALPAIGURI","MATELLI","Public Ltd Co",259.42,154.35,"TRA","TOONBARRIE TEA ESTATE, POST, MAL DIST- JALPAIGURI",,,"TOONBARI TEA ESTATE PVT.","LTD.,, NO.8, KHAIRU PLACE, KOLKATA-, 700 072","03532432548","03532531480","","TOONBARI TEA ESTATE PVT.","LTD.,, NO.8, KHAIRU PLACE, KOLKATA-, 700 072","03532432548","","Kolkata"
36,"WASHABARIETEA ESTATE","2404","Dooars","JALPAIGURI","MATELLI","Public Ltd Co",698.18,438.25,"ITA","BAGRAKOTE, JALPAIGURI",,,"A.PALCHOUDHURI,NAYANTARA","PALCHOUDHURI, FARADAY HOUSE,P-17,GANESH, CHANDRA AVENUE, KOLKATA -13","03322345760","03322365890","washabarie@gmail.com","A.PALCHOUDHURI,NAYANTARA","PALCHOUDHURI, FARADAY HOUSE,P-17,GANESH, CHANDRA AVENUE, KOLKATA -13","03322345760","washabarie@gmail.com","Kolkata"
37,"ZURRANTEE TEA","2621","Dooars","JALPAIGURI","MATELLI","Proprietorship",742.46,510.18,"ITA","INDONG MATIALLI,DIST-, JALPAIGURI,W.B.",,,"SHASHANK PRASAD","2,HARE STREET NICCO HOUSE,, KOL-1","033-22489226","033-22486432","tea@ddptl.com","MR.SHASHANK PRASAD","2,HARE STREET NICCO HOUSE,, KOL-1","9831018022","tea@ddptl.com","Kolkata"
38,"AMARPUR TEA ESTATE","2810/2811","Dooars","JALPAIGURI","JALPAIGURI","Public Ltd Co",80.5,70.33,"ITPA","P.O-BERUBARI, DIST-JALPAIGURI,, W.B",,,"AMARPUR TEA PLANTATIONS LTD ALOK CHAMARIA","1/1A VANSITTART ROW, KOL-1  1/1A VANSI","033-22485837","033-22480767","phaskowa@gmail.com","TTART ROW, KOL-1","2485837, 2480767, askowa@gmail.com","","askowa@gmail.com","Kolkata"
39,"DAM DIM","A2","Dooars","JALPAIGURI","JALPAIGURI","Public Ltd Co",1361.51,738.02,"ITA","P.O DAMDIM,DIST.JALPAIGURI",,,"AMALGAMATED PLANTATIONS","PRIVATE LIMITED, 5/2,RUSSELL ST. KOLKATA-700071 Tel :, E-, Mail :ashok.bordoloi.amalgamated.in","03322267638","","","MR.A.BORDOLOI","5/2,RUSSELL ST. KOLKATA-700071, 03322267638, E-, Mail :ashok.bordoloi.amalgamated.in","","","Kolkata"
40,"DANGUAJHAR TEA GARDEN","B-31","Dooars","JALPAIGURI","JALPAIGURI","Public Ltd Co",963.9,660.57,"ITA","P.O-DANGUAJHAR, DIST-JALPAIGURI,, W.B",,,"GOODRICKE GROUP LIMITED","14, GURUSADAY ROAD, KOL-19","033-22873067","033-22872577","goodricke@vsnl.com","A. N. SINGH","14, GURUSADAY ROAD, KOL-19","033-22873067","goodricke@vsnl.com","Kolkata"
41,"JOYPUR","16","Dooars","JALPAIGURI","JALPAIGURI","Public Ltd Co",365.08,343.69,"ITPA","P.O-PRASANNANAGAR, DIST-, JALPAIGURI, W.B",,,"SUNNY VALLEY TEA &","INDUSTRIES LTD, P.O+DIST-JALPAIGURI, W.B","03561-230204","03561-230204","","RAJENDRA KR. MAHESWARI","P.O+DIST-JALPAIGURI, W.B","03561-230204","","Jalpaiguri"
42,"KARALA VALLEY TEA ESTATE","145","Dooars","JALPAIGURI","JALPAIGURI","Public Ltd Co",331.84,224.3,"ITPA","P.O-MOHITNAGAR, DIST-JALPAIGURI,, W.B",,,"DARJEELING DOOARS","PLANTATIONS (TEA) LTD., NICCO HOUSE, 4TH FLOOR, 2,, HARE STREET, KOL-1","033-22487908","033-22486432","tea@ddptl.com","SHASHANK PRASAD","NICCO HOUSE, 4TH FLOOR, 2,, HARE STREET, KOL-1","033-22487908","tea@ddptl.com","Kolkata"
43,"KONPAKRI AGRO INDUSTRIES (P)","3744","Dooars","JALPAIGURI","JALPAIGURI","Public Ltd Co",41.263,35.62,"ITPA","LTD*, P.O-BERUBARI, DIST-JALPAIGURI,, W.B",,,"KONPAKRI AGRO INDUS. (P) LTD PUROJIT BAKSHI GUPTA","ASSAM MORE, P.O-MOHITNAGAR, ASSAM MORE, JALPAIGURI                   JALPAIGUR","03561-255397","03561-257490","puro24@gmail.com",", P.O-MOHITNAGAR,","I, 0-04901, 1-257490, uro24@gmail.co","","uro24@gmail.co","Jalpaiguri"
44,"NANDAN TEA ESTATE","3818","Dooars","JALPAIGURI","JALPAIGURI","Public Ltd Co",25.12,25.12,"ITPA","P.O-MANUAGANJ, DIST-JALPAIGURI,, W.B",,,"CHUNIAJHORA TEA CO LTD","K. C. DEY ROAD, SILIGURI-734401","0353-645796","0353-645796","","ANAND KUMAR AGARWAL","K. C. DEY ROAD, SILIGURI-734401","9933020942","","Siliguri"
45,"NEPATI VALLEY TEA ESTATE","3785","Dooars","JALPAIGURI","JALPAIGURI","Public Ltd Co",27.85,26.95,"ITPA","P.O-RANGDHAMALI, DIST-, JALPAIGURI, W.B",,,"NEPATI VALLEY TEA ESTATE (P) LTD","P.O-RANGDHAMALI, DIST-, JALPAIGURI, W.B","0353-2530946","98320-41672","das.samir133@gmail.com","BADAL CHANDRA DAS","P.O-RANGDHAMALI, DIST-, JALPAIGURI, W.B","0353-2530946","das.samir133@gmail.com","Siliguri"
46,"PARBATI T.E AND GOURANGA","3826","Dooars","JALPAIGURI","JALPAIGURI","Public Ltd Co",27.68,27.68,"ITPA","CHANDRA T.E*, P.O-KARJIPARA, DIST-JALPAIGURI,, W.B",,,"GOURANGA PARBATI TEA CO PVT DILIP DAS AND PRADIP DAS","LTD                         TILAK ROAD,, TILAK ROAD, HAKIMPARA,      SILIGURI, SILIGURI                    Tel :9832092","9832092","0353-24","","HAKIMPARA,","716, 35726","","","Siliguri"
47,"RAIPUR TEA ESTATE","129","Dooars","JALPAIGURI","JALPAIGURI","Public Ltd Co",340.21,239.83,"TAI","P.O-RANGDHAMALI, DIST-, JALPAIGURI, W.B",,,"SUBRATA SAHA","AMRITPUR TEA CO. LTD., P.O+DIST-JALPAIGURI, W.B","9434064999","0353-2503808","amritapurteaslg@gmail.com","SUBRATA SAHA","AMRITPUR TEA CO. LTD., P.O+DIST-JALPAIGURI, W.B","9434064999","amritapurteaslg@gmail.com","Jalpaiguri"
48,"SARASWATIPUR T.E","31","Dooars","JALPAIGURI","JALPAIGURI","Public Sector",379.31,326.4,"TRA","P.O: SARASWATIPUR BAGAN DIST;, JALPAIGURI PIN 735133",,,"SARASWATIPUR TEA &","INDUSTRIES LTD, CENTRE POINT 28/2, SHAKESPEARE SARANI 4TH, FLOOR FLAT NO.401 KOLKATA, 700017","03322814014,22408982","03322814008","","SARASWATIPUR TEA &","INDUSTRIES LTD, CENTRE POINT 28/2, SHAKESPEARE SARANI 4TH, FLOOR FLAT NO.401 KOLKATA, 700017","03322814014,22408982","","Kolkata"
49,"AMBARI TEA ESTATE","P-1","Dooars","JALPAIGURI","NAGRAKATA","Public Ltd Co",707.37,587.1,"TRA","AMBARI T.E.,P.O. AMBARI, BAGAN,JALPAIGURI",,,"DIANA TEA CO. LTD.","3B,LALBAZAR ST,KOLKATA-1","03340661593","03322487571","","SHRI MANOJ AGARWAL","3B,LALBAZAR ST,KOLKATA-1","9830682087","","Kolkata"
50,"BANARHAT","2767","Dooars","JALPAIGURI","NAGRAKATA","Public Sector",796.94,634.21,"ITA","PO- BANARHAT,DIST-JALPAIGURI, WB",,,"ANDREW YULE & COMPANY LIMITED","YULE, HOUSE, 8, DR. RP SARANI,, KOLKATA 700001","03322428210","03322434741","","S MUNSHI","YULE, HOUSE, 8, DR. RP SARANI,, KOLKATA 700001","03322428210","","Kolkata"
51,"BHOGATPORE TEA ESTATE","2662","Dooars","JALPAIGURI","NAGRAKATA","Public Ltd Co",976.59,643.06,"ITA","PO NAGRAKATA -735225",,,"BHOGOTPUR TEA CO.LTD","NILHAT HOUSE,7TH, FLOOR,11,R.N.MUKHERJEE, ROAD,KOLKATA","03322427351","03322427297","bhagatpurtea@hotmail.com","ANIL KUMAR NAHATA","NILHAT HOUSE,7TH, FLOOR,11,R.N.MUKHERJEE, ROAD,KOLKATA","9831990002","bhagatpurtea@hotmail.com","Kolkata"
52,"BINAGURI TEA ESTATE","2598","Dooars","JALPAIGURI","NAGRAKATA","Proprietorship",725.09,602.56,"ITA","P.O: BINNAGURI, DIST.JALPAIGURI, WEST BENGAL.",,,"BINAGURI TEA CO. PVT.LTD.","238A,AJC BOSE ROAD, KOLKATA-700020","033-22483110","033-22484853","binaguri.te@gmail.com","SHRI R.K.SINGH","BINAGURI TEA CO. PVT.LTD., 238A,AJC BOSE ROAD, KOLKATA-700020","033-22483110","binaguri.te@gmail.com","Kolkata"
53,"CARRON TEA ESTATE","2520","Dooars","JALPAIGURI","NAGRAKATA","Proprietorship",581.55,303.86,"ITA","CARRON T.G P.O: CARRON DIST:, JALPAIGURI",,,"BASU TEA PRIVATE LTD","E-3/2 GILLANDER HOUSE 8,N.S, ROAD KOLKATA-700001","03322133460,9831195470","03322136122","","MR. P.K BASU","E-3/2 GILLANDER HOUSE 8,N.S, ROAD KOLKATA-700001","03322133460","","Kolkata"
54,"CHAMURCHI TEA ESTATE","19","Dooars","JALPAIGURI","NAGRAKATA","Public Ltd Co",889.2,493.22,"TRA","P.O. CHAMURCHI DIST. JALPAIGURI, WEST BENGAL",,,"RAJENDRA PRASAD TIWARI","216, MG ROAD KOLKATA- 700007","03322526728-29","03322527836","rajendra.1957@yahoo.com","RAJENDRA PRASAD TIWARI","216, MG ROAD KOLKATA- 700007","03322526728-29","rajendra.1957@yahoo.com","Kolkata"
55,"CHENGMARI","2613","Dooars","JALPAIGURI","NAGRAKATA","Public Ltd Co",1851.37,1290.87,"TAI","PO-CARRON, DIST -JALPAIGURI, WB",,,"CHENGMARI TEA CO. LTD.","CHENGMARI TEA CO. LTD. .37,, SHAKESPEARE SARANI, KOLKATA, -700017","033 22809603","033-22909355","chen_935503@bsnl.in","RAMESH KR. MORE","CHENGMARI TEA CO. LTD. .37,, SHAKESPEARE SARANI, KOLKATA, -700017","033 22809603","chen_935503@bsnl.in","Kolkata"
56,"CHOONABHUTTI TEA ESTATE","M-7","Dooars","JALPAIGURI","NAGRAKATA","Public Sector",539.95,401.8,"TRA","P.O-CHAMURCHI, DIST-JALPAIGURI,, W.B",,,"ANDREW YULE & COMPANY LIMITED","8, R.P. SARANI, KOL-1","033-22428210","033-22434741","cetea@andrewyule.com","SUNIL MUNSHI","8, R.P. SARANI, KOL-1","033-22428210","cetea@andrewyule.com","Kolkata"
57,"DEBPARA TEA ESTATE","12","Dooars","JALPAIGURI","NAGRAKATA","Public Ltd Co",851.81,546.24,"TRA","DEBPARA T.E.,P.O. BANARHAT,DIST-, JALPAIGURI",,,"DEBPARA TEA CO. LTD.","UKILPARA,JALPAIGURI","03561230060","","","MR. S.MITTAL","UKILPARA,JALPAIGURI","9434145186","debparatea@gmail.com","Jalpaiguri"
58,"DHARANIPUR","2515","Dooars","JALPAIGURI","NAGRAKATA","Proprietorship",441.59,264.52,"ITA","PO-CARRON,DIST-JALPAIGURI,WB",,,"ROSHANLAL AGARWAL","O M PALACE , ASHRAMPARA, WB","0353-2640235","0353-2640068","redbank@yahoo.com","N K BASU","OM PALACE, ASHRAMPARA, WB","0350 -2640235","redbank@yahoo.com","Siliguri"
59,"DIANA TEA ESTATE","J-26","Dooars","JALPAIGURI","NAGRAKATA","Public Ltd Co",536.62,418.3,"ITA","P.O. BANARHAT,PIN, 735202,JALPAIGURI",,,"DIANA TEA CO. LTD.","3B LALBAZAR ST.KOL-1","03322488672","03322487571","contactus@dianatea.in","MR. MONO AGRWALLA","DIANA TEA CO.LTD.,3B LALBAZAR, ST.KOL-1","03322488672","contactus@dianatea.in","Kolkata"
60,"GHATIA TEA ESTATE","2624","Dooars","JALPAIGURI","NAGRAKATA","Proprietorship",756.11,599.64,"TRA","GHATIA TEA ESTATE NAGRAKATA, DIST: JALPAIGURI",,,"H.V. KEJRIWAL","90/31, DIAMOND HARBOUR ROAD, KOLKATA-700038","03323983289","03323982262","rungamattee@gmail.com","H.V. KEJRIWAL","90/31, DIAMOND HARBOUR ROAD, KOLKATA-700038","03323983289","rungamattee@gmail.com","Kolkata"
61,"HILLA","2423","Dooars","JALPAIGURI","NAGRAKATA","Public Sector",709,310,"ITA","P.O.NAGRAKATA, DIST- JALPAIGURI,, W.B",,,"WEST BENGAL TEA","DEVELOPMENT CORPORATION, LTD., SHYAMKUNJ,12B, LORD SINHA, ROAD, 3RD FLOOR, KOL-71","033-22821284","033-22824935","webtea@vsnl.net","MISS. MAUSAMI GUHA ROY","SHYAMKUNJ,12B, LORD SINHA, ROAD,","033-22828761","webtea@vsnl.net","Kolkata"
62,"HOPE TEA GARDEN","B/10","Dooars","JALPAIGURI","NAGRAKATA","Public Ltd Co",679.57,432.12,"ITA","HOPE TEA GARDEN,P.O., NAGRAKATA; DIST: JALPAIGURI",,,"V.MANDAL","""CAMELLIA, HOUSE""14,GURUSADAY, ROAD,KOLAKATA-19","03322872577","","","MR. ARUN NARAYAN SINGH","""CAMELLIA, HOUSE""14,GURUSADAY, ROAD,KOLAKATA-19","09903000999","","Kolkata"
63,"JALDACCA ALTADANGA TEA ESTATE 15","","Dooars","JALPAIGURI","NAGRAKATA","Public Ltd Co",405.37,197.39,"TRA","P.O-NATHUAHAT, DIST-JALPAIGURI,, W.B",,,"AJIT KUMAR AGARWAL","AGARWALA HOUSE, 2ND MILE,, SEVOKE ROAD, SILIGURI","0353-2543857","0353-2542656","teraitea@gmail.com","V.D.DUA","AGARWALA HOUSE, 2ND MILE,, SEVOKE","0353-2543857","teraitea@gmail.com","Siliguri"
64,"JITI","B-11","Dooars","JALPAIGURI","NAGRAKATA","Public Ltd Co",934.46,546.86,"TRA","P.O-NAGRAKATA,DIST-, JALPAIGURI,WB",,,"GOODRICKE GROUP LIMITED","""CAMELLIA, HOUSE""14,GURUSADAY, ROAD,KOL-19","033-22873067","","goodricke@goodricke.com","MR A.N. SINGH","""CAMELLIA, HOUSE""14,GURUSADAY, ROAD,KOL-19","033-22873067","goodricke@goodricke.com","Kolkata"
65,"KARBALA TEA ESTATE","M(19)2768","Dooars","JALPAIGURI","NAGRAKATA","Public Sector",1021.95,755.24,"ITA","P.O: BANARHAT, DIST : JALPAIGURI, WEST BENGAL",,,"ANDREW YULE & COMPANY LIMITED","8,DR.R.P.SARANI,, KOLKATA","","","","SHRI SUNIL MUNSHI","ANDREW YULE &COMPANY LTD., 8,DR.R.P.SARANI,, KOLKATA","9830019050","","Kolkata"
66,"KATALGURI TEA ESTATE","10","Dooars","JALPAIGURI","NAGRAKATA","Proprietorship",777.06,495.25,"None","P.O. KATALGURI DIST. JALPAIGURI, (WB)",,,"ARION AGENCIES PVT. LTD.","233, 2ND MILE SEVOKE ROAD,, SILIGURI","03532544704","03532545273","sevokemotors@vsnl.net","NARENDRA BERLIA","M/S ARION AGENCIES PVT. LTD.,, 233, 2ND MILE SEVOKE ROAD,, SILIGURI","03532544704","sevokemotors@vsnl.net","Siliguri"
67,"KATHALDHURA TEA ESTATE","3973","Dooars","JALPAIGURI","NAGRAKATA","Public Ltd Co",80.97,74.93,"ITPA","KATHALDHURA TEA ESTATE, POST-, NAGRAKATA, DIST-JALPAIGURI",,,"KANCHAN TREE PLANTATIONS","PVT. LTD.,, KANCHAN TREE PLANTATION, PVT. LTD., 2ND MILE, SEVOKE, ROAD, SILIGUR734001","03532779338","03532541614","deepakberlia@yahoo.com","MR. DEEPAK BERLIA","KANCHAN TREE PLANTATION, PVT. LTD., 2ND MILE, SEVOKE, ROAD, SILIGUR734001","9434045112","deepakberlia@yahoo.com","Siliguri"
68,"KURTI TEA ESTATE","2616","Dooars","JALPAIGURI","NAGRAKATA","Proprietorship",659,417.93,"","PO. NAGRAKATA, JALPAIGURI",,,"QUALITY TEA PRODUCING CO. PVT. LTD.","KOLKATA","03565270409","03322430165","qtpl@vsnl.net","B.K.DALMIA","KOLKATA","03565270409","qtpl@vsnl.net","Kolkata"
69,"LAKHIPARA TEA GARDEN","B-14","Dooars","JALPAIGURI","NAGRAKATA","Public Ltd Co",919.55,627.47,"TRA","P.O. BANARHAT,JALPAIGURI",,,"GOODRICKE GROUP LIMITED","CAMELLIA HOUSE,14 GURUSDAY, ROAD,KOLKATA","03322873067","03322873067","goodricke@vsnl.com","MR.A.N.SINGH","CAMELLIA HOUSE,14 GURUSDAY, ROAD,KOLKATA","03322873067","goodricke@vsnl.com","Kolkata"
70,"LANKAPARA TEA GARDEN","2632","Dooars","JALPAIGURI","NAGRAKATA","Public Ltd Co",1275.7,758.45,"ITA","P.O. RAMJHORA ,JALPAIGURI",,,"DUNCANS INDUSTRIES LIMITED","31,N.S.ROAD.KOLKATA-1","32219158","03322486021","","G.P.GOENKA","31,N.S.ROAD.KOLKATA-1","32219158","","Kolkata"
71,"LOOKSUN TEA ESTATE","2441","Dooars","JALPAIGURI","NAGRAKATA","Public Ltd Co",747.56,424.69,"ITA","PO. CARRON,JALPAIGURI,WEST, BENGAL",,,"GIRIRAJ PLANTATIONS PVT. LTD","2ND MILE SEVOKE ROAD, SILIGURI","03532779337","03532541614","girirajplantation@yahoo.in","DEPAK BERLIA","2ND MILE SEVOKE ROAD, SILIGURI","03532779337","deepakberlia@yahoo.com","Siliguri"
72,"MOGULKATA TEA ESTATE","2524","Dooars","JALPAIGURI","NAGRAKATA","Proprietorship",662.84,408.39,"ITA","P.O : BANARHAT, DIST. : JALPAIGURI, WEST BENGAL",,,"BIJOYNAGAR TEA CO. LTD","11,GOVT.PLACE EAST, KOLKATA-700069, WEST BENGAL","033-22487629","033-22486682","btcl@cal2.vsnl.net.in","MR. R.S.CHATTERJEE","C/O: BIJOYNAGAR TEA CO LTD,, 11,GOVT.PLACE EAST, 2ND FLOOR,, KOLKATA-69","9903461349","btcl@cal2.vsnl.net.in","Kolkata"
73,"MORAGHAT TEA ESTATE","2546","Dooars","JALPAIGURI","NAGRAKATA","Proprietorship",604.38,513.47,"ITA","BINNAGURI P.O., DIST.JALPAIGURI, WEST BENGAL",,,"BINAGURI TEA CO. PVT.LTD.","24,R.N.MUKHERJEE, ROAD,KOLKATA-1","033-22484395","033-22484885","","BINAGURI TEA CO. PVT.LTD.","24,R.N.MUKHERJEE, ROAD,KOLKATA-1","033-22484395","","Kolkata"
74,"NAGRAKATA TEA ESTATE","2615","Dooars","JALPAIGURI","NAGRAKATA","Public Ltd Co",923.68,549.78,"ITA","P.O. NAGRAKATA,DIST.JALPAIGURI",,,"QUALITY TEA PRODUCING CO. PVT. LTD.","6-A,DR.RAJENDRA PRASAD, SARANI,KOLKATA-1","03322307874","","qualitytea@hotmail.com","MR.SANJAY DALMIA","6-A,DR.RAJENDRA PRASAD, SARANI,KOLKATA-1","9331196774","qualitytea@hotmail.com","Kolkata"
75,"NEW DOOARS","M-26","Dooars","JALPAIGURI","NAGRAKATA","Public Sector",962.35,792.35,"ITA","PO-BANARHAT, DIST-JALPAIGURI, WB",,,"ANDREW YULE & COMPANY LIMITED","YULE HOUSE, DR.R P, SARANI,KOLKATA-700001","033-22428210","033-22434741","","SUNIL MUNSHI","YULE HOUES , DR. RP SARANI,,, KOLKATA-700001","033-22428210","","Kolkata"
76,"NYA SYLEE","RC-31","Dooars","JALPAIGURI","NAGRAKATA","Partnership",786.12,460.77,"ITA","P.O NAGRAKATA, DIST- JALPAIGURI,, W.B",,,"OCTIVIOUS TEA & INDIA LTD.","15, B HEMANTA BASU SARANI,, KOL-1","9331289101","033-22487333","susil@octiviouste.com","MR. SUSHIL KR. JAIN","15, B HEMANTA BASU SARANI,, KOL-1","9331289101","susil@octiviouste.com","Kolkata"
77,"RED BANK","1956","Dooars","JALPAIGURI","NAGRAKATA","Proprietorship",551.09,361.63,"ITA","PO-RED BANK,DIST-JALPAIGURI,WB",,,"ROSHANLAL AGARWAL","OM PALACE , ASHRAMPARA,, SILIGURI, E-, Mail :buxadoorsteaestates@gmail.co, m","0353-2640068","0353-2640068","buxadoorsteaestates@gmail.co","N K BASU","O M PALACE, ASHRAMPARA,, SILIGURI, E-, Mail :buxadoorsteaestates@gmail.co, m","0353-2640068","buxadoorsteaestates@gmail.co","Siliguri"
78,"RHEABARI TEA ESTATE","14","Dooars","JALPAIGURI","NAGRAKATA","Partnership",510.14,374.62,"TRA","P.O. BANARHAT DIST JALPAIGURI, WEST BENGAL",,,"ASHOK KUMAR BANSAL","M/S REHEABARI TEA CO. LTD., HINDUSTAN BUILDING 4, CHITRANJAN AVENUE KOLKATA, 72","03322124721","03322129696","info@newteaCo.com","ARVIND KUMAR","M/S REHEABARI TEA CO. LTD., HINDUSTAN BUILDING 4, CHITRANJAN AVENUE KOLKATA, 72","03322124721","info@newteaCo.com","Kolkata"
79,"SURENDRA NAGAR","2415","Dooars","JALPAIGURI","NAGRAKATA","Proprietorship",210,172.16,"ITA","PO: REDBANK, DIST-JALPAIGURI,WB",,,"ROSHANLAL AGARWAL","O M PALACE, RAMAKRISHNA, ROAD,ASHRAMPARA,WB, E-, Mail :buxadooarsteaestate@gmail.co, m","9434086855","0353-2640068","buxadooarsteaestate@gmail.co","NK BASU","O M PALACE , OM PALACE ,, ASHRAMPARA, SILIGURI,WB, E-, Mail :buxadooarsteaestate@gmail.co, m","9434086855","buxadooarsteaestate@gmail.co","Siliguri"
80,"AMBIOK TEA ESTATE","236","Darjeeling Hills","DARJEELING","GORUBATHAN","Public Ltd Co",277.06,152.13,"ITPA","P.O.FAGU,DIST.DARJEELING,WEST, BENGAL",,,"ANAND GOPAL TEA CO.","(DARJEELING) PVT.LTD., ANAND GOPAL TEA CO., (DARJEELING) PVT. LTD. BESIDES HO, HOTEL GATEWAY,1ST, FLOOR ,SEVOKE ROAD,SILIGURI Tel :","03532537016","03532430017","sanjoyambiok@yahoo.co.in","MR. SANJAY MITTAL","ANAND GOPAL TEA CO., (DARJEELING) PVT. LTD. BESIDES, FLOOR ,SEVOKE ROAD,SILIGURI, 9434042112","","sanjoyambiok@yahoo.co.in","Siliguri"
81,"FAGU","2628","Darjeeling Hills","DARJEELING","GORUBATHAN","Public Ltd Co",227.11,190.15,"TRA","P.O. FAGU, DIST- DARJEELING.",,,"GBC ENTERPRISE LTD.","VIKRAM APPARTMENT ,B, 1,MEGHNATH SAHA, SARANI,PRODHAN NAGAR.","0353 2514388/033 22310370","0353 2514388/033 22310370","gbc.siliguri@gmail.com","KRISHNENDU DAS","VIKRAM APPARTMENT ,B, 1,MEGHNATH SAHA, SARANI,PRODHAN NAGAR.","0353 2514388/033 22310370","gbc.siliguri@gmail.com","Other / Unspecified"
82,"MISSION HILL","262","Darjeeling Hills","DARJEELING","GORUBATHAN","Public Ltd Co",380.12,244.16,"ITPA","PO-FAGU,DIST-DARJEELING,PIN-, 735231.",,,"ASHA TEA COMPANY PVT LTD","PO-MAL,DIST-JALPAIGURI,WB.","9434051938","03562255072","missionhill.tea@gmail.com","MR SUBHADEEP ROY","PO-MAL,DIST-JALPAIGURI,WB, E-, Mail :missionhill.darjeelingtea@gmail., com","9647700306","","Jalpaiguri"
83,"MOHAN MAJHUA TEA ESTATE","2047","Darjeeling Hills","DARJEELING","GORUBATHAN","Proprietorship",52.2,52.2,"TRA","P.O. KURSEONG DIST. DARJEELING, (WB)",,,"MAHANADI TEA COMPANY PVT.","LTD., 24/1A, BALLY GANJ CIRCULAR, ROAD UTTRAYAN BUILDING, KOLKATA-19","9330124797","","jungpana@rediffmail.com","SHANTANU KEJRIWAL","24/1A, BALLY GANJ CIRCULAR, ROAD UTTRAYAN BUILDING, KOLKATA-19","9330124797","jungpana@rediffmail.com","Kolkata"
84,"NARBADA MAJHUA TEA ESTATE","210","Darjeeling Hills","DARJEELING","GORUBATHAN","Proprietorship",48,38.79,"","P.O. KURSEONG DIST. DARJEELING, WEST BENGAL",,,"4","","","","","0","LTD.                                24/A BALLYGUNJ CIRCULAR, 24/A BALLYGUNJ CIRCULAR             ROAD UTTRAYAN BUILDING, ROAD UTTRAYAN BUILDING              KOLKATA-19, KOLKATA-19                          Tel :09330124797","09330124797","jungpana@rediffmail.com","Kolkata"
85,"SYLEE","C-59","Darjeeling Hills","DARJEELING","GORUBATHAN","Public Ltd Co",1033.62,591.44,"ITA","P.O. SAILIHAT,DIST-JALPAIGURI,WB",,,"OCTIVIOUS TEA & INDIA LTD.","15,B HEMANTA BASU SARANI,KOL 15,B, -1","9331289101","033-2248733","octavius@octaviustea.com","MR. SUSHIL KR JAIN","HEMANTA BASU SARANI,KOL, -1","033-221741","susil@octaviustea.com","Kolkata"
86,"UPPER FAGU","2327","Darjeeling Hills","DARJEELING","GORUBATHAN","Public Ltd Co",450,121.3,"ITA","PO-GORUBATHAN,DIST-DARJEELING,, WEST BENGAL",,,"SOMBARIA CO LTD","3, NETAJI SUBHAS ROAD,, KOLKATTA-700 001","033-22488602","033-22483449","upperfagu@yahoo.co.in","MR ASHOK CHATTERJEE","3, NETAJI SUBHAS ROAD,, KOLKATTA-700 001","9836075780","upperfagu@yahoo.co.in","Kolkata"
87,"AMBOOTIA TEA ESTATE","2020","Darjeeling Hills / Terai","DARJEELING","KURSEONG","Proprietorship",966.7,346.89,"TRA","AMBOOTIA TEA ESTATE P.O., KURSEONG DIST DARJEELING",,,"DARJEELING ORGANIC TEA","ESTATES PVT. LTD., 20 COAL BERTH, HOBKON ROAD, KOLKATA700088","0332439167","033 2439167","ambootiagarden@gmail.com","MR SANJOY PRAKASH BANSAL","20 COAL BERTH, HOBKON ROAD, KOLKATA700088","0332439167","ambootiagarden@gmail.com","Kolkata"
88,"CASTLETON TEA GARDEN","2025","Darjeeling Hills / Terai","DARJEELING","KURSEONG","Public Ltd Co",254.58,172.96,"ITA","PO-KURSEONG,DIST-, DARJEELING,WB",,,"AMGOORIE INDIA LIMITED","14-GURUSADAY ROAD,KOL-19","03322874689","03322870204","hr@goodricke.com","MR A N SINGH","14-GURUSADAY ROAD,KOL-19","03322874689","hr@goodricke.com","Kolkata"
89,"DOOTERIAH TEA ESTATE","2335","Darjeeling Hills / Terai","DARJEELING","KURSEONG","Proprietorship",1264.52,443.92,"TRA","P.O. GHOOM DIST. DARJEELING, WEST BENGAL",,,"K.D. SINGH","10TH FLOOR KRISHNA BUILDING, 224 AJC BOSE ROAD KOLKATA-17","03364505743","03322891372","dtkv@vsnl.net","K.D. SINGH","10TH FLOOR KRISHNA BUILDING, 224 AJC BOSE ROAD KOLKATA-17","03364505743","dtkv@vsnl.net","Kolkata"
90,"GIDAPAHAR TEA ESTATE","311","Darjeeling Hills / Terai","DARJEELING","KURSEONG","Proprietorship",119.57,94.34,"DTA","PO:KURSEONG, DIST. DARJEELING, STATE:WEST BENGAL, PIN: 734203",,,"H.K.SHAW","GIDAPAHAR T.E, P.O : KURSEONG, DIST. DARJEELING, STATE : WEST BENGAL","0354-2338014","","giddapahar@rediffmail.com","NOT APPLICABLE","NOT APPLICABLE(N.A)","","","Darjeeling"
91,"GOOMTEE TEA ESTATE","2157","Darjeeling Hills / Terai","DARJEELING","KURSEONG","Proprietorship",234.7,134,"TRA","P.O. KURSEONG DIST. DARJEELING, WEST BENGAL",,,"MAHANADI TEA COMPANY PVT.","LTD., 24/1A, BALLY GANJ CIRCULAR, ROAD UTTRAYAN BUILDING, KOLKATA-19","09330124797","","jungpana@rediffmail.com","SANTANU KRJRIWAL","24/1A, BALLY GANJ CIRCULAR, ROAD UTTRAYAN BUILDING, KOLKATA-19","09330124797","jungpana@rediffmail.com","Kolkata"
92,"JOGMAYA TEA ESTATE","309","Darjeeling Hills / Terai","DARJEELING","KURSEONG","Proprietorship",207.54,107.27,"ITA","P.O. GAYABARI DIST. DARJEELING, WEST BENGAL 734223",,,"JOGMAYA TEA ESTATE PVT. LTD.","8A, WOOD STREET KOLKATA-16, WB","03322817160","03322800283","indiateaexp@vsnl.net","M/S NAINA JOHAR","8A, WOOD STREET KOLKATA-16, WB","03322817160","indiateaexp@vsnl.net","Kolkata"
93,"JUNGPANA","0454","Darjeeling Hills / Terai","DARJEELING","KURSEONG","Public Ltd Co",101.08,75.71,"TRA","PO-KURSEONG,, DIST-DARJEELING,, WEST BENGAL, rungamattee.jung@rediffmail.com",,,"JUTE & STORES LTD.","90/31,DH ROAD KOLKATA-700038","9330124797","","jungpana@rediffmail.com","SANTANU KEJRIWAL","90/31,DHROAD KOLKATA-700038","9330124797","jungpana@rediffmail.com","Kolkata"
94,"LONGVIEW TE","2153","Darjeeling Hills / Terai","DARJEELING","KURSEONG","Public Ltd Co",1020.62,500.15,"ITA","PO.PANCHABARI,DARJEELING, WEST, BENGAL",,,"LONGVIEW TEA & AGRO LIMITED","15 COLLEGE STREET, KOLKATA -, 700012","","03322198619","longview123@gmail.com","MOHAN KRISHNAN","BARSANA,MATIGARA, SILIGURI","9734161819","longview123@gmail.com","Kolkata"
95,"MAKAIBARI TEAESTATE","1605","Darjeeling Hills / Terai","DARJEELING","KURSEONG","Proprietorship",570.21,248.18,"DTA","P.O. KURSEONG DIST. DARJEELING,, WEST BENGAL 734203",,,"MAKAIBARITEA 7 TRADING CO. PVT. LTD.","MAKAIBARI TEA ESTATE P.O., KURSEONG DIST DARJEELING, WEST BENGAL","9733004577","","makaibari.rajah@gmail.com","KULDIP BASU","MAKAIBARI TEA ESTATE P.O., KURSEONG DIST DARJEELING, WEST BENGAL","9830504586","kbasu@btinternate.in","Darjeeling"
96,"MONTEVIOT TEA ESTATE","73","Darjeeling Hills / Terai","DARJEELING","KURSEONG","Partnership",76.6,59.91,"TRA","MONTEVIOT TEA ESTATE P.O:, KURSEONG DIST: DARJEELING",,,"MR. SANJAY BANSAL","DARJEELING ORGANIC EKTA PVT. DAR, LTD 20, COAL BARTH , HOBKON, ROAD, KOLKATA 700088","9007883169","03324391927","ambplantation@gmail.com","MR. KRISHNENDU CHATTERJEE","JEELING ORGANIC EKTA PVT., LTD 20, COAL BARTH , HOBKON, ROAD, KOLKATA 700088","9007883169","ambplantation@gmail.com","Kolkata"
97,"MOONDAKOTEE TEA ESTATE","2317","Darjeeling Hills / Terai","DARJEELING","KURSEONG","Proprietorship",563.36,298.78,"DTA","P.O-SONADA ,DIST- JALPAIGURI, 734219",,,"MR. SANJAY BANSAL","MOONDAKATEE TEA CO. PVT., LTD., 20 COAL BERTH HOBUKAN ROAD, KOLKATA 88","033-24391927","","","K.CHATTERJEE","20 COAL BERTH,HOBOKEN, RD,KOL-88,KOLKATA-1","9007883165","amb.plantation@yahoo.com","Kolkata"
98,"MULLOTAR TEA ESTATE","1302","Darjeeling Hills / Terai","DARJEELING","KURSEONG","Proprietorship",448.94,172.69,"DTA","P.O:MAHANADI, DIST.DARJEELING, WEST BENGAL.",,,"MR. SANJAY BANSAL","20,COAL BERTH, HOBOKEN ROAD, KOLKATA-88","033-24391927","033-24391927","amb.plantation@yahoo.com","SHRI K.CHATTERJEE","20,COAL BERTH, HOBOKEN ROAD, KOLKATA-88","033-24391927","amb.plantation@yahoo.com","Kolkata"
99,"POBONG TEA ESTATE","2529","Darjeeling Hills / Terai","DARJEELING","KURSEONG","Public Ltd Co",520.84,166.82,"DTA","P.O: GHOOM, DIST.DARJEELING, WEST BENGAL",,,"SRI D.PODDAR & SRI MANOJ","PODDAR, HMP HOUSE,, 4 FAIRLIE PLACE, KOLKATA-01 (W.B)","033-22310271","","hmptea@gmail.com","SRI F.L.BABINALL","HMP HOUSE,4 FAIRLIE, PLACE,KOLKATA, PIN-7000019(W.B)","033-22310271","hmptea@gmail.com","Kolkata"
100,"POTONG","2497","Darjeeling Hills / Terai","DARJEELING","KURSEONG","Public Ltd Co",411.93,138.44,"None","P.O. BELGACHI,DIST-DARJEELING,WB",,,"UNITED NATUREX DOT COM (P) LTD","USHA KIRAN BUILDING,, (7THFLOOR) FLAT 7A. 12A, ABANINDRANATH THAKUR, SARANI,KOL-17","033-22822158","033-22822159","","MR. K.C. AGARWAL","USHA KIRAN BUILDING,, (7THFLOOR) FLAT 7A. 12A, ABANINDRANATH THAKUR, SARANI,KOL-17","033-22822158","","Kolkata"
101,"ROHINI TEA ESTATE","2074","Darjeeling Hills / Terai","DARJEELING","KURSEONG","Public Ltd Co",426,142,"ITA","KURSEONG,DARJEELING,WEST, BENGAL",,,"SONA TEA LIMITED","ARJUN ENCLAVE,TEA AUCTION, ROAD,SILIGURI","03542510831","03532510833","gopaldhara@gmail.com","S.K.SARIA","ARJUN ENCLAVE,TEA AUCTION","03542510831","shivksaria@gmail.com","Siliguri"
102,"SELIMHILL","1157","Darjeeling Hills / Terai","DARJEELING","KURSEONG","Public Ltd Co",398.78,176.51,"TRA","PO-TINDHARIA, DIST -, DARJEELING,WB",,,"THE PEERLESS TEA &","INDUSTRIES LTD, 240B,AJC ROADBOSE ROAD,3RD, FLOOR, KOLKATA-7000,WB20","033-22832947","033-2282943","","MAHENDRA AGARWAALA","240B AJC ROAD BOSE ROAD 3RD, FLOOR, KOLKATA-700020,WB","033-22832947","","Kolkata"
103,"SEPOYDHOORAH TEA ESTATE","DJ-127","Darjeeling Hills / Terai","DARJEELING","KURSEONG","Partnership",317.86,138.86,"DTA","P.O.- TINDHARIA,DIST- DARJEELING",,,"MR. SANJAY BANSAL","SEPAYDHOORAH TEA CO PVT., LTD., 20 COAL BERTH HOBUKAN ROAD, KOLKATA 88","033-24391927","","","K.CHATTERJEE","20 COAL BERTH,HOBOKEN, RD,KOL-88,KOLKATA-1","9007883165","amb.plantation@yahoo.com","Kolkata"
104,"SINGELL TEA ESTATE","47","Darjeeling Hills / Terai","DARJEELING","KURSEONG","Public Ltd Co",554.54,242.46,"TRA","SINGELL TEA ESTATE P.O ST. MARY'S, KURSEONG DIST: DARJEELING",,,"SINGELL TEA &AGRICULTURAL","INDUSTRIES LTD., SINGELL TEA &AGRICULTURAL, INDUSTRIES LTD CHOWRANGEE, MANSION 30, J.N ROAD KOLKATA, 70 0016","033-22291660,033-22293324","033-22496879","tpi@vsnl.com","MR. N SENGUPTA","SINGELL TEA &AGRICULTURAL, INDUSTRIES LTD CHOWRANGEE, MANSION 30, J.N ROAD KOLKATA, 70 0016","033-22291660,033-22293324","tpi@vsnl.com","Kolkata"
105,"SIVITAR TEA ESTATE","1303","Darjeeling Hills / Terai","DARJEELING","KURSEONG","Proprietorship",525.3,148.92,"TRA","P.O. MAHANANDI,DIST - DARJEELING",,,"MR. SANJAY BANSAL","SIVITAR TEA PVT. LTD., 20 COAL BERTH,HOBOKEN, RD,KOL -88,KOLKATA-1","03324391927","","","K.CHATTERJEE","20 COAL BERTH,HOBOKEN, RD,KOL-88,KOLKATA-1","9007883165","amb.plantation@yahoo.com","Kolkata"
106,"SPRINGSIDE","1155","Darjeeling Hills / Terai","DARJEELING","KURSEONG","Public Ltd Co",220.67,146.02,"DTA","PQST- KURSEONG DIST -, DARJEELING",,,"AMGOORIE INDIA LIMITED","14 GURUSADAY ROAD.KOLKATA-, 19","033 22873067","","hr@goodricke.com","A.N. SINGH","14 GURUSADAY ROAD.KOLKATA-, 19","00 22873067","hr@goodricke.com","Kolkata"
107,"TINDHARIA TEA ESTATE","45","Darjeeling Hills / Terai","DARJEELING","KURSEONG","Partnership",343.7,154.91,"DTA","P.O : TINDHARIA, DIST : DARJEELING, WEST BENGAL-734223",,,"SRI A.KANORIA & S.KANORIA","10, PRINCEP STREET, KOLKATA-72","033-22129750","033-22256826","balaji@cal.vsnl.net.in","SRI A.KANORIA & S.KANORIA","10, PRINCEP STREET, KOLKATA-72","033-22129750","balaji@cal.vsnl.net.in","Kolkata"
108,"ARYA TEA ESTATE","2192","Darjeeling Hills","DARJEELING","DARJEELING","Proprietorship",228.65,123.26,"TRA","RAJBARI-P.O DARJEELING-I, WEST, BENGAL",,,"RAM KISHORE BANSAL","KOLKATA-01","033-2287 8631/34/35","","aryatea@vsnl.net","RAM KISHORE BANSAL","KOLKATA-01","033-2287 8631/34/35","aryatea@vsnl.net","Kolkata"
109,"BADAMTAM TEA ESTATE","B-86","Darjeeling Hills","DARJEELING","DARJEELING","Public Ltd Co",880.1,321.05,"TRA","P.O. LEBONG DIST. DARJEELING, WEST BENGAL",,,"GOODRICKE GROUP LIMITED","GGL, CAMELLIA HOUSE 14, GURUSADAY ROAD KOLKATA-19, E-, Mail :subrotobanerjee@goodricke.co, m","0332287257","","subrotobanerjee@goodricke.co","A.N. SINGH","GGL, CAMELLIA HOUSE 14, GURUSADAY ROAD KOLKATA-19, E-, Mail :subrotobanerjee@goodricke.co, m","0332287257","subrotobanerjee@goodricke.co","Kolkata"
110,"BANNOCKBURN TEA ESTATE","F-8/6","Darjeeling Hills","DARJEELING","DARJEELING","Proprietorship",283.8,136.58,"TRA","P.O. LEBONG DIST. DARJEELING (WB)",,,"B.D. TEA ESTATES PVT. LTD.","M/S B.D. TEA ESTATES PVT. LTD, CRESCENT TOWER 7TH FLOOR, 229AJC BOSE ROAD KOLKATA-20","03322817486","03322817486","bdtcpt@dataone.in","B. K. TIBREWAL","M/S B.D. TEA ESTATES PVT. LTD, CRESCENT TOWER 7TH FLOOR, 229AJC BOSE ROAD KOLKATA-20","03322817486","bdtcpt@dataone.in","Kolkata"
111,"BARNESBEG TEA GARDEN","B-90","Darjeeling Hills","DARJEELING","DARJEELING","Public Ltd Co",288.68,132,"ITA","DARJEELING P.O., NO. 42 POSTBOX-",,,"GOODRICKE GROUP LIMITED","CAMELILIA HOUSE","","","","A. N. SINGH","CAMELILIA HOUSE","","","Other / Unspecified"
112,"DILARAM","2296","Darjeeling Hills","DARJEELING","DARJEELING","Public Ltd Co",358.08,196.82,"ITA","PO TUNG, DIST DARJEELING, WB",,,"AMGOORIE INDIA LIMITED","CAMELLIA HOUSE , 14,, GURUSADAY ROAD, KOLKATA-19","033-22873067","033-22872577","ansingh@goodricke.com","A N SINGH","CAMELLIA HOUSE, 14, GURUSADAY ROAD, KOLKATA-19","033-22873067","ansingh@goodricke.com","Kolkata"
113,"EDENVALE","7","Darjeeling Hills","DARJEELING","DARJEELING","Public Ltd Co",41.26,28.34,"ITA","PO-TUNG, DIST DARJEELING,WB",,,"AMGOORIE INDIA LIMITED","CAMELLIA HOUSE,14,, GURUSADAY ROAD, KOLKATA-19","03322873067","033-22872577","ansing@goodricke.com","A . N. SINGH","CAMELLIA HOUSE,14,, GURUSADAY ROAD, KOLKATA-19","03322873067","ansing@goodricke.com","Kolkata"
114,"GING TEA ESTATE","F-8\2","Darjeeling Hills","DARJEELING","DARJEELING","Proprietorship",632.14,254.11,"TRA","LEBONG DARJEELING",,,"BD TEA ESTATE PVT. LTD.","BD TE PVT LTD 229,A.J. C. BOSE, ROAD","22817486","033-22817486","bdtcpt@dataone.in","B K TIBREWAL","B D T .E. PVT LTD 229, A J C BOSS, ROAD CRESENT TOWER 7TH, FLOOR KOLKATA 20","0","bdtcpt@dataone.in","Kolkata"
115,"GLENBURN TEA ESTATE","D-66","Darjeeling Hills","DARJEELING","DARJEELING","Public Ltd Co",758.85,285.49,"ITA","P.O.DARJEELING,DIST DARJEELING",,,"DLX LIMITED","KANAK BUILDING,41 CHOWRINGH KAN, ROAD,KOLKATA-700071","9832045945","","glenburn1859@yahoo.com","MR.K.N.NOWROJEE","AK BUILDING,41 CHOWRINGH, ROAD,KOLKATA-700071","9831211142","dlap@live.com","Kolkata"
116,"HAPPY VALLEY TEA ESTATE","100","Darjeeling Hills","DARJEELING","DARJEELING","Public Ltd Co",177.36,122.82,"DTA","PO-DARJEELING DIST-DARJEELING, WEST BENGAL",,,"MR. SANJAY BANSAL","KOLKATA, E-, Mail :ambplantation@ambootia.com","03324391966","03324391967","ambplantation@ambootia.com","MR. SANJAY BANSAL","KOLKATA, E-, Mail :ambplantation@ambootia.com","03324391966","ambplantation@ambootia.com","Kolkata"
117,"KALEJ VALLEY TEA ESTATE","2334","Darjeeling Hills","DARJEELING","DARJEELING","Proprietorship",500.54,237.56,"TRA","P.O. GHOOM DIST., DARJEELING,WEST BENGAL",,,"K.D. SINGH","M/S DOOTERIAH & KALEJ VALLEY, TEA ESTATES PVT. LTD. 10TH, FLOOR KRISHNA BUILDING, 224AJC BOSE ROAD, KOLKATA-17","03364505743","03322891372","dtkv@vsnl.net","DEBABRATA MITRA","M/S DOOTERIAH & KALEJ VALLEY, TEA ESTATES PVT. LTD. 10TH, FLOOR KRISHNA BUILDING, 224AJC BOSE ROAD, KOLKATA-17, E-, Mail :debabrata.mitra@alchemist.co.i, n","8830017460","debabrata.mitra@alchemist.co","Kolkata"
118,"LIZAHILL TEA ESTATE","1954","Darjeeling Hills","DARJEELING","DARJEELING","Public Ltd Co",183.67,114.67,"DTA","RISHEEHAT TEA, ESTATE,PO.RISHEEHAT, DARJEELING",,,"JAYSHREE TEA & INDUSTRIES","LTD., 10, CAMAC STREET, INDUSTRIAL, HOUSE, 15TH FLOOR, KOLKATA -, 700017","03322827531","03322827535","dpm@jayshreetea.com","D.P.MAHESHWARI","10, CAMAC STREET, INDUSTRIAL, HOUSE, 15TH FLOOR, KOLKATA -, 700017","03322827531","dpm@jayshreetea.com","Kolkata"
119,"MARGARET'S HOPE","E-47","Darjeeling Hills","DARJEELING","DARJEELING","Public Ltd Co",778.1,361,"ITA","PO-TUNG,DIST-DARJEELING,WB",,,"AMGOORIE INDIA LIMITED","CAMALLIA HOUSE,14,, GURUSADAY ROAD, KOLKATA-19","033 2287 3067","033 2287 2577","ansingh@goodricke.com","A N SINGH","CAMALLIA HOUSE,14,, GURUSADAY ROAD, KOLKATA-19","033 2287 3067","ansingh@goodricke.com","Kolkata"
120,"NORTH TUKVAR","2463","Darjeeling Hills","DARJEELING","DARJEELING","Public Ltd Co",516.98,195.48,"DTA","P.O. DARJEELING - 434 101",,,"NORTH TUKVAR TEA CO. LTD.","INDUSTRY HOUSE, 15TH FLOOR,, 10, CAMAC STREET, KOLKATA -, 700 017.","03322827531/34","033-22827535","dpm@jayshreetea.com","D.P. MAHESHWARI","INDUSTRY HOUSE, 15TH FLOOR,, 10, CAMAC STREET, KOLKATA -, 700 017.","03322827531/34","dpm@jayshreetea.com","Kolkata"
121,"NURBONG TEA ESTATE","218","Darjeeling Hills","DARJEELING","DARJEELING","Proprietorship",496.68,271.22,"TRA","P.O. NURBONG DIST. DARJEELING, WEST BENGAL",,,"DARJEELING ORGANIC TEA","ESTATES PVT. LTD., 20 KOL BERTH HOBOKEN ROAD, KOLKATA, E-, Mail :krishnenduchatterjee@airtelblac, kberry.com","9001883165","03324391927","","K.C. CHATTERJEE","20 COAL BERTH HOBOKEN ROAD, KOLKATA, E-, Mail :krishnenduchatterjee@airtelblac, kberry.com","9001883165","","Kolkata"
122,"OAKS TEA ESTATE","2094","Darjeeling Hills","DARJEELING","DARJEELING","Public Ltd Co",175.33,138.91,"ITA","P.O. SONADA,DIST DARJEELING",,,"S.K.AGARWAWAL","DEARS TEA CO. PVT. LTD., ,P.O. SONADA,DIST DARJEELING","03322832947","03322832943","","MR MAHENDRA AGARWALA","OAKS TEA ESTATE,P.O., SONADA,DIST DARJEELING","03322832947","","Kolkata"
123,"ORANGE VALLEY TEA ESTATE","1959","Darjeeling Hills","DARJEELING","DARJEELING","Proprietorship",339.54,189.49,"TRA","P.O. RISHEEHAT DIST. DARJEELING, (WB)",,,"SS BAGARIA","12C SINHA ROAD FLAT NO. 6, SHYAMKUNJ KOLKATA- 71","03340140023","03322824145","tea@bagaria.com","B.K. BIHANI","12C SINHA ROAD FLAT NO. 6, SHYAMKUNJ KOLKATA- 71","03340140023","tea@bagaria.com","Kolkata"
124,"PANDAM","2063","Darjeeling Hills","DARJEELING","DARJEELING","Public Sector",381,131.32,"DTA","P.O. & DIST : DARJEELING",,,"WEST BENGAL TEA","DEVELOPMENT CORPORATION, LTD., SHYAMKUNJ COMPLEX, 12B,, LORD SINHA ROAD, 3RD FLOOR,, FLAT NO. 21, KOLKATA - 700 071","033-22821284","03322824935","webtea@vsnl.net","M. GUHA ROY","SHYAMKUNJ COMPLEX, 12B,, LORD SINHA ROAD, 3RD FLOOR,, FLAT NO. 21, KOLKATA - 700 071","033-22821284","webtea@vsnl.net","Kolkata"
125,"PHOOBSERING TEA ESTATE","F8/3","Darjeeling Hills","DARJEELING","DARJEELING","Public Ltd Co",510.15,235.77,"TRA","PHOOBSERING TEA ESTATE P.O:, LEBONG DIST: DARJEELING",,,"B.D. TEA ESTATES PVT. LTD.","BD TEA ESTATE PVT. LTD 229AJC BD T, BOSE ROAD KOLKATA700020","03322817486","","bdtphobseringte@yahoo.com","B K TEBREWAL","EA ESTATE PVT. LTD 229AJC, BOSE ROAD KOLKATA700020","03322817486","bdtphobseringte@yahoo.com","Kolkata"
126,"RISHEEHAT TEA ESTATE","2194","Darjeeling Hills","DARJEELING","DARJEELING","Public Ltd Co",199.11,141.78,"DTA","PO.RISHEEHAT,DARJEELING",,,"JAYSHREE TEA & INDUSTRIES","LTD., 10,CAMAC STREET,INDUSTRY, HOUSE,15TH FLOOR, KOLKATA -, 700017","03322827531","03322827535","dpm@jayshreetea.com","D.P.MAHESHWARI","10,CAMAC STREET,INDUSTRY, HOUSE,15TH FLOOR, KOLKATA -, 700017","03322827531","dpm@jayshreetea.com","Kolkata"
127,"RUNGLEE RUNGLIOT","B-46","Darjeeling Hills","DARJEELING","DARJEELING","Public Ltd Co",417.6,183.97,"TRA","PO-RUNGLEE,DIST -DARJEELING,WB",,,"DUNCANS INDUSTRIES LIMITED","31,NS ROAD,DUNCANS, HOUSE,KOLKATA-700001","2209642185","2486021","","M.GURBAXANI","31,NS ROAD,DUNCANS, HOUSE,700001","2209642185","rungtg@rediffmail.com","Kolkata"
128,"RUNGMOOK/CEDARS TEA ESTATE","2684","Darjeeling Hills","DARJEELING","DARJEELING","Public Sector",713.16,460.71,"DTA","P.O. SONADA,DIST DARJEELING",,,"WEST BENGAL TEA","DEVELOPMENT CORPORATION, LTD., 12 B LORD SINHA, ROAD,'SHYAMKUNJ'3RD FLOOR, KOLKATA-71","033-22821284","03322824935","webtea@vsnl.net","WEST BENGAL TEA","DEVELOPMENT CORPORATION, LTD., 12 B LORD SINHA, ROAD,'SHYAMKUNJ'3RD FLOOR, KOLKATA-71","033-22821284","webtea@vsnl.net","Kolkata"
129,"S00M TEA ESTATE","D-70","Darjeeling Hills","DARJEELING","DARJEELING","Public Ltd Co",507,237.28,"","NORTH POINT DARJEELING",,,"ASHOK KUMAR LOHIA","2,N C DUTTA ROAD KOLKATA-1","0","0","","0","2, N C DUTTA SARANI KOLKATA-1","03330936400","chamong@snonline.com","Kolkata"
130,"SHREE DWARIK T E","2421","Darjeeling Hills","DARJEELING","DARJEELING","Public Ltd Co",507.09,181.14,"None","NORTHPOINT DARJEELING",,,"MR A K LOHIA","SYCOTTA TEA CO. PVT. LTD., 2,N.C.DUTTA SARANI, SAGAR, ESTATE,KOLKATA-1","9331262137","03322437923","chamong@snosline.com","MR A K LOHIA","2,N C DUTTA ROAD KOL-1","03330936437","chamong@sanoline.com","Kolkata"
131,"SINGTOM TEA ESTATE","2031","Darjeeling Hills","DARJEELING","DARJEELING","Proprietorship",579,236.54,"None","P.O. NORTH POINT DIST DARJEELING, WEST BENGAL",,,"MOHAN KUMAR CHIRIMAR","CAMELLIA TEA GROUP PVT. LTD., 71, PARK STREET, PARK PLAZA, 5TH FLOOR KOLKATA-16","0332290092","033224491188","mohan@rexiindia.net","MOHAN KUMAR CHIRIMAR","CAMELLIA TEA GROUP PVT. LTD., 71, PARK STREET, PARK PLAZA, 5TH FLOOR KOLKATA-16","0332290092","mohan@rexiindia.net","Kolkata"
132,"TEESTA VALLEY TEA ESTATE","P-17","Darjeeling Hills","DARJEELING","DARJEELING","Public Ltd Co",717.4,297.47,"ITA","P.O. RUNGLI RUNGLIOT DIST., DARJEELING WEST BENGAL",,,"TEESTA VALLEY TEA CO LTD","3, NETAJI SUBHASH ROAD, KOLKATA-1","0332248356","","akroy@teestavalley.com","A.K. ROY","3, NETAJI SUBHASH ROAD, KOLKATA-1","0332248356","akroy@teestavalley.com","Kolkata"
133,"TUKVAR","2368","Darjeeling Hills","DARJEELING","DARJEELING","Public Ltd Co",892.03,436.72,"DTA","P.O. TUKVAR, DARJEELING - 734 104., E-, Mail :rajeshpareek2007@rediffmail.com",,,"JAYSHREE TEA & INDUSTRIES","LTD., INDUSTRY HOUSE, 15TH FLOOR,, 10, CAMAC STREET, KOLKATA -, 700 017.","033-22827531","033-22827535","dpm@jayshreetea.com","D.P. MAHESHWARI","INDUSTRY HOUSE, 15TH FLOOR,, 10, CAMAC STREET, KOLKATA -, 700 017.","033-22827531","dpm@jayshreetea.com","Kolkata"
134,"TUMSONG TEA ESTATE","D/18","Darjeeling Hills","DARJEELING","DARJEELING","Public Ltd Co",180.22,113.8,"DTA","P.O. GHOOM, DIST. DARJEELING -, 734102",,,"SYCOTTA TEA CO. PVT. LTD.","2 N.C.DUTTA SARANI,5TH, FLOOR,UNIT-1,SAGAR, ESTATE,KOLKATA1","03330936400","","tumsongte@chamong.com","MR.ASHIOK KUMAR LOHIA","2 N.C.DUTTA SARANI,5TH, FLOOR,UNIT-1,SAGAR, ESTATE,KOLKATA1","9830047951","tumsongte@chamong.com","Kolkata"
135,"TURZUM TEA ESTATE","2590","Darjeeling Hills","DARJEELING","DARJEELING","Public Ltd Co",229.57,145.95,"DTA","POKHRIABONG,DIST-, DARJEELING,PIN 734216",,,"JAYSHREE TEA & INDUSTRIES","LTD., INDUSTRY HOUSE 10,CAMAC, STREET,KOLKATA- 700017","03322827531","03322827535","","SHRI D.P. MAHESWARI","INDUSTRY HOUSE 10,CAMAC, STREET,KOLKATA-17,WEST, BENGAL","09433027968","dpm@jayshreetea.com","Kolkata"
136,"ASHAPUR TEA ESTATE","252","Terai","DARJEELING","NUXALBARI","Public Ltd Co",166.16,125.12,"ITA","P.O. NAXALBARI DIAT. DARJEELING, (WB) 734429",,,"THE ASHAPUR TEA CO. LTD.","17, BALLYGUNGE GARDENS, KOLKATA-19","03323353200","","ashapurtea@hotmail.com","MR. TULSIDAS SANYAL","17, BALLYGUNGE GARDENS, KOLKATA-19","03323353200","ashapurtea@hotmail.com","Kolkata"
137,"ATAL","566","Terai","DARJEELING","NUXALBARI","Public Ltd Co",532.32,360.51,"TAI","P.O. HATIGHISA , DIST: DARJEELING.",,,"ATAL TEA CO. (1943) LTD.","4, C.R. AVENUE, KOLKATA -, 700072","033-22126753","033-22129696","atalteaestate@gmail.com","ARVIND KUMAR","4, C.R. AVENUE, KOLKATA -, 700072","9831149644","atalteaestate@gmail.com","Kolkata"
138,"AZAMABAD","2327","Terai","DARJEELING","NUXALBARI","Public Ltd Co",160.92,131.11,"ITPA","P.O. NAXALBARI, DIST. DARJEELING",,,"AZAMABAD TEA CO. (P) LTD","SPENCER PLAZA, 2ND FLOOR,, BURDAWAN ROAD, SILIGURI, 734005","0353-2500744","0353-2500745","ajaigargslg@yahoo.co.in","AJAY GARG","SPENCER PLAZA, 2ND FLOOR,, BURDAWAN ROAD, SILIGURI, 734005","0353-2500744","ajaigargslg@yahoo.co.in","Siliguri"
139,"BELGACHI TEA ESTATE","2162","Terai","DARJEELING","NUXALBARI","Public Ltd Co",919.7,462.83,"","P.O. NAXALBARI DIST. DARJEELING, (WB)",,,"462.83","","","","","37970","LIMITED                           CHARCH ROAD SILIGURI, C                               CHARCH ROAD SILIGURI              Tel :9434061231","9434061231","amit.mlagroup@gmail.com","Siliguri"
140,"BHOJNARAIN TEA ESTATE","1953","Terai","DARJEELING","NUXALBARI","Public Ltd Co",341.95,246.79,"ITPA","P.O: RAMALA BAGAN, BAGDOGRA, DIST.DARJEELING, WEST BENGAL",,,"BHOJNARAIN TEA CO. LTD","HOTEL PRAKASH BLDG., HILLCART ROAD, SILIGURI (W.B)","0353-2536730","","","BHOJNARAIN TEA CO. LTD","HOTEL PRAKASH BLDG., HILLCART ROAD, SILIGURI (W.B)","0353-2536730","","Siliguri"
141,"BIJOYNAGAR T.E.","","Terai","DARJEELING","NUXALBARI","Public Ltd Co",350.94,274.37,"","PO-BAGDOGRA,DIST-, DARJEELING,WEST BENGAL",,,"BIJOYNAGAR TEA CO. LTD","BIJOYNAGAR TEA CO., LTD,11,GOVT. PLACE EAST,, KOLKATTA-69","03322487629","03322486682","btcl@cal2.vsnl.net","BIJOYNAGAR TEA CO. LTD","BIJOYNAGAR TEA CO., LTD,11,GOVT. PLACE EAST,, KOLKATTA-69","03322487629","btcl@cal2.vsnl.net","Kolkata"
142,"FULBARI PATAN TEA ESTATE","176","Terai","DARJEELING","NUXALBARI","Partnership",312.17,99.33,"TRA","P.O. SIMULBARI DIST. DARJEELING, (WB)",,,"FULBARI PATAN TEA ESTATE","11, RN MUKHERJEE ROAD NILHAT, HOUSE KOLKATA-1","03322488582","03322486992","","KAMAL SINGH BAID","11, RN MUKHERJEE ROAD NILHAT, HOUSE KOLKATA-1","03322488582","","Kolkata"
143,"GUNGARAM TEA ESTATE","B32","Terai","DARJEELING","NUXALBARI","Proprietorship",924.97,642.31,"TRA","PO-BAGDOGRA DIST-DARJEELING, 734014",,,"MR. G.P.GOENKA","31 N.S.ROAD KOLKATA700001","033-2200962","033-2486021","gung@duncans-tea.com","MR. A.K.GOEL","31 N.S.ROAD KOLKATA700001","033-2200962","akgoel@duncans-tea.com","Kolkata"
144,"HANSQUA TEA ESTATE","B-35","Terai","DARJEELING","NUXALBARI","Public Ltd Co",646.94,545.42,"TAI","P.O : BAGDOGRA, DIST.DARJEELING, WEST BENGAL",,,"R.D TEA LTD","4,MIDDLETON STREET, KOLKATA-700071","033-32979592","033-22874047","rdtbharat@gmail.com","R.D TEA LTD","4,MIDDLETON STREET, KOLKATA-700071","033-32979592","rdtbharat@gmail.com","Kolkata"
145,"JAYANTIKA","2539","Terai","DARJEELING","NUXALBARI","Public Ltd Co",706.47,585.21,"ITA","PO-SAHABAD,DIST-DARJEELING,WB",,,"JAYSHREE TEA & INDUSTRIES","LTD., 10 CAMACSTREET KOLKATA-1","033-22827531","","birlatea@giascio1.vsnl.net.in","D P MAHASHWARI","10 CAMAC STREET, KOLKATA-1","033 22827531","birlatea@giasc101.vsnlnet.in","Kolkata"
146,"KIRAN CHANDRA","118","Terai","DARJEELING","NUXALBARI","Public Ltd Co",356.31,270.38,"None","PO-BAGDOGRA,DIST-, DARJEELING,WB",,,"NEW DARJEELING UNION TEA","CO.LTD., MAHANANDAPARA, SILIGURI,WB","9832061689","","ndutcoslg123d@gmail.com","NEW DARJEELING UNION TEA","CO.LTD., MAHANANDAPARA, SILIGURI,WB","9832061689","ndutcoslg123d@gmail.com","Siliguri"
147,"LOHAGARH TEA ESTATE","1671","Terai","DARJEELING","NUXALBARI","Public Ltd Co",329.56,226.36,"TRA","P.O. BELGACHI DIST. DARJEELING, WEST BENGAL",,,"AJIT KUMAR AGARWAL","AGARWALA HOUSE, 2ND MILE,, SEVOKE ROAD, SILIGURI","03532542656","03532542656","teraitea@gmail.com","V.D. DUA","AGARWALA HOUSE, 2ND MILE,, SEVOKE ROAD, SILIGURI","03532542656","teraitea@gmail.com","Siliguri"
148,"MANJHA TEA ESTATE","146","Terai","DARJEELING","NUXALBARI","Public Ltd Co",251.13,215.48,"TRA","P.O. BELGACHI DIST. DARJEELING, (WB)",,,"THE CORONATION TEA CO. LTD.","BABUPARA, JALPAIGURI","9830041166","03324751053","","S.K. KALYANI","M/S THE CORONATION TEA CO., LTD. BABUPARA, JALPAIGURI","9830041166/03324751035","","Kolkata"
149,"MARAPUR TEA ESTATE","254","Terai","DARJEELING","NUXALBARI","Proprietorship",151.75,137.37,"TRA","P.O. BELGACHI DIST. DARJEELING, (WB)",,,"AJIT PRASAD","DEONAR TEA PLANTATION, PARK, PALACE 3RD FLOOR HILCART, ROAD SILIGURI","03532430930","","","AJIT PRASAD","DEONAR TEA PLANTATION, PARK, PALACE 3RD FLOOR HILCART, ROAD SILIGURI","03532430930","","Siliguri"
150,"MERRYVIEW TEA ESTATE","666","Terai","DARJEELING","NUXALBARI","Public Ltd Co",479.73,396.05,"ITA","P.O. HATIGHISA DIST. DARJEELING, (WB)",,,"GIRDHAR GOPAL DALMIA","M/S DALMIA TEA PLANTATION&, INDUSTRIES LIMITED,, DALMISAHOUSE, 392, BLOCK-G,, KOLKATA-700053, ggdalmia@midgroup.in","03323984089/ 03323981890","03323981722","kolkata@midgroup.in","G.G. DALMIA","M/S DALMIA TEA PLANTATION&, INDUSTRIES LIMITED,, DALMISAHOUSE, 392, BLOCK-G,, KOLKATA-700053, 09831018175, ggdalmia@midgroup.in","03323984089/ 03323981890/","kolkata@midgroup.in","Kolkata"
151,"NUXALBARI","32","Terai","DARJEELING","NUXALBARI","Proprietorship",458.78,427.95,"TAI","PO: NAKSALBARI DIST: DARJELLING",,,"NUXALBARI TEA CO LTD","7/3 BURDWAN ROAD KOLKATA-27","03324796998","03324796845","jabbar@rediffmail.com","LALITA JABBAR","7/3 BURDWAN ROAD KOLKATA-27","03324796998","jabbar@rediffmail.com","Kolkata"
152,"ORD TERAI TEA GARDEN","2634","Terai","DARJEELING","NUXALBARI","Public Ltd Co",578.91,456.5,"TRA","ORD TERAI TEA GARDEN P.O:, BELGACHI DIST; DARJEELING",,,"DUARS UNION TEA CO. LTD","3A RIPON STREET KOLKATA, 700016","03322293112","03322290596","duars@vsnl.net","B.P. AGGARWAL","3A RIPON STREET, KOLKATA, 700016","03322293112","duars@vsnl.net","Kolkata"
153,"PAHARGOOMIAH TEA ESTATE","2526","Terai","DARJEELING","NUXALBARI","Proprietorship",994.48,694.78,"TRA","PAHARGOOMIAH TEA ESTATE P.O:, BAGDOGRA DIST: DARJEELING",,,"PAHARGOOMIAH TEA","INDUSTRIES PVT. LTD, NICCO HOUSE 6TH FLOOR 2, HARE STREET, KOLKATA 700 001, E-, Mail :pahargoomiah@bhatkawa.com","03322489916","03322485362","pahargoomiah@bhatkawa.com","SUDARSHAN JALAN","NICCO HOUSE 6TH FLOOR 2, HARE STREET, KOLKATA 700 001, E-, Mail :pahargoomiah@bhatkawa.com","033 22485422","pahargoomiah@bhatkawa.com","Kolkata"
154,"PANIGHATA","G 39","Terai","DARJEELING","NUXALBARI","Public Ltd Co",617.86,458.44,"TAI","PO- BELGHACHI, DIST-, DARJEELING,WB",,,"THE NEW TRAI ASSOCIATION LTD DEEPAK BERLIA","THE NEW TERAI ASSOCIATION      PO- BE, LTD, 26, BURTOLLA STREET,      DARJEE, KOLKATA                        Tel :9","9","0","deepakberlia@yahoo.com","LGHACHI, DIST-","LING,WB, 434045112, 353-2541614, :deepakberlia@yahoo.com","","deepakberlia@yahoo.com","Kolkata"
155,"SACHINDRA CHANDRA TEA ESTATE","119","Terai","DARJEELING","NUXALBARI","Public Ltd Co",377.43,224.02,"TRA","P.O. KHARIBARI,DIST-, DARJEELING,WEST BENGAL",,,"SHRI AJIT KUMAR AGARWALA","THE KHARIBARI TEA CO. LTD., AGARWALA HOUSE,2ND, MILE,SEVOKE ROAD,SILIGURI","","","","SHRI V.D. DUA","AGARWALA HOUSE,2ND, MILE,SEVOKE ROAD,SILIGURI","","teraitea@gmail.com","Siliguri"
156,"SANNYASITHAN","161","Terai","DARJEELING","NUXALBARI","Public Ltd Co",207.97,128.81,"ITA","PO-BAGDOGRA, DIST-, DARJEELING,WB",,,"SANNYASITHAN TEA CO.PVT. LTD R K SINGH","RN MUKHERJEE ROAD 700001     RN MUKHERJEE","033-22484861            700001","033-22484395","","ROAD, KOLKATA-","84861, 84395","","","Kolkata"
157,"SATISH CHANDRA TEA ESTATE","119","Terai","DARJEELING","NUXALBARI","Public Ltd Co",145,134.01,"ITPA","P.O. NAKSALBARI,DIST DARJEELING",,,"SOUTHERN TERAI TEA CO (P)","LTD., 98 BM, SARANI,MAHANANDAPARA,SILIGU, RI","9474386293","","","SOUTHERN TERAI TEA CO (P)","LTD., 98 BM, SARANI,MAHANANDAPARA,SILIGU, RI","9474386293","","Other / Unspecified"
158,"SINGHIA JHORA TEA ESTATE","2436","Terai","DARJEELING","NUXALBARI","Proprietorship",150.03,129.18,"ITA","P.O. BAGDOGRA DIST. DARJEELING, (WB)",,,"SINGHIA JHORA TEA CO. (P) LTD","TIRUMALA HOUSE 51, SHAKESPEARE SARANI, 2ND, FLOOR, KOL-17","033257604","","","MOHAN KRISHNA","TIRUMALA HOUSE 51, SHAKESPEARE SARANI, 2ND, FLOOR, KOL-17","033257604","","Kolkata"
159,"TAIPOO","Q-31","Terai","DARJEELING","NUXALBARI","Public Ltd Co",393.79,298.67,"TRA","PO- KESTOPUR, BAGDOGRA-734014,, DARJEELING, WEST BENGAL",,,"GILLANDERS ARBUTHNOT & CO.","LTD., C-4, GILLANDERS HOUSE, NETAJI, SUBHAS ROAD, KOLKATA -1","033-22302331","033-22304185","gillander@cal3.vsnl.in","M. SODHANI","C-4, GILLANDERS HOUSE, NETAJI, SUBHAS ROAD, KOLKATA -1","033-22302331","gillander@cal3.vsnl.in","Kolkata"
160,"THANJHORA TEA ESTATE","707","Terai","DARJEELING","NUXALBARI","Public Ltd Co",456.81,361.72,"TRA","P.O. KHORIBARI,WEST BENGAL",,,"JALPAIGURI DOOARS TEA CO.","LTD., HINDUSTAN BUILDING,4 C.R., AVENEUE,KOLKATA","22126753","22129696","new_tea@vsnl.in","ROSHANLAL AGARWALA","HINDUTAN BUILDING ,4 C.R., AVENUE","22126753","new_tea@vsnl.in","Kolkata"
161,"TIRRIHANNAH CO LTD","E-51","Terai","DARJEELING","NUXALBARI","Public Sector",450.7,362.12,"TAI","BAGDOGRA DARJEELING",,,"TIRRIHANNAH CO LTD","0","0","0","","GHANSHYAM DASKANKANI","0","22487093","tirrihannah.co@gmail.com","Other / Unspecified"
162,"ATIABARI TEA ESTATE","725","Dooars","JALPAIGURI","KALCHINI","Public Ltd Co",757.64,556.57,"ITPA","P.O. ATIABARI BAGAN,DIST, JALPAIGURI",,,"ATIABARI TEA COMPANY LTD","2ND MILE,233 SEOKE, ROAD,SILIGURI","03532544704","03532545273","sevokemotors@vsnl.net","MR. NARENDRA BERLIA","2ND MILE,233 SEOKE, ROAD,SILIGURI","03532544704","sevokemotors@vsnl.net","Siliguri"
163,"BEECH TEA ESTATE","P-6","Dooars","JALPAIGURI","KALCHINI","Public Ltd Co",934.66,785.12,"ITA","P.O. HASIMARA DIST. JALPAIGURI, (WB)",,,"KANISKA SETHIA","M/S THE DIBRUGHAR TEA CO., LTD. ASHOKA HOUSE 3A HARE, STREET KOLKATA 700001","03322622669","03324858526","sumeet@westcong.com","S. ROY CHOWDHURY","M/S THE DIBRUGHAR TEA CO., LTD. ASHOKA HOUSE 3A HARE, STREET KOLKATA 700001","03322622669","sumeet@westcong.com","Kolkata"
164,"BHARNOBARI TEA ESTATE","P-7","Dooars","JALPAIGURI","KALCHINI","Public Ltd Co",867.49,726.74,"TRA","P.O. HASIMARA DIST. JALPAIGURI, (WB)",,,"BARNOBARI TEA & INDUSTRIES PVT. LTD.","25 SWALLOW LANE KOLKATA1","03324482858","03324482858","","S. JOSHI","M/S BARNOBARI TEA &, INDUATRIES PVT. LTD. 25, SWALLOW LANE KOLKATA1","03324482858","","Kolkata"
165,"BHATKAWA TEA ESTATE","E-23","Dooars","JALPAIGURI","KALCHINI","Public Ltd Co",783.46,634.47,"ITA","P.O:GAROPARA, P.S:KALCHINI, DIST.JALPAIGURI, WEST BENGAL",,,"BHATKAWA TEA INDUSTRIES LTD. SRI SUDARSHAN JALAN","NICCO HOUSE,                 NICCO HOUSE, 6TH FLOOR,                   6TH FLOOR,, 2,HARE STREET                2,HARE STRE, KOLKATA-01                   KOLKATA-01","033-22489916","033-22485362","contact@bhatkawa.com",",","ET, 489916, 485362, tact@bhatkawa.com","","tact@bhatkawa.com","Kolkata"
166,"BHATPARA TEA ESTATE","2579","Dooars","JALPAIGURI","KALCHINI","Public Ltd Co",1251.44,631.97,"ITA","P.O : KALCHINI, DIST.JALPAIGURI, WEST BENGAL",,,"MCLEOD RUSSEL INDIA LIMITED","FOUR MANGOE LANE, S.M.GHOSH SARANI, KOLKATA-700001 (W.B)","033-22101221","033-22488114","","MR. RAJEEV TAKRU","MCLEOD RUSSEL INDIA LTD,, FOUR MANGOE LANE, S.M.GHOSH SARANI, KOLKATA-1","033-22101222","rajiv_takru@wmg.co.in","Kolkata"
167,"CENTRAL DOOARS TEA ESTATE","N-2","Dooars","JALPAIGURI","KALCHINI","Public Ltd Co",1225.6,761.59,"ITA","P.O : PANABASTI, P.S:KALCHINI, DIST:JALPAIGURI, WEST BENGAL-735226",,,"MCLEOD RUSSEL INDIA LIMITED","FOUR MANGOE LANE, S.M.GHOSH SARANI, KOLKATA-1","033-22101222","","central-dooars@wmg.co.in","MR. RAJEEV TAKRU","MCLEOD RUSSEL INDIA LTD,, FOUR MANGOE LANE, S.M.GHOSH SARANI, KOLKATA-1","033-22101222","rajiv_takru@wmg.co.in","Kolkata"
168,"CHUAPARA TEA ESTATE","N-7","Dooars","JALPAIGURI","KALCHINI","Public Ltd Co",933.64,689.47,"ITA","P.O:KALCHINI, DIST.JALPAIGURI, WEST BENGAL",,,"MCLEOD RUSSEL INDIA LIMITED","FOUR MANGOE LANE, S.M.GHOSH SARANI, KOLKATA-01","033-22101221","033-22488114","c@wmg.co.in","RAJEEV TAKRU","MCLEOD RUSSEL INDIA LTD,, FOUR MANGOE LANE, S.M.GHOSH SARANI, KOLKATA-1","033-22101222","rajiv_takru@wmg.co.in","Kolkata"
169,"DIMA TEA ESTATE","J-39","Dooars","JALPAIGURI","KALCHINI","Partnership",956.31,742.82,"ITPA","P.O:KALCHINI, DIST. JALPAIGURI, PIN-735217",,,"SURAJ GOVIND ESTATES PVT.","LTD., GOVIND BHAWAN, 2,BTM SARANI, KOLKATA-1","033-22254459","033-22253796","surajgovind.patel@gmail.com","SURAJ GOVIND ESTATES PVT.","LTD., GOVIND BHAWAN, 2,BTM SARANI, KOLKATA-1","033-22254459","surajgovind.patel@gmail.com","Kolkata"
170,"JAINTI TEA ESTATE","N-18","Dooars","JALPAIGURI","KALCHINI","Public Ltd Co",827.51,411.95,"ITA","P.O-HATIPOTH , DIST - JALPAIGURI.",,,"MCLEOD RUSSEL INDIA LIMITED","4, MANGOE LANE S.M. GHOSH, SARANI, KOLKATA-1","03322101221","03322488114","srinivas_c@wmg.co.in","MCLEOD RUSSEL INDIA LIMITED","4, MANGOE LANE S.M. GHOSH, SARANI, KOLKATA-1","03322101221","srinivas_c@wmg.co.in","Kolkata"
171,"KALCHINI T E","2532","Dooars","JALPAIGURI","KALCHINI","Proprietorship",1151.75,742.15,"ITA","P.O. KALCHINI,DIST- JALPAIGURI",,,"BUXA DOOARS TEA CO (I) LTD","OM, PLACE,ASHRAMPARA,SILIGURI","9434086855","","","N K BASU","OM, PLACE,ASHRAMPARA,SILIGURI, E-, Mail :buxadoors.teastates@gmail.co, m","9434086855","buxadoors.teastates@gmail.co","Siliguri"
172,"MADHU TEA ESTATE","55","Dooars","JALPAIGURI","KALCHINI","Proprietorship",451.42,323.08,"TRA","MADHU TEA, ESTATE,P.O.MADHUBAGAN,JALPAIGU, RI",,,"DIABARI TEA CO LTD","MOT CLUB STRTEET 2ND FLOOR, KOLKATA 13","9831155538","","","N M KEDIA","DIABAN TEA CO LTD. MOT CLUB, STRTEET 2ND FLOOR KOLKATA, 13","9831155538","","Kolkata"
173,"MECHPARA TEA ESTATE","2580","Dooars","JALPAIGURI","KALCHINI","Proprietorship",752.45,516,"ITA","P.O:KALCHINI, DIST. : JALPAIGURI, WEST BENGAL",,,"DARJEELING DOOARS","PLANTATIONS (TEA) LTD., 4TH FLOOR,, NICCO HOUSE,, HARE STREET, KOLKATA-1","033-22487908","033-22486432","tea@ddptl.com","DARJEELING DOOARS","PLANTATIONS (TEA) LTD., 4TH FLOOR,, NICCO HOUSE,, HARE STREET, KOLKATA-1","033-22487908","tea@ddptl.com","Kolkata"
174,"MERICO TEA ESTATE","2531","Dooars","JALPAIGURI","KALCHINI","Public Ltd Co",920.75,602.09,"ITA","P.O:CHINCHULA, P.S:KALCHINI, DIST:JALPAIGURI, WEST BENGAL",,,"SURAJIT BAKSHI","8,CANNING STREET, ROOM NO.203, KOLKATA-1","9831022786","","merico.tea.estate@gmail.com","SURAJIT BAKSHI","8,CANNING STREET, ROOM NO.203, KOLKATA-1","9831022786","merico.tea.estate@gmail.com","Kolkata"
175,"RAJAHBHAT TEA ESTATE","E-24","Dooars","JALPAIGURI","KALCHINI","Public Ltd Co",420.53,352.15,"ITA","P.O: RAJAHBHAT T.E, DIST. JALPAIGURI, WEST BENGAL",,,"SRI AJAY PRAKASH","JHUNJHUNWALA, ALOM HOUSE, 7B,PRETORICA STREET,KOLKATA 7B,P, -71","033-40106789","033-2282-7305","info@alomextrusions.com","SRI AJAY PRAKASH","JHUNJHUNWALA, ALOM HOUSE, RETORICA STREET,KOLKATA, -71","033-40106789","info@alomextrusions.com","Kolkata"
176,"ATINPUR TEA ESTATE","2757","Terai","DARJEELING","PHASIDEWA","Proprietorship",21.406,17.6,"None","POST DEBIJHORA, DIST UTTAR, DINAJPUR",,,"ATINPUR TEA ESTATE","97/1 RAMKRISHANA ROAD,, ASHRAMPARA, SILIGURI","2642877","","","ATINPUR TEA ESTATE","97/1 RAMKRISHANA ROAD,, ASHRAMPARA, SILIGURI","2642877","","Siliguri"
177,"BIJALIMONI T.E.","545","Terai","DARJEELING","PHASIDEWA","Public Ltd Co",267.09,217.81,"ITPA","P.O. SAHABAD,DIST DARJEELING",,,"NEW TEA CO. LTD.","HINDUSTAN BUILDINGS 4,, C.R.AVENUE ,KOL-72","03322126753","03322129696","","NEW TEA CO. LTD.","HINDUSTAN BUILDINGS 4,, C.R.AVENUE ,KOL-72","03322126753","","Kolkata"
178,"GAYA GANGA TEA ESTATE","2190","Terai","DARJEELING","PHASIDEWA","Public Ltd Co",605.23,468.14,"TAI","P.O:KAMALA BAGAN, GHOSH PUKUR, DIST.DARJEELING, WEST BENGAL",,,"MINTRI TEA CO. PVT.LTD.","2ND MILE,SEVOKE, ROAD,SILIGURI, DIST.DARJEELING(W.B)","0353-2435612","0353-2533252","mintriteaco@yahoo.com","MINTRI TEA CO. PVT.LTD.","2ND MILE,SEVOKE, ROAD,SILIGURI, DIST.DARJEELING(W.B)","0353-2435612","mintriteaco@yahoo.com","Siliguri"
179,"GIRISH CHANDRA TEA ESTATE","2630","Terai","DARJEELING","PHASIDEWA","Public Ltd Co",86.22,79.44,"","P.O : KAMALABAGAN DIST:, DARJEELING",,,"A.C PAUL AGRICULTURAL CO. PVT. LTD","ARJUN BHAWAN 90, HILL CART, ROAD SILIGURI","03532661237","9434106522","","SALIL KRISHNA PAUL","ARJUN BHAWAN 90, HILL CART, ROAD SILIGURI","03532661237","","Siliguri"
180,"KAMALA TEA ESTATE","1470","Terai","DARJEELING","PHASIDEWA","Public Ltd Co",752.74,517.3,"ITA","P.O: KAMALA BAGAN, GHOSH PUKUR, DIST.DARJEELING, WEST BENGAL-734426",,,"KAMALA TEA CO. LTD","P.O:KAMALA BAGAN, GHOSHPUKUR, DIST.DARJEELING.","0353-3204178","","","SRI M.AGARWALA","P.O:KAMALA BAGAN, GHOSHPUKUR, DIST.DARJEELING.","0353-3204178","","Siliguri"
181,"MATIDHAR TEA ESTATE","81","Terai","DARJEELING","PHASIDEWA","Public Ltd Co",771.22,642.99,"ITPA","P.O. KAMALA BAGAN,DIST, DARJEELING",,,"NEW TEA CO. LTD.","HINDUSTAN BUILDINGS 4,C.R., AVENUE,KOL-72","03322126753","03322129696","matidhar@gmail.com","NEW TEA CO. LTD.","HINDUSTAN BUILDINGS 4,C.R., AVENUE,KOL-72","03322126753","matidhar@gmail.com","Kolkata"
182,"SAYEDABAD TEA ESTATE","144","Terai","DARJEELING","PHASIDEWA","Public Ltd Co",567.47,351.66,"TRA","P.O : KAMALA BAGAN, DIST. DARJEELING, WEST BENGAL",,,"SRI AJIT KUMAR AGARWALA","AGARWAL HOUSE,, 2ND MILE, SEVOKE ROAD, SILIGURI, DIST.DARJEELING, WEST BENGAL.","0353-2543857","0353-2542656","teraitea@gmail.com","SRI V.D. DUA","AGARWALA HOUSE, 2ND MILE,SEVOKE, ROAD,SILIGURI, WEST BENGAL.","0353-2543857","teraitea@gmail.com","Siliguri"
183,"AVONGROVE TEA ESTATE","8","Darjeeling Hills","DARJEELING","SUKHIAPUKHRI","Public Ltd Co",316.75,184,"TRA","P.O. NAGRISPUR DIST. DARJEELING, WEST BENGAL",,,"KPL INTERNATIONAL LTD","PARK PLAZA, 71 PARK STREET, KOLKATA-16","03322499472","03322499466","mehta@kanoriachem.com","M.R. MEHTA","M/S KPL INTERNATIONAL LTD., PARK PLAZA, 71 PARK STREET, KOLKATA-16","03322499472","mehta@kanoriachem.com","Kolkata"
184,"BALASON & MURMAH","P-19","Darjeeling Hills","DARJEELING","SUKHIAPUKHRI","Public Ltd Co",682.94,352.61,"DTA","PO-SONADA,DIST-DARJEELING, WB",,,"JAYSHREE TEA & INDUSTRIES","LTD., INDUSTRY HOUSE, 10, CAMAC, STREET,KOLKATA-17","980028835","22827535","birlatea@giasel01.vsnl.net.in","PK AGARWAL","INDUSTRY HOUSE,10, CAMAC, STREET,KOLKATA-17","980028835","birlatea@giasel01.vsnl.net.in","Kolkata"
185,"CHAMONG TEA ESTATE","D-65","Darjeeling Hills","DARJEELING","SUKHIAPUKHRI","Proprietorship",331.99,139.6,"DTA","PO-POKHRIABONG, DIST-, DARJEELING,WESTBENGAL",,,"SYCOTTA TEA CO. PVT. LTD.","2 MC DUTTA SARANI,SOGOR, ESTATE,5TH FLOOR ,KOLKATA-1","03330283023","","ashok@chamong.com","ASHOK KR. LOHIA","2 MC DUTTA SARANI, SOGOR, ESTATE, KOLKATA-1","09331262137","ashok@chamong.com","Kolkata"
186,"CHONGTONG TEA ESTATE","2313","Darjeeling Hills","DARJEELING","SUKHIAPUKHRI","Proprietorship",778.79,373.81,"DTA","PO-MARYBONG,DIST-DARJEELING",,,"SANJAY PRAKASH BANSAL","20 COAL BERTH,HOBOKEN, ROAD,KOL-88","03324391927,9831023442","03324391927","","MR ANIL BANSAL","20 COAL BERTH,HOBOKEN, ROAD,KOL-88","9831023442","anilbansal11@gmail.com","Kolkata"
187,"DHAJEA TEA ESTATE","","Darjeeling Hills","DARJEELING","SUKHIAPUKHRI","Proprietorship",317.08,179.35,"DTA","P.O : NAGRISPUR, DIST : DARJEELING, WEST BENGAL",,,"SRI ASHOK KUMAR LOHIA & SRI","K.K.TIBERIWAL, NAGRIFARM TEA CO LTD,2 N.C, DUTTA SARANI SAGAR, ESTATE,5TH FLOOR,UNIT, NO.1,KOLKATA.","033-30936400","033-30936433","chamong@snowline.com","N.A","N.A","","","Kolkata"
188,"GOPALDHARA","6","Darjeeling Hills","DARJEELING","SUKHIAPUKHRI","Public Ltd Co",335.08,168.17,"DTA","P.O. MIRIK,DIST. DARJEELING, WEST, BENGAL",,,"GOPALDHARA TEA CO. PVT. LTD.","ARUN ENCLAVE, TEA AUCTION, ROAD, SILIGURI-3","0353-2510831","0353-510833","shivksaria@gmail.co","MR.S.K.SARIA","ARUN ENCLAVE, TEA AUCTION, ROAD, SILIGURI-3","0353-2510831","shivksaria@gmail.co","Siliguri"
189,"GYABAREE & MIIIKTHONG TEA","2517","Darjeeling Hills","DARJEELING","SUKHIAPUKHRI","Public Ltd Co",812.85,309.51,"DTA","ESTATE, SOURINI, DARJEELING, WEST, BENGAL",,,"LAKTARIA (I) P LTD","12 C LORD SINGHA ROAD, KOLKATA","03322824145","","tea@bagaria.com","S S BAGARIA","12 C LORD SINGHA ROAD, KOLKATA","03322824145","tea@bagaria.com","Kolkata"
190,"LINGIA TEA ESTATE","D-67","Darjeeling Hills","DARJEELING","SUKHIAPUKHRI","Public Ltd Co",220.39,141.63,"DTA","P.O. GHOOM, DIST. DARJEELING, (W.B.)-734102",,,"SYCOTTA TEA CO. PVT. LTD.","SYCOTTA TEA CO. PVT. LTD., 2,N.C.DUTTA SARANI, SAGAR, ESTATE,KOLKATA-1","03322434979","03322437923","chamong@snosline.com","MR.A.K.LOHIA","SYCOTTA TEA CO. PVT. LTD., 2,N.C.DUTTA SARANI, SAGAR, ESTATE,KOLKATA-1","9331262137","chamong@snosline.com","Kolkata"
191,"MARYBONG TEA GARDEN","B 39","Darjeeling Hills","DARJEELING","SUKHIAPUKHRI","Public Ltd Co",395.08,284.52,"DTA","POST-GUMBA DARJEELING",,,"DUNCANS INDUSTRIES LIMITED","31, N.S.ROAD, KOLKATA-1","","","skdeb@duncans-tea.com","MR.BISWAJEET DUTTA","31, N.S.ROAD, KOLKATA-1","","skdeb@duncans-tea.com","Kolkata"
192,"MIM","M-23","Darjeeling Hills","DARJEELING","SUKHIAPUKHRI","Public Sector",389.65,187.65,"DTA","P.0.SUKHIAPOKHRI,DIST., DARJEELING,WEST BENGAL",,,"ANDREW YULE & COMPANY LIMITED","8,RAJENDRA PRASAD SARANI,, KOLKATTA-700001","03322428210","03322434741","ce.tea@andrewyule.com","SUNIL MUNSHI","8,RAJENDRA PRASAD SARANI,, KOLKATTA-700001","9890019050","ce.tea@andrewyule.com","Kolkata"
193,"NAGRI","2411","Darjeeling Hills","DARJEELING","SUKHIAPUKHRI","Proprietorship",575.21,321.64,"TRA","PO-NAGRISPUR ,DIST -, DARJEELING,WB",,,"DARJEELING ORGANIC TEA","ESTATES PVT. LTD., 20 COAL BERTH HOBOKEN ROAD, ROAD,K, KOLKATA-88","033-24391668","03324391927","","SP BANSAL","20 COAL BERTH HOBOKEN, OLKATA 88","033-24391668","","Kolkata"
194,"NAGRIFARM TEA ESTATE","D/69","Darjeeling Hills","DARJEELING","SUKHIAPUKHRI","Proprietorship",570.31,285.66,"DTA","P.O : NAGRISPUR, DIST.DARJEELING, PIN-734215",,,"SRI ASHOK KUMAR LOHIA & SRI","K.K.TIBERIWAL, NAGRIFARM TEA CO. LTD., N.C, DUTTA SARANI SAGAR, ESTATE,5TH FLOOR,UNIT-, 1,KOLKATA,WEST BENGAL.","033-30936400","033-30936433","garden@chamong.com","N.A","N.A","","","Kolkata"
195,"OKAYTI","2416","Darjeeling Hills","DARJEELING","SUKHIAPUKHRI","Public Ltd Co",422.34,213.32,"DTA","PO-OKAYTI,DIST-DARJEELING",,,"OKAYTI TEA COMPANY LTD","29/13 BALIGANJ PARK,KOL-19","03330284444","03330232274","sales@okayti.com","SRI ANTRIKSH KUMBAT","29/13 BALIGANJ PARK,KOL-19","9831190900","sales@okayti.com","Kolkata"
196,"PHUGURI TEA ESTATE","2314","Darjeeling Hills","DARJEELING","SUKHIAPUKHRI","Proprietorship",427.41,227.28,"DTA","PO. PHUGURI, MIRIK, DARJEELING",,,"S.S. BAGARIA","12C,LORD SINHA ROAD,KOLKATA-, 71","0334014000","03322824145","tea@bagariagroup.com","S.S.BAGARIA","12C,LORD SINHA ROAD,KOLKATA-, 71","0334014000","tea@bagariagroup.com","Kolkata"
197,"PUSSIMBING TEA ESTATE","2347","Darjeeling Hills","DARJEELING","SUKHIAPUKHRI","Public Ltd Co",389.6,201.19,"DTA","P.O:GHOOM, DIST.DARJEELING, WEST BENGAL",,,"SHRI ASHOK KUMAR LOHIA","2,N.C.DUTTA SARANI, SAGAR ESTATE, KOLKATA","033-30936401","033-22437923","garden@chamong.com","SHRI ASHOK KUMAR LOHIA","2,N.C.DUTTA SARANI, SAGAR ESTATE, KOLKATA","9331262137","garden@chamong.com","Kolkata"
198,"SEEYOK","2357","Darjeeling Hills","DARJEELING","SUKHIAPUKHRI","Public Ltd Co",406.8,154.01,"DTA","POST MIRIK,DIST DARJEELING",,,"SEEYOK TEA COMPANY LTD","30 JL ROAD,KOLKATA 16","03322299147","033-22496879","promoters@vsnl.net","K.C.AGARWAL","30 JL ROAD,KOLKATA 16","03322299147","promoters@vsnl.net","Kolkata"
199,"SELIMBONG TEA ESTATE","2431","Darjeeling Hills","DARJEELING","SUKHIAPUKHRI","Proprietorship",307.7,153.35,"TRA","P.O. POKHRIABONG DIST., DARJEELING WEST BENGAL",,,"BRIJ MOHAN","30 JL ROAD KOLKATA","03322299147","03322496879","teapromoters@vsnl.net","KC AGGARWAL","30 JL ROAD KOLKATA","03322299147","teapromoters@vsnl.net","Kolkata"
200,"SINGBULLI TEA ESTATE","P-21","Darjeeling Hills","DARJEELING","SUKHIAPUKHRI","Public Ltd Co",824.19,302.72,"DTA","P.O. SOURENI,DIST: DARJEELING, (W.B.)",,,"JAYSHREE TEA & INDUSTRIES","LTD., JAYSHREE TEA & INDUSTRIES, LTD.10,CAMAC STREET ,KOLKATA, -700 017","03322827531","","dpm@jayshreetea.com","MR. D.P.MAHESWARI","JAYSHREE TEA & INDUSTRIES, LTD.10,CAMAC STREET ,KOLKATA, -700 017","03322827531","dpm@jayshreetea.com","Kolkata"
201,"SOURENEE T.E.","742","Darjeeling Hills","DARJEELING","SUKHIAPUKHRI","Public Ltd Co",136.78,95.55,"DTA","SOURENI BAZAR,PIN, 734227,DARJEELING",,,"SHRI J.P.CHOWDHARY","10TH FLOOR,PODDAR, POINT,1B,PARK STREET,KOLKATA","03322295543/49","03322260437","soureneetg@gmail.com","J.P.CHOWDHARY","10TH FLOOR,PODDAR, POINT,1B,PARK STREET,KOLKAT","03322295543/49","soureneetg@gmail.com","Kolkata"
202,"SUNGMA TEA ESTATE","2589","Darjeeling Hills","DARJEELING","SUKHIAPUKHRI","Public Ltd Co",251.45,136,"DTA","P.O. POKHRIABONG,PIN, 734216,DARJEELING,WEST BENGAL",,,"JAYSHREE TEA & INDUSTRIES","LTD., INDUSTRY HOUSE 10,CAMAC, STREET,KOLKATA-700017","03322827531","03322827535","","SHRI D.P. MAHESWARI","INDUSTRY HOUSE10,CAMAC, STREET,KOLKATA-17","09433027968","dpm@jayshreetea.com","Kolkata"
203,"THURBO TEA GARDEN","B44","Darjeeling Hills","DARJEELING","SUKHIAPUKHRI","Public Ltd Co",819.53,488.44,"ITA","P.O. MIRIK, DIST. DARJEELING",,,"GOODRICKE GROUP LIMITED","14.GURUSADAY ROAD,KOLKATA-, 29","03322873067","03322872577","goodricke@vsnl.com","MR. A.N. SINGH","14.GURUSADAY ROAD,KOLKATA-, 29","03322873067","goodricke@vsnl.com","Kolkata"
204,"BAGDOGRA TEA ESTATE","2427","Terai","DARJEELING","SILIGURI","Public Ltd Co",281.82,262.28,"TRA","P.O BAGDOGRA,DIST:DARJEELING, WEST BENGAL",,,"MR AJIT KUMAR AGARWALA","AGARWALA HOUSE 2ND MILE, SEVOKE ROAD SILIGURI","03532543857","03532542656","teraitea@gmail.com","MR V D DUA","AGARWALA HOUSE 2ND MILE, SEVOKE ROAD SILIGURI","03532543857","teraitea@gmail.com","Siliguri"
205,"COOCH BEHAR T.E","2169","Terai","DARJEELING","SILIGURI","Public Ltd Co",302.5,224.26,"TAI","P.O-FALAKATA, DIST-JALPAIGURI,, W.B, E-, Mail :koochbeharteagardenfkt@yahoo.co, m",,,"COOCH BEHAR TEA CO LTD","S.S.AGARWAL & SUMIT, AGARWAL, 50, J.L.NEHRU ROAD,, KOL-71","09830042800, 03330481313","033-30481301","snowviewecal@vsnl.net.in","S.S.AGARWAL & SUMIT AGARWAL","50, J.L.NEHRU ROAD, KOL-71","09830042800, 03330481313","","Kolkata"
206,"KAMALPUR","277","Terai","DARJEELING","SILIGURI","Partnership",81.05,65.91,"ITA","PO- BAGDOGRA, DIST, DARJEELING,WB",,,"RAJENDRA AGARWAL &","MAHENDRA AGARWAL, 63, SEVOKE ROAD, SILIGURI,WB","9434046537","","","RAJENDRA AGARWAL &","MAHENDRA AGARWAL, 63, SEVOKE ROAD, SILIGURI,WB","9434046537","","Siliguri"
207,"MARIONBARIE","2070","Terai","DARJEELING","SILIGURI","Public Ltd Co",421.89,329.05,"TAI","P.O. SILIGURI, DIST: DARJEELING 734, 401.",,,"JAYSHREE TEA & INDUSTRIES","LTD., INDUSTRY HOUSE, 15TH FLOOR,, 10, CAMAC STREET, KOLKATA -, 700 017.","033-22827531","033-22827535","dpm@jayshreetea.com","D.P. MAHESHWARI","INDUSTRY HOUSE, 15TH FLOOR,, 10, CAMAC STREET, KOLKATA -, 700 017.","033-22827531","dpm@jayshreetea.com","Kolkata"
208,"MATIGARA T E","136","Terai","DARJEELING","SILIGURI","Public Ltd Co",217.8,142.09,"TAI","MATIGARA DARJEELING",,,"MR RAJESH GARG","35,-734001 CHURCH ROAD, SILIGURI","0353-2522620","0353-2435283","","0","0","0","","Siliguri"
209,"MOHURGONG & GULMA TEA ESTATE 126/1712","","Terai","DARJEELING","SILIGURI","Proprietorship",1120.08,694.15,"TAI","MOHURGONG & GULMA TEA ESTATE, P.O: GULMA DIST: DARJEELING",,,"MOHURGONG &GULMA TEA","ESTATE, P-17, G.C AVENUE KOLKATA-13, slg@yahaoo.com","03322345760","033 22365890","slg@yahaoo.com","MR ADITYA PAL CHOUDHURY","P-17, G.C AVENUE KOLKATA-13, slg@yahaoo.com","033223457601","slg@yahaoo.com","Kolkata"
210,"NEW CHUMTA TEA ESTATE","R-72","Terai","DARJEELING","SILIGURI","Public Ltd Co",424.11,285.03,"TAI","P.O. NEW CHUMTA DIST., DARJEELING",,,"ROOPCHERA TEA CO. PVT. LTD.","MCLEOD HOUSE, 3 N.S. ROAD, KOL- 700 001","03322435223","","mail@ntcl.in","S. BAJORIA","MCLEOD HOUSE, 3 N.S. ROAD, KOL- 700 001","03322435223","mail@ntcl.in","Kolkata"
211,"NISCHINTAPUR TEA ESTATE","224","Terai","DARJEELING","SILIGURI","Public Ltd Co",255.46,167.21,"TRA","NISCHINTAPUR TEA ESTATE P.O& PS:, MATIGARA -734010",,,"MR GOVIND GARG","15, COLLEGE STREET, 1ST, FLOOR , KOLKATA 700012","033 22570577","033 22198619","longview07@gmail.com","MR GOVIND GARG","15, COLLEGE STREET, 1ST, FLOOR , KOLKATA 700012","033 22570577","longview07@gmail.com","Kolkata"
212,"PUTINBARI TEA ESTATE","2329","Terai","DARJEELING","SILIGURI","Proprietorship",215.55,159.36,"TRA","PO-MATIGARA,DIST-, DARJEELING,WEST BENGAL",,,"PUTINBARI TEA ASSOCIATION LTD","M/S PUTINBARI TEA ASS LTD,24 N M, S BOSE ROAD KOL-01","03322307689/22303098","03322303098","putinbareetea@gmail.com","PUTINBARI TEA ASSOCIATION","LTD, /S PUTINBARI TEA ASS LTD,24 N, S BOSE ROAD KOL-01","03322307689/22303098","putinbareetea@gmail.com","Kolkata"
213,"SIMULBARIE","2277","Terai","DARJEELING","SILIGURI","Public Ltd Co",529.55,394.34,"ITPA","P.O SIMULBARIE, DIST, DARJEELING,WEST BENGAL",,,"SIMULBARIE TEA CO. (P) LTD.","71, GANESH CHANDRA AVENUE,, KOLKATA 700 013","0353-2530681/0681","0353-2543065","madanparashar@yahoo.com","MADAN MOHAN SHARMA","71, GANESH CHANDRA AVENUE,, KOLKATA 700 013, 2530681/0681/9434077919","0353-","slg_bansal@sancharnet.com","Kolkata"
214,"SUKNA","34","Terai","DARJEELING","SILIGURI","Public Ltd Co",358.04,282.63,"ITPA","PO GULMA,DIST DARJEELING, WEST, BENGAL",,,"SUKNA TEA & INDUSTRIES LTD","2/5, SARAT BOSE ROAD, FLAT NO., 2/B, 2ND FLOOR, KOLKATA 700, 020","03324751023","03324751023","suknatea@hotmail.com","S.K. KALYANI","2/5, SARAT BOSE ROAD, FLAT NO., 2/B, 2ND FLOOR, KOLKATA 700, 020","9903938951","suknatea@hotmail.com","Kolkata"
215,"BARADIGHI T.E","N-12","Dooars","JALPAIGURI","MAINAGURI","Public Ltd Co",861.47,556.01,"ITA","BARADIGHI T.E P.O: CHALSA, DIST:, JALPAIGURI",,,"RYDAK SYNDICATE LIMITED","4, DR. RAJENDRA PRASAD, SARANI, KOLKATA-700001","","03322307555","rydak@vsnl.net","MR. R MACWAN","4, DR. RAJENDRA PRASAD, SARANI, KOLKATA-700001","03322304351","rydak@vsnl.net","Kolkata"
216,"BUDS TEA ESTATE","3901","Dooars","JALPAIGURI","MAINAGURI","Public Ltd Co",20.74,20.74,"ITPA","P.O-RAJGANJ, DIST-JALPAIGURI, W.B",,,"BUDS TEA INDUSTRIES","NEHRU ROAD, SILIGURI","0353-2503755","0353-2435907","budstea@gmail.com","SUBRATA SAHA/DEBABRATA","SAGA, NEHRU ROAD, SILIGURI","98320-63395","budstea@gmail.com","Siliguri"
217,"JADABPUR TEA GARDEN","168","Dooars","JALPAIGURI","MAINAGURI","Public Ltd Co",278.13,141.87,"ITPA","P.O-RAMSHAI, DIST-JALPAIGURI, W.B",,,"JADABPUR TEA CO LTD","3A, HARE STREET, KOL-1","033-22317311","033-22317311","ramshaitea@rediffmail.com","L.N.GUPTA","3A, HARE STREET, KOL-1","033-22317311","ramshaitea@rediffmail.com","Kolkata"
218,"NOWERA NUDDY TEA ESTATE","A-7","Dooars","JALPAIGURI","MAINAGURI","Public Ltd Co",553.03,257.8,"TRA","P.O: NEORA(MAL) DIST: JALPAIGURI, @amalgamated .in",,,"AMALGAMATED PLANTATIONS","PRIVATE LIMITED, AMALGAMATED PLANTATIONS, PVT LTD GS ROAD DISPUR POST, BOX NO: 9 CHRISTIAN BUSTY, GUWAHATI 700851, @amalgamated .in","03616115000","","","MR. DIPAK ATAL","AMALGAMATED PLANTATIONS, PVT LTD GS ROAD DISPUR POST, BOX NO: 9 CHRISTIAN BUSTY, GUWAHATI 700851, @amalgamated .in","09435092643","","Assam"
219,"SONAR BANGLA TEA CO (P) LTD","4137","Dooars","JALPAIGURI","MAINAGURI","Public Ltd Co",59.24,42.51,"ITPA","VILL-SHALBARI, P.O-JALPESH, DIST-, JALPAIGURI, W.B",,,"SONAR BANGLA TEA CO (P) LTD","VILL-SHALBARI, P.O-JALPESH,, DIST-JALPAIGURI, W.B","9434039248","9434039248","","SANJOY AGARWALLA","VILL-SHALBARI, P.O-JALPESH,, DIST-JALPAIGURI, W.B","9434039248","","Jalpaiguri"
220,"TRISAKTI TEA ESTATE","3969","Dooars","JALPAIGURI","MAINAGURI","Public Ltd Co",61.45,56.83,"ITPA","P.O-PANBARI, DIST-JALPAIGURI, W.B",,,"TRISAKTI TEA CO (P) LTD","18/1, GARIAHAT ROAD, KOL-19","9732660435","033-24602870","","SAIBAL GANGULY","18/1, GARIAHAT ROAD, KOL-19","9732660435","","Kolkata"
221,"BARUAPARA TEA ESTATE","3601","Terai","JALPAIGURI","RAJGANJ","Public Ltd Co",46.57,46.57,"ITPA","P.O-CHAULHATI, DIST-JALPAIGURI,, W.B",,,"KUKURJAN AGRO PRODUCT PVT LTD","MERCHANT ROAD, JALPAIGURI","03561-230577","9002680366","","RAJENDRA KR. GOYAL","MERCHANT ROAD, JALPAIGURI","03561-230577","","Jalpaiguri"
222,"BHANDAPUR TEA ESTATE","1614","Terai","JALPAIGURI","RAJGANJ","Public Ltd Co",208.55,120.13,"ITA","P.O-SHIKARPUR, DIST-, JALPAIGURI,W.B",,,"SHIKARPUR & BHANDAPUR TEA","ESTATES PVT LTD, SEVOKE ROAD, SILIGURI, E-, Mail :shikarpurteaestate@gmail.com","9434048605","9932926320","shikarpurteaestate@gmail.com","NARENDRA BERLIA","SEVOKE ROAD, SILIGURI, E-, Mail :shikarpurteaestate@gmail.com","9434048605","shikarpurteaestate@gmail.com","Siliguri"
223,"BHANDIGURI","30","Terai","JALPAIGURI","RAJGANJ","Public Ltd Co",392.36,320.19,"ITPA","P.O-BPN BAS, DIST-JALPAIGURI, W.B",,,"ARUN KUMAR MUNDRA","P.O- RAIKATPARA, DIST-, JALPAIGURI, W.B","03561-230154","03561-230154","goowill_154@yahoo.co.in","AMITAVA SENGUPTA","BHANDIGURI BHAWAN,, BABUPARA, P.O+DIST-, JALPAIGURI, W.B","03561-230154","goowill_154@yahoo.co.in","Jalpaiguri"
224,"BHARDESHWAR TEA PLANTATION","3674","Terai","JALPAIGURI","RAJGANJ","Public Ltd Co",109.31,106,"ITPA","CO. (P) LTD*, SANSASI PARA, P.O-RAJGANJ, DIST-, JALPAIGURI, W.B",,,"PARTHA PRATIM PAUL","P.O-PRASAHNNAGAR, DIST-, JALPAIGURI, W.B","94340-16766","03561-2402789","","PARTHA PRATIM PAUL","P.O-PRASAHNNAGAR, DIST-, JALPAIGURI, W.B","94340-16766","","Jalpaiguri"
225,"BHASANI TEA ESTATE","3673","Terai","JALPAIGURI","RAJGANJ","Partnership",40.48,40,"ITPA","P.O-RAJGANJ, DIST-JALPAIGURI, W.B",,,"SANJIT PAUL","63, NAZRUL SARANI, HAKIMPARA,, SILIGURI","9832064039","0353-2521285","","SANJIT PAUL","63, NAZRUL SARANI, HAKIMPARA,, SILIGURI","9832064039","","Siliguri"
226,"GADRA TEA ESTATE","2799","Terai","JALPAIGURI","RAJGANJ","Public Ltd Co",27.5,22.72,"ITPA","P.O-GADRA, DIST-JALPAIGURI, W.B",,,"BINDO BEHARI TEA INDUSTRIES PVT LTD","S.F.ROAD, SILIGURI(ANANDALOK, CAMPUS)","9434006928","","","DR. SUSANTA KR. ROY","S.F.ROAD, SILIGURI(ANANDALOK, CAMPUS)","9434006928","","Siliguri"
227,"HARINAGAR TEA ESTATE","4144","Terai","JALPAIGURI","RAJGANJ","Public Ltd Co",27.11,18,"None","P.O-GARALBARI, DIST-JALPAIGURI,, W.B",,,"RUCHI AGRO PRODUCTS PVT LTD SANDIP AGARWAL","33, M.G. ROAD, SILIGURI BAZAR, 33, M.G, DIST-DARJEELING                DIST-DA","98008-47576","0353-2501808","slsandip@yahoo.com",". ROAD, SILIGURI BAZAR,","RJEELING, 008-47576, 53-2501808, :slsandip@yahoo.com","","slsandip@yahoo.com","Siliguri"
228,"HIRALAL TEA GARDEN","2675","Terai","JALPAIGURI","RAJGANJ","Proprietorship",90.86,84.42,"TRA","VILL: CHEKARMARI P.O: GADRA DIST:, JALPAIGURI",,,"NARAYAN CHANDRA DUTTA","311, BIDHAN ROAD SILIGURI","0353 2432937","","","NARAYAN CHANDRA DUTTA","311, BIDHAN ROAD SILIGURI","0353 2432937","","Siliguri"
229,"JAGAT BANDHU TEA ESTATE","3777","Terai","JALPAIGURI","RAJGANJ","Public Ltd Co",42.51,42.51,"ITPA","P.O-CHAULHATI, DIST-JALPAIGURI,, W.B",,,"DILIP KR. GHOSH","P-162 CIT ROAD, SCHEME-VII(M),, KOL-54","9830204984","","","DILIP KR. GHOSH","P-162 CIT ROAD, SCHEME-VII(M),, KOL-54","9830204984","","Kolkata"
230,"JANAKI GOSAI TEA ESTATE","3801","Terai","JALPAIGURI","RAJGANJ","Public Ltd Co",22.9,20.473,"ITPA","KATHALDUNGI, P.O-CHAULHATI, DIST, -JALPAIGURI, W.B",,,"JANAKI GOSAI TEA ESTATE PVT LTD","SEBAGRAM, P.O-DEBNAGAR,, JALPAIGURI, W.B","9434041342","03561-276882","julie_jayanta@yahoo.co.in","JAYANTA BANIK","SEBAGRAM, P.O-DEBNAGAR,, JALPAIGURI, W.B","9434041342","julie_jayanta@yahoo.co.in","Jalpaiguri"
231,"RUNGGOTI TEA GARDEN","3994","Terai","JALPAIGURI","RAJGANJ","Public Ltd Co",44.53,44.53,"ITPA","SCHOOL PARA, FATAPUKUR, COLONY, P.O-FATAPUKUR, DIST-, JALPAIGURI",,,"NPS COLD STORAGE PVT LTD","8, RAJA RAMMOHAN ROY ROAD,, KAKIMPARA, SILIGURI-734001,, DARJEELING, W.B","98320-63100","0353-2436673","","NANI GOPAL PAUL","8, RAJA RAMMOHAN ROY ROAD,, KAKIMPARA, SILIGURI-734001,, DARJEELING, W.B","98320-63100","","Siliguri"
232,"SHAAKTIMANN TEA ESTATE","3086","Terai","JALPAIGURI","RAJGANJ","Public Ltd Co",95.92,94.01,"ITPA","P.O. SAPTIBARI DIST. JALAPIGURI, (WEST BENGAL)",,,"GOLDEN LEAF TEA PLANTATIONS ASHOK KUMAR AGAEWAL","PRIVATE LIMITED                   M/S, MITRUKA HOUSE, NEHRU ROAD PLANTATIONS, SILIGURI-734005                   MIT, E-M","03532501409","03532501409","goldenleaf@rediffmail.com","GOLDEN LEAF TEA","PRIVATE LIMITED,, RUKA HOUSE, NEHRU ROAD, IGURI-734005, :03532501409, :03532501409, ail :goldenleaf@rediffmail.com","","goldenleaf@rediffmail.com","Siliguri"
233,"SHIKARPUR TEA ESTATE","1615","Terai","JALPAIGURI","RAJGANJ","Public Ltd Co",555.37,491.35,"ITA","P.O-SHIKARPUR, DIST-JALPAIGURI,, W.B",,,"SHIKARPUR & BHANDAPUR TEA","ESTATES PVT LTD, SEVOKE ROAD, SILIGURI","9434048605","9932926320","goyal_rahul1@hotmail.com","NARENDRA BERLIA","SEVOKE ROAD, SILIGURI","9434048605","goyal_rahul1@hotmail.com","Siliguri"
234,"SHYAMAL BAG TEA ESTATE","3979","Terai","JALPAIGURI","RAJGANJ","Public Ltd Co",31.49,28.12,"ITPA","P.O-AMGURI, DIST-JALPAIGURI, W.B",,,"HARISHPUR TEA CO. PVT. LTD.","18/1, GARIAHAT ROAD, KOL-19","09435030713","033-24602870","","SAIBAL GANGULY","18/1, GARIAHAT ROAD, KOL-19","09435030713","","Kolkata"
235,"BILATIBARI TEA ESTATE","3693","Terai","UTTAR DINAJPUR","CHOPRA","Public Ltd Co",48.65,45.45,"ITA","VILL. SOLODHI, PS CHOPRA,, UTTARDINAJPUR",,,"BILATIBARI TEA COMPANY PVT. LTD","N.S.ROAD ISLAMPUR, 733202,UTTARDINAJPUR","03526255224","9434512084","bilatibariteaco@gmail.com","BILATIBARI TEA COMPANY PVT.","LTD, N.S.ROAD ISLAMPUR, 733202,UTTARDINAJPUR","03526255224","bilatibariteaco@gmail.com","Islampur"
236,"CHANDAN TEA ESTATE","2877","Terai","UTTAR DINAJPUR","CHOPRA","Public Ltd Co",323.4,257.16,"TRA","DASPPARA,P.O., GANDAGACH,DIST.UTTAR, DINAJPUR,WEST BENGAL",,,"CHANDAN TEA INDUSTRIES PVT.","LTD., 4C .R AVENUE,HINDUSTHAN, BUILDING, KOLKATA-72","03322126753","","","MR. RAJ BANSAL","4C .R AVENUE,HINDUSTHAN, BUILDING, KOLKATA-72","09831000353","","Kolkata"
237,"DEBIJHORA","200","Terai","UTTAR DINAJPUR","CHOPRA","Public Ltd Co",450.43,305.38,"ITPA","PO DEBIJHORA, DT UTTAR, DINAJPUR, WEST BENGAL",,,"DEBIJHORA TEA CO. LTD.","SPENCER PLAZA(2ND FLOOR),, BURDAWAN, ROAD,SILIGURI,WEST BENGAL, 734005 WEST BENGAL","0353-2500744/2500745","0353-2500744","ajaigargslg@yahoo.co.in","A. K. CHATTEERJEE","SPENCER PLAZA(2ND FLOOR),, BURDAWAN, ROAD,SILIGURI,WEST BENGAL, 734005 WEST BENGAL","0353-2500744/2500745","ajaigargslg@yahoo.co.in","Siliguri"
238,"GOALGACH TEA ESTATE","","Terai","UTTAR DINAJPUR","CHOPRA","Public Ltd Co",0,473.66,"","P.O-ASHARUBASTI DIST- UTTAR, DINAJPUR WEST BENGAL",,,"473.66","C","","","","0","DUNCANS HOUSE 31 NETAJI             DUNCANS HOUSE 31 NETAJI, SUBASH ROAD, KOLKATA-700001         SUBASH ROAD, KOLKATA-700001","9333057749","","Kolkata"
239,"GOPE TEA ESTATE","2857","Terai","UTTAR DINAJPUR","CHOPRA","Public Ltd Co",49.22,46.22,"TRA","P.O. ASARUBASTI P.S., CHOPRAA,DIST:UTTAR DINAJPUR, (W.B.)",,,"GOPE TEA PLANTATION PVT. LTD. MR. DIPAK GOPE","VIDYA SAGAR PALLY,P.O.          VI, SILIGURI BAZAR,DIST:            SI, DARJEELING PIN,734005           DA","0353-2536244","","adv.dipakgope@yahoo.com","DYA SAGAR PALLY,P.O.","LIGURI BAZAR,DIST:, RJEELING PIN,734005, l :0943404704, x :, Mail :adv.dipakgope@yahoo.com","","adv.dipakgope@yahoo.com","Siliguri"
240,"GUPTA TEA ESTATE","4181","Terai","UTTAR DINAJPUR","CHOPRA","Public Ltd Co",35,34,"ITA","VILL & POST SONPURHAT, DIST-, UTTAR DINAJPUR",,,"GUPTA TEA ESTATE","VILL & POST SONPURHAT, DIST-, UTTAR DINAJPUR","9932406732","","badamitea@rediffmail.com","MR. KRISHNA KR GUPTA","VILL & POST SONPURHAT, DIST-, UTTAR DINAJPUR","9932406732","badamitea@rediffmail.com","Other / Unspecified"
241,"ICHHAMOTI","3978","Terai","UTTAR DINAJPUR","CHOPRA","Public Ltd Co",141.39,134.9,"TRA","P.O. DASPARA,P.S., CHAPRA,DIST.UTTARDINAJPUR",,,"PURBASHA PLANTATIONS & TEA","IND (P)LTD, 262,BIDHAN ROAD,SILIGURI","0353-2520450","","","MRS. DEBOMITRA DEY SARKAR","262,BIDHAN ROAD,SILIGURI, E-, Mail :debomitra.deysarkar@gmail.co, m","9434061252","debomitra.deysarkar@gmail.co","Siliguri"
242,"JOTINDRA MOHAN","","Terai","UTTAR DINAJPUR","CHOPRA","Unknown",3729,51.45,"TRA","VILL NANDKISHOREGA.PO, DEBIJHORAD,IST- UTTAR DINAJPUR",,,"JOTINDRA MOHON TEA","CO.PVT.LTD., 100, ATUL PRASAD SARANI, P.O., RABINDRA SARANI, DIST., DARJEELING","9434234255","","adv.dipakgope@yahoo.com","PROKASH DAS","100, ATUL PRASAD SARANI, P.O., RABINDRA SARANI, DIST., DARJEELING","9434234255 /9434234255","adv.dipakgope@yahoo.com","Darjeeling"
243,"KUSUM TEA ESTATE","2707 NC","Terai","UTTAR DINAJPUR","CHOPRA","Public Ltd Co",216.31,204.01,"ITA","PO. MOLANI,VIA RAMGANJ,UTTAR, DINAJPUR",,,"NORTH BENGAL TEA PLANTATION JAGDISH PRASAD AGARWAL","COMPANY                     NEHRU ROAD, S, NEHRU ROAD, SILIGURI        Tel :03532502","03532502","03532501","kusum.slg@gmail.com","ILIGURI","010, 409, .slg@gmail.com","",".slg@gmail.com","Siliguri"
244,"LAKHIPUR (DUNCANS)","","Terai","UTTAR DINAJPUR","CHOPRA","Public Ltd Co",150,126.79,"TRA","POST LAKHIPUR,DIST UTTAR, DINAJPUR,WEST BENGAL",,,"DUNCANS INDUSTRIES LIMITED","31 NS ROAD,KOLKATA-01","03332219158","22486021","","MR M GURBAXANI","31 NS ROAD,KOLKATA-01, tea.com","9831031790","","Kolkata"
245,"MAHAMAYA TEA ESTATE","4152","Terai","UTTAR DINAJPUR","CHOPRA","Public Ltd Co",64.016,53.28,"TRA","VILL:PANDITPOTA-II,P.O. DULALIVITA,, DIST; UTTAR DINAJPUR(W.B.)",,,"MAHAMAYA AGRO INDUSTRIES PVT. LTD.","ISLAMPUR,DIST: UTTAR, DINAJPUR(W.B.)","03526257268","","das.sqapan65@yahoo.com","MR. SWAPAN DAS","ISLAMPUR,DIST: UTTAR, DINAJPUR(W.B.)","09434044624","das.sqapan65@yahoo.com","Islampur"
246,"MATRI","2879","Terai","UTTAR DINAJPUR","CHOPRA","Public Ltd Co",142,128.96,"","VILL-LACHHUGACHH,PO-, CHANDANIDANGA,PS-CHOPRA,DIST-, UTTAR DINAJPUR",,,"M C NANDI","SAROJINI, VILLA,RAMKRISHNAPALLY,ISLAM, PUR,DIST-UTTAR DINAJPUR","03526-255152","0353-2534493","nanditeaslg@bsnl.in","NIL","NA","","","Islampur"
247,"MAYA TEA ESTATE","4236","Terai","UTTAR DINAJPUR","CHOPRA","Public Ltd Co",59.05,59.05,"ITPA","P.O. CHOPRA,DIST UTTAR DINAJPUR",,,"SEAL & CO (P) LTD.","P.O. CHOPRA,DIST UTTAR, DINAJPUR","03532435425","","slg-sealtea@sanchernet.in","PRABIR SEAL","P.O. CHOPRA,DIST UTTAR, DINAJPUR","9832066834","slg-sealtea@sanchernet.in","Siliguri"
248,"PARAGON TEA ESTATE","4172","Terai","UTTAR DINAJPUR","CHOPRA","Proprietorship",40.81,38.4,"","NANDOI, P.O:BURI JAGIR, ISLAMPUR, DIST.NORTH DINAJPUR, WEST BENGAL.",,,".81","","","","","38.40","PARAGON TEA ESTATE, NANDOI           PARAGON TEA ESTATE, NANDOI, P.O:BURI JAGIR                       P.O:BURI JAGIR, VIA: ISLAMPUR                        VIA: ISLAMPUR, DIST.NORTH DINAJPUR                  DIST.NORTH DINAJPUR, WEST BENGAL.                         WEST BENGAL.","9474736741","","Islampur"
249,"PATAGORA TEA GARDEN (DUNCANS","","Terai","UTTAR DINAJPUR","CHOPRA","Public Ltd Co",584.79,295.85,"","PROJECT)*, P.O:KHUNTI, DIST:NORTH DINAJPUR, WEST BENGAL",,,"DUNCANS INDUSTRIES LIMITED","31,N.C.ROAD, KOLKATA-700001","033-22300962","033-22486021","","DUNCANS INDUSTRIES LIMITED","31,N.C.ROAD, KOLKATA-700001","033-22300962","","Kolkata"
250,"PUSPA TEA ESTATE PVT. LTD.,","2859","Terai","UTTAR DINAJPUR","CHOPRA","Public Ltd Co",59.07,54.07,"ITPA","VILL & POST DASPARA, P.S. CHOPRA,, UTTAR DINAJPUR",,,"PUSPA TEA ESTATE PVT. LTD","KARANDIGHI, UTTARDINAJPUR, E-, Mail :sondeepteapvt.ltd50@yahoo.in","9932392624","","sondeepteapvt.ltd50@yahoo.in","PUSPA TEA ESTATE PVT. LTD","KARANDIGHI, UTTARDINAJPUR, E-, Mail :sondeepteapvt.ltd50@yahoo.in","9932392624","sondeepteapvt.ltd50@yahoo.in","Other / Unspecified"
251,"RAHAMAN AGRO PLANTATION PVT.","2141","Terai","UTTAR DINAJPUR","CHOPRA","Proprietorship",88.06,83,"ITA","LTD.*, VILL MOLANI, POST-CHANDANI, DANGA, PS-CHOPRA, UTTARDINAJPUR",,,"RAHAMAN AGRO PLANTATION","PVT. LTD.,, SOUTH END PARK, BLOCK-B,, MEGHANATH SAHA SARANI, PS, PRADHAN NAGAR, SILIGURI","9851845627","","jajahangiralam62@gmial.com","MR. JAHANGIR ALAM","SOUTH END PARK, BLOCK-B,, MEGHANATH SAHA SARANI, PS, PRADHAN NAGAR, SILIGURI","9851845627","jajahangiralam62@gmail.com","Siliguri"
252,"RAMABOTY TEA ESTATE","2722","Terai","UTTAR DINAJPUR","CHOPRA","Public Ltd Co",239.65,233.05,"TRA","P.O: DEBIJHORA DIST : UTTAR, DINAJPUR",,,"A.C PAUL AGRICULTURAL CO. PVT. LTD","ARJUN BHAWAN 90 HILL CART, ROAD SILIGURI, slg@yahoo.co.in","2431675","2434053","slg@yahoo.co.in","SUNIL KRISHNA PAUL","ARJUN BHAWAN 90 HILL CART, ROAD SILIGURI, slg@yahoo.co.in","2431675","slg@yahoo.co.in","Siliguri"
253,"RIDHI SIDHI TEA ESTATE","4180","Terai","UTTAR DINAJPUR","CHOPRA","Partnership",69.68,60.68,"ITA","CHOPRA, ISLAMPUR, UTTAR, DINAJPUR",,,"KAMAL MITRUKA","35 MG ROAD, KHALPARA,, SILIGURI,DIST. DARJEELING, E-, Mail :lionkamalmitruka@yahoo.com","9933158269","","lionkamalmitruka@yahoo.com","KAMAL MITRUKA","35 MG ROAD, KHALPARA,, SILIGURI,DIST. DARJEELING, E-, Mail :lionkamalmitruka@yahoo.com","9933158269","lionkamalmitruka@yahoo.com","Siliguri"
254,"T.N.CHOWDHURY TEA ESTATE","3153","Terai","UTTAR DINAJPUR","CHOPRA","Public Ltd Co",171.37,161.81,"TRA","P.O. ISLAMPUR,DIST. UTTAR, DINAJPUR(W.B.)",,,"T.N.CHOWDHURY TEA ESTATE PVT. LTD.","P.O. ISLAMPUR,NEAR SBI, BUILDING, DIST. UTTAR, DINAJPUR(W.B.)","03526255034","03526257034","tnchowdhury34@gmail.com","MR. DIPANKAR CHOWDHURY","P.O. ISLAMPUR,NEAR SBI, BUILDING, DIST. UTTAR, DINAJPUR(W.B.)","09434055035","tnchowdhury34@gmail.com","Islampur"
255,"BIRPARA TE","B 15","Dooars","JALPAIGURI","MADARIHAT","Public Ltd Co",1529.4,1004.38,"TRA","PO- BIRPARA,DIST-JALPAIGURI,WB",,,"DUNCANS INDUSTRIES LIMITED","31, NS ROAD, KOLKATA-700001","033 2230 0962","033 22486021","","M. GURBAXANI","31. NS ROAD, KOLKATA-700001","033 2230 0962","","Kolkata"
256,"BUNDAPANI TEA GARDEN","2381","Dooars","JALPAIGURI","MADARIHAT","Proprietorship",1269.12,529.56,"ITPA","BUNDAPANI TEA GARDEN PO, BUNDABARI, JALPAIGURI",,,"ALIPURDUAR ENTERPRISES LTD","MAUGAL JYOTI BUILDING, GANESH RAM COMPOUND HC, ROAD SILIGURI","9434049103","03532-522453","spaa-ltd@rediffmail.com","RAKESH SRIVASTAVA","MAUGAL JYOTI BUILDING, GANESH RAM COMPOUND HC, ROAD SILIGURI","9434049103","spaa-ltd@rediffmail.com","Siliguri"
257,"DAHUK VALLEY TEA ESTATE","4169","Dooars","JALPAIGURI","MADARIHAT","Public Ltd Co",174.802,174.802,"ITPA","P.O-GADRA, DIST-JALPAIGURI, W.B",,,"USHA TEA CO PVT LTD","79, KUNDU BHAWAN, BIDHAN, ROAD, SILIGURI-734001, E-, Mail :sanjaykundu1970@yahoo.com","94340-21763","0353-6121395","sanjaykundu1970@yahoo.com","SUNIL KUMAR KUNDU","79, KUNDU BHAWAN, BIDHAN, ROAD, SILIGURI-734001, E-, Mail :sanjaykundu1970@yahoo.com","94340-21763","sanjaykundu1970@yahoo.com","Siliguri"
258,"DALGAON TEA ESTATE","2622","Dooars","JALPAIGURI","MADARIHAT","Public Ltd Co",1069.04,656.02,"TRA","P.O. BIRPARA DIST. JALPAIGURI, WEST BENGAL",,,"RNT PLANTATIONS LIMITED","M/S RNT PLANTATION LIMITED, 1&2 OLD COURT HOUSE CORNER, KOLKATA 700001","03322308831/32","03322308835","lukwah@vsnl.net","K.K. KHEMKA","M/S RNT PLANTATION LIMITED, 1&2 OLD COURT HOUSE CORNER, KOLKATA 700001","03322308831/32","lukwah@vsnl.net","Kolkata"
259,"DEMDIMA","2430","Dooars","JALPAIGURI","MADARIHAT","Public Ltd Co",1072.71,683.58,"ITA","PO-DEMDIMA, DIST-JALPAIGURI, WB",,,"SANTIPARA TEA CO. LTD.","DUNCAN HOUSE,31,NS ROAD,, KOLKATA-1","033 2219158","03300246021","","M GURBAXANI","DUNCAN HOUSE,31, NS ROAD,, KOLKATA-1","033-2219158","","Kolkata"
260,"DUMCHIPARA TEA ESTATE","B-17","Dooars","JALPAIGURI","MADARIHAT","Public Ltd Co",1040.79,695.79,"TRA","P.O. RAMJHORA DIST JALPAIGURI, (WB)",,,"DUNCANS INDUSTRIES LIMITED","31 N.S. ROAD DUNCANS HOUSE, KOLKATA","03332219158","03322468021","","AK GOEL","31 N.S. ROAD DUNCANS HOUSE, KOLKATA","03332219158","","Kolkata"
261,"GARGANDA TAE ESTATE","B-2631","Dooars","JALPAIGURI","MADARIHAT","Public Ltd Co",764.48,528.36,"ITA","P.O. RAMJHORA,DIST- JALPAIGURI",,,"DUNCANS INDUSTRIES LIMITED","31,N.S. ROAD ,KOLKATA-1","00000000","","","MR. M.GURBAXANI","31,N.S. ROAD ,KOLKATA-1","00000000","","Kolkata"
262,"GOPIMOHAN TEA ESTATE","825","Dooars","JALPAIGURI","MADARIHAT","Public Ltd Co",74.04,43.33,"ITPA","P.O-JAIGAON, DIST-JALPAIGURI, W.B",,,"JAHURI DURGA TEA CO (P) LTD","P.O-JAIGAON, DIST-JALPAIGURI,, W.B","94343-40753","03566-263160","","SOHANLAL MUKHERJEE","P.O-JAIGAON, DIST-JALPAIGURI,, W.B","94343-40753","","Jalpaiguri"
263,"HANTAPARA TEA ESTATE","B-16","Dooars","JALPAIGURI","MADARIHAT","Public Ltd Co",1230.09,655,"TRA","P.O. MADARIATHAT DIST., JALPAIGURI,WEST BENGAL",,,"DUNCANS INDUSTRIES LIMITED","31, NETAJI SUBHAS ROAD, DUNCANS HOUSE KOLKATA-, 700001","03322300962/22302185","03322486021","","DUNCANS INDUSTRIES LIMITED","31, NETAJI SUBHAS ROAD, DUNCANS HOUSE KOLKATA-, 700001","03322300962/22302185","","Kolkata"
264,"MAKRAPARA TEA ESTATE","426","Dooars","JALPAIGURI","MADARIHAT","Proprietorship",601.75,177.03,"ITPA","P.O. BIRPARA,DIST- JALPAIGURI",,,"ANOOP TEA CO (PVT) LTD","GILLENDER HOUSE 8NS ROAD, 2ND FLOOR B-2/2 KOL 1","9831195497","","","AMAR AGARWAL","GILLENDER HOUSE 8NS ROAD, 2ND FLOOR B-2/2 KOL 1","9831195497","","Kolkata"
265,"MOHUA","3090","Dooars","JALPAIGURI","MADARIHAT","Public Sector",98.37,65.5,"TRA","PO-DALSINGPARA, DIST-, JALPAIGURI,WB",,,"WEST BENGAL TEA","DEVELOPMENT CORPORATION, LTD., 12 B LS ROAD,KOLKATA-71","033-2282-1284","033-2282-4935","webtea@vsnl.net","SMT. M.GUHAROY","TGSAWEJA4739","033-2282-1284","","Kolkata"
266,"MUJNAI TEA ESTATE","425","Dooars","JALPAIGURI","MADARIHAT","Public Ltd Co",600.2,400.2,"ITA","P.O-MADHARIHAT, DIST-JALPAIGURI,, W.B, E-, Mail :kamalsingh241262@rediffmail.com",,,"ANJUMAN TEA CO LTD","8, KHAIRU PLACE, 4TH FLOOR, ROOM NO-2, KOL-72","76025-38502","76025-38502","barunsaha_slg@yahoo.com","RUPENDRA SINGH RANAWAT","8, KHAIRU PLACE, 4TH FLOOR, ROOM NO-2, KOL-72","9434745235","barunsaha_slg@yahoo.com","Kolkata"
267,"RAMJHORA TEA ESTATE","59","Dooars","JALPAIGURI","MADARIHAT","Proprietorship",604.46,452.75,"None","P.O. RAMJHORA DIST. JALPAIGURI, (WB)",,,"HIND TEA COMPANY LIMITED","233, 2ND MILE SEVOKE ROAD, SILIGURI","03532544704","03532545273","sevokemotors@vsnl.net","NARENDRA BERLIA","M/S HIND TEA CO. LTD., 233, 2ND, MILE SEVOKE ROAD SILIGURI","03532544704","sevokemotors@vsnl.net","Siliguri"
268,"SATALI TEA ESTATE","P-8","Dooars","JALPAIGURI","MADARIHAT","Public Ltd Co",1096.45,903.57,"TRA","P.O. HASHIMARA DIST. JALPAIGURI, (WB)",,,"DEVI BAGARIA","587, NS BOSE ROAD KOLKATA","03322487385","03322481622","hashimara_tg@yahoo.com","DEVI BAGARIA","587, NS BOSE ROAD KOLKATA","03322487385","hashimara_tg@yahoo.com","Kolkata"
269,"SINGHANIA TEA ESTATE","17","Dooars","JALPAIGURI","MADARIHAT","Proprietorship",348.03,201.72,"ITPA","P.O. BIRPARA,DIST JALPAIGURI",,,"SINGHANIA TEA COMPANY","PRIVATE LTD, 24.R.N.MUKHERJEE, ROAD,KOLKATA-700001","03322481312","","singhaniatea@yahoo.com","SHRI S.K.SUTODIYA","24.R.N.MUKHERJEE, ROAD,KOLKATA-700001","03322481312","singhaniatea@yahoo.com","Kolkata"
270,"SUBHASINI TEA ESTATE","150","Dooars","JALPAIGURI","MADARIHAT","Public Ltd Co",526.18,371.84,"ITPA","P.O-HASIMARA, DIST-JALPAIGURI,, W.B",,,"SUBHOJIT GHOSH","GOVT. PLACE ESAT, KOLKATA-69","033-22487629","033-22486682","btcl@cal2.vsnl.net.in","RABI SANKAR CHATTERJEE","GOVT. PLACE ESAT, KOLKATA-69","033-22487629","btcl@cal2.vsnl.net.in","Kolkata"
271,"TOORSA","65","Dooars","JALPAIGURI","MADARIHAT","Public Ltd Co",691,482,"TRA","PO-DALSINGPARA,DIST -JALPAIGURI,, WB",,,"SS GUPTA","TOORSA TEA COMPANY PVT., LTD.,4, INDIA EXCHANGE PLACE,, 2ND FLOOR, KOLKATA-27","9903031555","","Toorsatea@gmail.com","VASISHT PACHICIA","PO-DALSINGPARA,DIST -, JALPAIGURI, WB","9903031555","Toorsatea@gmail.com","Kolkata"
272,"TULSIPARA TEA ESTATE","2632","Dooars","JALPAIGURI","MADARIHAT","Public Ltd Co",758.38,477.51,"TRA","P.O. RAMJHORA DIST. JALPAIGURI, (WB)",,,"DUNCANS INDUSTRIES LIMITED","DUNCANS HOUSE 31, N.S. ROAD, KOLKATA-1, tea.com","03322302185","03322486021","","M.GURBAXANI","DUNCANS INDUSTRIES LTD., DUNCANS HOUSE 31, N.S. ROAD, KOLKATA-1, tea.com","03322302185","","Kolkata"
273,"DALMORE TEA ESTATE","C-67","Dooars","JALPAIGURI","FALAKATA","Proprietorship",1195.11,552.92,"None","P.O. BIRPARA DIST JALPAIGURI, (WEST BENGAL)",,,"H.C. JAIN","M/S OCTAVIUS TEA & INDIA PVT., LTD. 13TH JAWAHARLAL NEHRU, ROAD C/BLOCK 2ND FLOOR, KOLKATA-17","9331289101","","susil@octaviustea.com","SUSHIL JAIN","M/S OCTAVIUS TEA & INDIA PVT., LTD. 13TH JAWAHARLAL NEHRU, ROAD C/BLOCK 2ND FLOOR, KOLKATA-17","9331289101","susil@octaviustea.com","Kolkata"
274,"DALSINGPARA","C-66","Dooars","JALPAIGURI","FALAKATA","Proprietorship",1504.16,809.72,"","PO-DALSINGPARA,DIST-, JALPAIGURI,WB",,,"LAXMIKANT GAUR","MALNADY TE( P) LTD.,GOPAL, BHAWAN,2ND FLOOR,CHURCH, ROAD,SILIGURI BHAWAN,2ND, FLOOR,CHURCH ROAD,","","","","LAXMIKANT GAUR","MALNADY TE( P) LTD.,GOPAL, BHAWAN,2ND FLOOR,CHURCH, ROAD,SILIGURI BHAWAN,2ND, FLOOR,CHURCH ROAD,","","","Siliguri"
275,"KADAMBINI TEA ESTATE","149","Dooars","JALPAIGURI","FALAKATA","Public Ltd Co",910.09,399.73,"ITA","P.O-FALAKATA, DIST-JALPAIGURI,, W.B",,,"HIMALAYAN TEA & AGRO PVT LTD NARENDRA BERLIA","240B, AJC BOSE RAOD, 3RD          2, FLOOR, KOLKATA-20, W.B            F, E-                                E, Mail :arbindchoudhury26@gmail.com M","9434048605","0353-2545273","arbindchoudhury26@gmail.com","40B, AJC BOSE RAOD, 3RD","LOOR, KOLKATA-20, W.B, el :9434048605, ax :0353-2545367, -, ail :arbindchoudhury26@gmail.com","","arbindchoudhury26@gmail.com","Kolkata"
276,"SARUGAON TEAESTATE","2318","Dooars","JALPAIGURI","FALAKATA","Public Ltd Co",629.27,227.94,"TAI","PO-BIRPARA,DIST-JALPAIGURI,WB",,,"ETEHLBARI TEA COMPANY 1932","LTD., P-36, INDIA EXCHANGE PLACE, 5TH FLOOR, KOLKATA-700 001","03563 204738","03563 204738","p-hemang@hotmail.com","NIL","NIL","","","Kolkata"
277,"TASATI TEA ESTATE","2636","Dooars","JALPAIGURI","FALAKATA","Proprietorship",600.51,450.67,"TRA","P.O. BIRPARA DIST. JALPAIGURI (WB)",,,"A.K. CHAMARIA","M/S TASATI TEA LTD. 7,, SWALLOW LANE KOLKATA-1","033223091749","03322309733","ashokchamaria@hotmail.com","ASHOK CHAMARIA","M/S TASATI TEA LTD. 7,, SWALLOW LANE KOLKATA-1","033223091749","ashokchamaria@hotmail.com","Kolkata"
278,"DHOWLAJHORA TEA ESTATE","39","Dooars","JALPAIGURI","KUMARGRAM","Public Ltd Co",608.92,446.73,"ITA","DHOWLAJHORA, KOHINOOR,, JALPAIGURI",,,"THE BENGAL DFOOARS","NATIONAL TEA CO. LTD., TEMPLE STREET, JALPAIGURI","03561230106","03532541614","deepakberlia@yahoo.com","DEEPAK BERLIA","21/2 MILE SEVOKE ROAD,, SILIGURI","9434045112","deepakberlia@yahoo.com","Siliguri"
279,"KARTICK","N-14","Dooars","JALPAIGURI","KUMARGRAM","Public Ltd Co",624.95,338.26,"ITA","HATIPOTHA, JALPAIGURI, WB",,,"RYDAK SYNDICATE LIMITED","4,DR.R.P SARANI, KOL-1","033-22304351","033-22307555","jardines@vsnl.com","MR. PREM SINGH (MD)","4,DR.R.P SARANI, KOL-1","9831257830","jardines@vsnl.com","Kolkata"
280,"KOHINOOR TEA ESTATE","38","Dooars","JALPAIGURI","KUMARGRAM","Proprietorship",671.73,467.3,"ITA","P.O.SAONTALPUR,DIST.JALPAIGURI,, WEST BENGAL",,,"KOHINOOR TEA CO. PVT. LTD.","M/S KOHINOOR TEA CO. PVT., LTD. BORDHAMAN ROAD,SILIGURI LTD. B","03536452463","","","MR. S.AGARWAL","M/S KOHINOOR TEA CO. PVT., ORDHAMAN ROAD,SILIGURI","03536452463","","Siliguri"
281,"KUMARGRAM TEA GARDEN","B-22","Dooars","JALPAIGURI","KUMARGRAM","Public Ltd Co",871.62,659.01,"ITA","POST NEWLANDS, JALPAIGURI-DIST",,,"GOODRICKE GROUP LIMITED","14, GURUSADEY ROAD, CANEFIA, HOUSE, KOLKATA-19, E-, Mail :subrotobanarjee@goodricke.co, m","03322873067","0332287257","subrotobanarjee@goodricke.co","MR. A.N.SINGH","14, GURUSADEY ROAD, CANEFIA, HOUSE, KOLKATA-19, E-, Mail :subrotobanarjee@goodricke.co, m","03322873067","subrotobanarjee@goodricke.co","Kolkata"
282,"NEWLANDS TEA ESTATE","2577","Dooars","JALPAIGURI","KUMARGRAM","Public Ltd Co",849.03,605.16,"ITA","P.O. NEWLANDS ,DIST: JALPAIGURI",,,"ENGO TRADING & TEA CO.(P)","LTD., 135,BRB BASU ROAD ,KOLKATA-1 Tel :0, E-, Mail :engoteaco1895@rediffmail.com","0","03322428634","engoteaco1895@rediffmail.com","MR. B.K.BHUWALKA","135,BRB BASU ROAD ,KOLKATA-1, 3322135542,03322433869, E-, Mail :engoteaco1895@rediffmail.com","","engoteaco1895@rediffmail.com","Kolkata"
283,"PHASKOWA TEA ESTATE","2525","Dooars","JALPAIGURI","KUMARGRAM","Public Ltd Co",261.06,140.35,"ITA","P.O.HATIPOTHA,DIST:, JALPAIGURI,PIN 736201,WEST, BENGAL",,,"PHASKOWA TEA PLANTATIONS","LTD., 1/1A,VANSITTART ROW,KOLKATA- 1, 1","03322485837","03322480767","phaskowa2010@gmail.com","MANOJ CHAMARIA","1/1A,VANSITTART ROW,KOLKATA-","9830088117","phaskowa2010@gmail.com","Kolkata"
284,"RADHARANI TEA ESTATE","48","Dooars","JALPAIGURI","KUMARGRAM","Public Ltd Co",383.88,149.25,"ITA","KALCHINI, DIST JALPAIGURI",,,"RADHARANI TEA & ESTATES PVT. RADHARANI TEA & ESTATES PVT.","LTD.                           LTD., NO.8, KHAIRU PLACE, 4TH FLOOR, NO.8, KOLKATA-72                     KOLK","03566201150","","anuppratap35@gmail.com",", KHAIRU PLACE, 4TH FLOOR,","ATA-72, :03566201150, :, il :anuppratap35@gmail.com","","anuppratap35@gmail.com","Kolkata"
285,"RAHIMABAD TEA ESTATE","29","Dooars","JALPAIGURI","KUMARGRAM","Proprietorship",712.75,287.12,"TRA","P.O: HATHIPOTA DIST: JALPAIGURI",,,"MR. SHEKHAR ROYCHOUDHURY MR. S.R CHOUDHURY","RAHIMA LANDS AND TEA CO. PVT. RAHIM, LTD 2, CHURCH ROAD KOLKATA- LTD 2,, 01                            01","03322101902","03322424283","roy@iicglobal.com","A LANDS AND TEA CO. PVT.","CHURCH ROAD KOLKATA-, 033222101902, 03322424283, l :roy@iicglobal.com","","roy@iicglobal.com","Kolkata"
286,"RAIMATANG TEA ESTATE","2533","Dooars","JALPAIGURI","KUMARGRAM","Proprietorship",663.07,535.27,"ITA","P.O. KALCHINI,JALAIGURI",,,"ROSHANLAL AGARWAL","OM, PLACE,ASHRAMPARA,SILIGURI, E-, Mail :buxadooars.teaestate@gmail.c, om","9434086855","","","MR. N.K.BASU","OM, PLACE,ASHRAMPARA,SILIGURI, E-, Mail :buxadooars.teaestate@gmail.c, om","03532640235","","Siliguri"
287,"RYDAK TEA ESTATE","N-13","Dooars","JALPAIGURI","KUMARGRAM","Public Ltd Co",1414.89,735.81,"TRA","P.O: RAIDAK DIST: JALPAIGURI",,,"RYDAK SYNDICATE LIMITED","4,DR. RAJENDRA PRATAP SARANI, KOLKATA700001","033 22304351","033 2230755","jardines@vsnl.com","MR PREM SINGH","4,DR. RAJENDRA PRATAP SARANI, KOLKATA700001","03322304362","jardines@vsnl.com","Kolkata"
288,"SANKOS","B 23","Dooars","JALPAIGURI","KUMARGRAM","Public Sector",933.25,665.2,"TRA","P.O, NEWLANDS, DIST-JALPAIGURI,, W.B",,,"GOODRICKE GROUP LIMITED","CAMELLIA HOUSE,, 14,GURUSADAY ROAD, KOL19","033-22873067","","san@goodricke.com","MR.ARUN SINGH (MD)","CAMELLIA HOUSE,, 14,GURUSADAY ROAD, KOL19","033-22873067","san@goodricke.com","Kolkata"
289,"TURTURI TEA ESTATE","166","Dooars","JALPAIGURI","KUMARGRAM","Public Ltd Co",471.85,294.48,"ITA","PO-HATIPOTHA,DIST-JALPAIGURI",,,"ALIPURDUAR TEA COMPANY LTD","2,CHURCH LANE,3RD, FLOOR,ROOM NO-308C,KOL-01","0332210902/107644","03322427644","turturitea@gmail.com","MR SHEKHAR ROY CHOWDHARY","2,CHURCH LANE,3RD, FLOOR,ROOM NO-308C,KOL-01","0332210902","turturitea@gmail.com","Kolkata"
290,"ETHELBARI","2318","Dooars","JALPAIGURI","DHUPGURI","Public Ltd Co",364.1,270.52,"TAI","PO-BIRPARA,DIST-JALPAIGURI,WB",,,"THE ETHELBARI TEA CO (1932)","LTD., P-36,INDIA EXCHANGE PLACE,5TH, FLOOR, KOLKATA-700001","225498074197","03322254038","","MAHENDRA KR. PATEL","P-36, INDIA EXCHANGE PLACE ,, 5TH FLOOR, KOLKATA-700001","225498074197","ethelbari1932@yahoo.com","Kolkata"
291,"GAIRKHATA TEA ESTATE","860","Dooars","JALPAIGURI","DHUPGURI","Public Ltd Co",1070.3,710.63,"TRA","P.O-GAIRKATA, DIST-JALPAIGURI,, W.B",,,"GILLANDERS ARBUTHNOT & CO.","LTD., C-4, GILLANDER HOUSE,, N.S.ROAD, KOL-1","","","","GILLANDERS ARBUTHNOT & CO.","LTD., C-4, GILLANDER HOUSE,, N.S.ROAD, KOL-1","","","Kolkata"
292,"GANDRAPARA TEA GARDEN","B-13","Dooars","JALPAIGURI","DHUPGURI","Public Ltd Co",979.31,832.03,"ITA","P.O. : BANARHAT, DIST.JALPAIGURI, WESTBENGAL",,,"GOODRICKE GROUP LIMITED","CAMELLIA HOUSE, 14,GURUSADAY ROAD, KOLKATA-700019, E-, Mail :subrotobanerjee@goodricke.co, m","033-22873067","033-22870257","subrotobanerjee@goodricke.co","MR. A.N.SINGH","GOODRICKE GROUP LIMITED, CAMELLIA HOUSE, 14,GURUSADAY ROAD, E-, Mail :subrotobanerjee@goodricke.co, m","033-22873067","subrotobanerjee@goodricke.co","Kolkata"
293,"HULDIBARI TEA GARDEN","P-9","Dooars","JALPAIGURI","DHUPGURI","Public Ltd Co",1130.3,851.24,"ITA","P.O-BINNAGURI, DIST-JALPAIGURI,, W.B",,,"HULDIBARI INDUSTRIES &","PLANTATION CO LTD, 3, NETAJI SUBHASH ROAD,, KOLKATA-1","033-22489166","","huldibaritea@yahoo.in","HULDIBARI INDUSTRIES &","PLANTATION CO LTD, 3, NETAJI SUBHASH ROAD,, KOLKATA-1","033-22489166","huldibaritea@yahoo.in","Kolkata"
294,"JAYBIRPARA TEA ESTATE","2462","Dooars","JALPAIGURI","DHUPGURI","Public Ltd Co",392.38,220.66,"ITA","JAYBIRPARA T.E.,P.O., BIRPARA,JALPAIGURI",,,"MCLEOD RUSSEL INDIA LIMITED SHRI S. CHAKRABORTY","4,MAGOE LANE,SURNDRA MOHAN 4,MANGO, GHOSH SARANI,KOLKATA-700001 MOHAN, E-Mai","033221101221            70000","033 22488114","c@wmg.co.in","E LANE,SURENDRA","GOSH SARANI KOLKATA-, 1, 09831815555, 03322488114, l :srinivas c@wmg.co.in","","c@wmg.co.in","Kolkata"
295,"KALABARI TEA ESTATE","436","Dooars","JALPAIGURI","DHUPGURI","Public Ltd Co",539.5,310.36,"ITA","P.O-KALABARI BAGAN, DIST-, JALPAIGURI, W.B",,,"S.K. BACHAWAT","THE EASTERN TEA CO LTD, IDEAL THE EA, PLAZA, 2ND FLOOR, SOUTH, BLOCK, 11/1 SARAT BOSE ROAD, BLOCK,, KOLKATA","033-22837495","033-22837497","","S.K. BACHAWAT","STERN TEA CO LTD, IDEAL, PLAZA, 2ND FLOOR, SOUTH, 11/1 SARAT BOSE ROAD,, KOLKATA","033-22837495","","Kolkata"
296,"LAKHIKANTA TEA ESTATE","127/87","Dooars","JALPAIGURI","DHUPGURI","Proprietorship",341.89,64.52,"ITPA","P.O-LAKHIKANTAPARA, DIST-, JALPAIGURI, W.B",,,"RUNGAMATI TEA INDUSTRIES LTD","90/31, OLD DIAMOND HARBOUR, ROAD, KOL-6","033-24583476","033-24583476","","HARSHA VARSHAN KEYRIWAL","90/31, OLD DIAMOND HARBOUR, ROAD, KOL-6","98310-31450","","Kolkata"
297,"NANGDALA","2547","Dooars","JALPAIGURI","DHUPGURI","Public Ltd Co",870.07,485,"TRA","PO BIRPARA DIST JALPAIGURI WB",,,"MKTEAPVT.LTD","2/2 JUSTICE DWARKANATH ROAD, 2/, KOLKATA 7OOO2O","24746364","033 24746402","m.k.tea@cal.vsnlnet.in","RAJ BERRY","2 JUSTICE DWARKANATH ROAD,, KOLKATA 7OOO2O","24746364","ea@cal.vsnlnet.in","Kolkata"
298,"PALASHBARI","13","Dooars","JALPAIGURI","DHUPGURI","Proprietorship",426.6,357.68,"ITA","PO-BANARHAT , DIST -, JALPAIGURI,WB",,,"PALASHBARI TEA CO LTD","NANDI COOMERCIAL HOUSE,14B,, CAMAC STREET,KOLKATA-17","2281-7576","0319573-2245","palashbari@bsnl.in","PALASHBARI TEA CO LTD","NANDI COOMERCIAL HOUSE,14B,, CAMAC STREET,KOLKATA-17","2281-7576","palashbari@bsnl.in","Kolkata"
299,"RAHIMPUR TEA ESTATE","46","Dooars","JALPAIGURI","DHUPGURI","Public Ltd Co",315.63,125.64,"ITPA","P.O-BIRPARA, DIST-JALPAIGURI, W.B",,,"RAHIMPUR TEA CO LTD","71, GANESH CHANDRA AVENUE,, 3RD FLOOR, KOLKATA-13, E-, Mail :slg_bansalte@sancharnet.com","033-22369154","033-2259425","slg_bansalte@sancharnet.com","MADAN MOHAN SHARMA","71, GANESH CHANDRA AVENUE,, 3RD FLOOR, KOLKATA-13, E-, Mail :slg_bansalte@sancharnet.com","033-22369154","slg_bansalte@sancharnet.com","Kolkata"
300,"TELEPARA TEA ESTATE","2655","Dooars","JALPAIGURI","DHUPGURI","Public Ltd Co",1074.14,714.48,"ITA","PO:BINNAGURI, DIST:JALPAIGURI, WEST BENGAL",,,"EXIMPO TEA LIMITED","3-B , LAL BAZAR, STREET,KOLKATA-01, WEST BENGAL.","033-22489011","033-22430057","","MR.P.K.AGARWAL","EXIMPO TEA LTD, 3-B,LALBAZAR STREET,KOLKATA-, 01","033-22489011","pshagarwal@yahoo.co.in","Kolkata"
301,"TOTAPARA TEA ESTATE","2592","Dooars","JALPAIGURI","DHUPGURI","Public Ltd Co",520.11,378.13,"ITPA","P.O: BANARHAT, DIST.JALPAIGURI, WEST BENGAL",,,"NUDDEA PLANTATIONS LTD.","73,METCALF STREET, 2ND FLOOR, KOLKATA-13","033-22311234","033-22312552","","NUDDEA PLANTATIONS LTD.","73,METCALF STREET, 2ND FLOOR, KOLKATA-13","033-22311234","","Kolkata"
302,"GIELLE TEA ESTATE","P-4","Darjeeling Hills","DARJEELING","KALIMPONG","Public Ltd Co",486.64,250.51,"ITA","P.O. RUNGLI RUNGLIOT DIST., DARJEELING (WB)",,,"TEESTA VALLEY TEA CO LTD","3 NETAJI SUBHASH ROAD, KOLKATA-1","03322483586","03322427157","akroy@teestavalley.com","TEESTA VALLEY TEA CO LTD","3 NETAJI SUBHASH ROAD, KOLKATA-1","03322483586","akroy@teestavalley.com","Kolkata"
303,"KUMAI TEA ESTATE","2315","Darjeeling Hills","DARJEELING","KALIMPONG","Public Ltd Co",587.62,313.62,"TRA","KUMAI TEA ESTATE, PO KUMAI VIA, CHULSA",,,"SNOWVIEW TEA COMPANY PVT LTD","17, CHOWRANGEE MANSIONS, KOLKATA 700016","03322299147","03322496879","teagardens@teapromoters.in","MR. N SENGUPTA","17, CHOWRANGEE MANSIONS, KOLKATA 700016","03322299147","teagardens@teapromoters.in","Kolkata"
304,"KUMLAI","A-3","Darjeeling Hills","DARJEELING","KALIMPONG","Proprietorship",612.74,403.14,"ITA","P.O. DAMDIM, DIST- JALPAIGURI, W.B",,,"THE KUMLAI TEA & IND. LTD.","NICCO HOUSE, 4TH FLOOR,, CHURCH LANE, KOL-1","033-22485551","033-22487929","kanoiteagroup@gmail.com","MR. J.C.GHOSH","NICCO HOUSE, 4TH FLOOR,, CHURCH LANE, KOL-1","9433277494","kanoiteagroup@gmail.com","Kolkata"
305,"LOPCHU TEA ESTATE","1","Darjeeling Hills","DARJEELING","KALIMPONG","Public Ltd Co",321.21,95.75,"DTA","PO: LOPCHU, DIST:DARJEELING, STATE : WEST BENGAL, PIN-734213",,,"C.K.KANORIA ESQR &","P.K.KANORIA ESQR., PO: LOPCHU, DIST:DARJEELING, STATE : WEST BENGAL, PIN-734213","033-22104168","","lopchu@gmail.com","C.K.KANORIA ESQR &","P.K.KANORIA ESQR., PO: LOPCHU, DIST:DARJEELING, STATE : WEST BENGAL, PIN-734213","033-22104168","lopchu@gmail.com","Kolkata"
306,"NAMRING","2576","Darjeeling Hills","DARJEELING","KALIMPONG","Proprietorship",770.93,448.34,"ITA","PO - RUNGLI RUNGLIOT, DIST, DARJEELING, WEST BENGAL",,,"MONOJ PODDAR","4,FAIRLIC PLACE HMP HOUSE ,, KOLKATA-1","033-22310269","91-3322486952","hmpteaestate@gmail.com","O.P.JAIN","4,FAIRLIC PLACE, HMP HOUSE,, KOLKATA-1","033-22310269","hmpteaestate@gmail.com","Kolkata"
307,"PESHOK TEA ESTATE","2399","Darjeeling Hills","DARJEELING","KALIMPONG","Public Ltd Co",988.64,314.7,"DTA","P.O : PESHOK, DIST : DARJEELING, WEST BENGAL-734312",,,"SHRI DEBABRATA MITRA","1004-05,KRISHNA, BUILDING,224, AJC BOSE ROAD, KOLKATA-700017, E-, Mail :debabrata.mitra@alchemist.co.i, n","9830017460","033-22891372","debabrata.mitra@alchemist.co","SHRI D.MITRA","1004-05,KRISHNA, BUILDING,224, AJC BOSE ROAD, KOLKATA-700017, E-, Mail :debabrata.mitra@alchemist.co.i, n","9830017460","debabrata.mitra@alchemist.co","Kolkata"
308,"SAMABEONG TEA ESTATE","444","Darjeeling Hills","DARJEELING","KALIMPONG","Public Ltd Co",731.82,132.45,"DTA","P.O. LAVA, DIST. DARJEELING",,,"DARJEELING TRADING LTD.","30,JL ROAD,KOLKAT16","03322299147","03322496879","tpisam@gmail.com","MR. K.C.AGARWAL","30,JL ROAD,KOLKAT16","03322299147","tpisam@gmail.com","Kolkata"
309,"TUKDAH TEA ESTATE","F-8/4","Darjeeling Hills","DARJEELING","KALIMPONG","Public Ltd Co",555.55,261.71,"DTA","P.O. GHOOM,DIST- DARJEELING",,,"B.D. TEA ESTATES PVT. LTD.","229,A.J.C. BOSE RD,KOL-20","9339145083","","bdttukdahte@yahoo.com","B.K. TIBREWAL","229,A.J.C. BOSE RD.KOL-20","03322817486","bdtept@dataone.in","Kolkata"
310,"KUCHLIBARI TEA ESTATE","3475","Cooch Behar","COOCH BEHAR","MEKHALIGANJ","Public Ltd Co",217.79,160.02,"TAI","PO.KUCHLIBARI , COOCHBEHAR,, WEST BENGAL",,,"GOEL PLANTATIONS PVT. LTD","PO. MATELLI, JALPAIGURI, WEST, BENGAL - 735223, E-, Mail :goelplantationspvtltd@gmail.co, m","03562242260","03562242264","goelplantationspvtltd@gmail.co","PRADEEP GOEL","PO. MATELLI, JALPAIGURI, WEST, E-, Mail :goelplantationspvtltd@gmail.co, m","9800075337","goelplantationspvtltd@gmail.co","Jalpaiguri"
311,"MAINAK HILLS TEA ESTATE","3498","Cooch Behar","COOCH BEHAR","MEKHALIGANJ","Public Ltd Co",284.79,274.04,"ITPA","P.O-CHANGRA BANDHA, DIST-, JALPAIGURI, W.B",,,"T & I GLOBAL LTD","11, JASSAL HOUSE, 4-A,, AUCKLAND SQUARE, KOLKATA-17","033-30283626","9433028143","sajjan@tiglobal.com","SAJJAN BAGARIA","11, JASSAL HOUSE, 4-A,, AUCKLAND SQUARE, KOLKATA-17","033-30283626","sajjan@tiglobal.com","Kolkata"
312,"MOUPRIYA PLANTATION PVT LTD","3731","Cooch Behar","COOCH BEHAR","MEKHALIGANJ","Proprietorship",16.49,16.49,"None","P.O-BHAGRAMGURI, MATHABHANGA, P.S, DIST-COOCH BEHAR",,,"ASHIT KR.SARKAR","SUBHASPALLY, P.O-SILIGURI,, WEST BENGAL","9434307456","","","ASHIT KR. SARKAR","SUBHASPALLY, P.O-SILIGURI,, WEST BENGAL","9434307456","","Siliguri"
313,"TINBIGHA TEA ESTATE","3550","Cooch Behar","COOCH BEHAR","MEKHALIGANJ","Public Ltd Co",223.29,159.36,"","P.O-109, BR. KUCHLIBARI, DIST-, COOCHBEHAR",,,"0","","","","","0","ESTATE PVT LTD                         P.O-109, BR. KUCHLIBARI, DIST-, P.O-109, BR. KUCHLIBARI, DIST-         COOCHBEHAR, COOCHBEHAR                             Tel :033-22126753","033-22126753","newtea@yahoo.com","Kolkata"
314,"MAHALDERAM","173","Darjeeling Hills / Terai","DARJEELING","KUESEONG","Public Ltd Co",110.07,67.9,"TRA","PO-BAGDORA,, DIST DARJEELING",,,"JUTE & STORES LTD.","90/31, D.H. ROAD,KOLKATA-, 700038","09330124797","","","NIL","NIL","","","Kolkata"
315,"MAJHERDABRI","175","Dooars","JALPAIGURI","ALIPURDUAR","Public Ltd Co",486.5,382.27,"TRA","P.O: ALIPURDUAR JUNCTION DIST, JALPAIGURI PIN:736121",,,"BINOD KR. AGARWAL","P/3 NEW CIT ROAD 2ND FLOOR,, KOLKATA-700076","03322372825/94340051120","03322253969","dabritea@yahoo.co.in","GIRIRAJ AGARWAL","3RD FLOOR, APPOLO TOWER,, SEVOKE ROAD,SILIGURI 734401","9832039123/03322372825","dabritea@yahoo.co.in","Kolkata"
316,"MATHURA TEA ESTATE","9","Dooars","JALPAIGURI","ALIPURDUAR","Public Ltd Co",984.01,701.18,"ITA","P.O-MATHURA BAGAN",,,"MCLEOD RUSSEL INDIA LIMITED","SURENDRA MOHAN GHOSH, SARANI, FOUR MANGOE LANE,, KOLKATA-1","033-22101221","033-22488114","administrator@wmg.co.in","NIL","NIL","","","Kolkata"
317,"NIMTIJHORA TEA ESTATE","730","Dooars","JALPAIGURI","ALIPURDUAR","Public Ltd Co",575.45,396.15,"ITA","P.O.KALCHINI,DIST;JALPAIGURI,WEST, BENGAL",,,"KHAYERBARI TEA CO. LTD.","NIMTI, BHAWAN,SAMAJPARA,JALPAIGUR, I","09434019481","03532502313","nimtitea@yahoo.in","SHRI SHYAM SUNDAR GOYAL","NIMTI, BHAWAN,SAMAJPARA,JALPAIGUR, I","09434019481","nimtitea@yahoo.in","Other / Unspecified"
318,"PATKAPRA TEA ESTATE","976","Dooars","JALPAIGURI","ALIPURDUAR","Public Ltd Co",592.58,470.65,"ITA","POST,ALIPURDUAR, JALPAIGURI",,,"DOOARS PLANTATION &","INDUSTRIES LTD.,, 3A RIPON STREET KOLKATA-, 700016, E-, Mail :dooarsplantations@hotmail.com","033-22292983","033-22292976","dooarsplantations@hotmail.com","DOOARS PLANTATION &","INDUSTRIES LTD.,, 3A RIPON STREET KOLKATA-, 700016, E-, Mail :dooarsplantations@hotmail.com","033-22292983","dooarsplantations@hotmail.com","Kolkata"
319,"MATIKUNDA TEA ESTATE","4168","Terai","UTTAR DINAJPUR","ISLAMPUR","Public Ltd Co",113.08,62.11,"ITPA","P.O. MATIKUNDA,UTTAR DINAJPUR",,,"BIJLIMONI TEA & FINANCE LTD.","I & L ALIPUR ROAD,KOLKATA-27","9831000353","","","BIJLIMONI TEA & FINANCE LTD.","I & L ALIPUR ROAD,KOLKATA-27","9831000353","","Kolkata"
320,"PRAKASH CHANDRA TEA ESTATE","4151","Terai","UTTAR DINAJPUR","ISLAMPUR","Proprietorship",12.14,11.61,"","P.O:VAISVITA, DIST: NORTH DINAJPUR, WEST BENGAL",,,"0","","","","","0","6,SAYED MUSTAFA ALI               6,SAYED MUSTAFA ALI, ROAD,HAKIMPARA                    ROAD,HAKIMPARA, SILIGURI-1                        SILIGURI-1, WEST BENGAL.                      WEST BENGAL.","9434019869","","Siliguri"
321,"PROVA TEA ESTATE","3730","Terai","UTTAR DINAJPUR","ISLAMPUR","Proprietorship",26.81,24.81,"","P.O:DEBIJHORA, DIST.NORTH DINAJPUR, WEST BENGAL",,,"540","","","","","0","C/O:PROVA TEA SETAE               23,DURGA BAS BANERJEE, P.O : DEBIJHORA                   BYLANE, WEST BENGAL                       ASHRAMPARA, DIST.NORTH DINAJPUR               SILIGURI(W.B), WEST BENGAL                       Tel :0353-2642678","0353-2642678","","Siliguri"
322,"RIGHTEX TRADING (P) LTD.","4154","Terai","UTTAR DINAJPUR","ISLAMPUR","Public Ltd Co",29.58,23.16,"None","PO-DEBIJHORA,DIST-NORTH, DINAJPUR,WB",,,"RIGHTEX TRADING (P) LTD.","6, SAYED MUSTAFA ALI, ROAD,HAKIMPARA,SILIGURI","9434019869","","","BIMAN DUTTA","6,SAYED MUSTAFA ALI, ROAD,HAKIMPARA","9733017325","","Siliguri"
323,"SOLODIGHI TEA ESTATE","3990","Terai","UTTAR DINAJPUR","ISLAMPUR","Public Ltd Co",42.46,39.67,"TRA","VILL: SOLODIGHI, P.O. DEBIJHORA,, DIST: UTTAR DINAJPUR",,,"TOPICAL TEA CO. PVT. LTD.","N.S. ROAD, ISLAMPUR,P.O./P.S.:, ISLAMPUR, DIST. UTTAR, DINAJPUR","03526255224","","acpranab@yahoo.co.in","SHRI PRANAB KUMAR ADAK","N.S. ROAD, ISLAMPUR,P.O./P.S.:, ISLAMPUR, DIST. UTTAR, DINAJPUR","03526255224","acpranab@yahoo.co.in","Islampur"
324,"TULSIVITA TEA ESTATE","4155","Terai","UTTAR DINAJPUR","ISLAMPUR","Partnership",41.846,40.75,"TRA","VILLAGE: HAFTIAGACH,P.O., BHOSPITA,DIST: UTTAR DINAJPUR, (W.B.)",,,"TULSIVIA AGRO FAM","HIGH SCHOOL MORE,, ISLAMPUR,UTAR DINAJPUR(W.B)","03526257268","","das.swapan65@yahoo.com","SHRI SWAPAN DAS & CHANDAN","DAS, HIGH SCHOOL MORE,, ISLAMPUR,UTAR DINAJPUR(W.B)","09434044624","das.swapan65@yahoo.com","Islampur"
