sl,name,type,region,district,company,decision_maker,hq_city,hq_address,phone,email,scale,reg_no,marks,maps_url
1,FATEMABAD TEA ESTATE,Organized Estate,Lower Assam,Baksa,FATEMABAD TEA ESTATE,-,Baksa,"Baksa, Assam",-,-,Organized Plantation,36,,
2,MENOKA TEA ESTATE,Organized Estate,Lower Assam,Baksa,MENOKA TEA ESTATE,-,Baksa,"Baksa, Assam",-,-,Organized Plantation,1764 (RC-530),,
3,BEHALI TEA ESTATE,Organized Estate,Central Assam,Biswanath,McLeod Russel India Limited,-,Kolkata,"Four Mangoe Lane, Surendra Mohan Ghosh Sarani, Kolkata 700001",-,-,Organized Plantation,D-27,,
4,BORGAON T.E,Organized Estate,Central Assam,Biswanath,BORGAON T.E,-,Biswanath,"Biswanath, Assam",-,-,Organized Plantation,3046,,
5,DHULLIE TEA ESTATE,Organized Estate,Central Assam,Biswanath,McLeod Russel India Limited,-,Kolkata,"Four Mangoe Lane, Surendra Mohan Ghosh Sarani, Kolkata 700001",-,-,Organized Plantation,V-4,,
6,KETTELA TEA ESTATE,Organized Estate,Central Assam,Biswanath,KETTELA TEA ESTATE,-,Biswanath,"Biswanath, Assam",-,-,Organized Plantation,2536,,
7,MAJULIGHUR,Organized Estate,Central Assam,Biswanath,Amalgamated Plantations Private Limited (Tata),-,Guwahati,"1st Floor, GS Road, Christian Basti, Guwahati, Assam 781005",-,-,Organized Plantation,D-29,MAJULIGHUR,
8,MAHALUXMI TEA ESTATE,Organized Estate,Central Assam,Biswanath,MAHALUXMI TEA ESTATE,-,Biswanath,"Biswanath, Assam",-,-,Organized Plantation,70,,
9,GINGIA,Organized Estate,Central Assam,Biswanath,GINGIA,-,Biswanath,"Biswanath, Assam",-,-,Organized Plantation,N/26,GINGIA TEA ESTATE,
10,HALEM,Organized Estate,Central Assam,Biswanath,McLeod Russel India Limited,-,Kolkata,"Four Mangoe Lane, Surendra Mohan Ghosh Sarani, Kolkata 700001",-,-,Organized Plantation,N-27,,
11,MONABARIE,Organized Estate,Central Assam,Biswanath,McLeod Russel India Limited,-,Kolkata,"Four Mangoe Lane, Surendra Mohan Ghosh Sarani, Kolkata 700001",-,-,Organized Plantation,N-22,,
12,MIJICAJAN,Organized Estate,Central Assam,Biswanath,McLeod Russel India Limited,-,Kolkata,"Four Mangoe Lane, Surendra Mohan Ghosh Sarani, Kolkata 700001",-,-,Organized Plantation,D-28,,
13,NEWPURUPBARI,Organized Estate,Central Assam,Biswanath,NEWPURUPBARI,-,Biswanath,"Biswanath, Assam",-,-,Organized Plantation,2464,,
14,NIRMALA T.E,Organized Estate,Central Assam,Biswanath,NIRMALA T.E,-,Biswanath,"Biswanath, Assam",-,-,Organized Plantation,105,,
15,NYA GOGRA T.E,Organized Estate,Central Assam,Biswanath,McLeod Russel India Limited,-,Kolkata,"Four Mangoe Lane, Surendra Mohan Ghosh Sarani, Kolkata 700001",-,-,Organized Plantation,N-28,,
16,PERTABGHUR TEA ESTATE,Organized Estate,Central Assam,Biswanath,McLeod Russel India Limited,-,Kolkata,"Four Mangoe Lane, Surendra Mohan Ghosh Sarani, Kolkata 700001",-,-,Organized Plantation,D/6,,
17,TEZALPATTY TEA ESTATE,Organized Estate,Central Assam,Biswanath,TEZALPATTY TEA ESTATE,-,Biswanath,"Biswanath, Assam",-,-,Organized Plantation,2874,,
18,SRILA TE,Organized Estate,Barak Valley,Cachar,SRILA TE,-,Cachar,"Cachar, Assam",-,-,Organized Plantation,3028,,
19,SUBONG TEA(PRITHVI TEA CO PVT LTD),Organized Estate,Barak Valley,Cachar,SUBONG TEA(PRITHVI TEA CO PVT LTD),-,Cachar,"Cachar, Assam",-,-,Organized Plantation,2513,,
20,PATHECHERRA TEA ESTATE,Organized Estate,Barak Valley,Cachar,PATHECHERRA TEA ESTATE,-,Cachar,"Cachar, Assam",-,-,Organized Plantation,1880,,
21,PALLORBUND,Organized Estate,Barak Valley,Cachar,PALLORBUND,-,Cachar,"Cachar, Assam",-,-,Organized Plantation,2424,,
22,RUKNI TE,Organized Estate,Barak Valley,Cachar,RUKNI TE,-,Cachar,"Cachar, Assam",-,-,Organized Plantation,2429,,
23,ROSEKANDY TE,Organized Estate,Barak Valley,Cachar,ROSEKANDY TE,-,Cachar,"Cachar, Assam",-,-,Organized Plantation,2217,,
24,RUTTONPORE TE,Organized Estate,Barak Valley,Cachar,RUTTONPORE TE,-,Cachar,"Cachar, Assam",-,-,Organized Plantation,2289,,
25,RAHMAN NAGAR,Organized Estate,Barak Valley,Cachar,RAHMAN NAGAR,-,Cachar,"Cachar, Assam",-,-,Organized Plantation,76,,
26,RAMPORE TE,Organized Estate,Barak Valley,Cachar,RAMPORE TE,-,Cachar,"Cachar, Assam",-,-,Organized Plantation,2402,,
27,POLOI TE,Organized Estate,Barak Valley,Cachar,POLOI TE,-,Cachar,"Cachar, Assam",-,-,Organized Plantation,2239,,
28,URRUNABUND TE,Organized Estate,Barak Valley,Cachar,URRUNABUND TE,-,Cachar,"Cachar, Assam",-,-,Organized Plantation,2029,,
29,WEST JALINGA TE,Organized Estate,Barak Valley,Cachar,WEST JALINGA TE,-,Cachar,"Cachar, Assam",-,-,Organized Plantation,2451,,
30,SILCURI,Organized Estate,Barak Valley,Cachar,SILCURI,-,Cachar,"Cachar, Assam",-,-,Organized Plantation,2403,,
31,HILARA TE,Organized Estate,Barak Valley,Cachar,HILARA TE,-,Cachar,"Cachar, Assam",-,-,Organized Plantation,2380,,
32,IRINGMARA TEA ESTATE,Organized Estate,Barak Valley,Cachar,IRINGMARA TEA ESTATE,-,Cachar,"Cachar, Assam",-,-,Organized Plantation,2007,,
33,INDRAGARH TE,Organized Estate,Barak Valley,Cachar,INDRAGARH TE,-,Cachar,"Cachar, Assam",-,-,Organized Plantation,2964,,
34,JATINGA VALLEY TE,Organized Estate,Barak Valley,Cachar,JATINGA VALLEY TE,-,Cachar,"Cachar, Assam",-,-,Organized Plantation,2055,,
35,JELLALPORE TEA ESTATE,Organized Estate,Barak Valley,Cachar,JELLALPORE TEA ESTATE,-,Cachar,"Cachar, Assam",-,-,Organized Plantation,2568,,
36,JHIRIGHAT TE,Organized Estate,Barak Valley,Cachar,JHIRIGHAT TE,-,Cachar,"Cachar, Assam",-,-,Organized Plantation,H-9,,
37,MONIIERKHAL TE,Organized Estate,Barak Valley,Cachar,MONIIERKHAL TE,-,Cachar,"Cachar, Assam",-,-,Organized Plantation,2337,,
38,HATTICHERRA TE,Organized Estate,Barak Valley,Cachar,HATTICHERRA TE,-,Cachar,"Cachar, Assam",-,-,Organized Plantation,2512,,
39,DWARBUND TE,Organized Estate,Barak Valley,Cachar,DWARBUND TE,-,Cachar,"Cachar, Assam",-,-,Organized Plantation,2451,,
40,DILKHOOSH TE,Organized Estate,Barak Valley,Cachar,DILKHOOSH TE,-,Cachar,"Cachar, Assam",-,-,Organized Plantation,2432,,
41,DOOLOOGRAM TE,Organized Estate,Barak Valley,Cachar,DOOLOOGRAM TE,-,Cachar,"Cachar, Assam",-,-,Organized Plantation,2166,,
42,DOLOO TE,Organized Estate,Barak Valley,Cachar,DOLOO TE,-,Cachar,"Cachar, Assam",-,-,Organized Plantation,2474,,
43,MADOORA TE,Organized Estate,Barak Valley,Cachar,MADOORA TE,-,Cachar,"Cachar, Assam",-,-,Organized Plantation,288,,
44,MARTYCHERRA TE,Organized Estate,Barak Valley,Cachar,MARTYCHERRA TE,-,Cachar,"Cachar, Assam",-,-,Organized Plantation,2098,,
45,LARSINGAH TE,Organized Estate,Barak Valley,Cachar,LARSINGAH TE,-,Cachar,"Cachar, Assam",-,-,Organized Plantation,2391,,
46,LABAC,Organized Estate,Barak Valley,Cachar,LABAC,-,Cachar,"Cachar, Assam",-,-,Organized Plantation,2470,,
47,LAKHIPORE,Organized Estate,Barak Valley,Cachar,LAKHIPORE,-,Cachar,"Cachar, Assam",-,-,Organized Plantation,2177,,
48,KOOMBER TEA ESTATE,Organized Estate,Barak Valley,Cachar,KOOMBER TEA ESTATE,-,Cachar,"Cachar, Assam",-,-,Organized Plantation,2653,,
49,KAILASHPUR TE,Organized Estate,Barak Valley,Cachar,KAILASHPUR TE,-,Cachar,"Cachar, Assam",-,-,Organized Plantation,2679,,
50,KALLINECHERRA,Organized Estate,Barak Valley,Cachar,KALLINECHERRA,-,Cachar,"Cachar, Assam",-,-,Organized Plantation,C-10,,
51,KALLINE TE,Organized Estate,Barak Valley,Cachar,KALLINE TE,-,Cachar,"Cachar, Assam",-,-,Organized Plantation,2569,,
52,KHOREEL TEA ESTATE,Organized Estate,Barak Valley,Cachar,KHOREEL TEA ESTATE,-,Cachar,"Cachar, Assam",-,-,Organized Plantation,2060,,
53,BICRAMPORE T.E.,Organized Estate,Barak Valley,Cachar,BICRAMPORE T.E.,-,Cachar,"Cachar, Assam",-,-,Organized Plantation,2309,,
54,BINNAKANDY T.E,Organized Estate,Barak Valley,Cachar,BINNAKANDY T.E,-,Cachar,"Cachar, Assam",-,-,Organized Plantation,2437,,
55,BOROKAI T.E,Organized Estate,Barak Valley,Cachar,BOROKAI T.E,-,Cachar,"Cachar, Assam",-,-,Organized Plantation,2384,,
56,BOROJALINGAH T.E.,Organized Estate,Barak Valley,Cachar,BOROJALINGAH T.E.,-,Cachar,"Cachar, Assam",-,-,Organized Plantation,2340,,
57,BURTOLL T.E,Organized Estate,Barak Valley,Cachar,BURTOLL T.E,-,Cachar,"Cachar, Assam",-,-,Organized Plantation,2469,,
58,CHANDIGHAT T.E.,Organized Estate,Barak Valley,Cachar,CHANDIGHAT T.E.,-,Cachar,"Cachar, Assam",-,-,Organized Plantation,2540,,
59,COOMBERGRAM,Organized Estate,Barak Valley,Cachar,COOMBERGRAM,-,Cachar,"Cachar, Assam",-,-,Organized Plantation,C-2,COOMBERGRAM,
60,CRAIGPARK T.E.,Organized Estate,Barak Valley,Cachar,CRAIGPARK T.E.,-,Cachar,"Cachar, Assam",-,-,Organized Plantation,2369(2368),,
61,DEGUBBER T.E,Organized Estate,Barak Valley,Cachar,DEGUBBER T.E,-,Cachar,"Cachar, Assam",-,-,Organized Plantation,2163,,
62,DERBY T.E,Organized Estate,Barak Valley,Cachar,DERBY T.E,-,Cachar,"Cachar, Assam",-,-,Organized Plantation,2350,,
63,DEWAN TE,Organized Estate,Barak Valley,Cachar,DEWAN TE,-,Cachar,"Cachar, Assam",-,-,Organized Plantation,2468,,
64,BENODNAGAR T.E,Organized Estate,Barak Valley,Cachar,BENODNAGAR T.E,-,Cachar,"Cachar, Assam",-,-,Organized Plantation,110,,
65,BHUBANDHAR TEA ESTATE,Organized Estate,Barak Valley,Cachar,BHUBANDHAR TEA ESTATE,-,Cachar,"Cachar, Assam",-,-,Organized Plantation,2460,,
66,BHUVANVALLEY,Organized Estate,Barak Valley,Cachar,BHUVANVALLEY,-,Cachar,"Cachar, Assam",-,-,Organized Plantation,2035,,
67,BAJRANGPUR,Organized Estate,Barak Valley,Cachar,BAJRANGPUR,-,Cachar,"Cachar, Assam",-,-,Organized Plantation,2165,,
68,BALACHERRA TE,Organized Estate,Barak Valley,Cachar,BALACHERRA TE,-,Cachar,"Cachar, Assam",-,-,Organized Plantation,1304,,
69,ALYNEE & NARAINDHAR,Organized Estate,Barak Valley,Cachar,ALYNEE & NARAINDHAR,-,Cachar,"Cachar, Assam",-,-,Organized Plantation,2509,,
70,AMRANAGAR TEA ESTATE,Organized Estate,Barak Valley,Cachar,AMRANAGAR TEA ESTATE,-,Cachar,"Cachar, Assam",-,-,Organized Plantation,1613,,
71,ARCUTTIPORE TE,Organized Estate,Barak Valley,Cachar,ARCUTTIPORE TE,-,Cachar,"Cachar, Assam",-,-,Organized Plantation,2332,,
72,AIDEOBARI TEA ESTATE,Organized Estate,Upper Assam,Charaideo,AIDEOBARI TEA ESTATE,-,Charaideo,"Charaideo, Assam",-,-,Organized Plantation,2124,,
73,AIDEOPUKHURI TEA ESTATE,Organized Estate,Upper Assam,Charaideo,AIDEOPUKHURI TEA ESTATE,-,Charaideo,"Charaideo, Assam",-,-,Organized Plantation,1065,,
74,BEHUBOR TE,Organized Estate,Upper Assam,Charaideo,BEHUBOR TE,-,Charaideo,"Charaideo, Assam",-,-,Organized Plantation,391,,
75,BEZBARUAH TEA ESTATE,Organized Estate,Upper Assam,Charaideo,BEZBARUAH TEA ESTATE,-,Charaideo,"Charaideo, Assam",-,-,Organized Plantation,1675,,
76,BHUYANKHAT,Organized Estate,Upper Assam,Charaideo,BHUYANKHAT,-,Charaideo,"Charaideo, Assam",-,-,Organized Plantation,1718,,
77,BARASALI TE,Organized Estate,Upper Assam,Charaideo,BARASALI TE,-,Charaideo,"Charaideo, Assam",-,-,Organized Plantation,2279,,
78,BARUAKHAT,Organized Estate,Upper Assam,Charaideo,BARUAKHAT,-,Charaideo,"Charaideo, Assam",-,-,Organized Plantation,393,,
79,DEEPLING TEA ESTATE,Organized Estate,Upper Assam,Charaideo,DEEPLING TEA ESTATE,-,Charaideo,"Charaideo, Assam",-,-,Organized Plantation,2583,,
80,BORPATRA TEA GARDEN,Organized Estate,Upper Assam,Charaideo,BORPATRA TEA GARDEN,-,Charaideo,"Charaideo, Assam",-,-,Organized Plantation,K-22,BORPATRA,
81,BORTIMON TE,Organized Estate,Upper Assam,Charaideo,BORTIMON TE,-,Charaideo,"Charaideo, Assam",-,-,Organized Plantation,2274,,
82,BORHAT TEA ESTATE,Organized Estate,Upper Assam,Charaideo,BORHAT TEA ESTATE,-,Charaideo,"Charaideo, Assam",-,-,Organized Plantation,A-49,,
83,CHERIDEO PURBUT T.E,Organized Estate,Upper Assam,Charaideo,CHERIDEO PURBUT T.E,-,Charaideo,"Charaideo, Assam",-,-,Organized Plantation,RC-2571,,
84,BEMOLAPUR,Organized Estate,Upper Assam,Charaideo,BEMOLAPUR,-,Charaideo,"Charaideo, Assam",-,-,Organized Plantation,2641,,
85,NAHORHABI TEA ESTATE,Organized Estate,Upper Assam,Charaideo,NAHORHABI TEA ESTATE,-,Charaideo,"Charaideo, Assam",-,-,Organized Plantation,2203,,
86,KHAGORIJAN TE,Organized Estate,Upper Assam,Charaideo,KHAGORIJAN TE,-,Charaideo,"Charaideo, Assam",-,-,Organized Plantation,304 (RC-829),,
87,KHONA TE,Organized Estate,Upper Assam,Charaideo,KHONA TE,-,Charaideo,"Charaideo, Assam",-,-,Organized Plantation,2159,,
88,MAJIDPUR TEA GARDEN,Organized Estate,Upper Assam,Charaideo,MAJIDPUR TEA GARDEN,-,Charaideo,"Charaideo, Assam",-,-,Organized Plantation,466,,
89,KOLAKATA TEA GARDEN,Organized Estate,Upper Assam,Charaideo,KOLAKATA TEA GARDEN,-,Charaideo,"Charaideo, Assam",-,-,Organized Plantation,882,,
90,LAKILY TEA ESTATE,Organized Estate,Upper Assam,Charaideo,LAKILY TEA ESTATE,-,Charaideo,"Charaideo, Assam",-,-,Organized Plantation,2891,,
91,LAKSHMIJAN,Organized Estate,Upper Assam,Charaideo,LAKSHMIJAN,-,Charaideo,"Charaideo, Assam",-,-,Organized Plantation,337,,
92,LUKWAH TE,Organized Estate,Upper Assam,Charaideo,LUKWAH TE,-,Charaideo,"Charaideo, Assam",-,-,Organized Plantation,2159,,
93,MAJIDPUR B TEA GARDEN,Organized Estate,Upper Assam,Charaideo,MAJIDPUR B TEA GARDEN,-,Charaideo,"Charaideo, Assam",-,-,Organized Plantation,466,,
94,DUBBA,Organized Estate,Upper Assam,Charaideo,DUBBA,-,Charaideo,"Charaideo, Assam",-,-,Organized Plantation,3443,,
95,GHORAJAN,Organized Estate,Upper Assam,Charaideo,Sitaram Budhkaran Choukhany & Co.,Vikash Choukhany,Charaideo,Lahoal Dibrugarh Assam 786010,-,info@ghograjan.com,148.87 Ha,282,,
96,GUWATING,Organized Estate,Upper Assam,Charaideo,GUWATING,-,Charaideo,"Charaideo, Assam",-,-,Organized Plantation,2680,,
97,"HAJUA-KHOOMTAIE G54, G52 (RC-631)",Organized Estate,Upper Assam,Charaideo,"HAJUA-KHOOMTAIE G54, G52 (RC-631)",-,Charaideo,"Charaideo, Assam",-,-,Organized Plantation,Not Available,,
98,HINGRIJAN TEA ESTATE,Organized Estate,Upper Assam,Charaideo,HINGRIJAN TEA ESTATE,-,Charaideo,"Charaideo, Assam",-,-,Organized Plantation,2671,,
99,HINGRAJAN,Organized Estate,Upper Assam,Charaideo,HINGRAJAN,-,Charaideo,"Charaideo, Assam",-,-,Organized Plantation,291,,
100,JABOKA TE Q10,Organized Estate,Upper Assam,Charaideo,JABOKA TE Q10,-,Charaideo,"Charaideo, Assam",-,-,Organized Plantation,Not Available,,
101,MAJIDPUR (A) PART II TEA ESTATE,Organized Estate,Upper Assam,Charaideo,MAJIDPUR (A) PART II TEA ESTATE,-,Charaideo,"Charaideo, Assam",-,-,Organized Plantation,2499,,
102,MUTTRAPORE TE Q,Organized Estate,Upper Assam,Charaideo,MUTTRAPORE TE Q,-,Charaideo,"Charaideo, Assam",-,-,Organized Plantation,9,,
103,MUKTABARI TEA ESTATE,Organized Estate,Upper Assam,Charaideo,MUKTABARI TEA ESTATE,-,Charaideo,"Charaideo, Assam",-,-,Organized Plantation,1900,,
104,NAGAHAT TE,Organized Estate,Upper Assam,Charaideo,NAGAHAT TE,-,Charaideo,"Charaideo, Assam",-,-,Organized Plantation,3881,,
105,NAMDANG,Organized Estate,Upper Assam,Charaideo,NAMDANG,-,Charaideo,"Charaideo, Assam",-,-,Organized Plantation,2490,,
106,NAPUK TE,Organized Estate,Upper Assam,Charaideo,NAPUK TE,-,Charaideo,"Charaideo, Assam",-,-,Organized Plantation,Q-8,,
107,SHREELUXMI TEA ESTATE,Organized Estate,Upper Assam,Charaideo,SHREELUXMI TEA ESTATE,-,Charaideo,"Charaideo, Assam",-,-,Organized Plantation,305,,
108,SHANTIPUR,Organized Estate,Upper Assam,Charaideo,SHANTIPUR,-,Charaideo,"Charaideo, Assam",-,-,Organized Plantation,2687/RC-1239,,
109,SARUMATHURA TE,Organized Estate,Upper Assam,Charaideo,SARUMATHURA TE,-,Charaideo,"Charaideo, Assam",-,-,Organized Plantation,386,,
110,SALKATHONI,Organized Estate,Upper Assam,Charaideo,SALKATHONI,-,Charaideo,"Charaideo, Assam",-,-,Organized Plantation,2224,,
111,RATANPUR TE,Organized Estate,Upper Assam,Charaideo,RATANPUR TE,-,Charaideo,"Charaideo, Assam",-,-,Organized Plantation,394,,
112,RANGCHALLI,Organized Estate,Upper Assam,Charaideo,RANGCHALLI,-,Charaideo,"Charaideo, Assam",-,-,Organized Plantation,319,,
113,RAIDANG,Organized Estate,Upper Assam,Charaideo,RAIDANG,-,Charaideo,"Charaideo, Assam",-,-,Organized Plantation,319,RAIDANG T.E.,
114,RONGBARI,Organized Estate,Upper Assam,Charaideo,RONGBARI,-,Charaideo,"Charaideo, Assam",-,-,Organized Plantation,2447,,
115,OUGURIJAN,Organized Estate,Upper Assam,Charaideo,OUGURIJAN,-,Charaideo,"Charaideo, Assam",-,-,Organized Plantation,275,,
116,SUFFRY TEA ESTATE Q,Organized Estate,Upper Assam,Charaideo,SUFFRY TEA ESTATE Q,-,Charaideo,"Charaideo, Assam",-,-,Organized Plantation,7,,
117,SUNDARPUR TEA ESTATE,Organized Estate,Upper Assam,Charaideo,SUNDARPUR TEA ESTATE,-,Charaideo,"Charaideo, Assam",-,-,Organized Plantation,351/544/2110,,
118,SUNTOK TEA ESTATE,Organized Estate,Upper Assam,Charaideo,SUNTOK TEA ESTATE,-,Charaideo,"Charaideo, Assam",-,-,Organized Plantation,2570,,
119,TAIRAI,Organized Estate,Upper Assam,Charaideo,TAIRAI,-,Charaideo,"Charaideo, Assam",-,-,Organized Plantation,2652,,
120,SOONITPUR TEA ESTATE,Organized Estate,Upper Assam,Charaideo,SOONITPUR TEA ESTATE,-,Charaideo,"Charaideo, Assam",-,-,Organized Plantation,2737,,
121,SONARIE,Organized Estate,Upper Assam,Charaideo,SONARIE,-,Charaideo,"Charaideo, Assam",-,-,Organized Plantation,2082,,
122,TINGALIBAM T.E,Organized Estate,Upper Assam,Charaideo,TINGALIBAM T.E,-,Charaideo,"Charaideo, Assam",-,-,Organized Plantation,881,,
123,TIMON TE,Organized Estate,Upper Assam,Charaideo,TIMON TE,-,Charaideo,"Charaideo, Assam",-,-,Organized Plantation,2197,,
124,TONGANI TEA ESTATE,Organized Estate,Lower Assam,Darrang,TONGANI TEA ESTATE,-,Darrang,"Darrang, Assam",-,-,Organized Plantation,2081,,
125,CHIKONMATI,Organized Estate,Lower Assam,Darrang,CHIKONMATI,-,Darrang,"Darrang, Assam",-,-,Organized Plantation,244,CHIKONMATI SUNBRAND,
126,BARGARA,Organized Estate,Lower Assam,Darrang,BARGARA,-,Darrang,"Darrang, Assam",-,-,Organized Plantation,178,,
127,CHOIBARI TEA ESTATE,Organized Estate,Lower Assam,Dhubri,CHOIBARI TEA ESTATE,-,Dhubri,"Dhubri, Assam",-,-,Organized Plantation,2562,,
128,CHAPAR,Organized Estate,Lower Assam,Dhubri,CHAPAR,-,Dhubri,"Dhubri, Assam",-,-,Organized Plantation,164,,
129,KRISHNAKALI TEA ESTATE,Organized Estate,Lower Assam,Dhubri,KRISHNAKALI TEA ESTATE,-,Dhubri,"Dhubri, Assam",-,-,Organized Plantation,387,,
130,"MOHMORA UNIT-II, DEKHARI TEA ESTATE, C/O MAYUR PLANTATION",Organized Estate,Upper Assam,Dibrugarh,"MOHMORA UNIT-II, DEKHARI TEA ESTATE, C/O MAYUR PLANTATION",-,Dibrugarh,"Dibrugarh, Assam",-,-,Organized Plantation,Not Available,,
131,KORANGANI,Organized Estate,Upper Assam,Dibrugarh,KORANGANI,-,Dibrugarh,"Dibrugarh, Assam",-,-,Organized Plantation,355,,
132,LAHOALBARI,Organized Estate,Upper Assam,Dibrugarh,LAHOALBARI,-,Dibrugarh,"Dibrugarh, Assam",-,-,Organized Plantation,331,,
133,LENGRAI,Organized Estate,Upper Assam,Dibrugarh,LENGRAI,-,Dibrugarh,"Dibrugarh, Assam",-,-,Organized Plantation,"2565, RC -732",,
134,LEPETKATTA,Organized Estate,Upper Assam,Dibrugarh,McLeod Russel India Limited,-,Kolkata,"Four Mangoe Lane, Surendra Mohan Ghosh Sarani, Kolkata 700001",-,-,Organized Plantation,D-26,,
135,MAHABIR,Organized Estate,Upper Assam,Dibrugarh,MAHABIR,-,Dibrugarh,"Dibrugarh, Assam",-,-,Organized Plantation,77,,
136,MAIJAN T E,Organized Estate,Upper Assam,Dibrugarh,Assam Company India Limited (BRS Group),-,Guwahati,"Greenwood Tea Estate, Dibrugarh / GS Road Guwahati",-,-,Organized Plantation,G-15,,
137,MANABARI,Organized Estate,Upper Assam,Dibrugarh,MANABARI,-,Dibrugarh,"Dibrugarh, Assam",-,-,Organized Plantation,2504,,
138,MAUD TEA ESTATE,Organized Estate,Upper Assam,Dibrugarh,MAUD TEA ESTATE,-,Dibrugarh,"Dibrugarh, Assam",-,-,Organized Plantation,1852,,
139,MADHUTING TEA ESTATE,Organized Estate,Upper Assam,Dibrugarh,MADHUTING TEA ESTATE,-,Dibrugarh,"Dibrugarh, Assam",-,-,Organized Plantation,234,,
140,MADHUBAN,Organized Estate,Upper Assam,Dibrugarh,MADHUBAN,-,Dibrugarh,"Dibrugarh, Assam",-,-,Organized Plantation,2433,,
141,MAHABIRBARI,Organized Estate,Upper Assam,Dibrugarh,MAHABIRBARI,-,Dibrugarh,"Dibrugarh, Assam",-,-,Organized Plantation,3143,,
142,MANCOTTA,Organized Estate,Upper Assam,Dibrugarh,MANCOTTA,-,Dibrugarh,"Dibrugarh, Assam",-,-,Organized Plantation,2538,,
143,MADARKHAT,Organized Estate,Upper Assam,Dibrugarh,MADARKHAT,-,Dibrugarh,"Dibrugarh, Assam",-,-,Organized Plantation,1815,,
144,KHOWANG,Organized Estate,Upper Assam,Dibrugarh,Andrew Yule & Company Limited (Govt of India),-,Kolkata,"Yule House, 8 Dr. Rajendra Prasad Sarani, Kolkata 700001",-,-,Organized Plantation,2619,"KHOWANG, HINGRIJAN",
145,KHARJAN TEA ESTATE,Organized Estate,Upper Assam,Dibrugarh,Apeejay Tea Limited (Assam Frontier),-,Kolkata,"Apeejay House, 15 Park Street, Kolkata 700016",-,-,Organized Plantation,J-15,,
146,KHANIKAR,Organized Estate,Upper Assam,Dibrugarh,KHANIKAR,-,Dibrugarh,"Dibrugarh, Assam",-,-,Organized Plantation,2103,,
147,KAMAKHYA CHA BAGICHA,Organized Estate,Upper Assam,Dibrugarh,KAMAKHYA CHA BAGICHA,-,Dibrugarh,"Dibrugarh, Assam",-,-,Organized Plantation,Not Available,,
148,KENDUGURI,Organized Estate,Upper Assam,Dibrugarh,KENDUGURI,-,Dibrugarh,"Dibrugarh, Assam",-,-,Organized Plantation,69,,
149,TRIVENI TEA ESTATE,Organized Estate,Upper Assam,Dibrugarh,TRIVENI TEA ESTATE,-,Dibrugarh,"Dibrugarh, Assam",-,-,Organized Plantation,2739,,
150,KAILASHPUR TEA ESTATE,Organized Estate,Upper Assam,Dibrugarh,KAILASHPUR TEA ESTATE,-,Dibrugarh,"Dibrugarh, Assam",-,-,Organized Plantation,194,,
151,KALIAPANI,Organized Estate,Upper Assam,Dibrugarh,Jainex Tea Company Private Limited,Pratap Kochar,Dibrugarh,Naharkatia Assam 786610,-,svyas.jainex@gmail.com,76.65 Ha,1699,,
152,PRAKASH PRATISTHAN TEA ESTATE,Organized Estate,Upper Assam,Dibrugarh,PRAKASH PRATISTHAN TEA ESTATE,-,Dibrugarh,"Dibrugarh, Assam",-,-,Organized Plantation,2637,,
153,HELENBARI TEA ESTATE,Organized Estate,Upper Assam,Dibrugarh,HELENBARI TEA ESTATE,-,Dibrugarh,"Dibrugarh, Assam",-,-,Organized Plantation,379,,
154,KATHALGURI,Organized Estate,Upper Assam,Dibrugarh,KATHALGURI,-,Dibrugarh,"Dibrugarh, Assam",-,-,Organized Plantation,233,,
155,KANJIBARI TEA ESTATE,Organized Estate,Upper Assam,Dibrugarh,KANJIBARI TEA ESTATE,-,Dibrugarh,"Dibrugarh, Assam",-,-,Organized Plantation,2105,,
156,CHOWDUNG TEA ESTATE,Organized Estate,Upper Assam,Dibrugarh,CHOWDUNG TEA ESTATE,-,Dibrugarh,"Dibrugarh, Assam",-,-,Organized Plantation,2780,,
157,CHUBWA TEA ESTATE,Organized Estate,Upper Assam,Dibrugarh,Amalgamated Plantations Private Limited (Tata),-,Guwahati,"1st Floor, GS Road, Christian Basti, Guwahati, Assam 781005",-,-,Organized Plantation,A-64,,
158,DESAM TEA ESTATE,Organized Estate,Upper Assam,Dibrugarh,DESAM TEA ESTATE,-,Dibrugarh,"Dibrugarh, Assam",-,-,Organized Plantation,2618,"DESAM, BHAMUN",
159,ESSEL BIO RESEARCH PLANTATION (DEKHARI),Organized Estate,Upper Assam,Dibrugarh,ESSEL BIO RESEARCH PLANTATION (DEKHARI),-,Dibrugarh,"Dibrugarh, Assam",-,-,Organized Plantation,2554,,
160,BIJLI BARI TEA ESTATE,Organized Estate,Upper Assam,Dibrugarh,BIJLI BARI TEA ESTATE,-,Dibrugarh,"Dibrugarh, Assam",-,-,Organized Plantation,1983,,
161,BORBOROOAH TEA ESTATE,Organized Estate,Upper Assam,Dibrugarh,Assam Company India Limited (BRS Group),-,Guwahati,"Greenwood Tea Estate, Dibrugarh / GS Road Guwahati",-,-,Organized Plantation,G-17,,
162,BIPINBAG TEA ESTATE,Organized Estate,Upper Assam,Dibrugarh,BIPINBAG TEA ESTATE,-,Dibrugarh,"Dibrugarh, Assam",-,-,Organized Plantation,2902,,
163,BHAGATRAM TEA ESTATE,Organized Estate,Upper Assam,Dibrugarh,BHAGATRAM TEA ESTATE,-,Dibrugarh,"Dibrugarh, Assam",-,-,Organized Plantation,Not Available,,
164,BALIMARA TEA ESTATE,Organized Estate,Upper Assam,Dibrugarh,BALIMARA TEA ESTATE,-,Dibrugarh,"Dibrugarh, Assam",-,-,Organized Plantation,2092,,
165,BAUGHPARA,Organized Estate,Upper Assam,Dibrugarh,BAUGHPARA,-,Dibrugarh,"Dibrugarh, Assam",-,-,Organized Plantation,2284,,
166,BALIJAN(H) TEA ESTATE,Organized Estate,Upper Assam,Dibrugarh,BALIJAN(H) TEA ESTATE,-,Dibrugarh,"Dibrugarh, Assam",-,-,Organized Plantation,H-1,,
167,BASMATIA TEA ESTATE,Organized Estate,Upper Assam,Dibrugarh,Andrew Yule & Company Limited (Govt of India),-,Kolkata,"Yule House, 8 Dr. Rajendra Prasad Sarani, Kolkata 700001",-,-,Organized Plantation,2775,,
168,BARBARI TEA ESTATE,Organized Estate,Upper Assam,Dibrugarh,BARBARI TEA ESTATE,-,Dibrugarh,"Dibrugarh, Assam",-,-,Organized Plantation,2527,,
169,BASANTIBARI TEA ESTATE,Organized Estate,Upper Assam,Dibrugarh,BASANTIBARI TEA ESTATE,-,Dibrugarh,"Dibrugarh, Assam",-,-,Organized Plantation,5475,,
170,BALIJAN NORTH TEA ESTATE,Organized Estate,Upper Assam,Dibrugarh,BALIJAN NORTH TEA ESTATE,-,Dibrugarh,"Dibrugarh, Assam",-,-,Organized Plantation,H-16,BALIJAN NORTH TEA ESTATE,
171,MAYAJAN TEA ESTATE,Organized Estate,Upper Assam,Dibrugarh,MAYAJAN TEA ESTATE,-,Dibrugarh,"Dibrugarh, Assam",-,-,Organized Plantation,338,,
172,BHAJONI TEA ESTATE,Organized Estate,Upper Assam,Dibrugarh,BHAJONI TEA ESTATE,-,Dibrugarh,"Dibrugarh, Assam",-,-,Organized Plantation,3877,,
173,BHAMUN TEA ESTATE,Organized Estate,Upper Assam,Dibrugarh,Andrew Yule & Company Limited (Govt of India),-,Kolkata,"Yule House, 8 Dr. Rajendra Prasad Sarani, Kolkata 700001",-,-,Organized Plantation,2619,,
174,BHARTIA TEA ESTATE,Organized Estate,Upper Assam,Dibrugarh,BHARTIA TEA ESTATE,-,Dibrugarh,"Dibrugarh, Assam",-,-,Organized Plantation,2196,,
175,AGARWAL,Organized Estate,Upper Assam,Dibrugarh,AGARWAL,-,Dibrugarh,"Dibrugarh, Assam",-,-,Organized Plantation,2715,,
176,AHMEDY TEA ESTATE,Organized Estate,Upper Assam,Dibrugarh,AHMEDY TEA ESTATE,-,Dibrugarh,"Dibrugarh, Assam",-,-,Organized Plantation,336,,
177,ALIMUR PLANT PVT LTD,Organized Estate,Upper Assam,Dibrugarh,ALIMUR PLANT PVT LTD,-,Dibrugarh,"Dibrugarh, Assam",-,-,Organized Plantation,2779,,
178,ACHABAM A,Organized Estate,Upper Assam,Dibrugarh,Amalgamated Plantations Private Limited (Tata),-,Guwahati,"1st Floor, GS Road, Christian Basti, Guwahati, Assam 781005",-,-,Organized Plantation,58,,
179,MEGHA,Organized Estate,Upper Assam,Dibrugarh,MEGHA,-,Dibrugarh,"Dibrugarh, Assam",-,-,Organized Plantation,4116,,
180,ARUNSHREE TEA ESTATE,Organized Estate,Upper Assam,Dibrugarh,ARUNSHREE TEA ESTATE,-,Dibrugarh,"Dibrugarh, Assam",-,-,Organized Plantation,2692,,
181,ASITPUR TEA ESTATE,Organized Estate,Upper Assam,Dibrugarh,ASITPUR TEA ESTATE,-,Dibrugarh,"Dibrugarh, Assam",-,-,Organized Plantation,283,,
182,APARNA TEA ESTATE,Organized Estate,Upper Assam,Dibrugarh,APARNA TEA ESTATE,-,Dibrugarh,"Dibrugarh, Assam",-,-,Organized Plantation,Not Available,,
183,AMULYABARI TEA ESTATE,Organized Estate,Upper Assam,Dibrugarh,Pratul Kumar Phukan proprietorship,Pratul Kumar Phukan,Dibrugarh,Rajgarh Assam,-,-,63.00 Ha,1690,,
184,AMULGURI,Organized Estate,Upper Assam,Dibrugarh,Current ownership unverified,-,Dibrugarh,Hoogrijan Assam - PIN pending,-,-,Organized Plantation,396,,
185,SHALMARI,Organized Estate,Upper Assam,Dibrugarh,Jainex Tea Company Private Limited,Pratap Kochar,Dibrugarh,Tingkhong Assam 786612,-,-,111.34 Ha,965,,
186,SHYAMMURTI,Organized Estate,Upper Assam,Dibrugarh,SHYAMMURTI,-,Dibrugarh,"Dibrugarh, Assam",-,-,Organized Plantation,2683,,
187,TODI,Organized Estate,Upper Assam,Dibrugarh,TODI,-,Dibrugarh,"Dibrugarh, Assam",-,-,Organized Plantation,2678,,
188,SEALKOTEE TEA ESTATE,Organized Estate,Upper Assam,Dibrugarh,SEALKOTEE TEA ESTATE,-,Dibrugarh,"Dibrugarh, Assam",-,-,Organized Plantation,H-19,,
189,SESSA K,Organized Estate,Upper Assam,Dibrugarh,SESSA K,-,Dibrugarh,"Dibrugarh, Assam",-,-,Organized Plantation,25,,
190,SEPON TEA ESTATE,Organized Estate,Upper Assam,Dibrugarh,SEPON TEA ESTATE,-,Dibrugarh,"Dibrugarh, Assam",-,-,Organized Plantation,D-33,,
191,SATKARTAR,Organized Estate,Upper Assam,Dibrugarh,SATKARTAR,-,Dibrugarh,"Dibrugarh, Assam",-,-,Organized Plantation,2575,,
192,SAINAGAR,Organized Estate,Upper Assam,Dibrugarh,SAINAGAR,-,Dibrugarh,"Dibrugarh, Assam",-,-,Organized Plantation,2725,,
193,SATYANARAYAN TEA ESTATE,Organized Estate,Upper Assam,Dibrugarh,Satyanarayan Tea Company Private Limited,Vijay Kumar Kedia,Dibrugarh,Naharkatia Assam 786610,-,satyanarayanteaestate@gmail.com,225.13 Ha,2093,,
194,SATISPUR,Organized Estate,Upper Assam,Dibrugarh,Sudip Chandra Bagchi proprietorship,Sudip Chandra Bagchi,Dibrugarh,Namrup / Mancotta Road Assam 786001,-,satispurteaestate@gmail.com,93.18 Ha,2693,,
195,SAROJINI TEA ESTATE,Organized Estate,Upper Assam,Dibrugarh,Sarojini Tea Co Pvt Ltd,Vikash Jain,Dibrugarh,Kartik Para RKB Path Dibrugarh Assam 786001,-,sarojiniteaestate@yahoo.com,133.87 Ha,2057,,
196,SINGLIJAN K,Organized Estate,Upper Assam,Dibrugarh,SINGLIJAN K,-,Dibrugarh,"Dibrugarh, Assam",-,-,Organized Plantation,3,,
197,ZALONI,Organized Estate,Upper Assam,Dibrugarh,ZALONI,-,Dibrugarh,"Dibrugarh, Assam",-,-,Organized Plantation,H-30,,
198,HATIGARH TEA ESTATE,Organized Estate,Upper Assam,Dibrugarh,HATIGARH TEA ESTATE,-,Dibrugarh,"Dibrugarh, Assam",-,-,Organized Plantation,2802,,
199,UMATARA,Organized Estate,Upper Assam,Dibrugarh,UMATARA,-,Dibrugarh,"Dibrugarh, Assam",-,-,Organized Plantation,2483,,
200,SHREE GANGA TEA ESTATE,Organized Estate,Upper Assam,Dibrugarh,SHREE GANGA TEA ESTATE,-,Dibrugarh,"Dibrugarh, Assam",-,-,Organized Plantation,Z-3,,
201,UDALGURI TEA ESTATE,Organized Estate,Upper Assam,Dibrugarh,Udalguri Tea Company Private Limited,Mahendra Sureka,Dibrugarh,Panitola Dibrugarh Assam 786183,-,theutegarden@rediffmail.com,213.50 Ha,2048,,
202,PARBATIPUR,Organized Estate,Upper Assam,Dibrugarh,PARBATIPUR,-,Dibrugarh,"Dibrugarh, Assam",-,-,Organized Plantation,1469,,
203,PARBATIPUR,Organized Estate,Upper Assam,Dibrugarh,PARBATIPUR,-,Dibrugarh,"Dibrugarh, Assam",-,-,Organized Plantation,2560,,
204,PHUKENBARI,Organized Estate,Upper Assam,Dibrugarh,Phukenbari Tea Co. Pvt. Ltd.,Topojit Bagchi,Dibrugarh,Bagchipara Mancotta Road Dibrugarh Assam 786001,-,phukenbari@gmail.com,154.23 Ha,400,,
205,PIPRATOLY TEA ESTATE,Organized Estate,Upper Assam,Dibrugarh,Bishmile Industry partnership,Aditya Vikram Agarwal,Dibrugarh,Chabua Assam 786184,-,-,149.64 Ha,352,,
206,RUNGLITING,Organized Estate,Upper Assam,Dibrugarh,RUNGLITING,-,Dibrugarh,"Dibrugarh, Assam",-,-,Organized Plantation,2245,,
207,PURSOTTAM,Organized Estate,Upper Assam,Dibrugarh,PURSOTTAM,-,Dibrugarh,"Dibrugarh, Assam",-,-,Organized Plantation,Not Available,,
208,RADHESHYAM TEA ESTATE,Organized Estate,Upper Assam,Dibrugarh,RADHESHYAM TEA ESTATE,-,Dibrugarh,"Dibrugarh, Assam",-,-,Organized Plantation,2476,,
209,RAJAH ALLI,Organized Estate,Upper Assam,Dibrugarh,RAJAH ALLI,-,Dibrugarh,"Dibrugarh, Assam",-,-,Organized Plantation,H-25,,
210,RAMJI MOHAN,Organized Estate,Upper Assam,Dibrugarh,RAMJI MOHAN,-,Dibrugarh,"Dibrugarh, Assam",-,-,Organized Plantation,2760,,
211,RAJGARH,Organized Estate,Upper Assam,Dibrugarh,Andrew Yule & Company Limited (Govt of India),-,Kolkata,"Yule House, 8 Dr. Rajendra Prasad Sarani, Kolkata 700001",-,-,Organized Plantation,2772/RC 1227,"RAJGARH, YULE ORANGE",
212,NAHORKUTIA A,Organized Estate,Upper Assam,Dibrugarh,NAHORKUTIA A,-,Dibrugarh,"Dibrugarh, Assam",-,-,Organized Plantation,34 (RC-148)(,,
213,NAMROOP,Organized Estate,Upper Assam,Dibrugarh,Amalgamated Plantations Private Limited (Tata),-,Guwahati,"1st Floor, GS Road, Christian Basti, Guwahati, Assam 781005",-,-,Organized Plantation,A-35,,
214,NANDANBAN TEA ESTATE,Organized Estate,Upper Assam,Dibrugarh,NANDANBAN TEA ESTATE,-,Dibrugarh,"Dibrugarh, Assam",-,-,Organized Plantation,339,,
215,NAHORTOLI T.E,Organized Estate,Upper Assam,Dibrugarh,Amalgamated Plantations Private Limited (Tata),-,Guwahati,"1st Floor, GS Road, Christian Basti, Guwahati, Assam 781005",-,-,Organized Plantation,A-43,"NAHORTOLI, RANIKHOLA",
216,MUKUL,Organized Estate,Upper Assam,Dibrugarh,MUKUL,-,Dibrugarh,"Dibrugarh, Assam",-,-,Organized Plantation,2458,,
217,MULCHANDBAG,Organized Estate,Upper Assam,Dibrugarh,MULCHANDBAG,-,Dibrugarh,"Dibrugarh, Assam",-,-,Organized Plantation,2620,,
218,NILMONI,Organized Estate,Upper Assam,Dibrugarh,NILMONI,-,Dibrugarh,"Dibrugarh, Assam",-,-,Organized Plantation,683,RANGABAM,
219,MANOJKUNJ TEA ESTATE,Organized Estate,Upper Assam,Dibrugarh,MANOJKUNJ TEA ESTATE,-,Dibrugarh,"Dibrugarh, Assam",-,-,Organized Plantation,940,,
220,NUDWA T.E,Organized Estate,Upper Assam,Dibrugarh,Assam Company India Limited (BRS Group),-,Guwahati,"Greenwood Tea Estate, Dibrugarh / GS Road Guwahati",-,-,Organized Plantation,G-18/RC-636,,
221,NEW PARBOTIPUR,Organized Estate,Upper Assam,Dibrugarh,NEW PARBOTIPUR,-,Dibrugarh,"Dibrugarh, Assam",-,-,Organized Plantation,2880,,
222,NEW SADASIVA,Organized Estate,Upper Assam,Dibrugarh,NEW SADASIVA,-,Dibrugarh,"Dibrugarh, Assam",-,-,Organized Plantation,2813,,
223,HIMALAYA TEA ESTATE,Organized Estate,Upper Assam,Dibrugarh,HIMALAYA TEA ESTATE,-,Dibrugarh,"Dibrugarh, Assam",-,-,Organized Plantation,2753,,
224,HUKANPUKRI TEA ESTATE,Organized Estate,Upper Assam,Dibrugarh,HUKANPUKRI TEA ESTATE,-,Dibrugarh,"Dibrugarh, Assam",-,-,Organized Plantation,2612,,
225,IDA TEA ESTATE,Organized Estate,Upper Assam,Dibrugarh,IDA TEA ESTATE,-,Dibrugarh,"Dibrugarh, Assam",-,-,Organized Plantation,NOT REGISTERED,,
226,MORAN,Organized Estate,Upper Assam,Dibrugarh,McLeod Russel India Limited,-,Kolkata,"Four Mangoe Lane, Surendra Mohan Ghosh Sarani, Kolkata 700001",-,-,Organized Plantation,D-32,,
227,MOTHOLA,Organized Estate,Upper Assam,Dibrugarh,Current ownership unverified,-,Dibrugarh,Dibrugarh Assam - precise estate address pending,-,-,196.96 Ha,2410,,
228,MOHUNBAREE,Organized Estate,Upper Assam,Dibrugarh,MOHUNBAREE,-,Dibrugarh,"Dibrugarh, Assam",-,-,Organized Plantation,H-18,,
229,JOONKTOLLEE TEA ESTATE,Organized Estate,Upper Assam,Dibrugarh,JOONKTOLLEE TEA ESTATE,-,Dibrugarh,"Dibrugarh, Assam",-,-,Organized Plantation,Z-2,JOONKTOLLEE,
230,JALANNAGAR,Organized Estate,Upper Assam,Dibrugarh,JALANNAGAR,-,Dibrugarh,"Dibrugarh, Assam",-,-,Organized Plantation,1974,,
231,JALANNAGAR SOUTH,Organized Estate,Upper Assam,Dibrugarh,JALANNAGAR SOUTH,-,Dibrugarh,"Dibrugarh, Assam",-,-,Organized Plantation,2284,,
232,HATIJAN TEA ESTATE,Organized Estate,Upper Assam,Dibrugarh,HATIJAN TEA ESTATE,-,Dibrugarh,"Dibrugarh, Assam",-,-,Organized Plantation,237,,
233,HATKHOLA TEA ESTATE,Organized Estate,Upper Assam,Dibrugarh,HATKHOLA TEA ESTATE,-,Dibrugarh,"Dibrugarh, Assam",-,-,Organized Plantation,356,,
234,HALMARI TEA ESTATE,Organized Estate,Upper Assam,Dibrugarh,Jainex Tea Company Private Limited,Pratap Kochar,Dibrugarh,Tingkhong Assam 786612,-,-,111.34 Ha,154,,
235,HAZELBANK TEA ESTATE,Organized Estate,Upper Assam,Dibrugarh,Assam Company India Limited (BRS Group),-,Guwahati,"Greenwood Tea Estate, Dibrugarh / GS Road Guwahati",-,-,Organized Plantation,G-22,,
236,HARISHPUR TEA ESTATE,Organized Estate,Upper Assam,Dibrugarh,HARISHPUR TEA ESTATE,-,Dibrugarh,"Dibrugarh, Assam",-,-,Organized Plantation,353,,
237,GONESHBARI TEA ESTATE,Organized Estate,Upper Assam,Dibrugarh,Goneshbari Tea Company Private Limited,Ajay Jalan,Dibrugarh,Goneshbari Tea Factory area,-,-,239.32 Ha,131,,
238,GREENWOOD TEA ESTATE,Organized Estate,Upper Assam,Dibrugarh,Assam Company India Limited (BRS Group),-,Guwahati,"Greenwood Tea Estate, Dibrugarh / GS Road Guwahati",-,-,Organized Plantation,G-26,,
239,GITANAGAR TEA ESTATE,Organized Estate,Upper Assam,Dibrugarh,GITANAGAR TEA ESTATE,-,Dibrugarh,"Dibrugarh, Assam",-,-,Organized Plantation,1617,,
240,GHOORONIA TEA ESTATE,Organized Estate,Upper Assam,Dibrugarh,Ghooronia Tea Company Private Limited,Sumit Jain,Dibrugarh,Dibrugarh Assam,-,ghooroniacompany@yahoo.com,139.00 Ha,2108,,
241,GHOGRAJAN TEA ESTATE,Organized Estate,Upper Assam,Dibrugarh,Sitaram Budhkaran Choukhany & Co.,Vikash Choukhany,Dibrugarh,Lahoal Dibrugarh Assam 786010,-,info@ghograjan.com,148.87 Ha,182,,
242,ETHELWOLD TEA ESTATE,Organized Estate,Upper Assam,Dibrugarh,ETHELWOLD TEA ESTATE,-,Dibrugarh,"Dibrugarh, Assam",-,-,Organized Plantation,2095,,
243,DOOLIA TEA ESTATE,Organized Estate,Upper Assam,Dibrugarh,DOOLIA TEA ESTATE,-,Dibrugarh,"Dibrugarh, Assam",-,-,Organized Plantation,2519,,
244,OUPHULIA,Organized Estate,Upper Assam,Dibrugarh,OUPHULIA,-,Dibrugarh,"Dibrugarh, Assam",-,-,Organized Plantation,E-30,,
245,DULIABAM TEA ESTATE,Organized Estate,Upper Assam,Dibrugarh,DULIABAM TEA ESTATE,-,Dibrugarh,"Dibrugarh, Assam",-,-,Organized Plantation,247,,
246,DURGAPUR TEA ESTATE,Organized Estate,Upper Assam,Dibrugarh,Durgapur Tea Company partnership,Nathmal Kasera,Dibrugarh,H.S. Road Dibrugarh Assam 786001,-,durgapurtea@mail.com,80.91 Ha,172,,
247,DILLI TEA ESTATE,Organized Estate,Upper Assam,Dibrugarh,DILLI TEA ESTATE,-,Dibrugarh,"Dibrugarh, Assam",-,-,Organized Plantation,194,,
248,DIROIBAM TEA ESTATE,Organized Estate,Upper Assam,Dibrugarh,DIROIBAM TEA ESTATE,-,Dibrugarh,"Dibrugarh, Assam",-,-,Organized Plantation,77,,
249,DIRAI TEA ESTATE,Organized Estate,Upper Assam,Dibrugarh,DIRAI TEA ESTATE,-,Dibrugarh,"Dibrugarh, Assam",-,-,Organized Plantation,G-31,,
250,DINJOYE AND MAHABIRBARI TEA ESTATE,Organized Estate,Upper Assam,Dibrugarh,DINJOYE AND MAHABIRBARI TEA ESTATE,-,Dibrugarh,"Dibrugarh, Assam",-,-,Organized Plantation,111 & 2004,,
251,DIRIAL TEA ESTATE,Organized Estate,Upper Assam,Dibrugarh,DIRIAL TEA ESTATE,-,Dibrugarh,"Dibrugarh, Assam",-,-,Organized Plantation,D-62,,
252,TINKHONG TEA ESTATE,Organized Estate,Upper Assam,Dibrugarh,Andrew Yule & Company Limited (Govt of India),-,Kolkata,"Yule House, 8 Dr. Rajendra Prasad Sarani, Kolkata 700001",-,-,Organized Plantation,2597,,
253,TELOIJAN,Organized Estate,Upper Assam,Dibrugarh,TELOIJAN,-,Dibrugarh,"Dibrugarh, Assam",-,-,Organized Plantation,E-1238,,
254,THANAI TEA ESTATE,Organized Estate,Upper Assam,Dibrugarh,Assam Company India Limited (BRS Group),-,Guwahati,"Greenwood Tea Estate, Dibrugarh / GS Road Guwahati",-,-,Organized Plantation,G- 23,,
255,LONGBOI,Organized Estate,Upper Assam,Dibrugarh,Longboi Tea Company Private Limited,-,Dibrugarh,Rajgarh Assam,-,-,172.81 Ha,2248,,
256,SOURABH A/F,Organized Estate,Upper Assam,Dibrugarh,SOURABH A/F,-,Dibrugarh,"Dibrugarh, Assam",-,-,Organized Plantation,Not Available,,
257,TAMULBARI TEA ESTATE,Organized Estate,Upper Assam,Dibrugarh,TAMULBARI TEA ESTATE,-,Dibrugarh,"Dibrugarh, Assam",-,-,Organized Plantation,401,,
258,TARINIPUR TEA ESTATE,Organized Estate,Upper Assam,Dibrugarh,TARINIPUR TEA ESTATE,-,Dibrugarh,"Dibrugarh, Assam",-,-,Organized Plantation,2514,,
259,SURAJ TEA ESTATE,Organized Estate,Upper Assam,Dibrugarh,SURAJ TEA ESTATE,-,Dibrugarh,"Dibrugarh, Assam",-,-,Organized Plantation,172,,
260,SURABHI PLANTATIONS,Organized Estate,Upper Assam,Dibrugarh,SURABHI PLANTATIONS,-,Dibrugarh,"Dibrugarh, Assam",-,-,Organized Plantation,NOT REGISTERED,,
261,SURESHNAGAR TEA ESTATE,Organized Estate,Upper Assam,Dibrugarh,SURESHNAGAR TEA ESTATE,-,Dibrugarh,"Dibrugarh, Assam",-,-,Organized Plantation,2594,,
262,GUNJUNG TEA ESTATE,Organized Estate,Central Assam,Dima Hasao,GUNJUNG TEA ESTATE,-,Dima Hasao,"Dima Hasao, Assam",-,-,Organized Plantation,2862,,
263,KOPILI TE,Organized Estate,Central Assam,Dima Hasao,KOPILI TE,-,Dima Hasao,"Dima Hasao, Assam",-,-,Organized Plantation,2821,,
264,MAIJONGA TEA ESTATE,Organized Estate,Lower Assam,Goalpara,MAIJONGA TEA ESTATE,-,Goalpara,"Goalpara, Assam",-,-,Organized Plantation,1955,,
265,SIMLITOLA,Organized Estate,Lower Assam,Goalpara,SIMLITOLA,-,Goalpara,"Goalpara, Assam",-,-,Organized Plantation,979,,
266,SHYAMRAIPORE,Organized Estate,Upper Assam,Golaghat,SHYAMRAIPORE,-,Golaghat,"Golaghat, Assam",-,-,Organized Plantation,1583,,
267,WOKA T.E,Organized Estate,Upper Assam,Golaghat,WOKA T.E,-,Golaghat,"Golaghat, Assam",-,-,Organized Plantation,2643,,
268,UDAYAN TE,Organized Estate,Upper Assam,Golaghat,UDAYAN TE,-,Golaghat,"Golaghat, Assam",-,-,Organized Plantation,2487,,
269,RUNGAJAUN TE,Organized Estate,Upper Assam,Golaghat,RUNGAJAUN TE,-,Golaghat,"Golaghat, Assam",-,-,Organized Plantation,C-47,,
270,SENGAJAN,Organized Estate,Upper Assam,Golaghat,SENGAJAN,-,Golaghat,"Golaghat, Assam",-,-,Organized Plantation,2353,,
271,RENGMA,Organized Estate,Upper Assam,Golaghat,RENGMA,-,Golaghat,"Golaghat, Assam",-,-,Organized Plantation,1857,,
272,RADHABARI,Organized Estate,Upper Assam,Golaghat,RADHABARI,-,Golaghat,"Golaghat, Assam",-,-,Organized Plantation,2252,,
273,PROBHAKAR T.E. NEG-546,Organized Estate,Upper Assam,Golaghat,PROBHAKAR T.E. NEG-546,-,Golaghat,"Golaghat, Assam",-,-,Organized Plantation,Not Available,,
274,RUNGAMATTY,Organized Estate,Upper Assam,Golaghat,RUNGAMATTY,-,Golaghat,"Golaghat, Assam",-,-,Organized Plantation,2213,,
275,PABHOJAN TE,Organized Estate,Upper Assam,Golaghat,PABHOJAN TE,-,Golaghat,"Golaghat, Assam",-,-,Organized Plantation,757,,
276,OATING TEA ESTATE,Organized Estate,Upper Assam,Golaghat,OATING TEA ESTATE,-,Golaghat,"Golaghat, Assam",-,-,Organized Plantation,2191,,
277,GOVINDAPUR TEA ESTATE,Organized Estate,Upper Assam,Golaghat,GOVINDAPUR TEA ESTATE,-,Golaghat,"Golaghat, Assam",-,-,Organized Plantation,90,,
278,GOLAGHAT TE,Organized Estate,Upper Assam,Golaghat,GOLAGHAT TE,-,Golaghat,"Golaghat, Assam",-,-,Organized Plantation,2030,,
279,HATHIKULI TEA ESTATE,Organized Estate,Upper Assam,Golaghat,HATHIKULI TEA ESTATE,-,Golaghat,"Golaghat, Assam",-,-,Organized Plantation,A-33,HATHIKULI,
280,HALMIRA ESTATE TEA PVT. LTD,Organized Estate,Upper Assam,Golaghat,HALMIRA ESTATE TEA PVT. LTD,-,Golaghat,"Golaghat, Assam",-,-,Organized Plantation,2244,,
281,HALMIRAMOOK TE,Organized Estate,Upper Assam,Golaghat,HALMIRAMOOK TE,-,Golaghat,"Golaghat, Assam",-,-,Organized Plantation,2479,,
282,DIFFLOO TEA ESTATE,Organized Estate,Upper Assam,Golaghat,Amalgamated Plantations Private Limited (Tata),-,Guwahati,"1st Floor, GS Road, Christian Basti, Guwahati, Assam 781005",-,-,Organized Plantation,A-32,,
283,DIGHLIHULA TE,Organized Estate,Upper Assam,Golaghat,DIGHLIHULA TE,-,Golaghat,"Golaghat, Assam",-,-,Organized Plantation,219,,
284,DUKENHENGRA TEA ESATAE,Organized Estate,Upper Assam,Golaghat,DUKENHENGRA TEA ESATAE,-,Golaghat,"Golaghat, Assam",-,-,Organized Plantation,2345,,
285,DOLAGURI TEA ESTATE,Organized Estate,Upper Assam,Golaghat,DOLAGURI TEA ESTATE,-,Golaghat,"Golaghat, Assam",-,-,Organized Plantation,2009,,
286,FURKATING TEA ESTATE,Organized Estate,Upper Assam,Golaghat,FURKATING TEA ESTATE,-,Golaghat,"Golaghat, Assam",-,-,Organized Plantation,773,,
287,JAMGURI TEA ESTATEI,Organized Estate,Upper Assam,Golaghat,JAMGURI TEA ESTATEI,-,Golaghat,"Golaghat, Assam",-,-,Organized Plantation,2477,,
288,MOHEEMA,Organized Estate,Upper Assam,Golaghat,MOHEEMA,-,Golaghat,"Golaghat, Assam",-,-,Organized Plantation,2355,,
289,NEETINNAGAR T.E,Organized Estate,Upper Assam,Golaghat,NEETINNAGAR T.E,-,Golaghat,"Golaghat, Assam",-,-,Organized Plantation,2798,,
290,NEGHERITING,Organized Estate,Upper Assam,Golaghat,NEGHERITING,-,Golaghat,"Golaghat, Assam",-,-,Organized Plantation,2210,,
291,NILGIRI TEA ESTATE,Organized Estate,Upper Assam,Golaghat,NILGIRI TEA ESTATE,-,Golaghat,"Golaghat, Assam",-,-,Organized Plantation,Not Available,,
292,MURPHULANI TE,Organized Estate,Upper Assam,Golaghat,Andrew Yule & Company Limited (Govt of India),-,Kolkata,"Yule House, 8 Dr. Rajendra Prasad Sarani, Kolkata 700001",-,-,Organized Plantation,M-25,"MURPHULANI, BOGIJAN",
293,NANDAPUR,Organized Estate,Upper Assam,Golaghat,NANDAPUR,-,Golaghat,"Golaghat, Assam",-,-,Organized Plantation,2883,,
294,NAHORBARI TEA ESTATE,Organized Estate,Upper Assam,Golaghat,NAHORBARI TEA ESTATE,-,Golaghat,"Golaghat, Assam",-,-,Organized Plantation,D-75,,
295,NAHORJAN TE,Organized Estate,Upper Assam,Golaghat,NAHORJAN TE,-,Golaghat,"Golaghat, Assam",-,-,Organized Plantation,RC-817,,
296,MANI,Organized Estate,Upper Assam,Golaghat,MANI,-,Golaghat,"Golaghat, Assam",-,-,Organized Plantation,2841,,
297,MARANGI,Organized Estate,Upper Assam,Golaghat,MARANGI,-,Golaghat,"Golaghat, Assam",-,-,Organized Plantation,C-44,,
298,MAHALAXMI TEA ESTATE,Organized Estate,Upper Assam,Golaghat,MAHALAXMI TEA ESTATE,-,Golaghat,"Golaghat, Assam",-,-,Organized Plantation,3564,,
299,KRISHNA TE,Organized Estate,Upper Assam,Golaghat,KRISHNA TE,-,Golaghat,"Golaghat, Assam",-,-,Organized Plantation,2796,,
300,LATTAKOOJAN TE,Organized Estate,Upper Assam,Golaghat,LATTAKOOJAN TE,-,Golaghat,"Golaghat, Assam",-,-,Organized Plantation,A-31,,
301,KATHONI,Organized Estate,Upper Assam,Golaghat,KATHONI,-,Golaghat,"Golaghat, Assam",-,-,Organized Plantation,2010,,
302,KOOPAHUATING TEA ESTATE,Organized Estate,Upper Assam,Golaghat,KOOPAHUATING TEA ESTATE,-,Golaghat,"Golaghat, Assam",-,-,Organized Plantation,2342,,
303,ANANDAPUR,Organized Estate,Upper Assam,Golaghat,ANANDAPUR,-,Golaghat,"Golaghat, Assam",-,-,Organized Plantation,563,,
304,ATHABARI TEA ESTATE,Organized Estate,Upper Assam,Golaghat,ATHABARI TEA ESTATE,-,Golaghat,"Golaghat, Assam",-,-,Organized Plantation,2816,,
305,MESSAMARA,Organized Estate,Upper Assam,Golaghat,MESSAMARA,-,Golaghat,"Golaghat, Assam",-,-,Organized Plantation,2212,,
306,METHONI TE,Organized Estate,Upper Assam,Golaghat,METHONI TE,-,Golaghat,"Golaghat, Assam",-,-,Organized Plantation,C-36,,
307,ABHOYJAN TEA ESTATE,Organized Estate,Upper Assam,Golaghat,ABHOYJAN TEA ESTATE,-,Golaghat,"Golaghat, Assam",-,-,Organized Plantation,82,,
308,BEHORA TEA ESTATE,Organized Estate,Upper Assam,Golaghat,BEHORA TEA ESTATE,-,Golaghat,"Golaghat, Assam",-,-,Organized Plantation,D-35,,
309,BALIJAN TEA ESTATE,Organized Estate,Upper Assam,Golaghat,BALIJAN TEA ESTATE,-,Golaghat,"Golaghat, Assam",-,-,Organized Plantation,293,,
310,BANWARIPUR T.E,Organized Estate,Upper Assam,Golaghat,BANWARIPUR T.E,-,Golaghat,"Golaghat, Assam",-,-,Organized Plantation,181,,
311,BHAGWAN T.E.,Organized Estate,Upper Assam,Golaghat,BHAGWAN T.E.,-,Golaghat,"Golaghat, Assam",-,-,Organized Plantation,191,,
312,BHOGADABARI TE,Organized Estate,Upper Assam,Golaghat,BHOGADABARI TE,-,Golaghat,"Golaghat, Assam",-,-,Organized Plantation,303,,
313,BORTING TE,Organized Estate,Upper Assam,Golaghat,BORTING TE,-,Golaghat,"Golaghat, Assam",-,-,Organized Plantation,716,,
314,BOGIDHOLA TEA ESTATE (LOCKOUT SINCE,Organized Estate,Upper Assam,Golaghat,BOGIDHOLA TEA ESTATE (LOCKOUT SINCE,-,Golaghat,"Golaghat, Assam",-,-,Organized Plantation,2017) 2494,,
315,BORJAN TEA ESTATE,Organized Estate,Upper Assam,Golaghat,Amalgamated Plantations Private Limited (Tata),-,Guwahati,"1st Floor, GS Road, Christian Basti, Guwahati, Assam 781005",-,-,Organized Plantation,2453,,
316,BOGIJAN TEA ESTATE,Organized Estate,Upper Assam,Golaghat,BOGIJAN TEA ESTATE,-,Golaghat,"Golaghat, Assam",-,-,Organized Plantation,M-89,,
317,BUKHIAL TEA ESTATE,Organized Estate,Upper Assam,Golaghat,BUKHIAL TEA ESTATE,-,Golaghat,"Golaghat, Assam",-,-,Organized Plantation,G-23(RC-1405),,
318,DALOWJAN TE,Organized Estate,Upper Assam,Golaghat,DALOWJAN TE,-,Golaghat,"Golaghat, Assam",-,-,Organized Plantation,1856,,
319,SOCKIETING TE,Organized Estate,Upper Assam,Golaghat,SOCKIETING TE,-,Golaghat,"Golaghat, Assam",-,-,Organized Plantation,2346,,
320,BIJULEE TEA ESTATE NEG-699,Organized Estate,Upper Assam,Golaghat,BIJULEE TEA ESTATE NEG-699,-,Golaghat,"Golaghat, Assam",-,-,Organized Plantation,Not Available,,
321,TILOTTAMA,Organized Estate,Upper Assam,Golaghat,TILOTTAMA,-,Golaghat,"Golaghat, Assam",-,-,Organized Plantation,2315,,
322,RAJABARI TEA ESTATE,Organized Estate,Upper Assam,Golaghat,RAJABARI TEA ESTATE,-,Golaghat,"Golaghat, Assam",-,-,Organized Plantation,902,,
323,SOUTH CACHAR TE,Organized Estate,Barak Valley,Hailakandi,SOUTH CACHAR TE,-,Hailakandi,"Hailakandi, Assam",-,-,Organized Plantation,222,,
324,SULTANICHERA,Organized Estate,Barak Valley,Hailakandi,SULTANICHERA,-,Hailakandi,"Hailakandi, Assam",-,-,Organized Plantation,914,,
325,CHANDYPORE T.E,Organized Estate,Barak Valley,Hailakandi,CHANDYPORE T.E,-,Hailakandi,"Hailakandi, Assam",-,-,Organized Plantation,2310,,
326,DEVENDRA TE,Organized Estate,Barak Valley,Hailakandi,Debendra Tea and Company Private Limited,Madan Dutta,Hailakandi,No 1 Chotahapjan Assam,-,bhagat_tsk@rediffmail.com,60 Ha,2703,,
327,CUTLACHERRA T.E.,Organized Estate,Barak Valley,Hailakandi,CUTLACHERRA T.E.,-,Hailakandi,"Hailakandi, Assam",-,-,Organized Plantation,125,,
328,BURNIE BRAES T.E,Organized Estate,Barak Valley,Hailakandi,BURNIE BRAES T.E,-,Hailakandi,"Hailakandi, Assam",-,-,Organized Plantation,2465,,
329,BUNDOOKMARA T.E,Organized Estate,Barak Valley,Hailakandi,BUNDOOKMARA T.E,-,Hailakandi,"Hailakandi, Assam",-,-,Organized Plantation,279,,
330,AENAKHALL T.E.,Organized Estate,Barak Valley,Hailakandi,AENAKHALL T.E.,-,Hailakandi,"Hailakandi, Assam",-,-,Organized Plantation,2471,,
331,LALLAMOOKH TEA ESTATE,Organized Estate,Barak Valley,Hailakandi,LALLAMOOKH TEA ESTATE,-,Hailakandi,"Hailakandi, Assam",-,-,Organized Plantation,2406,,
332,LALLACHERRA,Organized Estate,Barak Valley,Hailakandi,LALLACHERRA,-,Hailakandi,"Hailakandi, Assam",-,-,Organized Plantation,2343,,
333,KUNCHUNPORE TE,Organized Estate,Barak Valley,Hailakandi,KUNCHUNPORE TE,-,Hailakandi,"Hailakandi, Assam",-,-,Organized Plantation,2407,,
334,KOYAH TEA ESTATE,Organized Estate,Barak Valley,Hailakandi,KOYAH TEA ESTATE,-,Hailakandi,"Hailakandi, Assam",-,-,Organized Plantation,2422,,
335,MANIPUR TE,Organized Estate,Barak Valley,Hailakandi,MANIPUR TE,-,Hailakandi,"Hailakandi, Assam",-,-,Organized Plantation,2295,,
336,NARSINGPORE TE,Organized Estate,Barak Valley,Hailakandi,NARSINGPORE TE,-,Hailakandi,"Hailakandi, Assam",-,-,Organized Plantation,1893,,
337,DHOLAI TEA GARDEN,Organized Estate,Barak Valley,Hailakandi,DHOLAI TEA GARDEN,-,Hailakandi,"Hailakandi, Assam",-,-,Organized Plantation,2572,,
338,ROOPACHERA TE,Organized Estate,Barak Valley,Hailakandi,ROOPACHERA TE,-,Hailakandi,"Hailakandi, Assam",-,-,Organized Plantation,E-49,,
339,UMESH TE,Organized Estate,Barak Valley,Hailakandi,UMESH TE,-,Hailakandi,"Hailakandi, Assam",-,-,Organized Plantation,2706,,
340,VERNERPUR TE,Organized Estate,Barak Valley,Hailakandi,VERNERPUR TE,-,Hailakandi,"Hailakandi, Assam",-,-,Organized Plantation,256,,
341,UMABARI T.E,Organized Estate,Upper Assam,Jorhat,UMABARI T.E,-,Jorhat,"Jorhat, Assam",-,-,Organized Plantation,778(RC-1712),,
342,TYROON T.E,Organized Estate,Upper Assam,Jorhat,TYROON T.E,-,Jorhat,"Jorhat, Assam",-,-,Organized Plantation,E-53,,
343,UDAYJYOTI(RANGDOI T.P),Organized Estate,Upper Assam,Jorhat,UDAYJYOTI(RANGDOI T.P),-,Jorhat,"Jorhat, Assam",-,-,Organized Plantation,590,,
344,SINGORIJAN TE,Organized Estate,Upper Assam,Jorhat,SINGORIJAN TE,-,Jorhat,"Jorhat, Assam",-,-,Organized Plantation,1981,,
345,SAMAGURI TE,Organized Estate,Upper Assam,Jorhat,SAMAGURI TE,-,Jorhat,"Jorhat, Assam",-,-,Organized Plantation,2455,,
346,SANGSUA,Organized Estate,Upper Assam,Jorhat,SANGSUA,-,Jorhat,"Jorhat, Assam",-,-,Organized Plantation,2645,,
347,SELENG,Organized Estate,Upper Assam,Jorhat,SELENG,-,Jorhat,"Jorhat, Assam",-,-,Organized Plantation,2543,,
348,TOCKLAI TEA ESTATE,Organized Estate,Upper Assam,Jorhat,TOCKLAI TEA ESTATE,-,Jorhat,"Jorhat, Assam",-,-,Organized Plantation,43,,
349,NORTH BORSAIKOTA TEA ESTATE NO.,Organized Estate,Upper Assam,Jorhat,NORTH BORSAIKOTA TEA ESTATE NO.,-,Jorhat,"Jorhat, Assam",-,-,Organized Plantation,2 2387,,
350,PADAM,Organized Estate,Upper Assam,Jorhat,PADAM,-,Jorhat,"Jorhat, Assam",-,-,Organized Plantation,2817,,
351,SOUTH BORSAIKOTA TEA ESTATE,Organized Estate,Upper Assam,Jorhat,SOUTH BORSAIKOTA TEA ESTATE,-,Jorhat,"Jorhat, Assam",-,-,Organized Plantation,431,,
352,RAJABARI TE,Organized Estate,Upper Assam,Jorhat,RAJABARI TE,-,Jorhat,"Jorhat, Assam",-,-,Organized Plantation,1465(2104),,
353,RANGAJAN,Organized Estate,Upper Assam,Jorhat,RANGAJAN,-,Jorhat,"Jorhat, Assam",-,-,Organized Plantation,2958,,
354,RAMKONG,Organized Estate,Upper Assam,Jorhat,RAMKONG,-,Jorhat,"Jorhat, Assam",-,-,Organized Plantation,2578,,
355,DURGABARI,Organized Estate,Upper Assam,Jorhat,DURGABARI,-,Jorhat,"Jorhat, Assam",-,-,Organized Plantation,342,,
356,DUFLATING TE,Organized Estate,Upper Assam,Jorhat,DUFLATING TE,-,Jorhat,"Jorhat, Assam",-,-,Organized Plantation,2516,,
357,GHORAJAN,Organized Estate,Upper Assam,Jorhat,Sitaram Budhkaran Choukhany & Co.,Vikash Choukhany,Jorhat,Lahoal Dibrugarh Assam 786010,-,info@ghograjan.com,148.87 Ha,377,,
358,GABROOPURBAT TE,Organized Estate,Upper Assam,Jorhat,GABROOPURBAT TE,-,Jorhat,"Jorhat, Assam",-,-,Organized Plantation,2240 (1004),,
359,GATOONGA T E,Organized Estate,Upper Assam,Jorhat,GATOONGA T E,-,Jorhat,"Jorhat, Assam",-,-,Organized Plantation,2454 & 1464,,
360,HAROCHARAI TEA ESTATE,Organized Estate,Upper Assam,Jorhat,HAROCHARAI TEA ESTATE,-,Jorhat,"Jorhat, Assam",-,-,Organized Plantation,RC-2225,,
361,HEELEAKAH TE,Organized Estate,Upper Assam,Jorhat,HEELEAKAH TE,-,Jorhat,"Jorhat, Assam",-,-,Organized Plantation,G-42,HEELEAKAH,
362,HATIGARH TEA ESTATE,Organized Estate,Upper Assam,Jorhat,HATIGARH TEA ESTATE,-,Jorhat,"Jorhat, Assam",-,-,Organized Plantation,230,,
363,GOHAINBAREE TE,Organized Estate,Upper Assam,Jorhat,GOHAINBAREE TE,-,Jorhat,"Jorhat, Assam",-,-,Organized Plantation,345,,
364,GOBINDAPORE & BIJLEEJAN,Organized Estate,Upper Assam,Jorhat,GOBINDAPORE & BIJLEEJAN,-,Jorhat,"Jorhat, Assam",-,-,Organized Plantation,294/BJ-1898,BIJLEEJAN TEA,
365,GREEN VIEW,Organized Estate,Upper Assam,Jorhat,GREEN VIEW,-,Jorhat,"Jorhat, Assam",-,-,Organized Plantation,2388,,
366,NAGANIJAN,Organized Estate,Upper Assam,Jorhat,NAGANIJAN,-,Jorhat,"Jorhat, Assam",-,-,Organized Plantation,2600,,
367,NARAYANPUR & BHOWANIPUR,Organized Estate,Upper Assam,Jorhat,NARAYANPUR & BHOWANIPUR,-,Jorhat,"Jorhat, Assam",-,-,Organized Plantation,2252255,,
368,NEW SONWAL TEA ESTATE,Organized Estate,Upper Assam,Jorhat,NEW SONWAL TEA ESTATE,-,Jorhat,"Jorhat, Assam",-,-,Organized Plantation,2206,,
369,NEW SAMAGURI,Organized Estate,Upper Assam,Jorhat,NEW SAMAGURI,-,Jorhat,"Jorhat, Assam",-,-,Organized Plantation,2595,,
370,MONOMOY TEA ESTATE,Organized Estate,Upper Assam,Jorhat,MONOMOY TEA ESTATE,-,Jorhat,"Jorhat, Assam",-,-,Organized Plantation,955,,
371,MOABUND DIVISION (BEHORA TEA ESTATE),Organized Estate,Upper Assam,Jorhat,MOABUND DIVISION (BEHORA TEA ESTATE),-,Jorhat,"Jorhat, Assam",-,-,Organized Plantation,D-78,,
372,JAGDUAR T.E.,Organized Estate,Upper Assam,Jorhat,JAGDUAR T.E.,-,Jorhat,"Jorhat, Assam",-,-,Organized Plantation,"1301, 1434 &446",,
373,JADAVPUR,Organized Estate,Upper Assam,Jorhat,JADAVPUR,-,Jorhat,"Jorhat, Assam",-,-,Organized Plantation,2418,,
374,JOGIBHETA TEA ESTATE,Organized Estate,Upper Assam,Jorhat,JOGIBHETA TEA ESTATE,-,Jorhat,"Jorhat, Assam",-,-,Organized Plantation,2511,,
375,HUNWAL TEA ESTATE N,Organized Estate,Upper Assam,Jorhat,McLeod Russel India Limited,-,Kolkata,"Four Mangoe Lane, Surendra Mohan Ghosh Sarani, Kolkata 700001",-,-,Organized Plantation,4,,
376,HOLONGAJAN TEA ESTATE,Organized Estate,Upper Assam,Jorhat,HOLONGAJAN TEA ESTATE,-,Jorhat,"Jorhat, Assam",-,-,Organized Plantation,286,,
377,HOOLUNGOOREE TEA ESTATE,Organized Estate,Upper Assam,Jorhat,Andrew Yule & Company Limited (Govt of India),-,Kolkata,"Yule House, 8 Dr. Rajendra Prasad Sarani, Kolkata 700001",-,-,Organized Plantation,RC-1229,"HOOLUNGOOREE, KHATISONA",
378,MADHOOPUR,Organized Estate,Upper Assam,Jorhat,MADHOOPUR,-,Jorhat,"Jorhat, Assam",-,-,Organized Plantation,2126,,
379,PURANIMATI TEA PLANTATIONS PVT.LTD.,Organized Estate,Upper Assam,Jorhat,PURANIMATI TEA PLANTATIONS PVT.LTD.,-,Jorhat,"Jorhat, Assam",-,-,Organized Plantation,3570,,
380,KONIKOR-DALLIM TEA ESTATE,Organized Estate,Upper Assam,Jorhat,KONIKOR-DALLIM TEA ESTATE,-,Jorhat,"Jorhat, Assam",-,-,Organized Plantation,A-40,,
381,KUHUM,Organized Estate,Upper Assam,Jorhat,KUHUM,-,Jorhat,"Jorhat, Assam",-,-,Organized Plantation,2777,,
382,KOTALGOORIE TE T3,Organized Estate,Upper Assam,Jorhat,KOTALGOORIE TE T3,-,Jorhat,"Jorhat, Assam",-,-,Organized Plantation,Not Available,,
383,LAKHIBARI TE,Organized Estate,Upper Assam,Jorhat,LAKHIBARI TE,-,Jorhat,"Jorhat, Assam",-,-,Organized Plantation,2311,,
384,LETEKOOJAN,Organized Estate,Upper Assam,Jorhat,LETEKOOJAN,-,Jorhat,"Jorhat, Assam",-,-,Organized Plantation,1979,,
385,LOHPOHIA TEA ESTATE,Organized Estate,Upper Assam,Jorhat,LOHPOHIA TEA ESTATE,-,Jorhat,"Jorhat, Assam",-,-,Organized Plantation,2502,,
386,KAKADONGA TEA STATE,Organized Estate,Upper Assam,Jorhat,KAKADONGA TEA STATE,-,Jorhat,"Jorhat, Assam",-,-,Organized Plantation,D-51,,
387,KAMALPUR,Organized Estate,Upper Assam,Jorhat,KAMALPUR,-,Jorhat,"Jorhat, Assam",-,-,Organized Plantation,324,,
388,KAMARBAND TEA ESTATE,Organized Estate,Upper Assam,Jorhat,KAMARBAND TEA ESTATE,-,Jorhat,"Jorhat, Assam",-,-,Organized Plantation,2456,,
389,KAKAJAN,Organized Estate,Upper Assam,Jorhat,Amalgamated Plantations Private Limited (Tata),-,Guwahati,"1st Floor, GS Road, Christian Basti, Guwahati, Assam 781005",-,-,Organized Plantation,A-38,,
390,KASOJAN,Organized Estate,Upper Assam,Jorhat,KASOJAN,-,Jorhat,"Jorhat, Assam",-,-,Organized Plantation,3035,,
391,MELENG TEA ESTATE,Organized Estate,Upper Assam,Jorhat,MELENG TEA ESTATE,-,Jorhat,"Jorhat, Assam",-,-,Organized Plantation,2521,,
392,MEZENGAH,Organized Estate,Upper Assam,Jorhat,MEZENGAH,-,Jorhat,"Jorhat, Assam",-,-,Organized Plantation,2127,,
393,AKHOIDESSA TEA ESTATE,Organized Estate,Upper Assam,Jorhat,AKHOIDESSA TEA ESTATE,-,Jorhat,"Jorhat, Assam",-,-,Organized Plantation,375,,
394,BAGHSONG TEA ESTATE,Organized Estate,Upper Assam,Jorhat,BAGHSONG TEA ESTATE,-,Jorhat,"Jorhat, Assam",-,-,Organized Plantation,1765,,
395,BAHANI TEA ESTATE,Organized Estate,Upper Assam,Jorhat,BAHANI TEA ESTATE,-,Jorhat,"Jorhat, Assam",-,-,Organized Plantation,11,,
396,BARUAHJAN TE,Organized Estate,Upper Assam,Jorhat,BARUAHJAN TE,-,Jorhat,"Jorhat, Assam",-,-,Organized Plantation,376,,
397,BAMUNIBARI,Organized Estate,Upper Assam,Jorhat,BAMUNIBARI,-,Jorhat,"Jorhat, Assam",-,-,Organized Plantation,2275,,
398,BORBHETA TEA ESTATE,Organized Estate,Upper Assam,Jorhat,BORBHETA TEA ESTATE,-,Jorhat,"Jorhat, Assam",-,-,Organized Plantation,43,,
399,BORHOLLA TEA ESTATE,Organized Estate,Upper Assam,Jorhat,BORHOLLA TEA ESTATE,-,Jorhat,"Jorhat, Assam",-,-,Organized Plantation,2393,,
400,BOISAHABI TE,Organized Estate,Upper Assam,Jorhat,BOISAHABI TE,-,Jorhat,"Jorhat, Assam",-,-,Organized Plantation,2557(RC-12123),,
401,BOSABARI TEA ESTATE,Organized Estate,Upper Assam,Jorhat,BOSABARI TEA ESTATE,-,Jorhat,"Jorhat, Assam",-,-,Organized Plantation,1899,,
402,BOIDEHA TE,Organized Estate,Upper Assam,Jorhat,BOIDEHA TE,-,Jorhat,"Jorhat, Assam",-,-,Organized Plantation,187,,
403,BOKAHOLA,Organized Estate,Upper Assam,Jorhat,BOKAHOLA,-,Jorhat,"Jorhat, Assam",-,-,Organized Plantation,2673,,
404,BOLOMA TEA ESTATE,Organized Estate,Upper Assam,Jorhat,BOLOMA TEA ESTATE,-,Jorhat,"Jorhat, Assam",-,-,Organized Plantation,186,,
405,DHULLIE,Organized Estate,Upper Assam,Jorhat,McLeod Russel India Limited,-,Kolkata,"Four Mangoe Lane, Surendra Mohan Ghosh Sarani, Kolkata 700001",-,-,Organized Plantation,2601JOR,,
406,CHENIJAN,Organized Estate,Upper Assam,Jorhat,CHENIJAN,-,Jorhat,"Jorhat, Assam",-,-,Organized Plantation,79,,
407,CHAPAJAN,Organized Estate,Upper Assam,Jorhat,CHAPAJAN,-,Jorhat,"Jorhat, Assam",-,-,Organized Plantation,402,,
408,CHETIABARI,Organized Estate,Upper Assam,Jorhat,CHETIABARI,-,Jorhat,"Jorhat, Assam",-,-,Organized Plantation,349,,
409,DAHINGEAPAR,Organized Estate,Upper Assam,Jorhat,DAHINGEAPAR,-,Jorhat,"Jorhat, Assam",-,-,Organized Plantation,2285,,
410,DAMAYANTI TEA ESTATE,Organized Estate,Upper Assam,Jorhat,DAMAYANTI TEA ESTATE,-,Jorhat,"Jorhat, Assam",-,-,Organized Plantation,2101,,
411,CINNAMARA TEA ESTATE,Organized Estate,Upper Assam,Jorhat,CINNAMARA TEA ESTATE,-,Jorhat,"Jorhat, Assam",-,-,Organized Plantation,2582,,
412,SWARNAPUR,Organized Estate,Upper Assam,Jorhat,SWARNAPUR,-,Jorhat,"Jorhat, Assam",-,-,Organized Plantation,1982,,
413,SYEDBARI,Organized Estate,Upper Assam,Jorhat,SYEDBARI,-,Jorhat,"Jorhat, Assam",-,-,Organized Plantation,1091,,
414,SYCOTTA TEA ESTATE,Organized Estate,Upper Assam,Jorhat,SYCOTTA TEA ESTATE,-,Jorhat,"Jorhat, Assam",-,-,Organized Plantation,2587,,
415,SOLALBARI,Organized Estate,Upper Assam,Jorhat,SOLALBARI,-,Jorhat,"Jorhat, Assam",-,-,Organized Plantation,2412,,
416,SOCKLATINGA,Organized Estate,Upper Assam,Jorhat,SOCKLATINGA,-,Jorhat,"Jorhat, Assam",-,-,Organized Plantation,1649,,
417,SORAIPANI,Organized Estate,Upper Assam,Jorhat,SORAIPANI,-,Jorhat,"Jorhat, Assam",-,-,Organized Plantation,2755,,
418,SOTAI,Organized Estate,Upper Assam,Jorhat,SOTAI,-,Jorhat,"Jorhat, Assam",-,-,Organized Plantation,RC-6,,
419,TIRUAL T.E,Organized Estate,Upper Assam,Jorhat,TIRUAL T.E,-,Jorhat,"Jorhat, Assam",-,-,Organized Plantation,2773,,
420,TIPOMIA,Organized Estate,Upper Assam,Jorhat,TIPOMIA,-,Jorhat,"Jorhat, Assam",-,-,Organized Plantation,1980,,
421,TENGALBARIE,Organized Estate,Upper Assam,Jorhat,TENGALBARIE,-,Jorhat,"Jorhat, Assam",-,-,Organized Plantation,2125,,
422,TEOK TEA ESTATE,Organized Estate,Upper Assam,Jorhat,TEOK TEA ESTATE,-,Jorhat,"Jorhat, Assam",-,-,Organized Plantation,A-40,,
423,SONAPUR TEA ESTATE,Organized Estate,Lower Assam,Kamrup,SONAPUR TEA ESTATE,-,Kamrup,"Kamrup, Assam",-,-,Organized Plantation,2071,,
424,BARDUAR TEA ESTATE,Organized Estate,Lower Assam,Kamrup,BARDUAR TEA ESTATE,-,Kamrup,"Kamrup, Assam",-,-,Organized Plantation,2193,,
425,RANI TEA ESTATE,Organized Estate,Lower Assam,Kamrup,RANI TEA ESTATE,-,Kamrup,"Kamrup, Assam",-,-,Organized Plantation,137,,
426,BHAGAWATI TEA ESTATE,Organized Estate,Central Assam,Karbi Anglong,BHAGAWATI TEA ESTATE,-,Karbi Anglong,"Karbi Anglong, Assam",-,-,Organized Plantation,2786,,
427,LAHORIJAN & NIRMAL KUMAR,Organized Estate,Central Assam,Karbi Anglong,LAHORIJAN & NIRMAL KUMAR,-,Karbi Anglong,"Karbi Anglong, Assam",-,-,Organized Plantation,223,,
428,MAA SURJEE NEG-1117,Organized Estate,Central Assam,Karbi Anglong,MAA SURJEE NEG-1117,-,Karbi Anglong,"Karbi Anglong, Assam",-,-,Organized Plantation,Not Available,,
429,DEOPANI TEA ESTATE,Organized Estate,Central Assam,Karbi Anglong,DEOPANI TEA ESTATE,-,Karbi Anglong,"Karbi Anglong, Assam",-,-,Organized Plantation,C-74,,
430,BHAWANI TEA ESTATE NEG-492,Organized Estate,Central Assam,Karbi Anglong,BHAWANI TEA ESTATE NEG-492,-,Karbi Anglong,"Karbi Anglong, Assam",-,-,Organized Plantation,Not Available,,
431,BOKAJAN TEA ESTATE,Organized Estate,Central Assam,Karbi Anglong,BOKAJAN TEA ESTATE,-,Karbi Anglong,"Karbi Anglong, Assam",-,-,Organized Plantation,RC-1167,,
432,BANASPATY TEA ESTATE,Organized Estate,Central Assam,Karbi Anglong,BANASPATY TEA ESTATE,-,Karbi Anglong,"Karbi Anglong, Assam",-,-,Organized Plantation,2828,,
433,BARPATHAR TEA ESTATE,Organized Estate,Central Assam,Karbi Anglong,BARPATHAR TEA ESTATE,-,Karbi Anglong,"Karbi Anglong, Assam",-,-,Organized Plantation,160,,
434,AMBA TEA ESTATE NEG-398,Organized Estate,Central Assam,Karbi Anglong,AMBA TEA ESTATE NEG-398,-,Karbi Anglong,"Karbi Anglong, Assam",-,-,Organized Plantation,Not Available,,
435,NIRJA TEA ESTATE NEG-1118,Organized Estate,Central Assam,Karbi Anglong,NIRJA TEA ESTATE NEG-1118,-,Karbi Anglong,"Karbi Anglong, Assam",-,-,Organized Plantation,Not Available,,
436,DHANSERI TEA ESTATE,Organized Estate,Central Assam,Karbi Anglong,DHANSERI TEA ESTATE,-,Karbi Anglong,"Karbi Anglong, Assam",-,-,Organized Plantation,83,,
437,RAMANUGGER,Organized Estate,Central Assam,Karbi Anglong,RAMANUGGER,-,Karbi Anglong,"Karbi Anglong, Assam",-,-,Organized Plantation,255,,
438,RANGSALI,Organized Estate,Central Assam,Karbi Anglong,RANGSALI,-,Karbi Anglong,"Karbi Anglong, Assam",-,-,Organized Plantation,2861,,
439,SAKAMBARI NEG-,Organized Estate,Central Assam,Karbi Anglong,SAKAMBARI NEG-,-,Karbi Anglong,"Karbi Anglong, Assam",-,-,Organized Plantation,646,,
440,SOBHANESWARI,Organized Estate,Central Assam,Karbi Anglong,SOBHANESWARI,-,Karbi Anglong,"Karbi Anglong, Assam",-,-,Organized Plantation,1308,,
441,SREE BEHULLA TE,Organized Estate,Barak Valley,Karimganj,SREE BEHULLA TE,-,Karimganj,"Karimganj, Assam",-,-,Organized Plantation,542,,
442,SEPHANJURI BHEEL TE,Organized Estate,Barak Valley,Karimganj,SEPHANJURI BHEEL TE,-,Karimganj,"Karimganj, Assam",-,-,Organized Plantation,2482,,
443,SINGLACHERRA,Organized Estate,Barak Valley,Karimganj,SINGLACHERRA,-,Karimganj,"Karimganj, Assam",-,-,Organized Plantation,2322,,
444,SHONAICHERRA TE,Organized Estate,Barak Valley,Karimganj,SHONAICHERRA TE,-,Karimganj,"Karimganj, Assam",-,-,Organized Plantation,1589,,
445,RABBANIA TE,Organized Estate,Barak Valley,Karimganj,RABBANIA TE,-,Karimganj,"Karimganj, Assam",-,-,Organized Plantation,238,,
446,RAJARAMPORE,Organized Estate,Barak Valley,Karimganj,RAJARAMPORE,-,Karimganj,"Karimganj, Assam",-,-,Organized Plantation,289,,
447,PROMODENAGAR TE,Organized Estate,Barak Valley,Karimganj,PROMODENAGAR TE,-,Karimganj,"Karimganj, Assam",-,-,Organized Plantation,24,,
448,PATHINI TEA ESTATE,Organized Estate,Barak Valley,Karimganj,PATHINI TEA ESTATE,-,Karimganj,"Karimganj, Assam",-,-,Organized Plantation,2629,,
449,DURGANAGAR TE,Organized Estate,Barak Valley,Karimganj,DURGANAGAR TE,-,Karimganj,"Karimganj, Assam",-,-,Organized Plantation,389,,
450,DULLABCHERRA TE,Organized Estate,Barak Valley,Karimganj,DULLABCHERRA TE,-,Karimganj,"Karimganj, Assam",-,-,Organized Plantation,2241,,
451,GOOMBIRA,Organized Estate,Barak Valley,Karimganj,GOOMBIRA,-,Karimganj,"Karimganj, Assam",-,-,Organized Plantation,2316,,
452,HATTIKHIRA TE,Organized Estate,Barak Valley,Karimganj,HATTIKHIRA TE,-,Karimganj,"Karimganj, Assam",-,-,Organized Plantation,C-19,,
453,ISABHEEL TEA ESTATE,Organized Estate,Barak Valley,Karimganj,ISABHEEL TEA ESTATE,-,Karimganj,"Karimganj, Assam",-,-,Organized Plantation,C-21,,
454,JALALNAGAR,Organized Estate,Barak Valley,Karimganj,JALALNAGAR,-,Karimganj,"Karimganj, Assam",-,-,Organized Plantation,94,,
455,AYLABARI TEA ESTATE,Organized Estate,Barak Valley,Karimganj,AYLABARI TEA ESTATE,-,Karimganj,"Karimganj, Assam",-,-,Organized Plantation,208,,
456,BAITAKHAL TE,Organized Estate,Barak Valley,Karimganj,BAITAKHAL TE,-,Karimganj,"Karimganj, Assam",-,-,Organized Plantation,1978,,
457,BHUBRIGHAT,Organized Estate,Barak Valley,Karimganj,BHUBRIGHAT,-,Karimganj,"Karimganj, Assam",-,-,Organized Plantation,53,,
458,BIDYANAGAR T.E.,Organized Estate,Barak Valley,Karimganj,BIDYANAGAR T.E.,-,Karimganj,"Karimganj, Assam",-,-,Organized Plantation,2122,,
459,CHARGOLA VELLY T.E.,Organized Estate,Barak Valley,Karimganj,CHARGOLA VELLY T.E.,-,Karimganj,"Karimganj, Assam",-,-,Organized Plantation,270,,
460,CHARGOLA T.E.,Organized Estate,Barak Valley,Karimganj,CHARGOLA T.E.,-,Karimganj,"Karimganj, Assam",-,-,Organized Plantation,2321,,
461,MADANPUR TE,Organized Estate,Barak Valley,Karimganj,MADANPUR TE,-,Karimganj,"Karimganj, Assam",-,-,Organized Plantation,93,,
462,MANIKNAGAR TE,Organized Estate,Barak Valley,Karimganj,MANIKNAGAR TE,-,Karimganj,"Karimganj, Assam",-,-,Organized Plantation,101,,
463,LONGAI TE,Organized Estate,Barak Valley,Karimganj,LONGAI TE,-,Karimganj,"Karimganj, Assam",-,-,Organized Plantation,C-15,,
464,KALINAGAR T.E.,Organized Estate,Barak Valley,Karimganj,KALINAGAR T.E.,-,Karimganj,"Karimganj, Assam",-,-,Organized Plantation,88,,
465,KOKRAJHAR TE,Organized Estate,Lower Assam,Kokrajhar,KOKRAJHAR TE,-,Kokrajhar,"Kokrajhar, Assam",-,-,Organized Plantation,241,KOKRAJHAR,
466,DALOABARI TEA ESTATE,Organized Estate,Lower Assam,Kokrajhar,DALOABARI TEA ESTATE,-,Kokrajhar,"Kokrajhar, Assam",-,-,Organized Plantation,242,,
467,BANGLABARI TEA ESTATE,Organized Estate,Lower Assam,Kokrajhar,BANGLABARI TEA ESTATE,-,Kokrajhar,"Kokrajhar, Assam",-,-,Organized Plantation,243,,
468,MORNAI TEA ESTATE,Organized Estate,Lower Assam,Kokrajhar,MORNAI TEA ESTATE,-,Kokrajhar,"Kokrajhar, Assam",-,-,Organized Plantation,134,,
469,HARMUTTY TEA ESTATE,Organized Estate,Lower Assam,Lakhimpur,HARMUTTY TEA ESTATE,-,Lakhimpur,"Lakhimpur, Assam",-,-,Organized Plantation,K-55,,
470,DOOLAHAT TEA ESTATE,Organized Estate,Lower Assam,Lakhimpur,DOOLAHAT TEA ESTATE,-,Lakhimpur,"Lakhimpur, Assam",-,-,Organized Plantation,2591,,
471,SILONIBARI TEA ESTATE,Organized Estate,Lower Assam,Lakhimpur,SILONIBARI TEA ESTATE,-,Lakhimpur,"Lakhimpur, Assam",-,-,Organized Plantation,R-6,,
472,SEAJULI,Organized Estate,Lower Assam,Lakhimpur,SEAJULI,-,Lakhimpur,"Lakhimpur, Assam",-,-,Organized Plantation,D/40,SEAJULI TEA ESTATE,
473,ANANDA TEA ESTATE,Organized Estate,Lower Assam,Lakhimpur,ANANDA TEA ESTATE,-,Lakhimpur,"Lakhimpur, Assam",-,-,Organized Plantation,2326,,
474,CINNATOLLIAH TEA GARDEN,Organized Estate,Lower Assam,Lakhimpur,CINNATOLLIAH TEA GARDEN,-,Lakhimpur,"Lakhimpur, Assam",-,-,Organized Plantation,B-80,,
475,DEJOO TEA ESTATE,Organized Estate,Lower Assam,Lakhimpur,DEJOO TEA ESTATE,-,Lakhimpur,"Lakhimpur, Assam",-,-,Organized Plantation,K-33,,
476,BORDEOBAM TEA ESTATE,Organized Estate,Lower Assam,Lakhimpur,BORDEOBAM TEA ESTATE,-,Lakhimpur,"Lakhimpur, Assam",-,-,Organized Plantation,2446,,
477,KOILAMARI TEA ESTATE,Organized Estate,Lower Assam,Lakhimpur,KOILAMARI TEA ESTATE,-,Lakhimpur,"Lakhimpur, Assam",-,-,Organized Plantation,K-15,KOILAMARI,
478,MADHUPUR,Organized Estate,Lower Assam,Lakhimpur,MADHUPUR,-,Lakhimpur,"Lakhimpur, Assam",-,-,Organized Plantation,320,,
479,GOPAL KRISHNA TEA ESTATE,Organized Estate,Central Assam,Morigaon,GOPAL KRISHNA TEA ESTATE,-,Morigaon,"Morigaon, Assam",-,-,Organized Plantation,1994,,
480,DHONTOLA,Organized Estate,Central Assam,Nagaon,DHONTOLA,-,Nagaon,"Nagaon, Assam",-,-,Organized Plantation,2450,,
481,JIAJURI,Organized Estate,Central Assam,Nagaon,JIAJURI,-,Nagaon,"Nagaon, Assam",-,-,Organized Plantation,B-77,,
482,SECONEE,Organized Estate,Central Assam,Nagaon,SECONEE,-,Nagaon,"Nagaon, Assam",-,-,Organized Plantation,2459,,
483,SAGMOOTEA TEA ESTATE,Organized Estate,Central Assam,Nagaon,SAGMOOTEA TEA ESTATE,-,Nagaon,"Nagaon, Assam",-,-,Organized Plantation,A/8,,
484,NONOI TEA ESTATE,Organized Estate,Central Assam,Nagaon,Amalgamated Plantations Private Limited (Tata),-,Guwahati,"1st Floor, GS Road, Christian Basti, Guwahati, Assam 781005",-,-,Organized Plantation,A-65,,
485,RANGOLOO TE,Organized Estate,Central Assam,Nagaon,RANGOLOO TE,-,Nagaon,"Nagaon, Assam",-,-,Organized Plantation,2443,,
486,MATIAPAHAR,Organized Estate,Central Assam,Nagaon,MATIAPAHAR,-,Nagaon,"Nagaon, Assam",-,-,Organized Plantation,318,,
487,KONDOLI,Organized Estate,Central Assam,Nagaon,Assam Company India Limited (BRS Group),-,Guwahati,"Greenwood Tea Estate, Dibrugarh / GS Road Guwahati",-,-,Organized Plantation,T/2,,
488,KOLIABUR TEA ESTATE,Organized Estate,Central Assam,Nagaon,KOLIABUR TEA ESTATE,-,Nagaon,"Nagaon, Assam",-,-,Organized Plantation,2473,,
489,LOONGSOONG TE,Organized Estate,Central Assam,Nagaon,LOONGSOONG TE,-,Nagaon,"Nagaon, Assam",-,-,Organized Plantation,G-38,,
490,KELLYDEN TEA ESTATE,Organized Estate,Central Assam,Nagaon,Amalgamated Plantations Private Limited (Tata),-,Guwahati,"1st Floor, GS Road, Christian Basti, Guwahati, Assam 781005",-,-,Organized Plantation,A-66,,
491,KHANAJAN TEA ESTATE,Organized Estate,Central Assam,Nagaon,KHANAJAN TEA ESTATE,-,Nagaon,"Nagaon, Assam",-,-,Organized Plantation,2339,,
492,KHATOON TE,Organized Estate,Central Assam,Nagaon,KHATOON TE,-,Nagaon,"Nagaon, Assam",-,-,Organized Plantation,421,,
493,BORPANI,Organized Estate,Central Assam,Nagaon,BORPANI,-,Nagaon,"Nagaon, Assam",-,-,Organized Plantation,66(RC-548),,
494,BURRAPAHAR,Organized Estate,Central Assam,Nagaon,BURRAPAHAR,-,Nagaon,"Nagaon, Assam",-,-,Organized Plantation,2320,,
495,DEJOO VALLEY T.E,Organized Estate,Central Assam,Nagaon,DEJOO VALLEY T.E,-,Nagaon,"Nagaon, Assam",-,-,Organized Plantation,2648,,
496,CHAPANALA TEA ESTATE,Organized Estate,Central Assam,Nagaon,CHAPANALA TEA ESTATE,-,Nagaon,"Nagaon, Assam",-,-,Organized Plantation,H-56,,
497,AMSOI TEA ESTATE,Organized Estate,Central Assam,Nagaon,AMSOI TEA ESTATE,-,Nagaon,"Nagaon, Assam",-,-,Organized Plantation,2062,,
498,AMLUCKIE TEA ESTATE,Organized Estate,Central Assam,Nagaon,AMLUCKIE TEA ESTATE,-,Nagaon,"Nagaon, Assam",-,-,Organized Plantation,2647,,
499,SUKANJURI TEA ESTATE,Organized Estate,Central Assam,Nagaon,SUKANJURI TEA ESTATE,-,Nagaon,"Nagaon, Assam",-,-,Organized Plantation,2325,,
500,PATHALIPAM TEA ESTATE,Organized Estate,Lower Assam,Lakhimpur,PATHALIPAM TEA ESTATE,-,Lakhimpur,"Lakhimpur, Assam",-,-,Organized Plantation,2462,,
501,NYEIJONG TE,Organized Estate,Upper Assam,Sivasagar,NYEIJONG TE,-,Sivasagar,"Sivasagar, Assam",-,-,Organized Plantation,2783,,
502,RAJA BARRIE TEA ESTATE,Organized Estate,Upper Assam,Sivasagar,RAJA BARRIE TEA ESTATE,-,Sivasagar,"Sivasagar, Assam",-,-,Organized Plantation,2104,,
503,MOHOKUTIE TEA ESTATE,Organized Estate,Upper Assam,Sivasagar,MOHOKUTIE TEA ESTATE,-,Sivasagar,"Sivasagar, Assam",-,-,Organized Plantation,G-50,,
504,MODINAGAR TE,Organized Estate,Upper Assam,Sivasagar,MODINAGAR TE,-,Sivasagar,"Sivasagar, Assam",-,-,Organized Plantation,2669,,
505,MORE TEA ESTATE,Organized Estate,Upper Assam,Sivasagar,MORE TEA ESTATE,-,Sivasagar,"Sivasagar, Assam",-,-,Organized Plantation,2744,,
506,DOOMURDULLUNG,Organized Estate,Upper Assam,Sivasagar,DOOMURDULLUNG,-,Sivasagar,"Sivasagar, Assam",-,-,Organized Plantation,G-51,,
507,GELAKEY,Organized Estate,Upper Assam,Sivasagar,GELAKEY,-,Sivasagar,"Sivasagar, Assam",-,-,Organized Plantation,2887,,
508,GOSSAINBARI TEA ESTATE,Organized Estate,Upper Assam,Sivasagar,GOSSAINBARI TEA ESTATE,-,Sivasagar,"Sivasagar, Assam",-,-,Organized Plantation,2160 (1058),,
509,AMGOORIE F,Organized Estate,Upper Assam,Sivasagar,AMGOORIE F,-,Sivasagar,"Sivasagar, Assam",-,-,Organized Plantation,1/1(RC-103),,
510,ATTABARRIE TEA ESTATE,Organized Estate,Upper Assam,Sivasagar,ATTABARRIE TEA ESTATE,-,Sivasagar,"Sivasagar, Assam",-,-,Organized Plantation,D-49,,
511,BEHUBOR TEA ESTATE,Organized Estate,Upper Assam,Sivasagar,BEHUBOR TEA ESTATE,-,Sivasagar,"Sivasagar, Assam",-,-,Organized Plantation,2495,,
512,DEOPANI TEA ESTATE,Organized Estate,Upper Assam,Sivasagar,DEOPANI TEA ESTATE,-,Sivasagar,"Sivasagar, Assam",-,-,Organized Plantation,C-74,,
513,BORBAM TEA GARDEN F,Organized Estate,Upper Assam,Sivasagar,BORBAM TEA GARDEN F,-,Sivasagar,"Sivasagar, Assam",-,-,Organized Plantation,1/2 (RC-1040,,
514,SHREE JOYA CHA BAGAN PVT LTD.,Organized Estate,Upper Assam,Sivasagar,SHREE JOYA CHA BAGAN PVT LTD.,-,Sivasagar,"Sivasagar, Assam",-,-,Organized Plantation,2794,,
515,BIHUBARI TEA ESTATE,Organized Estate,Upper Assam,Sivasagar,BIHUBARI TEA ESTATE,-,Sivasagar,"Sivasagar, Assam",-,-,Organized Plantation,4367,,
516,MADOORIE,Organized Estate,Upper Assam,Sivasagar,MADOORIE,-,Sivasagar,"Sivasagar, Assam",-,-,Organized Plantation,1053,,
517,SREE SIBBARI TEA ESTATE,Organized Estate,Upper Assam,Sivasagar,SREE SIBBARI TEA ESTATE,-,Sivasagar,"Sivasagar, Assam",-,-,Organized Plantation,330,,
518,THOWRA,Organized Estate,Upper Assam,Sivasagar,THOWRA,-,Sivasagar,"Sivasagar, Assam",-,-,Organized Plantation,H-6,,
519,TIOK TEA ESTATE,Organized Estate,Upper Assam,Sivasagar,TIOK TEA ESTATE,-,Sivasagar,"Sivasagar, Assam",-,-,Organized Plantation,2386,,
520,MASKARA TEA ESTATE,Organized Estate,Upper Assam,Sivasagar,MASKARA TEA ESTATE,-,Sivasagar,"Sivasagar, Assam",-,-,Organized Plantation,239,,
521,MACKEYPORE TEA ESTATE,Organized Estate,Upper Assam,Sivasagar,MACKEYPORE TEA ESTATE,-,Sivasagar,"Sivasagar, Assam",-,-,Organized Plantation,2541,,
522,KRISHNABEHARI TEA ESTATE,Organized Estate,Upper Assam,Sivasagar,KRISHNABEHARI TEA ESTATE,-,Sivasagar,"Sivasagar, Assam",-,-,Organized Plantation,130 (RC-213),,
523,BORAHI TE,Organized Estate,Upper Assam,Sivasagar,BORAHI TE,-,Sivasagar,"Sivasagar, Assam",-,-,Organized Plantation,2161,,
524,BANAMALIE,Organized Estate,Upper Assam,Sivasagar,BANAMALIE,-,Sivasagar,"Sivasagar, Assam",-,-,Organized Plantation,1299,,
525,ATALPUKHRI,Organized Estate,Upper Assam,Sivasagar,ATALPUKHRI,-,Sivasagar,"Sivasagar, Assam",-,-,Organized Plantation,344,,
526,HANUMANBAG TE,Organized Estate,Upper Assam,Sivasagar,HANUMANBAG TE,-,Sivasagar,"Sivasagar, Assam",-,-,Organized Plantation,2466,,
527,RAJMAI TEA ESTATE,Organized Estate,Upper Assam,Sivasagar,RAJMAI TEA ESTATE,-,Sivasagar,"Sivasagar, Assam",-,-,Organized Plantation,D-34,,
528,RUPAJULI T.E.,Organized Estate,Central Assam,Sonitpur,RUPAJULI T.E.,-,Sonitpur,"Sonitpur, Assam",-,-,Organized Plantation,D-38,,
529,NOORBARI T.E,Organized Estate,Central Assam,Sonitpur,NOORBARI T.E,-,Sonitpur,"Sonitpur, Assam",-,-,Organized Plantation,1904,,
530,PANBARI,Organized Estate,Central Assam,Sonitpur,PANBARI,-,Sonitpur,"Sonitpur, Assam",-,-,Organized Plantation,138,,
531,PABHOI,Organized Estate,Central Assam,Sonitpur,PABHOI,-,Sonitpur,"Sonitpur, Assam",-,-,Organized Plantation,D-7,,
532,PHULBARI D,Organized Estate,Central Assam,Sonitpur,PHULBARI D,-,Sonitpur,"Sonitpur, Assam",-,-,Organized Plantation,11,,
533,SAPOI,Organized Estate,Central Assam,Sonitpur,SAPOI,-,Sonitpur,"Sonitpur, Assam",-,-,Organized Plantation,2324,,
534,SESSA,Organized Estate,Central Assam,Sonitpur,SESSA,-,Sonitpur,"Sonitpur, Assam",-,-,Organized Plantation,Q-27,,
535,TOPIA,Organized Estate,Central Assam,Sonitpur,TOPIA,-,Sonitpur,"Sonitpur, Assam",-,-,Organized Plantation,84,,
536,SINGRI,Organized Estate,Central Assam,Sonitpur,SINGRI,-,Sonitpur,"Sonitpur, Assam",-,-,Organized Plantation,2530,,
537,SHYAMGURI,Organized Estate,Central Assam,Sonitpur,SHYAMGURI,-,Sonitpur,"Sonitpur, Assam",-,-,Organized Plantation,2016,,
538,TULIP T.E,Organized Estate,Central Assam,Sonitpur,TULIP T.E,-,Sonitpur,"Sonitpur, Assam",-,-,Organized Plantation,141,,
539,HARCHURAH,Organized Estate,Central Assam,Sonitpur,HARCHURAH,-,Sonitpur,"Sonitpur, Assam",-,-,Organized Plantation,D-12,HARCHURAH,
540,HIRAJULI,Organized Estate,Central Assam,Sonitpur,HIRAJULI,-,Sonitpur,"Sonitpur, Assam",-,-,Organized Plantation,452,,
541,GHOIRALLIE T.E.,Organized Estate,Central Assam,Sonitpur,GHOIRALLIE T.E.,-,Sonitpur,"Sonitpur, Assam",-,-,Organized Plantation,Q-34,,
542,DUFFLAGHUR T.E.,Organized Estate,Central Assam,Sonitpur,McLeod Russel India Limited,-,Kolkata,"Four Mangoe Lane, Surendra Mohan Ghosh Sarani, Kolkata 700001",-,-,Organized Plantation,D-20,,
543,DURRUNG,Organized Estate,Central Assam,Sonitpur,DURRUNG,-,Sonitpur,"Sonitpur, Assam",-,-,Organized Plantation,1664,,
544,DHENDAI T.E,Organized Estate,Central Assam,Sonitpur,DHENDAI T.E,-,Sonitpur,"Sonitpur, Assam",-,-,Organized Plantation,2414(RC-232),,
545,DHULAPADUNG T.E,Organized Estate,Central Assam,Sonitpur,DHULAPADUNG T.E,-,Sonitpur,"Sonitpur, Assam",-,-,Organized Plantation,Q-28,,
546,HOOGRAJULI,Organized Estate,Central Assam,Sonitpur,HOOGRAJULI,-,Sonitpur,"Sonitpur, Assam",-,-,Organized Plantation,2392,,
547,NILPUR,Organized Estate,Central Assam,Sonitpur,NILPUR,-,Sonitpur,"Sonitpur, Assam",-,-,Organized Plantation,2389,,
548,NAHORANI,Organized Estate,Central Assam,Sonitpur,Amalgamated Plantations Private Limited (Tata),-,Guwahati,"1st Floor, GS Road, Christian Basti, Guwahati, Assam 781005",-,-,Organized Plantation,A-41,,
549,NARAYANPUR,Organized Estate,Central Assam,Sonitpur,NARAYANPUR,-,Sonitpur,"Sonitpur, Assam",-,-,Organized Plantation,2522,NARAYANPUR,
550,MONMOHINIPUR,Organized Estate,Central Assam,Sonitpur,MONMOHINIPUR,-,Sonitpur,"Sonitpur, Assam",-,-,Organized Plantation,329,,
551,ADDABARIE N,Organized Estate,Central Assam,Sonitpur,McLeod Russel India Limited,-,Kolkata,"Four Mangoe Lane, Surendra Mohan Ghosh Sarani, Kolkata 700001",-,-,Organized Plantation,24,,
552,BARGANG T.E,Organized Estate,Central Assam,Sonitpur,BARGANG T.E,-,Sonitpur,"Sonitpur, Assam",-,-,Organized Plantation,D-4,BARGANG T.G.,
553,BAGHMARI TEA GARDEN,Organized Estate,Central Assam,Sonitpur,Baghbari Tea Company Private Limited,Mahendra Kumar Goenka,Sonitpur,Lunpuria Bangali Gaon / Panitola Assam,-,baghbariteaco@gmail.com,50.66 Ha,266(E-45),,
554,BAMGAON,Organized Estate,Central Assam,Sonitpur,BAMGAON,-,Sonitpur,"Sonitpur, Assam",-,-,Organized Plantation,C/52,,
555,BELSERI T.E,Organized Estate,Central Assam,Sonitpur,BELSERI T.E,-,Sonitpur,"Sonitpur, Assam",-,-,Organized Plantation,2481,,
556,BHOLAGURI T.E,Organized Estate,Central Assam,Sonitpur,BHOLAGURI T.E,-,Sonitpur,"Sonitpur, Assam",-,-,Organized Plantation,114,,
557,BORJULI T.E,Organized Estate,Central Assam,Sonitpur,BORJULI T.E,-,Sonitpur,"Sonitpur, Assam",-,-,Organized Plantation,Q-5,,
558,BORCHOLA T.E,Organized Estate,Central Assam,Sonitpur,BORCHOLA T.E,-,Sonitpur,"Sonitpur, Assam",-,-,Organized Plantation,273,,
559,BOROI T.E.,Organized Estate,Central Assam,Sonitpur,Goodricke Group Limited,-,Kolkata,"Camellia House, 14 Gurusaday Road, Kolkata 700019",-,-,Organized Plantation,D-15,,
560,BORMAH JAN,Organized Estate,Central Assam,Sonitpur,BORMAH JAN,-,Sonitpur,"Sonitpur, Assam",-,-,Organized Plantation,E-28 (D-28),,
561,CHARDWAR,Organized Estate,Central Assam,Sonitpur,CHARDWAR,-,Sonitpur,"Sonitpur, Assam",-,-,Organized Plantation,2439,,
562,DEKORAI T.E,Organized Estate,Central Assam,Sonitpur,DEKORAI T.E,-,Sonitpur,"Sonitpur, Assam",-,-,Organized Plantation,D-8,,
563,KOLONY T.E,Organized Estate,Central Assam,Sonitpur,KOLONY T.E,-,Sonitpur,"Sonitpur, Assam",-,-,Organized Plantation,2425,,
564,MANOBAG,Organized Estate,Central Assam,Sonitpur,MANOBAG,-,Sonitpur,"Sonitpur, Assam",-,-,Organized Plantation,37,,
565,TINKHARIA T.E,Organized Estate,Central Assam,Sonitpur,TINKHARIA T.E,-,Sonitpur,"Sonitpur, Assam",-,-,Organized Plantation,V-2,,
566,TEZPORE AND GOGRA T.E,Organized Estate,Central Assam,Sonitpur,TEZPORE AND GOGRA T.E,-,Sonitpur,"Sonitpur, Assam",-,-,Organized Plantation,N-6,,
567,SOGRA,Organized Estate,Central Assam,Sonitpur,SOGRA,-,Sonitpur,"Sonitpur, Assam",-,-,Organized Plantation,358,,
568,SONABHEEL,Organized Estate,Central Assam,Sonitpur,SONABHEEL,-,Sonitpur,"Sonitpur, Assam",-,-,Organized Plantation,C/40,,
569,SONAJULI,Organized Estate,Central Assam,Sonitpur,SONAJULI,-,Sonitpur,"Sonitpur, Assam",-,-,Organized Plantation,2449,,
570,TARAJULIE T.E. N,Organized Estate,Central Assam,Sonitpur,McLeod Russel India Limited,-,Kolkata,"Four Mangoe Lane, Surendra Mohan Ghosh Sarani, Kolkata 700001",-,-,Organized Plantation,23,,
571,TARA TEA ESTATE,Organized Estate,Upper Assam,Tinsukia,TARA TEA ESTATE,-,Tinsukia,"Tinsukia, Assam",-,-,Organized Plantation,H-29,,
572,TALUP TEA ESTATE J,Organized Estate,Upper Assam,Tinsukia,TALUP TEA ESTATE J,-,Tinsukia,"Tinsukia, Assam",-,-,Organized Plantation,3,,
573,SOOKERATING,Organized Estate,Upper Assam,Tinsukia,Sookerating Tea Estate Private Limited,Kanhaiya Agarwalla,Tinsukia,Doomdooma Assam 786151,-,contact@sookerating.com,189.28 Ha,2102,,
574,SREE KRISHNA ESTATE,Organized Estate,Upper Assam,Tinsukia,SREE KRISHNA ESTATE,-,Tinsukia,"Tinsukia, Assam",-,-,Organized Plantation,284,,
575,TIPAM,Organized Estate,Upper Assam,Tinsukia,TIPAM,-,Tinsukia,"Tinsukia, Assam",-,-,Organized Plantation,RC-730,,
576,TINGAMIRA,Organized Estate,Upper Assam,Tinsukia,TINGAMIRA,-,Tinsukia,"Tinsukia, Assam",-,-,Organized Plantation,2776,,
577,MARGHERITA T.E.,Organized Estate,Upper Assam,Tinsukia,MARGHERITA T.E.,-,Tinsukia,"Tinsukia, Assam",-,-,Organized Plantation,2603,,
578,MANOHARPUR TEA ESTATE,Organized Estate,Upper Assam,Tinsukia,MANOHARPUR TEA ESTATE,-,Tinsukia,"Tinsukia, Assam",-,-,Organized Plantation,1385,,
579,MAHAKALI TEA ESTATE,Organized Estate,Upper Assam,Tinsukia,McLeod Russel India Limited,-,Kolkata,"Four Mangoe Lane, Surendra Mohan Ghosh Sarani, Kolkata 700001",-,-,Organized Plantation,C-28,,
580,MALIRAMPUR,Organized Estate,Upper Assam,Tinsukia,MALIRAMPUR,-,Tinsukia,"Tinsukia, Assam",-,-,Organized Plantation,NA,,
581,MANGALAM,Organized Estate,Upper Assam,Tinsukia,MANGALAM,-,Tinsukia,"Tinsukia, Assam",-,-,Organized Plantation,2599,,
582,KOOMSONG,Organized Estate,Upper Assam,Tinsukia,KOOMSONG,-,Tinsukia,"Tinsukia, Assam",-,-,Organized Plantation,D-25,KOOMSONG T.E,
583,KONAPATHAR,Organized Estate,Upper Assam,Tinsukia,KONAPATHAR,-,Tinsukia,"Tinsukia, Assam",-,-,Organized Plantation,587,,
584,LANKASHI TEA ESTATE,Organized Estate,Upper Assam,Tinsukia,Lankashi Tea and Seed Estates Private Limited,Sandeep Boruah,Tinsukia,Makum Junction Tinsukia Assam 786170,-,lankashite@bsnl.in,182.64 Ha,2553,,
585,LIMBUGURI TEA ESTATE,Organized Estate,Upper Assam,Tinsukia,LIMBUGURI TEA ESTATE,-,Tinsukia,"Tinsukia, Assam",-,-,Organized Plantation,2535,,
586,LEDO T.E,Organized Estate,Upper Assam,Tinsukia,LEDO T.E,-,Tinsukia,"Tinsukia, Assam",-,-,Organized Plantation,B-79,,
587,KEYHUNG TEA ESTATE,Organized Estate,Upper Assam,Tinsukia,KEYHUNG TEA ESTATE,-,Tinsukia,"Tinsukia, Assam",-,-,Organized Plantation,D-61,,
588,KESAGURI,Organized Estate,Upper Assam,Tinsukia,Ghanashyam Lahoti proprietorship,Ghanashyam Lahoti,Tinsukia,Doomdooma / Tinsukia Assam,-,-,59.48 Ha,2691,,
589,KHETOJAN,Organized Estate,Upper Assam,Tinsukia,KHETOJAN,-,Tinsukia,"Tinsukia, Assam",-,-,Organized Plantation,RC-267,,
590,KHOBONG TEA ESTATE,Organized Estate,Upper Assam,Tinsukia,KHOBONG TEA ESTATE,-,Tinsukia,"Tinsukia, Assam",-,-,Organized Plantation,J-7,,
591,KHATANGPANI,Organized Estate,Upper Assam,Tinsukia,J.N. Sarma and other HUF legal heirs,Priyanka Bhattacharjee,Tinsukia,Buridihing Khatangpani P.O. Pengaree Tinsukia Assam 786176,-,-,195.65 Ha,283,,
592,KISSNESS,Organized Estate,Upper Assam,Tinsukia,KISSNESS,-,Tinsukia,"Tinsukia, Assam",-,-,Organized Plantation,2636,,
593,DEOHALL TEA ESTATE,Organized Estate,Upper Assam,Tinsukia,Warren Tea Limited,-,Kolkata,"Suvira House, 4B Hungerford Street, Kolkata 700017",-,-,Organized Plantation,H-5,,
594,DEHING TEA ESTATE,Organized Estate,Upper Assam,Tinsukia,Goodricke Group Limited,-,Kolkata,"Camellia House, 14 Gurusaday Road, Kolkata 700019",-,-,Organized Plantation,2604,,
595,DEAMOOLIE TEA ESTATE,Organized Estate,Upper Assam,Tinsukia,DEAMOOLIE TEA ESTATE,-,Tinsukia,"Tinsukia, Assam",-,-,Organized Plantation,H-3,,
596,DHANUKA TEA ESTATE,Organized Estate,Upper Assam,Tinsukia,DHANUKA TEA ESTATE,-,Tinsukia,"Tinsukia, Assam",-,-,Organized Plantation,Not Available,,
597,DHONJAN TEA ESTATE,Organized Estate,Upper Assam,Tinsukia,DHONJAN TEA ESTATE,-,Tinsukia,"Tinsukia, Assam",-,-,Organized Plantation,2761,,
598,DHELAKHAT TEA ESTATE,Organized Estate,Upper Assam,Tinsukia,DHELAKHAT TEA ESTATE,-,Tinsukia,"Tinsukia, Assam",-,-,Organized Plantation,H-33,,
599,DHOEDAAM TEA ESTATE,Organized Estate,Upper Assam,Tinsukia,Warren Tea Limited,-,Kolkata,"Suvira House, 4B Hungerford Street, Kolkata 700017",-,-,Organized Plantation,H-24,,
600,DHOLLA TEA ESTATE,Organized Estate,Upper Assam,Tinsukia,DHOLLA TEA ESTATE,-,Tinsukia,"Tinsukia, Assam",-,-,Organized Plantation,2246,,
601,CATO TEA & SEED,Organized Estate,Upper Assam,Tinsukia,CATO TEA & SEED,-,Tinsukia,"Tinsukia, Assam",-,-,Organized Plantation,2566,,
602,DAIMUKHIA TEA ESTATE,Organized Estate,Upper Assam,Tinsukia,DAIMUKHIA TEA ESTATE,-,Tinsukia,"Tinsukia, Assam",-,-,Organized Plantation,2488,,
603,CHOTA TINGRAI TEA ESTATE,Organized Estate,Upper Assam,Tinsukia,CHOTA TINGRAI TEA ESTATE,-,Tinsukia,"Tinsukia, Assam",-,-,Organized Plantation,936,,
604,CHARALI TEA & TEA SEED ESTATE,Organized Estate,Upper Assam,Tinsukia,CHARALI TEA & TEA SEED ESTATE,-,Tinsukia,"Tinsukia, Assam",-,-,Organized Plantation,415,,
605,CHANDMARI TEA ESTATE,Organized Estate,Upper Assam,Tinsukia,Chandmari Tea Co Pvt Ltd,Dindayal Verma,Tinsukia,Borguri Assam 786126,-,aakashassociates22@gmail.com,184.62 Ha,2319,,
606,CHOKHANI TEA & TEA SEED,Organized Estate,Upper Assam,Tinsukia,CHOKHANI TEA & TEA SEED,-,Tinsukia,"Tinsukia, Assam",-,-,Organized Plantation,2537,,
607,BRAHMAJAN TEA ESTATE,Organized Estate,Upper Assam,Tinsukia,BRAHMAJAN TEA ESTATE,-,Tinsukia,"Tinsukia, Assam",-,-,Organized Plantation,2878,,
608,BUDLABETA TEA ESTATE J,Organized Estate,Upper Assam,Tinsukia,BUDLABETA TEA ESTATE J,-,Tinsukia,"Tinsukia, Assam",-,-,Organized Plantation,12,,
609,BORBHETA TEA ESTATE,Organized Estate,Upper Assam,Tinsukia,BORBHETA TEA ESTATE,-,Tinsukia,"Tinsukia, Assam",-,-,Organized Plantation,2435,,
610,BORDUBI TEA ESTATE D,Organized Estate,Upper Assam,Tinsukia,BORDUBI TEA ESTATE D,-,Tinsukia,"Tinsukia, Assam",-,-,Organized Plantation,10,,
611,BOGAPANI TEA ESTATE,Organized Estate,Upper Assam,Tinsukia,BOGAPANI TEA ESTATE,-,Tinsukia,"Tinsukia, Assam",-,-,Organized Plantation,2607,,
612,BHERJAN TEA ESTATE,Organized Estate,Upper Assam,Tinsukia,BHERJAN TEA ESTATE,-,Tinsukia,"Tinsukia, Assam",-,-,Organized Plantation,269,,
613,BEESAKOPIE TEA ESTATE,Organized Estate,Upper Assam,Tinsukia,BEESAKOPIE TEA ESTATE,-,Tinsukia,"Tinsukia, Assam",-,-,Organized Plantation,2485,BEESAKOPIE,
614,BAZALONI TEA ESTATE,Organized Estate,Upper Assam,Tinsukia,BAZALONI TEA ESTATE,-,Tinsukia,"Tinsukia, Assam",-,-,Organized Plantation,C-45,,
615,BAHADUR TEA ESTATE,Organized Estate,Upper Assam,Tinsukia,Dhunseri Tea & Industries Limited,-,Kolkata,"Dhunseri House, 4A Woodburn Park, Kolkata 700020",-,-,Organized Plantation,272,,
616,BAGHBARI TEA ESTATE,Organized Estate,Upper Assam,Tinsukia,Baghbari Tea Company Private Limited,Mahendra Kumar Goenka,Tinsukia,Lunpuria Bangali Gaon / Panitola Assam,-,baghbariteaco@gmail.com,50.66 Ha,Not Available,,
617,BAGHJAN TEA ESTATE G,Organized Estate,Upper Assam,Tinsukia,BAGHJAN TEA ESTATE G,-,Tinsukia,"Tinsukia, Assam",-,-,Organized Plantation,30,,
618,BAJRANGPUR,Organized Estate,Upper Assam,Tinsukia,BAJRANGPUR,-,Tinsukia,"Tinsukia, Assam",-,-,Organized Plantation,2749,,
619,ALAKANANDA TEA ESTATE,Organized Estate,Upper Assam,Tinsukia,ALAKANANDA TEA ESTATE,-,Tinsukia,"Tinsukia, Assam",-,-,Organized Plantation,2696-2697,,
620,AMBIKA TEA ESTATE,Organized Estate,Upper Assam,Tinsukia,AMBIKA TEA ESTATE,-,Tinsukia,"Tinsukia, Assam",-,-,Organized Plantation,2563,,
621,ANANDABAG TEA ESTATE,Organized Estate,Upper Assam,Tinsukia,The Ananda Bag Tea Company Limited,-,Tinsukia,Makum Junction Assam 786170,-,-,Official 2024 pollution-consent results support current tea processing; CRISIL reports a four-estate group covering about 281 ha; individual estate area and workforce unknown,211,,
622,ANANDAPOOR TEA ESTATE,Organized Estate,Upper Assam,Tinsukia,ANANDAPOOR TEA ESTATE,-,Tinsukia,"Tinsukia, Assam",-,-,Organized Plantation,2731,,
623,NAMDANG,Organized Estate,Upper Assam,Tinsukia,NAMDANG,-,Tinsukia,"Tinsukia, Assam",-,-,Organized Plantation,2606,,
624,NILIMA,Organized Estate,Upper Assam,Tinsukia,NILIMA,-,Tinsukia,"Tinsukia, Assam",-,-,Organized Plantation,960,,
625,HOLLONGHABI TEA ESTATE,Organized Estate,Upper Assam,Tinsukia,HOLLONGHABI TEA ESTATE,-,Tinsukia,"Tinsukia, Assam",-,-,Organized Plantation,315,,
626,HOKONGURI TEA ESTATE,Organized Estate,Upper Assam,Tinsukia,HOKONGURI TEA ESTATE,-,Tinsukia,"Tinsukia, Assam",-,-,Organized Plantation,J-5,HOKONGURI,
627,HILIKA TEA ESTATE J,Organized Estate,Upper Assam,Tinsukia,Apeejay Tea Limited (Assam Frontier),-,Kolkata,"Apeejay House, 15 Park Street, Kolkata 700016",-,-,Organized Plantation,4,,
628,ITAKHOOLI TEA ESTATE D,Organized Estate,Upper Assam,Tinsukia,ITAKHOOLI TEA ESTATE D,-,Tinsukia,"Tinsukia, Assam",-,-,Organized Plantation,23,,
629,PADUMANI TEA ESTATE,Organized Estate,Upper Assam,Tinsukia,Balabux Laxmi Narayan partnership - current group fit unresolved,Vivek Agarwal,Tinsukia,Rungagora Road Tinsukia Assam 786125,-,padumani@padumanigroup.com,51.70 Ha,1437,,
630,JALPUNIA TEA ESTATE,Organized Estate,Upper Assam,Tinsukia,JALPUNIA TEA ESTATE,-,Tinsukia,"Tinsukia, Assam",-,-,Organized Plantation,392,,
631,DIROK TEA ESTATE,Organized Estate,Upper Assam,Tinsukia,DIROK TEA ESTATE,-,Tinsukia,"Tinsukia, Assam",-,-,Organized Plantation,2605,,
632,DIGULTURRUNG TEA ESTATE,Organized Estate,Upper Assam,Tinsukia,Assam Company India Limited (BRS Group),-,Guwahati,"Greenwood Tea Estate, Dibrugarh / GS Road Guwahati",-,-,Organized Plantation,G-25,,
633,DINJAN TEA ESTATE,Organized Estate,Upper Assam,Tinsukia,Assam Company India Limited (BRS Group),-,Guwahati,"Greenwood Tea Estate, Dibrugarh / GS Road Guwahati",-,-,Organized Plantation,G-27,,
634,DUAMARA TEA ESTATE,Organized Estate,Upper Assam,Tinsukia,Warren Tea Limited,-,Kolkata,"Suvira House, 4B Hungerford Street, Kolkata 700017",-,-,Organized Plantation,H-77,DUAMARA,
635,GANGABARI TEA ESTATE,Organized Estate,Upper Assam,Tinsukia,Gangabari Tea Company Private Limited,Paresh Patwari,Tinsukia,Chotahapjan Assam,-,gangabari@yahoo.com,124.94 Ha,418,,
636,HATIMARA TEA ESTATE,Organized Estate,Upper Assam,Tinsukia,Warren Tea Limited,-,Kolkata,"Suvira House, 4B Hungerford Street, Kolkata 700017",-,-,Organized Plantation,H-78,,
637,HAPJAN TEA ESTATE J,Organized Estate,Upper Assam,Tinsukia,Dhunseri Tea & Industries Limited,-,Kolkata,"Dhunseri House, 4A Woodburn Park, Kolkata 700020",-,-,Organized Plantation,9,,
638,HANUMAN TEA ESTATE,Organized Estate,Upper Assam,Tinsukia,HANUMAN TEA ESTATE,-,Tinsukia,"Tinsukia, Assam",-,-,Organized Plantation,2745,,
639,GOHAIN TEA ESTATE,Organized Estate,Upper Assam,Tinsukia,GOHAIN TEA ESTATE,-,Tinsukia,"Tinsukia, Assam",-,-,Organized Plantation,535,,
640,GILLAPUKRI,Organized Estate,Upper Assam,Tinsukia,Gillapukri Tea Company Limited,-,Tinsukia,Borguri Assam 786126,-,-,258.25 Ha,622,,
641,VISHNU TEA ESTATE,Organized Estate,Upper Assam,Tinsukia,VISHNU TEA ESTATE,-,Tinsukia,"Tinsukia, Assam",-,-,Organized Plantation,2869,,
642,TONGANAGAON T.E,Organized Estate,Upper Assam,Tinsukia,TONGANAGAON T.E,-,Tinsukia,"Tinsukia, Assam",-,-,Organized Plantation,1932,,
643,TIPPUK,Organized Estate,Upper Assam,Tinsukia,TIPPUK,-,Tinsukia,"Tinsukia, Assam",-,-,Organized Plantation,2602,,
644,SEWPUR TEA ESTATE,Organized Estate,Upper Assam,Tinsukia,SEWPUR TEA ESTATE,-,Tinsukia,"Tinsukia, Assam",-,-,Organized Plantation,109,,
645,SEWALI,Organized Estate,Upper Assam,Tinsukia,SEWALI,-,Tinsukia,"Tinsukia, Assam",-,-,Organized Plantation,2724,,
646,SEGUNBARI TEA ESTATE,Organized Estate,Upper Assam,Tinsukia,Segunbari Tea Company Limited,-,Tinsukia,Margherita Assam,-,-,Organized Plantation,113,,
647,SAVITRI TEA ESTATE,Organized Estate,Upper Assam,Tinsukia,SAVITRI TEA ESTATE,-,Tinsukia,"Tinsukia, Assam",-,-,Organized Plantation,2506,,
648,SANKAR TEA ESTATE,Organized Estate,Upper Assam,Tinsukia,Sankar Tea Company Private Limited,Ashok Kumar Lohia,Tinsukia,Saikhowaghat / Dholla Assam 786154,-,sankarte@chamong.com,141.71 Ha,133,,
649,SAMDANG TEA ESTATE,Organized Estate,Upper Assam,Tinsukia,SAMDANG TEA ESTATE,-,Tinsukia,"Tinsukia, Assam",-,-,Organized Plantation,2486,SAMDANG(orthodox),
650,SAPORTOLI TEA ESTATE,Organized Estate,Upper Assam,Tinsukia,SAPORTOLI TEA ESTATE,-,Tinsukia,"Tinsukia, Assam",-,-,Organized Plantation,2708(NC),,
651,SADASIVA TEA ESTATE,Organized Estate,Upper Assam,Tinsukia,Sadasiva Tea Company Private Limited,Mitali Chakravarty,Tinsukia,Tinsukia Assam,-,ssdibrugarhho@gmail.com,120.88 Ha,1816,,
652,FATHEPUR TEA COMPANY,Organized Estate,Upper Assam,Tinsukia,FATHEPUR TEA COMPANY,-,Tinsukia,"Tinsukia, Assam",-,-,Organized Plantation,3897,,
653,PHILLOBARI D,Organized Estate,Upper Assam,Tinsukia,PHILLOBARI D,-,Tinsukia,"Tinsukia, Assam",-,-,Organized Plantation,74,,
654,PENGAREE J,Organized Estate,Upper Assam,Tinsukia,Apeejay Tea Limited (Assam Frontier),-,Kolkata,"Apeejay House, 15 Park Street, Kolkata 700016",-,-,Organized Plantation,16,,
655,PATKAI,Organized Estate,Upper Assam,Tinsukia,PATKAI,-,Tinsukia,"Tinsukia, Assam",-,-,Organized Plantation,2890/ASTIMAP 881,,
656,RAIDANG TEA ESTATE,Organized Estate,Upper Assam,Tinsukia,RAIDANG TEA ESTATE,-,Tinsukia,"Tinsukia, Assam",-,-,Organized Plantation,2487,RAIDANG T.E.,
657,PARSURAM (SOUTH) TEA ESTATE,Organized Estate,Upper Assam,Tinsukia,PARSURAM (SOUTH) TEA ESTATE,-,Tinsukia,"Tinsukia, Assam",-,-,Organized Plantation,Not Available,,
658,PARSURAM (NORTH) TEA ESTATE,Organized Estate,Upper Assam,Tinsukia,PARSURAM (NORTH) TEA ESTATE,-,Tinsukia,"Tinsukia, Assam",-,-,Organized Plantation,2247,,
659,PADUMANI,Organized Estate,Upper Assam,Tinsukia,Balabux Laxmi Narayan partnership - current group fit unresolved,Vivek Agarwal,Tinsukia,Rungagora Road Tinsukia Assam 786125,-,padumani@padumanigroup.com,51.70 Ha,380,,
660,RUPAI TEA ESTATE,Organized Estate,Upper Assam,Tinsukia,Warren Tea Limited,-,Kolkata,"Suvira House, 4B Hungerford Street, Kolkata 700017",-,-,Organized Plantation,H-27,,
661,RUNGAGORA,Organized Estate,Upper Assam,Tinsukia,Assam Company India Limited (BRS Group),-,Guwahati,"Greenwood Tea Estate, Dibrugarh / GS Road Guwahati",-,-,Organized Plantation,G- 29,,
662,PRABHAT TEA ESTATE,Organized Estate,Upper Assam,Tinsukia,Prabhat Tea Estate Assam Private Limited,Prabhudayal Beriwal,Tinsukia,Rupai Siding Doomdooma Assam 786153,-,prabhatte2015@gmail.com,115.85 Ha,553,,
663,POWAI A,Organized Estate,Upper Assam,Tinsukia,POWAI A,-,Tinsukia,"Tinsukia, Assam",-,-,Organized Plantation,11,,
664,PANEERY T.E.,Organized Estate,Lower Assam,Udalguri,McLeod Russel India Limited,-,Kolkata,"Four Mangoe Lane, Surendra Mohan Ghosh Sarani, Kolkata 700001",-,-,Organized Plantation,D/3,,
665,ORANGAJULI,Organized Estate,Lower Assam,Udalguri,Goodricke Group Limited,-,Kolkata,"Camellia House, 14 Gurusaday Road, Kolkata 700019",-,-,Organized Plantation,B/74,ORANGAJULI,
666,ORANG,Organized Estate,Lower Assam,Udalguri,ORANG,-,Udalguri,"Udalguri, Assam",-,-,Organized Plantation,J-23,"ORANG CLONAL, ORANGBARI",
667,SINGRIMARI TEA ESTATE,Organized Estate,Lower Assam,Udalguri,Goodricke Group Limited,-,Kolkata,"Camellia House, 14 Gurusaday Road, Kolkata 700019",-,-,Organized Plantation,196,,
668,HATTIGOR,Organized Estate,Lower Assam,Udalguri,Amalgamated Plantations Private Limited (Tata),-,Guwahati,"1st Floor, GS Road, Christian Basti, Guwahati, Assam 781005",-,-,Organized Plantation,A-9,"HATTIGOR, KALSI, HARISINGHA",
669,DIMAKUSI,Organized Estate,Lower Assam,Udalguri,DIMAKUSI,-,Udalguri,"Udalguri, Assam",-,-,Organized Plantation,D-18,,
670,"ABG CHA UDYOGABG CHA UDYOG, JOYA TEA ESTATE",Bought Leaf Factory (BLF),Upper Assam,Dibrugarh,"ABG CHA UDYOGABG CHA UDYOG, JOYA TEA ESTATE",-,Dibrugarh,"Dibrugarh, Assam",-,-,BLF Processing,JOYA,JOYA,
671,BUDLABETA TEA ESTATE FACTORY & STG,Bought Leaf Factory (BLF),Upper Assam,Dibrugarh,BUDLABETA TEA ESTATE FACTORY & STG,-,Dibrugarh,"Dibrugarh, Assam",-,-,BLF Processing,Trustea Certified,,
672,BUDLAPARA TEA ESTATE FACTORY & STG,Bought Leaf Factory (BLF),Upper Assam,Dibrugarh,BUDLAPARA TEA ESTATE FACTORY & STG,-,Dibrugarh,"Dibrugarh, Assam",-,-,BLF Processing,"BUDLAPARA-C,BUDLAPARA -DC","BUDLAPARA-C,BUDLAPARA -DC",
673,DHUNSERI TEA & INDUSTRIES LTD. HAPJAN TEA ESTATE,Bought Leaf Factory (BLF),Upper Assam,Dibrugarh,DHUNSERI TEA & INDUSTRIES LTD. HAPJAN TEA ESTATE,-,Dibrugarh,"Dibrugarh, Assam",-,-,BLF Processing,HAPJAN,HAPJAN,
674,MUTTRAPORE TEA ESTATE FACTORY,Bought Leaf Factory (BLF),Upper Assam,Dibrugarh,MUTTRAPORE TEA ESTATE FACTORY,-,Dibrugarh,"Dibrugarh, Assam",-,-,BLF Processing,MUTTRAPORE,MUTTRAPORE,
675,PENGAREE TEA ESTATE FACTORY,Bought Leaf Factory (BLF),Upper Assam,Dibrugarh,PENGAREE TEA ESTATE FACTORY,-,Dibrugarh,"Dibrugarh, Assam",-,-,BLF Processing,"PENGAREE OR, PENGAREE CTC","PENGAREE OR, PENGAREE CTC",
676,TALUP TEA ESTATE FACTORY,Bought Leaf Factory (BLF),Upper Assam,Dibrugarh,TALUP TEA ESTATE FACTORY,-,Dibrugarh,"Dibrugarh, Assam",-,-,BLF Processing,Trustea Certified,,
677,BARUAH TEA FACTORY,Bought Leaf Factory (BLF),Upper Assam,Dibrugarh,BARUAH TEA FACTORY,-,Dibrugarh,"Dibrugarh, Assam",-,-,BLF Processing,Trustea Certified,,
678,BORSILLAH TEA ESTATE FACTORY II,Bought Leaf Factory (BLF),Upper Assam,Dibrugarh,BORSILLAH TEA ESTATE FACTORY II,-,Dibrugarh,"Dibrugarh, Assam",-,-,BLF Processing,Trustea Certified,,
679,BALAJI TEA INDUSTRIESBALAJI TEA INDUSTRIES,Bought Leaf Factory (BLF),Upper Assam,Dibrugarh,BALAJI TEA INDUSTRIESBALAJI TEA INDUSTRIES,-,Dibrugarh,"Dibrugarh, Assam",-,-,BLF Processing,BALAJI,BALAJI,
680,BCS AGRO & MERCANTILEKOLONG TEA FACTORY & STGs,Bought Leaf Factory (BLF),Upper Assam,Dibrugarh,BCS AGRO & MERCANTILEKOLONG TEA FACTORY & STGs,-,Dibrugarh,"Dibrugarh, Assam",-,-,BLF Processing,KOLONG,KOLONG,
681,BHAWANIPUR TEA CO. PVT LTD BHAWANIPUR TEA FACTORY & STG,Bought Leaf Factory (BLF),Upper Assam,Dibrugarh,BHAWANIPUR TEA CO. PVT LTD BHAWANIPUR TEA FACTORY & STG,-,Dibrugarh,"Dibrugarh, Assam",-,-,BLF Processing,BHAWANIPUR,BHAWANIPUR,
682,BHERGAON TEA INDUSTRIES P. LTD BHERGAON TE,Bought Leaf Factory (BLF),Upper Assam,Dibrugarh,BHERGAON TEA INDUSTRIES P. LTD BHERGAON TE,-,Dibrugarh,"Dibrugarh, Assam",-,-,BLF Processing,BHERGAON,BHERGAON,
683,BL TEA INDUSTRIESBLTI FACTORY & STG,Bought Leaf Factory (BLF),Upper Assam,Dibrugarh,BL TEA INDUSTRIESBLTI FACTORY & STG,-,Dibrugarh,"Dibrugarh, Assam",-,-,BLF Processing,SILJURI,SILJURI,
684,BORPATHER TEA CO. LLPBORPATHAR TEA FACTORY & STG,Bought Leaf Factory (BLF),Upper Assam,Dibrugarh,BORPATHER TEA CO. LLPBORPATHAR TEA FACTORY & STG,-,Dibrugarh,"Dibrugarh, Assam",-,-,BLF Processing,CLASSIC BORPATHAR,CLASSIC BORPATHAR,
685,CHANDPUR TEA PLANTERS & INDUSTRIES - SHG,Bought Leaf Factory (BLF),Upper Assam,Dibrugarh,CHANDPUR TEA PLANTERS & INDUSTRIES - SHG,-,Dibrugarh,"Dibrugarh, Assam",-,-,BLF Processing,CHETAK TEA,CHETAK TEA,
686,FACTORY ( A UNIT OF GOPAL BHOROLI TEA CO PVT. LTD) GOPAL BHOROLI TEA CO PVT LTD,Bought Leaf Factory (BLF),Upper Assam,Dibrugarh,FACTORY ( A UNIT OF GOPAL BHOROLI TEA CO PVT. LTD) GOPAL BHOROLI TEA CO PVT LTD,-,Dibrugarh,"Dibrugarh, Assam",-,-,BLF Processing,Trustea Certified,,
687,"CORNHILL TEA PVT LTDCORNHILL TEA ESTATE, FACTORY &",Bought Leaf Factory (BLF),Upper Assam,Dibrugarh,"CORNHILL TEA PVT LTDCORNHILL TEA ESTATE, FACTORY &",-,Dibrugarh,"Dibrugarh, Assam",-,-,BLF Processing,SAPORTOLI,SAPORTOLI,
688,DARSHANLAL ANAND PRAKASH & SONS PVT LTD KHONGEA TEA FACTORY,Bought Leaf Factory (BLF),Upper Assam,Dibrugarh,DARSHANLAL ANAND PRAKASH & SONS PVT LTD KHONGEA TEA FACTORY,-,Dibrugarh,"Dibrugarh, Assam",-,-,BLF Processing,"KHONGEA, KHONGEA CLONAL","KHONGEA, KHONGEA CLONAL",
689,DHANSHREE TEA INDUSTRIESDHANSHREE TEA INDUSTRIES,Bought Leaf Factory (BLF),Upper Assam,Dibrugarh,DHANSHREE TEA INDUSTRIESDHANSHREE TEA INDUSTRIES,-,Dibrugarh,"Dibrugarh, Assam",-,-,BLF Processing,ASSAM VALLEY,ASSAM VALLEY,
690,DHANSRI TEA INDUSTRIESDHANSRI TEA FACTORY & STGS,Bought Leaf Factory (BLF),Upper Assam,Dibrugarh,DHANSRI TEA INDUSTRIESDHANSRI TEA FACTORY & STGS,-,Dibrugarh,"Dibrugarh, Assam",-,-,BLF Processing,Trustea Certified,,
691,HATIBARI TEA FACTORY,Bought Leaf Factory (BLF),Upper Assam,Dibrugarh,HATIBARI TEA FACTORY,-,Dibrugarh,"Dibrugarh, Assam",-,-,BLF Processing,HATIPOOKRI,HATIPOOKRI,
692,DOYAPORE TEA & INDUSTRIES PVT LTD DOYAPORE TEA ESTATE,Bought Leaf Factory (BLF),Upper Assam,Dibrugarh,DOYAPORE TEA & INDUSTRIES PVT LTD DOYAPORE TEA ESTATE,-,Dibrugarh,"Dibrugarh, Assam",-,-,BLF Processing,DOYAPORE,DOYAPORE,
693,GORUNGA TEA FACTORY & STG,Bought Leaf Factory (BLF),Upper Assam,Dibrugarh,GORUNGA TEA FACTORY & STG,-,Dibrugarh,"Dibrugarh, Assam",-,-,BLF Processing,GORUNGA (KOTHARI PREMIUM),GORUNGA (KOTHARI PREMIUM),
694,NONAIPARA TEA FACTORY & STG,Bought Leaf Factory (BLF),Upper Assam,Dibrugarh,NONAIPARA TEA FACTORY & STG,-,Dibrugarh,"Dibrugarh, Assam",-,-,BLF Processing,TUSKER VALLEY,TUSKER VALLEY,
695,NONAIPARA TEA FACTORY,Bought Leaf Factory (BLF),Upper Assam,Dibrugarh,NONAIPARA TEA FACTORY,-,Dibrugarh,"Dibrugarh, Assam",-,-,BLF Processing,NONAIPARA,NONAIPARA,
696,GOROMPANI AGRO TEA FACTORY & STGS,Bought Leaf Factory (BLF),Upper Assam,Dibrugarh,GOROMPANI AGRO TEA FACTORY & STGS,-,Dibrugarh,"Dibrugarh, Assam",-,-,BLF Processing,Trustea Certified,,
697,J J TEA PVT LTDSRI DANGARIA TEA FACTORY & STG,Bought Leaf Factory (BLF),Upper Assam,Dibrugarh,J J TEA PVT LTDSRI DANGARIA TEA FACTORY & STG,-,Dibrugarh,"Dibrugarh, Assam",-,-,BLF Processing,DANGARIA TEA,DANGARIA TEA,
698,KANCO TEA AND INDUSTRIES LTD BAMONPOOKRIE TEA ESTATE,Bought Leaf Factory (BLF),Upper Assam,Dibrugarh,KANCO TEA AND INDUSTRIES LTD BAMONPOOKRIE TEA ESTATE,-,Dibrugarh,"Dibrugarh, Assam",-,-,BLF Processing,BAMONPOOKRIE,BAMONPOOKRIE,
699,JORBAGH TEA FACTORY & LINGRIPOOKRIE TEA ESTATE,Bought Leaf Factory (BLF),Upper Assam,Dibrugarh,JORBAGH TEA FACTORY & LINGRIPOOKRIE TEA ESTATE,-,Dibrugarh,"Dibrugarh, Assam",-,-,BLF Processing,LIGRIPOOKRIE TEA,LIGRIPOOKRIE TEA,
700,KESHAN TEA INDUSTRIESKESHAN TEA FACTORY & STGS,Bought Leaf Factory (BLF),Upper Assam,Dibrugarh,KESHAN TEA INDUSTRIESKESHAN TEA FACTORY & STGS,-,Dibrugarh,"Dibrugarh, Assam",-,-,BLF Processing,"TARINIBARI, PURVANYA","TARINIBARI, PURVANYA",
701,LAKHESHWARI TEA INDUSTRIES LAKHESHWARI TEA FACTORY & STGS,Bought Leaf Factory (BLF),Upper Assam,Dibrugarh,LAKHESHWARI TEA INDUSTRIES LAKHESHWARI TEA FACTORY & STGS,-,Dibrugarh,"Dibrugarh, Assam",-,-,BLF Processing,"KALIBARI, JAZZY","KALIBARI, JAZZY",
702,LALBAGAN TEA LLPSIRAJULI TEA FACTORY & STGs,Bought Leaf Factory (BLF),Upper Assam,Dibrugarh,LALBAGAN TEA LLPSIRAJULI TEA FACTORY & STGs,-,Dibrugarh,"Dibrugarh, Assam",-,-,BLF Processing,LALBAGAN,LALBAGAN,
703,LAOJAN TEA CO. PVT. LTD. LAOJAN TEA FACTORY & STGs,Bought Leaf Factory (BLF),Upper Assam,Dibrugarh,LAOJAN TEA CO. PVT. LTD. LAOJAN TEA FACTORY & STGs,-,Dibrugarh,"Dibrugarh, Assam",-,-,BLF Processing,LAOJAN,LAOJAN,
704,LAXMI TEA INDUSTRIESLAXMI TEA FACTORY & STG,Bought Leaf Factory (BLF),Upper Assam,Dibrugarh,LAXMI TEA INDUSTRIESLAXMI TEA FACTORY & STG,-,Dibrugarh,"Dibrugarh, Assam",-,-,BLF Processing,"BORGURI, BORGURI ROYAL","BORGURI, BORGURI ROYAL",
705,SHYAMAGURI TEA ESTATE & FACTORY,Bought Leaf Factory (BLF),Upper Assam,Dibrugarh,SHYAMAGURI TEA ESTATE & FACTORY,-,Dibrugarh,"Dibrugarh, Assam",-,-,BLF Processing,SHYAMAGURI,SHYAMAGURI,
706,M/S ATCO TEA CO. PVT. LTDATCO TEA FACTORY & STG,Bought Leaf Factory (BLF),Upper Assam,Dibrugarh,M/S ATCO TEA CO. PVT. LTDATCO TEA FACTORY & STG,-,Dibrugarh,"Dibrugarh, Assam",-,-,BLF Processing,LACHITNAGAR,LACHITNAGAR,
707,M/S MANGLA TEA FACTORYM/S MANGLA TEA FACTORY,Bought Leaf Factory (BLF),Upper Assam,Dibrugarh,M/S MANGLA TEA FACTORYM/S MANGLA TEA FACTORY,-,Dibrugarh,"Dibrugarh, Assam",-,-,BLF Processing,SINGIMARI,SINGIMARI,
708,MADHHUPUR TEA ESTATE FACTORY & STG,Bought Leaf Factory (BLF),Upper Assam,Dibrugarh,MADHHUPUR TEA ESTATE FACTORY & STG,-,Dibrugarh,"Dibrugarh, Assam",-,-,BLF Processing,"MADHUPUR,MADHUPUR-BL","MADHUPUR,MADHUPUR-BL",
709,MANDHANIA TEA & INDUSTRIES MANDHANIA TEA & INDUSTRIES- SHG,Bought Leaf Factory (BLF),Upper Assam,Dibrugarh,MANDHANIA TEA & INDUSTRIES MANDHANIA TEA & INDUSTRIES- SHG,-,Dibrugarh,"Dibrugarh, Assam",-,-,BLF Processing,Trustea Certified,,
710,MODI TEA & INDUSTRIES PVT. LTD MODI TEA & INDUSTRIES PVT. LTD,Bought Leaf Factory (BLF),Upper Assam,Dibrugarh,MODI TEA & INDUSTRIES PVT. LTD MODI TEA & INDUSTRIES PVT. LTD,-,Dibrugarh,"Dibrugarh, Assam",-,-,BLF Processing,"MODI TEA , MODI TEA CLONAL","MODI TEA , MODI TEA CLONAL",
711,MURARI TEA INDUSTRIES-FACTORY & SHG,Bought Leaf Factory (BLF),Upper Assam,Dibrugarh,MURARI TEA INDUSTRIES-FACTORY & SHG,-,Dibrugarh,"Dibrugarh, Assam",-,-,BLF Processing,SHIVKALYANI,SHIVKALYANI,
712,NEFAA TEA INDUSTRIESNEFAA TEA INDUSTRIES & STG,Bought Leaf Factory (BLF),Upper Assam,Dibrugarh,NEFAA TEA INDUSTRIESNEFAA TEA INDUSTRIES & STG,-,Dibrugarh,"Dibrugarh, Assam",-,-,BLF Processing,"NEFAA, ARYA,ARYAN, CAMBRIC","NEFAA, ARYA,ARYAN, CAMBRIC",
713,RAJAJULI FACTORY & STG,Bought Leaf Factory (BLF),Upper Assam,Dibrugarh,RAJAJULI FACTORY & STG,-,Dibrugarh,"Dibrugarh, Assam",-,-,BLF Processing,RAJAJULI,RAJAJULI,
714,PRABHUNI TEA COMPANYPRABHUNI TEA FACTORY,Bought Leaf Factory (BLF),Upper Assam,Dibrugarh,PRABHUNI TEA COMPANYPRABHUNI TEA FACTORY,-,Dibrugarh,"Dibrugarh, Assam",-,-,BLF Processing,"KAMARBUND, BORSAIKOTA","KAMARBUND, BORSAIKOTA",
715,RAMESHWARA TEA PROCESSING UNIT RAMESHWARA TEA FACTORY & STG,Bought Leaf Factory (BLF),Upper Assam,Dibrugarh,RAMESHWARA TEA PROCESSING UNIT RAMESHWARA TEA FACTORY & STG,-,Dibrugarh,"Dibrugarh, Assam",-,-,BLF Processing,SUBANSIRI,SUBANSIRI,
716,RAMJULI TEA COMPANYRAMJULI TEA FACTORY,Bought Leaf Factory (BLF),Upper Assam,Dibrugarh,RAMJULI TEA COMPANYRAMJULI TEA FACTORY,-,Dibrugarh,"Dibrugarh, Assam",-,-,BLF Processing,"GOROIMARI, RAMJULI","GOROIMARI, RAMJULI",
717,ROYAL TEA COMPANYPARVATI TEA FACTORY & STG,Bought Leaf Factory (BLF),Upper Assam,Dibrugarh,ROYAL TEA COMPANYPARVATI TEA FACTORY & STG,-,Dibrugarh,"Dibrugarh, Assam",-,-,BLF Processing,"JODHABARI, JODHABARI ESTATE","JODHABARI, JODHABARI ESTATE",
718,SAMPRIKIMI TEA INDUSTRIESSAMPRIKIMI TEA INDUSTRIES,Bought Leaf Factory (BLF),Upper Assam,Dibrugarh,SAMPRIKIMI TEA INDUSTRIESSAMPRIKIMI TEA INDUSTRIES,-,Dibrugarh,"Dibrugarh, Assam",-,-,BLF Processing,REKHAPAHAR,REKHAPAHAR,
719,SANJEEVANI TEA INDUSTRIESSANJEEVANI TEA FACTORY & STG,Bought Leaf Factory (BLF),Upper Assam,Dibrugarh,SANJEEVANI TEA INDUSTRIESSANJEEVANI TEA FACTORY & STG,-,Dibrugarh,"Dibrugarh, Assam",-,-,BLF Processing,"PADMAMUKHI, MATANGBAGH","PADMAMUKHI, MATANGBAGH",
720,SANJIV TEA INDUSTRIES PVT LTD SANJIV TEA INDUSTRIES PVT LTD,Bought Leaf Factory (BLF),Upper Assam,Dibrugarh,SANJIV TEA INDUSTRIES PVT LTD SANJIV TEA INDUSTRIES PVT LTD,-,Dibrugarh,"Dibrugarh, Assam",-,-,BLF Processing,SANJIV TEA,SANJIV TEA,
721,SHRISTI TEA INDUSTRY SHRISTI BLF & STG,Bought Leaf Factory (BLF),Upper Assam,Dibrugarh,SHRISTI TEA INDUSTRY SHRISTI BLF & STG,-,Dibrugarh,"Dibrugarh, Assam",-,-,BLF Processing,SONESWARI TEA,SONESWARI TEA,
722,Singlo Suffry Tea Estate LLPSUFFRY TEA ESTATE FACTORY,Bought Leaf Factory (BLF),Upper Assam,Dibrugarh,Singlo Suffry Tea Estate LLPSUFFRY TEA ESTATE FACTORY,-,Dibrugarh,"Dibrugarh, Assam",-,-,BLF Processing,"SUFFRY CTC, SUFFRY OR","SUFFRY CTC, SUFFRY OR",
723,SONALI TEA INDUSTRIESSONALI TEA INDUSTRIES,Bought Leaf Factory (BLF),Upper Assam,Dibrugarh,SONALI TEA INDUSTRIESSONALI TEA INDUSTRIES,-,Dibrugarh,"Dibrugarh, Assam",-,-,BLF Processing,"SONALI, SHEETALBARI","SONALI, SHEETALBARI",
724,SUBLIME AGRO LTDDOOMNI TEA ESTATE,Bought Leaf Factory (BLF),Upper Assam,Dibrugarh,SUBLIME AGRO LTDDOOMNI TEA ESTATE,-,Dibrugarh,"Dibrugarh, Assam",-,-,BLF Processing,DOOMNI TEA ESTATE,DOOMNI TEA ESTATE,
725,SUKLAI TEA CO. PVT. LTD.SUKLAI TEA FACTORY,Bought Leaf Factory (BLF),Upper Assam,Dibrugarh,SUKLAI TEA CO. PVT. LTD.SUKLAI TEA FACTORY,-,Dibrugarh,"Dibrugarh, Assam",-,-,BLF Processing,SUKLAI,SUKLAI,
726,SURYA TEA INDUSTRIESSURYA TEA INDUSTRIES,Bought Leaf Factory (BLF),Upper Assam,Dibrugarh,SURYA TEA INDUSTRIESSURYA TEA INDUSTRIES,-,Dibrugarh,"Dibrugarh, Assam",-,-,BLF Processing,"LANGARIA,SURYA","LANGARIA,SURYA",
727,TEAMAFCO PRIVATE LIMITEDTEAMAFCO FACTORY & STGs,Bought Leaf Factory (BLF),Upper Assam,Dibrugarh,TEAMAFCO PRIVATE LIMITEDTEAMAFCO FACTORY & STGs,-,Dibrugarh,"Dibrugarh, Assam",-,-,BLF Processing,"TEAMAFCO,BELBARI","TEAMAFCO,BELBARI",
728,DESSOIE TEA ESTATE & FACTORY,Bought Leaf Factory (BLF),Upper Assam,Dibrugarh,DESSOIE TEA ESTATE & FACTORY,-,Dibrugarh,"Dibrugarh, Assam",-,-,BLF Processing,DESSOIE TEA,DESSOIE TEA,
729,THE JOREHAUT AGRO LIMITED BHADRA TEA FACTORY,Bought Leaf Factory (BLF),Upper Assam,Dibrugarh,THE JOREHAUT AGRO LIMITED BHADRA TEA FACTORY,-,Dibrugarh,"Dibrugarh, Assam",-,-,BLF Processing,BHADRA TEA FACTORY,BHADRA TEA FACTORY,
730,THE TELIOJAN TEA COMPANY LTD TELIOJAN TEA ESTATE & FACTORY,Bought Leaf Factory (BLF),Upper Assam,Dibrugarh,THE TELIOJAN TEA COMPANY LTD TELIOJAN TEA ESTATE & FACTORY,-,Dibrugarh,"Dibrugarh, Assam",-,-,BLF Processing,Trustea Certified,,
731,TSANGPOOL TEA PVT. LTD. TSANGPOOL FACTORY & STG,Bought Leaf Factory (BLF),Upper Assam,Dibrugarh,TSANGPOOL TEA PVT. LTD. TSANGPOOL FACTORY & STG,-,Dibrugarh,"Dibrugarh, Assam",-,-,BLF Processing,"TSANGPOOL TEA, BEELGAON TEA","TSANGPOOL TEA, BEELGAON TEA",
732,MANAKAMNA TEA INDUSTRIES PRIVATE LIMITED,Bought Leaf Factory (BLF),Upper Assam,Dibrugarh,MANAKAMNA TEA INDUSTRIES PRIVATE LIMITED,-,Dibrugarh,"Dibrugarh, Assam",-,-,BLF Processing,"KASHISH, MADATI","KASHISH, MADATI",
733,INDUSTRIES GREEN,Bought Leaf Factory (BLF),Upper Assam,Dibrugarh,INDUSTRIES GREEN,-,Dibrugarh,"Dibrugarh, Assam",-,-,BLF Processing,"TEA INDUSTRIESASSAMDULIAGURI, NAHOLIA","TEA INDUSTRIESASSAMDULIAGURI, NAHOLIA",
734,SHREE TEA (ASSAM) MANUFACTURING INDUSTRIES LTD.,Bought Leaf Factory (BLF),Upper Assam,Dibrugarh,SHREE TEA (ASSAM) MANUFACTURING INDUSTRIES LTD.,-,Dibrugarh,"Dibrugarh, Assam",-,-,BLF Processing,Trustea Certified,,
735,RANGLAL TEA & INDUSTRIES PRIVATE LIMITED,Bought Leaf Factory (BLF),Upper Assam,Dibrugarh,RANGLAL TEA & INDUSTRIES PRIVATE LIMITED,-,Dibrugarh,"Dibrugarh, Assam",-,-,BLF Processing,"JALPUNIA, RANGLAL","JALPUNIA, RANGLAL",
736,MUNIN PHUKAN AGRO ESTATE MUNIN PHUKAN AGRO ESTATE,Bought Leaf Factory (BLF),Upper Assam,Dibrugarh,MUNIN PHUKAN AGRO ESTATE MUNIN PHUKAN AGRO ESTATE,-,Dibrugarh,"Dibrugarh, Assam",-,-,BLF Processing,"RITUBAN T.E., KAMALDOI T.E.","RITUBAN T.E., KAMALDOI T.E.",
